ID,latitude,longitude,year,pollutant,agency,E_original_Gg,E_lower_Gg,E_upper_Gg,industry,height
1,-3.666527,-39,2014,TSP,EEA,0.0428746898666667,0.0214373449333333,0.0857493797333333,Cement,115
2,-3.666527,-39,2015,TSP,EEA,0.0450796198666667,0.0225398099333333,0.0901592397333333,Cement,115
3,-3.666527,-39,2016,TSP,EEA,0.0428435037333333,0.0214217518666667,0.0856870074666667,Cement,115
4,-3.666527,-39,2017,TSP,EEA,0.0408666786666667,0.0204333393333333,0.0817333573333333,Cement,115
5,-3.666527,-39,2018,TSP,EEA,0.0381406636,0.0190703318,0.0762813272,Cement,115
6,-3.666527,-39,2019,TSP,EEA,0.0380917836,0.0190458918,0.0761835672,Cement,115
7,-3.666527,-39,2020,TSP,EEA,0.0411824764,0.0205912382,0.0823649528,Cement,115
8,-3.666527,-39,2021,TSP,EEA,0.048366526,0.024183263,0.096733052,Cement,115
9,-3.666527,-39,2022,TSP,EEA,0.0257131281333333,0.0128565640666667,0.0514262562666667,Cement,115
10,-3.666527,-39,2014,PM10,EEA,0.03858722088,0.01929361044,0.07717444176,Cement,115
11,-3.666527,-39,2015,PM10,EEA,0.04057165788,0.02028582894,0.08114331576,Cement,115
12,-3.666527,-39,2016,PM10,EEA,0.03855915336,0.01927957668,0.07711830672,Cement,115
13,-3.666527,-39,2017,PM10,EEA,0.0367800108,0.0183900054,0.0735600216,Cement,115
14,-3.666527,-39,2018,PM10,EEA,0.03432659724,0.01716329862,0.06865319448,Cement,115
15,-3.666527,-39,2019,PM10,EEA,0.03428260524,0.01714130262,0.06856521048,Cement,115
16,-3.666527,-39,2020,PM10,EEA,0.03706422876,0.01853211438,0.07412845752,Cement,115
17,-3.666527,-39,2021,PM10,EEA,0.0435298734,0.0217649367,0.0870597468,Cement,115
18,-3.666527,-39,2022,PM10,EEA,0.02314181532,0.01157090766,0.04628363064,Cement,115
19,-3.666527,-39,2014,PM2.5,EEA,0.0214373449333333,0.0107186724666667,0.0428746898666667,Cement,115
20,-3.666527,-39,2015,PM2.5,EEA,0.0225398099333333,0.0112699049666667,0.0450796198666667,Cement,115
21,-3.666527,-39,2016,PM2.5,EEA,0.0214217518666667,0.0107108759333333,0.0428435037333333,Cement,115
22,-3.666527,-39,2017,PM2.5,EEA,0.0204333393333333,0.0102166696666667,0.0408666786666667,Cement,115
23,-3.666527,-39,2018,PM2.5,EEA,0.0190703318,0.0095351659,0.0381406636,Cement,115
24,-3.666527,-39,2019,PM2.5,EEA,0.0190458918,0.0095229459,0.0380917836,Cement,115
25,-3.666527,-39,2020,PM2.5,EEA,0.0205912382,0.0102956191,0.0411824764,Cement,115
26,-3.666527,-39,2021,PM2.5,EEA,0.024183263,0.0120916315,0.048366526,Cement,115
27,-3.666527,-39,2022,PM2.5,EEA,0.0128565640666667,0.00642828203333333,0.0257131281333333,Cement,115
28,-3.666527,-39,2014,BC,EEA,0.000643120348,0.000160780087,0.002572481392,Cement,115
29,-3.666527,-39,2015,BC,EEA,0.000676194298,0.0001690485745,0.002704777192,Cement,115
30,-3.666527,-39,2016,BC,EEA,0.000642652556,0.000160663139,0.002570610224,Cement,115
31,-3.666527,-39,2017,BC,EEA,0.00061300018,0.000153250045,0.00245200072,Cement,115
32,-3.666527,-39,2018,BC,EEA,0.000572109954,0.0001430274885,0.002288439816,Cement,115
33,-3.666527,-39,2019,BC,EEA,0.000571376754,0.0001428441885,0.002285507016,Cement,115
34,-3.666527,-39,2020,BC,EEA,0.000617737146,0.0001544342865,0.002470948584,Cement,115
35,-3.666527,-39,2021,BC,EEA,0.00072549789,0.0001813744725,0.00290199156,Cement,115
36,-3.666527,-39,2022,BC,EEA,0.000385696922,9.64242305e-05,0.001542787688,Cement,115
37,-3.666527,-39,2014,NOX,EEA,0.136429461857778,0.0362785837333333,0.513396927377778,Cement,115
38,-3.666527,-39,2015,NOX,EEA,0.143445662191111,0.0381442937333333,0.539799550711111,Cement,115
39,-3.666527,-39,2016,NOX,EEA,0.136330225982222,0.0362521954666667,0.513023493422222,Cement,115
40,-3.666527,-39,2017,NOX,EEA,0.130039867244444,0.0345794973333333,0.489352280444445,Cement,115
41,-3.666527,-39,2018,NOX,EEA,0.121365547506667,0.0322728692,0.456709997466667,Cement,115
42,-3.666527,-39,2019,NOX,EEA,0.12121000884,0.0322315092,0.4561246908,Cement,115
43,-3.666527,-39,2020,NOX,EEA,0.131044751826667,0.0348467108,0.493133755866667,Cement,115
44,-3.666527,-39,2021,NOX,EEA,0.153904766066667,0.040925522,0.579158144666667,Cement,115
45,-3.666527,-39,2022,NOX,EEA,0.0818204923422222,0.0217572622666667,0.307898226622222,Cement,115
46,-3.666527,-39,2014,CO,EEA,0.0159955573733333,0.00505701470222222,0.0505701470222222,Cement,115
47,-3.666527,-39,2015,CO,EEA,0.0168181658733333,0.00531708336888889,0.0531708336888889,Cement,115
48,-3.666527,-39,2016,CO,EEA,0.0159839225466667,0.00505333633777778,0.0505333633777778,Cement,115
49,-3.666527,-39,2017,CO,EEA,0.0152464147333333,0.00482017235555556,0.0482017235555556,Cement,115
50,-3.666527,-39,2018,CO,EEA,0.01422940142,0.00449864237333333,0.0449864237333333,Cement,115
51,-3.666527,-39,2019,CO,EEA,0.01421116542,0.00449287704,0.0449287704,Cement,115
52,-3.666527,-39,2020,CO,EEA,0.01536423158,0.00485742029333333,0.0485742029333333,Cement,115
53,-3.666527,-39,2021,CO,EEA,0.0180444347,0.00570476973333333,0.0570476973333333,Cement,115
54,-3.666527,-39,2022,CO,EEA,0.00959297472666667,0.00303283049777778,0.0303283049777778,Cement,115
55,-3.666527,-39,2014,NMVOCs,EEA,0.0098941592,0.00126425367555556,0.0758552205333333,Cement,115
56,-3.666527,-39,2015,NMVOCs,EEA,0.0104029892,0.00132927084222222,0.0797562505333333,Cement,115
57,-3.666527,-39,2016,NMVOCs,EEA,0.0098869624,0.00126333408444444,0.0758000450666667,Cement,115
58,-3.666527,-39,2017,NMVOCs,EEA,0.009430772,0.00120504308888889,0.0723025853333333,Cement,115
59,-3.666527,-39,2018,NMVOCs,EEA,0.0088016916,0.00112466059333333,0.0674796356,Cement,115
60,-3.666527,-39,2019,NMVOCs,EEA,0.0087904116,0.00112321926,0.0673931556,Cement,115
61,-3.666527,-39,2020,NMVOCs,EEA,0.0095036484,0.00121435507333333,0.0728613044,Cement,115
62,-3.666527,-39,2021,NMVOCs,EEA,0.011161506,0.00142619243333333,0.085571546,Cement,115
63,-3.666527,-39,2022,NMVOCs,EEA,0.0059337988,0.000758207624444444,0.0454924574666667,Cement,115
64,-3.666527,-39,2014,SOX,EEA,0.0616735923466667,0.00329805306666667,1.83371750506667,Cement,115
65,-3.666527,-39,2015,SOX,EEA,0.0648452993466666,0.00346766306666667,1.92802066506667,Cement,115
66,-3.666527,-39,2016,SOX,EEA,0.0616287322933333,0.00329565413333333,1.83238369813333,Cement,115
67,-3.666527,-39,2017,SOX,EEA,0.0587851454666667,0.00314359066666667,1.74783641066667,Cement,115
68,-3.666527,-39,2018,SOX,EEA,0.05486387764,0.0029338972,1.6312468432,Cement,115
69,-3.666527,-39,2019,SOX,EEA,0.05479356564,0.0029301372,1.6291562832,Cement,115
70,-3.666527,-39,2020,SOX,EEA,0.05923940836,0.0031678828,1.7613428368,Cement,115
71,-3.666527,-39,2021,SOX,EEA,0.0695733874,0.003720502,2.068599112,Cement,115
72,-3.666527,-39,2022,SOX,EEA,0.0369873458533333,0.00197793293333333,1.09973071093333,Cement,115
73,-5.042383,-38,2014,TSP,EEA,0.0428746898666667,0.0214373449333333,0.0857493797333333,Cement,115
74,-5.042383,-38,2015,TSP,EEA,0.0450796198666667,0.0225398099333333,0.0901592397333333,Cement,115
75,-5.042383,-38,2016,TSP,EEA,0.0428435037333333,0.0214217518666667,0.0856870074666667,Cement,115
76,-5.042383,-38,2017,TSP,EEA,0.0408666786666667,0.0204333393333333,0.0817333573333333,Cement,115
77,-5.042383,-38,2018,TSP,EEA,0.0381406636,0.0190703318,0.0762813272,Cement,115
78,-5.042383,-38,2019,TSP,EEA,0.0380917836,0.0190458918,0.0761835672,Cement,115
79,-5.042383,-38,2020,TSP,EEA,0.0411824764,0.0205912382,0.0823649528,Cement,115
80,-5.042383,-38,2021,TSP,EEA,0.048366526,0.024183263,0.096733052,Cement,115
81,-5.042383,-38,2022,TSP,EEA,0.0257131281333333,0.0128565640666667,0.0514262562666667,Cement,115
82,-5.042383,-38,2014,PM10,EEA,0.03858722088,0.01929361044,0.07717444176,Cement,115
83,-5.042383,-38,2015,PM10,EEA,0.04057165788,0.02028582894,0.08114331576,Cement,115
84,-5.042383,-38,2016,PM10,EEA,0.03855915336,0.01927957668,0.07711830672,Cement,115
85,-5.042383,-38,2017,PM10,EEA,0.0367800108,0.0183900054,0.0735600216,Cement,115
86,-5.042383,-38,2018,PM10,EEA,0.03432659724,0.01716329862,0.06865319448,Cement,115
87,-5.042383,-38,2019,PM10,EEA,0.03428260524,0.01714130262,0.06856521048,Cement,115
88,-5.042383,-38,2020,PM10,EEA,0.03706422876,0.01853211438,0.07412845752,Cement,115
89,-5.042383,-38,2021,PM10,EEA,0.0435298734,0.0217649367,0.0870597468,Cement,115
90,-5.042383,-38,2022,PM10,EEA,0.02314181532,0.01157090766,0.04628363064,Cement,115
91,-5.042383,-38,2014,PM2.5,EEA,0.0214373449333333,0.0107186724666667,0.0428746898666667,Cement,115
92,-5.042383,-38,2015,PM2.5,EEA,0.0225398099333333,0.0112699049666667,0.0450796198666667,Cement,115
93,-5.042383,-38,2016,PM2.5,EEA,0.0214217518666667,0.0107108759333333,0.0428435037333333,Cement,115
94,-5.042383,-38,2017,PM2.5,EEA,0.0204333393333333,0.0102166696666667,0.0408666786666667,Cement,115
95,-5.042383,-38,2018,PM2.5,EEA,0.0190703318,0.0095351659,0.0381406636,Cement,115
96,-5.042383,-38,2019,PM2.5,EEA,0.0190458918,0.0095229459,0.0380917836,Cement,115
97,-5.042383,-38,2020,PM2.5,EEA,0.0205912382,0.0102956191,0.0411824764,Cement,115
98,-5.042383,-38,2021,PM2.5,EEA,0.024183263,0.0120916315,0.048366526,Cement,115
99,-5.042383,-38,2022,PM2.5,EEA,0.0128565640666667,0.00642828203333333,0.0257131281333333,Cement,115
100,-5.042383,-38,2014,BC,EEA,0.000643120348,0.000160780087,0.002572481392,Cement,115
101,-5.042383,-38,2015,BC,EEA,0.000676194298,0.0001690485745,0.002704777192,Cement,115
102,-5.042383,-38,2016,BC,EEA,0.000642652556,0.000160663139,0.002570610224,Cement,115
103,-5.042383,-38,2017,BC,EEA,0.00061300018,0.000153250045,0.00245200072,Cement,115
104,-5.042383,-38,2018,BC,EEA,0.000572109954,0.0001430274885,0.002288439816,Cement,115
105,-5.042383,-38,2019,BC,EEA,0.000571376754,0.0001428441885,0.002285507016,Cement,115
106,-5.042383,-38,2020,BC,EEA,0.000617737146,0.0001544342865,0.002470948584,Cement,115
107,-5.042383,-38,2021,BC,EEA,0.00072549789,0.0001813744725,0.00290199156,Cement,115
108,-5.042383,-38,2022,BC,EEA,0.000385696922,9.64242305e-05,0.001542787688,Cement,115
109,-5.042383,-38,2014,NOX,EEA,0.136429461857778,0.0362785837333333,0.513396927377778,Cement,115
110,-5.042383,-38,2015,NOX,EEA,0.143445662191111,0.0381442937333333,0.539799550711111,Cement,115
111,-5.042383,-38,2016,NOX,EEA,0.136330225982222,0.0362521954666667,0.513023493422222,Cement,115
112,-5.042383,-38,2017,NOX,EEA,0.130039867244444,0.0345794973333333,0.489352280444445,Cement,115
113,-5.042383,-38,2018,NOX,EEA,0.121365547506667,0.0322728692,0.456709997466667,Cement,115
114,-5.042383,-38,2019,NOX,EEA,0.12121000884,0.0322315092,0.4561246908,Cement,115
115,-5.042383,-38,2020,NOX,EEA,0.131044751826667,0.0348467108,0.493133755866667,Cement,115
116,-5.042383,-38,2021,NOX,EEA,0.153904766066667,0.040925522,0.579158144666667,Cement,115
117,-5.042383,-38,2022,NOX,EEA,0.0818204923422222,0.0217572622666667,0.307898226622222,Cement,115
118,-5.042383,-38,2014,CO,EEA,0.0159955573733333,0.00505701470222222,0.0505701470222222,Cement,115
119,-5.042383,-38,2015,CO,EEA,0.0168181658733333,0.00531708336888889,0.0531708336888889,Cement,115
120,-5.042383,-38,2016,CO,EEA,0.0159839225466667,0.00505333633777778,0.0505333633777778,Cement,115
121,-5.042383,-38,2017,CO,EEA,0.0152464147333333,0.00482017235555556,0.0482017235555556,Cement,115
122,-5.042383,-38,2018,CO,EEA,0.01422940142,0.00449864237333333,0.0449864237333333,Cement,115
123,-5.042383,-38,2019,CO,EEA,0.01421116542,0.00449287704,0.0449287704,Cement,115
124,-5.042383,-38,2020,CO,EEA,0.01536423158,0.00485742029333333,0.0485742029333333,Cement,115
125,-5.042383,-38,2021,CO,EEA,0.0180444347,0.00570476973333333,0.0570476973333333,Cement,115
126,-5.042383,-38,2022,CO,EEA,0.00959297472666667,0.00303283049777778,0.0303283049777778,Cement,115
127,-5.042383,-38,2014,NMVOCs,EEA,0.0098941592,0.00126425367555556,0.0758552205333333,Cement,115
128,-5.042383,-38,2015,NMVOCs,EEA,0.0104029892,0.00132927084222222,0.0797562505333333,Cement,115
129,-5.042383,-38,2016,NMVOCs,EEA,0.0098869624,0.00126333408444444,0.0758000450666667,Cement,115
130,-5.042383,-38,2017,NMVOCs,EEA,0.009430772,0.00120504308888889,0.0723025853333333,Cement,115
131,-5.042383,-38,2018,NMVOCs,EEA,0.0088016916,0.00112466059333333,0.0674796356,Cement,115
132,-5.042383,-38,2019,NMVOCs,EEA,0.0087904116,0.00112321926,0.0673931556,Cement,115
133,-5.042383,-38,2020,NMVOCs,EEA,0.0095036484,0.00121435507333333,0.0728613044,Cement,115
134,-5.042383,-38,2021,NMVOCs,EEA,0.011161506,0.00142619243333333,0.085571546,Cement,115
135,-5.042383,-38,2022,NMVOCs,EEA,0.0059337988,0.000758207624444444,0.0454924574666667,Cement,115
136,-5.042383,-38,2014,SOX,EEA,0.0616735923466667,0.00329805306666667,1.83371750506667,Cement,115
137,-5.042383,-38,2015,SOX,EEA,0.0648452993466666,0.00346766306666667,1.92802066506667,Cement,115
138,-5.042383,-38,2016,SOX,EEA,0.0616287322933333,0.00329565413333333,1.83238369813333,Cement,115
139,-5.042383,-38,2017,SOX,EEA,0.0587851454666667,0.00314359066666667,1.74783641066667,Cement,115
140,-5.042383,-38,2018,SOX,EEA,0.05486387764,0.0029338972,1.6312468432,Cement,115
141,-5.042383,-38,2019,SOX,EEA,0.05479356564,0.0029301372,1.6291562832,Cement,115
142,-5.042383,-38,2020,SOX,EEA,0.05923940836,0.0031678828,1.7613428368,Cement,115
143,-5.042383,-38,2021,SOX,EEA,0.0695733874,0.003720502,2.068599112,Cement,115
144,-5.042383,-38,2022,SOX,EEA,0.0369873458533333,0.00197793293333333,1.09973071093333,Cement,115
145,-7.476009,-35,2014,TSP,EEA,0.0453024303333333,0.0226512151666667,0.0906048606666667,Cement,115
146,-7.476009,-35,2015,TSP,EEA,0.0401007208333333,0.0200503604166667,0.0802014416666667,Cement,115
147,-7.476009,-35,2016,TSP,EEA,0.0483121946666667,0.0241560973333333,0.0966243893333333,Cement,115
148,-7.476009,-35,2017,TSP,EEA,0.0481356113333333,0.0240678056666667,0.0962712226666667,Cement,115
149,-7.476009,-35,2018,TSP,EEA,0.049381046,0.024690523,0.098762092,Cement,115
150,-7.476009,-35,2019,TSP,EEA,0.058776666,0.029388333,0.117553332,Cement,115
151,-7.476009,-35,2020,TSP,EEA,0.0685582625,0.03427913125,0.137116525,Cement,115
152,-7.476009,-35,2021,TSP,EEA,0.0726287315,0.03631436575,0.145257463,Cement,115
153,-7.476009,-35,2022,TSP,EEA,0.0409144601666667,0.0204572300833333,0.0818289203333333,Cement,115
154,-7.476009,-35,2014,PM10,EEA,0.0407721873,0.02038609365,0.0815443746,Cement,115
155,-7.476009,-35,2015,PM10,EEA,0.03609064875,0.018045324375,0.0721812975,Cement,115
156,-7.476009,-35,2016,PM10,EEA,0.0434809752,0.0217404876,0.0869619504,Cement,115
157,-7.476009,-35,2017,PM10,EEA,0.0433220502,0.0216610251,0.0866441004,Cement,115
158,-7.476009,-35,2018,PM10,EEA,0.0444429414,0.0222214707,0.0888858828,Cement,115
159,-7.476009,-35,2019,PM10,EEA,0.0528989994,0.0264494997,0.1057979988,Cement,115
160,-7.476009,-35,2020,PM10,EEA,0.06170243625,0.030851218125,0.1234048725,Cement,115
161,-7.476009,-35,2021,PM10,EEA,0.06536585835,0.032682929175,0.1307317167,Cement,115
162,-7.476009,-35,2022,PM10,EEA,0.03682301415,0.018411507075,0.0736460283,Cement,115
163,-7.476009,-35,2014,PM2.5,EEA,0.0226512151666667,0.0113256075833333,0.0453024303333333,Cement,115
164,-7.476009,-35,2015,PM2.5,EEA,0.0200503604166667,0.0100251802083333,0.0401007208333333,Cement,115
165,-7.476009,-35,2016,PM2.5,EEA,0.0241560973333333,0.0120780486666667,0.0483121946666667,Cement,115
166,-7.476009,-35,2017,PM2.5,EEA,0.0240678056666667,0.0120339028333333,0.0481356113333333,Cement,115
167,-7.476009,-35,2018,PM2.5,EEA,0.024690523,0.0123452615,0.049381046,Cement,115
168,-7.476009,-35,2019,PM2.5,EEA,0.029388333,0.0146941665,0.058776666,Cement,115
169,-7.476009,-35,2020,PM2.5,EEA,0.03427913125,0.017139565625,0.0685582625,Cement,115
170,-7.476009,-35,2021,PM2.5,EEA,0.03631436575,0.018157182875,0.0726287315,Cement,115
171,-7.476009,-35,2022,PM2.5,EEA,0.0204572300833333,0.0102286150416667,0.0409144601666667,Cement,115
172,-7.476009,-35,2014,BC,EEA,0.000679536455,0.00016988411375,0.00271814582,Cement,115
173,-7.476009,-35,2015,BC,EEA,0.0006015108125,0.000150377703125,0.00240604325,Cement,115
174,-7.476009,-35,2016,BC,EEA,0.00072468292,0.00018117073,0.00289873168,Cement,115
175,-7.476009,-35,2017,BC,EEA,0.00072203417,0.0001805085425,0.00288813668,Cement,115
176,-7.476009,-35,2018,BC,EEA,0.00074071569,0.0001851789225,0.00296286276,Cement,115
177,-7.476009,-35,2019,BC,EEA,0.00088164999,0.0002204124975,0.00352659996,Cement,115
178,-7.476009,-35,2020,BC,EEA,0.0010283739375,0.000257093484375,0.00411349575,Cement,115
179,-7.476009,-35,2021,BC,EEA,0.0010894309725,0.000272357743125,0.00435772389,Cement,115
180,-7.476009,-35,2022,BC,EEA,0.0006137169025,0.000153429225625,0.00245486761,Cement,115
181,-7.476009,-35,2014,NOX,EEA,0.144154656522222,0.0383328256666667,0.542467563222222,Cement,115
182,-7.476009,-35,2015,NOX,EEA,0.127602550138889,0.0339313791666667,0.480180426388889,Cement,115
183,-7.476009,-35,2016,NOX,EEA,0.153731880977778,0.0408795493333333,0.578507561777778,Cement,115
184,-7.476009,-35,2017,NOX,EEA,0.153169983755556,0.0407301326666667,0.576393089555556,Cement,115
185,-7.476009,-35,2018,NOX,EEA,0.157133020733333,0.041783962,0.591306371333333,Cement,115
186,-7.476009,-35,2019,NOX,EEA,0.1870303654,0.049734102,0.703812898,Cement,115
187,-7.476009,-35,2020,NOX,EEA,0.218155907083333,0.0580108375,0.820941245833333,Cement,115
188,-7.476009,-35,2021,NOX,EEA,0.231108348183333,0.0614550805,0.869682502833333,Cement,115
189,-7.476009,-35,2022,NOX,EEA,0.130191910427778,0.0346199278333333,0.489924433277778,Cement,115
190,-7.476009,-35,2014,CO,EEA,0.0169012913166667,0.00534336357777778,0.0534336357777778,Cement,115
191,-7.476009,-35,2015,CO,EEA,0.0149606535416667,0.00472982861111111,0.0472982861111111,Cement,115
192,-7.476009,-35,2016,CO,EEA,0.0180241649333333,0.00569836142222222,0.0569836142222222,Cement,115
193,-7.476009,-35,2017,CO,EEA,0.0179582857666667,0.00567753364444444,0.0567753364444444,Cement,115
194,-7.476009,-35,2018,CO,EEA,0.0184229287,0.00582443106666667,0.0582443106666667,Cement,115
195,-7.476009,-35,2019,CO,EEA,0.0219282177,0.0069326324,0.069326324,Cement,115
196,-7.476009,-35,2020,CO,EEA,0.025577505625,0.00808635916666667,0.0808635916666667,Cement,115
197,-7.476009,-35,2021,CO,EEA,0.027096103675,0.00856646576666666,0.0856646576666667,Cement,115
198,-7.476009,-35,2022,CO,EEA,0.0152642409083333,0.00482580812222222,0.0482580812222222,Cement,115
199,-7.476009,-35,2014,NMVOCs,EEA,0.010454407,0.00133584089444444,0.0801504536666667,Cement,115
200,-7.476009,-35,2015,NMVOCs,EEA,0.0092540125,0.00118245715277778,0.0709474291666667,Cement,115
201,-7.476009,-35,2016,NMVOCs,EEA,0.011148968,0.00142459035555556,0.0854754213333333,Cement,115
202,-7.476009,-35,2017,NMVOCs,EEA,0.011108218,0.00141938341111111,0.0851630046666667,Cement,115
203,-7.476009,-35,2018,NMVOCs,EEA,0.011395626,0.00145610776666667,0.087366466,Cement,115
204,-7.476009,-35,2019,NMVOCs,EEA,0.013563846,0.0017331581,0.103989486,Cement,115
205,-7.476009,-35,2020,NMVOCs,EEA,0.0158211375,0.00202158979166667,0.1212953875,Cement,115
206,-7.476009,-35,2021,NMVOCs,EEA,0.0167604765,0.00214161644166667,0.1284969865,Cement,115
207,-7.476009,-35,2022,NMVOCs,EEA,0.0094417985,0.00120645203055556,0.0723871218333333,Cement,115
208,-7.476009,-35,2014,SOX,EEA,0.0651658036333333,0.00348480233333333,1.93755009733333,Cement,115
209,-7.476009,-35,2015,SOX,EEA,0.0576833445833333,0.00308467083333333,1.71507698333333,Cement,115
210,-7.476009,-35,2016,SOX,EEA,0.0694952338666667,0.00371632266666667,2.06627540266667,Cement,115
211,-7.476009,-35,2017,SOX,EEA,0.0692412255333333,0.00370273933333333,2.05872306933333,Cement,115
212,-7.476009,-35,2018,SOX,EEA,0.0710327354,0.003798542,2.111989352,Cement,115
213,-7.476009,-35,2019,SOX,EEA,0.0845479734,0.004521282,2.513832792,Cement,115
214,-7.476009,-35,2020,SOX,EEA,0.09861842375,0.0052737125,2.93218415,Cement,115
215,-7.476009,-35,2021,SOX,EEA,0.10447363685,0.0055868255,3.106274978,Cement,115
216,-7.476009,-35,2022,SOX,EEA,0.0588538773166667,0.00314726616666667,1.74987998866667,Cement,115
217,-19.495304,-44,2014,TSP,EEA,0.082756201125,0.0413781005625,0.16551240225,Cement,115
218,-19.495304,-44,2015,TSP,EEA,0.07312660875,0.036563304375,0.1462532175,Cement,115
219,-19.495304,-44,2016,TSP,EEA,0.064476091875,0.0322380459375,0.12895218375,Cement,115
220,-19.495304,-44,2017,TSP,EEA,0.06276489375,0.031382446875,0.1255297875,Cement,115
221,-19.495304,-44,2018,TSP,EEA,0.06725777175,0.033628885875,0.1345155435,Cement,115
222,-19.495304,-44,2019,TSP,EEA,0.07761114075,0.038805570375,0.1552222815,Cement,115
223,-19.495304,-44,2020,TSP,EEA,0.077748177,0.0388740885,0.155496354,Cement,115
224,-19.495304,-44,2021,TSP,EEA,0.08144544525,0.040722722625,0.1628908905,Cement,115
225,-19.495304,-44,2022,TSP,EEA,0.045064183125,0.0225320915625,0.09012836625,Cement,115
226,-19.495304,-44,2014,PM10,EEA,0.0744805810125,0.03724029050625,0.148961162025,Cement,115
227,-19.495304,-44,2015,PM10,EEA,0.065813947875,0.0329069739375,0.13162789575,Cement,115
228,-19.495304,-44,2016,PM10,EEA,0.0580284826875,0.02901424134375,0.116056965375,Cement,115
229,-19.495304,-44,2017,PM10,EEA,0.056488404375,0.0282442021875,0.11297680875,Cement,115
230,-19.495304,-44,2018,PM10,EEA,0.060531994575,0.0302659972875,0.12106398915,Cement,115
231,-19.495304,-44,2019,PM10,EEA,0.069850026675,0.0349250133375,0.13970005335,Cement,115
232,-19.495304,-44,2020,PM10,EEA,0.0699733593,0.03498667965,0.1399467186,Cement,115
233,-19.495304,-44,2021,PM10,EEA,0.073300900725,0.0366504503625,0.14660180145,Cement,115
234,-19.495304,-44,2022,PM10,EEA,0.0405577648125,0.02027888240625,0.081115529625,Cement,115
235,-19.495304,-44,2014,PM2.5,EEA,0.0413781005625,0.02068905028125,0.082756201125,Cement,115
236,-19.495304,-44,2015,PM2.5,EEA,0.036563304375,0.0182816521875,0.07312660875,Cement,115
237,-19.495304,-44,2016,PM2.5,EEA,0.0322380459375,0.01611902296875,0.064476091875,Cement,115
238,-19.495304,-44,2017,PM2.5,EEA,0.031382446875,0.0156912234375,0.06276489375,Cement,115
239,-19.495304,-44,2018,PM2.5,EEA,0.033628885875,0.0168144429375,0.06725777175,Cement,115
240,-19.495304,-44,2019,PM2.5,EEA,0.038805570375,0.0194027851875,0.07761114075,Cement,115
241,-19.495304,-44,2020,PM2.5,EEA,0.0388740885,0.01943704425,0.077748177,Cement,115
242,-19.495304,-44,2021,PM2.5,EEA,0.040722722625,0.0203613613125,0.08144544525,Cement,115
243,-19.495304,-44,2022,PM2.5,EEA,0.0225320915625,0.01126604578125,0.045064183125,Cement,115
244,-19.495304,-44,2014,BC,EEA,0.001241343016875,0.00031033575421875,0.0049653720675,Cement,115
245,-19.495304,-44,2015,BC,EEA,0.00109689913125,0.0002742247828125,0.004387596525,Cement,115
246,-19.495304,-44,2016,BC,EEA,0.000967141378125,0.00024178534453125,0.0038685655125,Cement,115
247,-19.495304,-44,2017,BC,EEA,0.00094147340625,0.0002353683515625,0.003765893625,Cement,115
248,-19.495304,-44,2018,BC,EEA,0.00100886657625,0.0002522166440625,0.004035466305,Cement,115
249,-19.495304,-44,2019,BC,EEA,0.00116416711125,0.0002910417778125,0.004656668445,Cement,115
250,-19.495304,-44,2020,BC,EEA,0.001166222655,0.00029155566375,0.00466489062,Cement,115
251,-19.495304,-44,2021,BC,EEA,0.00122168167875,0.0003054204196875,0.004886726715,Cement,115
252,-19.495304,-44,2022,BC,EEA,0.000675962746875,0.00016899068671875,0.0027038509875,Cement,115
253,-19.495304,-44,2014,NOX,EEA,0.2633344758875,0.070024477875,0.990952459625,Cement,115
254,-19.495304,-44,2015,NOX,EEA,0.232692619125,0.06187636125,0.87564426375,Cement,115
255,-19.495304,-44,2016,NOX,EEA,0.2051662308125,0.054556693125,0.772059869375,Cement,115
256,-19.495304,-44,2017,NOX,EEA,0.199721110625,0.05310875625,0.75156936875,Cement,115
257,-19.495304,-44,2018,NOX,EEA,0.214017678825,0.05691042225,0.80536870275,Cement,115
258,-19.495304,-44,2019,NOX,EEA,0.246962629925,0.06567096525,0.92934365975,Cement,115
259,-19.495304,-44,2020,NOX,EEA,0.2473986863,0.065786919,0.930984581,Cement,115
260,-19.495304,-44,2021,NOX,EEA,0.259163583475,0.06891537675,0.97525699825,Cement,115
261,-19.495304,-44,2022,NOX,EEA,0.1433965416875,0.038131231875,0.539614705625,Cement,115
262,-19.495304,-44,2014,CO,EEA,0.03087442888125,0.009760987825,0.09760987825,Cement,115
263,-19.495304,-44,2015,CO,EEA,0.0272818501875,0.00862518975,0.0862518975,Cement,115
264,-19.495304,-44,2016,CO,EEA,0.02405454196875,0.007604872375,0.07604872375,Cement,115
265,-19.495304,-44,2017,CO,EEA,0.0234161334375,0.00740303875,0.0740303875,Cement,115
266,-19.495304,-44,2018,CO,EEA,0.0250923225375,0.00793296795,0.0793296795,Cement,115
267,-19.495304,-44,2019,CO,EEA,0.0289549255875,0.00915413455,0.0915413455,Cement,115
268,-19.495304,-44,2020,CO,EEA,0.02900605065,0.0091702978,0.091702978,Cement,115
269,-19.495304,-44,2021,CO,EEA,0.0303854161125,0.00960638585,0.0960638585,Cement,115
270,-19.495304,-44,2022,CO,EEA,0.01681240678125,0.005315262625,0.05315262625,Cement,115
271,-19.495304,-44,2014,NMVOCs,EEA,0.019097584875,0.00244024695625,0.146414817375,Cement,115
272,-19.495304,-44,2015,NMVOCs,EEA,0.01687537125,0.0021562974375,0.12937784625,Cement,115
273,-19.495304,-44,2016,NMVOCs,EEA,0.014879098125,0.00190121809375,0.114073085625,Cement,115
274,-19.495304,-44,2017,NMVOCs,EEA,0.01448420625,0.0018507596875,0.11104558125,Cement,115
275,-19.495304,-44,2018,NMVOCs,EEA,0.01552102425,0.0019832419875,0.11899451925,Cement,115
276,-19.495304,-44,2019,NMVOCs,EEA,0.01791026325,0.0022885336375,0.13731201825,Cement,115
277,-19.495304,-44,2020,NMVOCs,EEA,0.017941887,0.00229257445,0.137554467,Cement,115
278,-19.495304,-44,2021,NMVOCs,EEA,0.01879510275,0.0024015964625,0.14409578775,Cement,115
279,-19.495304,-44,2022,NMVOCs,EEA,0.010399426875,0.00132881565625,0.079728939375,Cement,115
280,-19.495304,-44,2014,SOX,EEA,0.1190416123875,0.006365861625,3.5394190635,Cement,115
281,-19.495304,-44,2015,SOX,EEA,0.105189814125,0.00562512375,3.127568805,Cement,115
282,-19.495304,-44,2016,SOX,EEA,0.0927463783125,0.004959699375,2.7575928525,Cement,115
283,-19.495304,-44,2017,SOX,EEA,0.090284885625,0.00482806875,2.684406225,Cement,115
284,-19.495304,-44,2018,SOX,EEA,0.096747717825,0.00517367475,2.876563161,Cement,115
285,-19.495304,-44,2019,SOX,EEA,0.111640640925,0.00597008775,3.319368789,Cement,115
286,-19.495304,-44,2020,SOX,EEA,0.1118377623,0.005980629,3.325229724,Cement,115
287,-19.495304,-44,2021,SOX,EEA,0.117156140475,0.00626503425,3.483359043,Cement,115
288,-19.495304,-44,2022,SOX,EEA,0.0648230941875,0.003466475625,1.9273604475,Cement,115
289,-20.387358,-46,2014,TSP,EEA,0.082756201125,0.0413781005625,0.16551240225,Cement,115
290,-20.387358,-46,2015,TSP,EEA,0.07312660875,0.036563304375,0.1462532175,Cement,115
291,-20.387358,-46,2016,TSP,EEA,0.064476091875,0.0322380459375,0.12895218375,Cement,115
292,-20.387358,-46,2017,TSP,EEA,0.06276489375,0.031382446875,0.1255297875,Cement,115
293,-20.387358,-46,2018,TSP,EEA,0.06725777175,0.033628885875,0.1345155435,Cement,115
294,-20.387358,-46,2019,TSP,EEA,0.07761114075,0.038805570375,0.1552222815,Cement,115
295,-20.387358,-46,2020,TSP,EEA,0.077748177,0.0388740885,0.155496354,Cement,115
296,-20.387358,-46,2021,TSP,EEA,0.08144544525,0.040722722625,0.1628908905,Cement,115
297,-20.387358,-46,2022,TSP,EEA,0.045064183125,0.0225320915625,0.09012836625,Cement,115
298,-20.387358,-46,2014,PM10,EEA,0.0744805810125,0.03724029050625,0.148961162025,Cement,115
299,-20.387358,-46,2015,PM10,EEA,0.065813947875,0.0329069739375,0.13162789575,Cement,115
300,-20.387358,-46,2016,PM10,EEA,0.0580284826875,0.02901424134375,0.116056965375,Cement,115
301,-20.387358,-46,2017,PM10,EEA,0.056488404375,0.0282442021875,0.11297680875,Cement,115
302,-20.387358,-46,2018,PM10,EEA,0.060531994575,0.0302659972875,0.12106398915,Cement,115
303,-20.387358,-46,2019,PM10,EEA,0.069850026675,0.0349250133375,0.13970005335,Cement,115
304,-20.387358,-46,2020,PM10,EEA,0.0699733593,0.03498667965,0.1399467186,Cement,115
305,-20.387358,-46,2021,PM10,EEA,0.073300900725,0.0366504503625,0.14660180145,Cement,115
306,-20.387358,-46,2022,PM10,EEA,0.0405577648125,0.02027888240625,0.081115529625,Cement,115
307,-20.387358,-46,2014,PM2.5,EEA,0.0413781005625,0.02068905028125,0.082756201125,Cement,115
308,-20.387358,-46,2015,PM2.5,EEA,0.036563304375,0.0182816521875,0.07312660875,Cement,115
309,-20.387358,-46,2016,PM2.5,EEA,0.0322380459375,0.01611902296875,0.064476091875,Cement,115
310,-20.387358,-46,2017,PM2.5,EEA,0.031382446875,0.0156912234375,0.06276489375,Cement,115
311,-20.387358,-46,2018,PM2.5,EEA,0.033628885875,0.0168144429375,0.06725777175,Cement,115
312,-20.387358,-46,2019,PM2.5,EEA,0.038805570375,0.0194027851875,0.07761114075,Cement,115
313,-20.387358,-46,2020,PM2.5,EEA,0.0388740885,0.01943704425,0.077748177,Cement,115
314,-20.387358,-46,2021,PM2.5,EEA,0.040722722625,0.0203613613125,0.08144544525,Cement,115
315,-20.387358,-46,2022,PM2.5,EEA,0.0225320915625,0.01126604578125,0.045064183125,Cement,115
316,-20.387358,-46,2014,BC,EEA,0.001241343016875,0.00031033575421875,0.0049653720675,Cement,115
317,-20.387358,-46,2015,BC,EEA,0.00109689913125,0.0002742247828125,0.004387596525,Cement,115
318,-20.387358,-46,2016,BC,EEA,0.000967141378125,0.00024178534453125,0.0038685655125,Cement,115
319,-20.387358,-46,2017,BC,EEA,0.00094147340625,0.0002353683515625,0.003765893625,Cement,115
320,-20.387358,-46,2018,BC,EEA,0.00100886657625,0.0002522166440625,0.004035466305,Cement,115
321,-20.387358,-46,2019,BC,EEA,0.00116416711125,0.0002910417778125,0.004656668445,Cement,115
322,-20.387358,-46,2020,BC,EEA,0.001166222655,0.00029155566375,0.00466489062,Cement,115
323,-20.387358,-46,2021,BC,EEA,0.00122168167875,0.0003054204196875,0.004886726715,Cement,115
324,-20.387358,-46,2022,BC,EEA,0.000675962746875,0.00016899068671875,0.0027038509875,Cement,115
325,-20.387358,-46,2014,NOX,EEA,0.2633344758875,0.070024477875,0.990952459625,Cement,115
326,-20.387358,-46,2015,NOX,EEA,0.232692619125,0.06187636125,0.87564426375,Cement,115
327,-20.387358,-46,2016,NOX,EEA,0.2051662308125,0.054556693125,0.772059869375,Cement,115
328,-20.387358,-46,2017,NOX,EEA,0.199721110625,0.05310875625,0.75156936875,Cement,115
329,-20.387358,-46,2018,NOX,EEA,0.214017678825,0.05691042225,0.80536870275,Cement,115
330,-20.387358,-46,2019,NOX,EEA,0.246962629925,0.06567096525,0.92934365975,Cement,115
331,-20.387358,-46,2020,NOX,EEA,0.2473986863,0.065786919,0.930984581,Cement,115
332,-20.387358,-46,2021,NOX,EEA,0.259163583475,0.06891537675,0.97525699825,Cement,115
333,-20.387358,-46,2022,NOX,EEA,0.1433965416875,0.038131231875,0.539614705625,Cement,115
334,-20.387358,-46,2014,CO,EEA,0.03087442888125,0.009760987825,0.09760987825,Cement,115
335,-20.387358,-46,2015,CO,EEA,0.0272818501875,0.00862518975,0.0862518975,Cement,115
336,-20.387358,-46,2016,CO,EEA,0.02405454196875,0.007604872375,0.07604872375,Cement,115
337,-20.387358,-46,2017,CO,EEA,0.0234161334375,0.00740303875,0.0740303875,Cement,115
338,-20.387358,-46,2018,CO,EEA,0.0250923225375,0.00793296795,0.0793296795,Cement,115
339,-20.387358,-46,2019,CO,EEA,0.0289549255875,0.00915413455,0.0915413455,Cement,115
340,-20.387358,-46,2020,CO,EEA,0.02900605065,0.0091702978,0.091702978,Cement,115
341,-20.387358,-46,2021,CO,EEA,0.0303854161125,0.00960638585,0.0960638585,Cement,115
342,-20.387358,-46,2022,CO,EEA,0.01681240678125,0.005315262625,0.05315262625,Cement,115
343,-20.387358,-46,2014,NMVOCs,EEA,0.019097584875,0.00244024695625,0.146414817375,Cement,115
344,-20.387358,-46,2015,NMVOCs,EEA,0.01687537125,0.0021562974375,0.12937784625,Cement,115
345,-20.387358,-46,2016,NMVOCs,EEA,0.014879098125,0.00190121809375,0.114073085625,Cement,115
346,-20.387358,-46,2017,NMVOCs,EEA,0.01448420625,0.0018507596875,0.11104558125,Cement,115
347,-20.387358,-46,2018,NMVOCs,EEA,0.01552102425,0.0019832419875,0.11899451925,Cement,115
348,-20.387358,-46,2019,NMVOCs,EEA,0.01791026325,0.0022885336375,0.13731201825,Cement,115
349,-20.387358,-46,2020,NMVOCs,EEA,0.017941887,0.00229257445,0.137554467,Cement,115
350,-20.387358,-46,2021,NMVOCs,EEA,0.01879510275,0.0024015964625,0.14409578775,Cement,115
351,-20.387358,-46,2022,NMVOCs,EEA,0.010399426875,0.00132881565625,0.079728939375,Cement,115
352,-20.387358,-46,2014,SOX,EEA,0.1190416123875,0.006365861625,3.5394190635,Cement,115
353,-20.387358,-46,2015,SOX,EEA,0.105189814125,0.00562512375,3.127568805,Cement,115
354,-20.387358,-46,2016,SOX,EEA,0.0927463783125,0.004959699375,2.7575928525,Cement,115
355,-20.387358,-46,2017,SOX,EEA,0.090284885625,0.00482806875,2.684406225,Cement,115
356,-20.387358,-46,2018,SOX,EEA,0.096747717825,0.00517367475,2.876563161,Cement,115
357,-20.387358,-46,2019,SOX,EEA,0.111640640925,0.00597008775,3.319368789,Cement,115
358,-20.387358,-46,2020,SOX,EEA,0.1118377623,0.005980629,3.325229724,Cement,115
359,-20.387358,-46,2021,SOX,EEA,0.117156140475,0.00626503425,3.483359043,Cement,115
360,-20.387358,-46,2022,SOX,EEA,0.0648230941875,0.003466475625,1.9273604475,Cement,115
361,-2.657102,-44,2014,TSP,EEA,0.0128574662666667,0.00642873313333333,0.0257149325333333,Cement,115
362,-2.657102,-44,2015,TSP,EEA,0.0133270522666667,0.00666352613333333,0.0266541045333333,Cement,115
363,-2.657102,-44,2016,TSP,EEA,0.0125611269333333,0.00628056346666667,0.0251222538666667,Cement,115
364,-2.657102,-44,2017,TSP,EEA,0.00976541106666667,0.00488270553333333,0.0195308221333333,Cement,115
365,-2.657102,-44,2018,TSP,EEA,0.0084614452,0.0042307226,0.0169228904,Cement,115
366,-2.657102,-44,2019,TSP,EEA,0.0077706876,0.0038853438,0.0155413752,Cement,115
367,-2.657102,-44,2020,TSP,EEA,0.0076913356,0.0038456678,0.0153826712,Cement,115
368,-2.657102,-44,2021,TSP,EEA,0.00771394,0.00385697,0.01542788,Cement,115
369,-2.657102,-44,2022,TSP,EEA,0.00398925453333333,0.00199462726666667,0.00797850906666667,Cement,115
370,-2.657102,-44,2014,PM10,EEA,0.01157171964,0.00578585982,0.02314343928,Cement,115
371,-2.657102,-44,2015,PM10,EEA,0.01199434704,0.00599717352,0.02398869408,Cement,115
372,-2.657102,-44,2016,PM10,EEA,0.01130501424,0.00565250712,0.02261002848,Cement,115
373,-2.657102,-44,2017,PM10,EEA,0.00878886996,0.00439443498,0.01757773992,Cement,115
374,-2.657102,-44,2018,PM10,EEA,0.00761530068,0.00380765034,0.01523060136,Cement,115
375,-2.657102,-44,2019,PM10,EEA,0.00699361884,0.00349680942,0.01398723768,Cement,115
376,-2.657102,-44,2020,PM10,EEA,0.00692220204,0.00346110102,0.01384440408,Cement,115
377,-2.657102,-44,2021,PM10,EEA,0.006942546,0.003471273,0.013885092,Cement,115
378,-2.657102,-44,2022,PM10,EEA,0.00359032908,0.00179516454,0.00718065816,Cement,115
379,-2.657102,-44,2014,PM2.5,EEA,0.00642873313333333,0.00321436656666667,0.0128574662666667,Cement,115
380,-2.657102,-44,2015,PM2.5,EEA,0.00666352613333333,0.00333176306666667,0.0133270522666667,Cement,115
381,-2.657102,-44,2016,PM2.5,EEA,0.00628056346666667,0.00314028173333333,0.0125611269333333,Cement,115
382,-2.657102,-44,2017,PM2.5,EEA,0.00488270553333333,0.00244135276666667,0.00976541106666667,Cement,115
383,-2.657102,-44,2018,PM2.5,EEA,0.0042307226,0.0021153613,0.0084614452,Cement,115
384,-2.657102,-44,2019,PM2.5,EEA,0.0038853438,0.0019426719,0.0077706876,Cement,115
385,-2.657102,-44,2020,PM2.5,EEA,0.0038456678,0.0019228339,0.0076913356,Cement,115
386,-2.657102,-44,2021,PM2.5,EEA,0.00385697,0.001928485,0.00771394,Cement,115
387,-2.657102,-44,2022,PM2.5,EEA,0.00199462726666667,0.000997313633333333,0.00398925453333333,Cement,115
388,-2.657102,-44,2014,BC,EEA,0.000192861994,4.82154985e-05,0.000771447976,Cement,115
389,-2.657102,-44,2015,BC,EEA,0.000199905784,4.9976446e-05,0.000799623136,Cement,115
390,-2.657102,-44,2016,BC,EEA,0.000188416904,4.7104226e-05,0.000753667616,Cement,115
391,-2.657102,-44,2017,BC,EEA,0.000146481166,3.66202915e-05,0.000585924664,Cement,115
392,-2.657102,-44,2018,BC,EEA,0.000126921678,3.17304195e-05,0.000507686712,Cement,115
393,-2.657102,-44,2019,BC,EEA,0.000116560314,2.91400785e-05,0.000466241256,Cement,115
394,-2.657102,-44,2020,BC,EEA,0.000115370034,2.88425085e-05,0.000461480136,Cement,115
395,-2.657102,-44,2021,BC,EEA,0.0001157091,2.8927275e-05,0.0004628364,Cement,115
396,-2.657102,-44,2022,BC,EEA,5.9838818e-05,1.49597045e-05,0.000239355272,Cement,115
397,-2.657102,-44,2014,NOX,EEA,0.0409131170177778,0.0108793945333333,0.153959916577778,Cement,115
398,-2.657102,-44,2015,NOX,EEA,0.0424073637511111,0.0112767365333333,0.159582907911111,Cement,115
399,-2.657102,-44,2016,NOX,EEA,0.0399701500622222,0.0106286458666667,0.150411443022222,Cement,115
400,-2.657102,-44,2017,NOX,EEA,0.0310740388044444,0.00826304013333333,0.116934537644444,Cement,115
401,-2.657102,-44,2018,NOX,EEA,0.0269247525466667,0.0071596844,0.101320382266667,Cement,115
402,-2.657102,-44,2019,NOX,EEA,0.02472672644,0.0065751972,0.0930490028,Cement,115
403,-2.657102,-44,2020,NOX,EEA,0.0244742243066667,0.0065080532,0.0920988134666667,Cement,115
404,-2.657102,-44,2021,NOX,EEA,0.0245461526666667,0.00652718,0.0923694866666667,Cement,115
405,-2.657102,-44,2022,NOX,EEA,0.0126940125022222,0.00337552306666667,0.0477687658222222,Cement,115
406,-2.657102,-44,2014,CO,EEA,0.00479682395333333,0.00151652166222222,0.0151652166222222,Cement,115
407,-2.657102,-44,2015,CO,EEA,0.00497201565333333,0.00157190872888889,0.0157190872888889,Cement,115
408,-2.657102,-44,2016,CO,EEA,0.00468626658666667,0.00148156881777778,0.0148156881777778,Cement,115
409,-2.657102,-44,2017,CO,EEA,0.00364324951333333,0.00115181771555556,0.0115181771555556,Cement,115
410,-2.657102,-44,2018,CO,EEA,0.00315676994,0.000998016613333333,0.00998016613333333,Cement,115
411,-2.657102,-44,2019,CO,EEA,0.00289906422,0.00091654264,0.0091654264,Cement,115
412,-2.657102,-44,2020,CO,EEA,0.00286945982,0.000907183173333333,0.00907183173333333,Cement,115
413,-2.657102,-44,2021,CO,EEA,0.002877893,0.000909849333333333,0.00909849333333334,Cement,115
414,-2.657102,-44,2022,CO,EEA,0.00148829880666667,0.000470527457777778,0.00470527457777778,Cement,115
415,-2.657102,-44,2014,NMVOCs,EEA,0.0029671076,0.000379130415555555,0.0227478249333333,Cement,115
416,-2.657102,-44,2015,NMVOCs,EEA,0.0030754736,0.000392977182222222,0.0235786309333333,Cement,115
417,-2.657102,-44,2016,NMVOCs,EEA,0.0028987216,0.000370392204444444,0.0222235322666667,Cement,115
418,-2.657102,-44,2017,NMVOCs,EEA,0.0022535564,0.000287954428888889,0.0172772657333333,Cement,115
419,-2.657102,-44,2018,NMVOCs,EEA,0.0019526412,0.000249504153333333,0.0149702492,Cement,115
420,-2.657102,-44,2019,NMVOCs,EEA,0.0017932356,0.00022913566,0.0137481396,Cement,115
421,-2.657102,-44,2020,NMVOCs,EEA,0.0017749236,0.000226795793333333,0.0136077476,Cement,115
422,-2.657102,-44,2021,NMVOCs,EEA,0.00178014,0.000227462333333333,0.01364774,Cement,115
423,-2.657102,-44,2022,NMVOCs,EEA,0.0009205972,0.000117631864444444,0.00705791186666667,Cement,115
424,-2.657102,-44,2014,SOX,EEA,0.0184949707066667,0.000989035866666667,0.549903941866667,Cement,115
425,-2.657102,-44,2015,SOX,EEA,0.0191704521066667,0.00102515786666667,0.569987773866667,Cement,115
426,-2.657102,-44,2016,SOX,EEA,0.0180686979733333,0.000966240533333333,0.537229736533333,Cement,115
427,-2.657102,-44,2017,SOX,EEA,0.0140471682266667,0.000751185466666667,0.417659119466667,Cement,115
428,-2.657102,-44,2018,SOX,EEA,0.01217146348,0.0006508804,0.3618895024,Cement,115
429,-2.657102,-44,2019,SOX,EEA,0.01117783524,0.0005977452,0.3323463312,Cement,115
430,-2.657102,-44,2020,SOX,EEA,0.01106369044,0.0005916412,0.3289525072,Cement,115
431,-2.657102,-44,2021,SOX,EEA,0.011096206,0.00059338,0.32991928,Cement,115
432,-2.657102,-44,2022,SOX,EEA,0.00573838921333333,0.000306865733333333,0.170617347733333,Cement,115
433,-8.348061,-35,2014,TSP,EEA,0.0194879654666667,0.00974398273333333,0.0389759309333333,Cement,115
434,-8.348061,-35,2015,TSP,EEA,0.0153820090666667,0.00769100453333333,0.0307640181333333,Cement,115
435,-8.348061,-35,2016,TSP,EEA,0.0106523109333333,0.00532615546666667,0.0213046218666667,Cement,115
436,-8.348061,-35,2017,TSP,EEA,0.00843994146666667,0.00421997073333333,0.0168798829333333,Cement,115
437,-8.348061,-35,2018,TSP,EEA,0.006906484,0.003453242,0.013812968,Cement,115
438,-8.348061,-35,2019,TSP,EEA,0.0080670408,0.0040335204,0.0161340816,Cement,115
439,-8.348061,-35,2020,TSP,EEA,0.00889759,0.004448795,0.01779518,Cement,115
440,-8.348061,-35,2021,TSP,EEA,0.0073824868,0.0036912434,0.0147649736,Cement,115
441,-8.348061,-35,2022,TSP,EEA,0.00332319693333333,0.00166159846666667,0.00664639386666667,Cement,115
442,-8.348061,-35,2014,PM10,EEA,0.01753916892,0.00876958446,0.03507833784,Cement,115
443,-8.348061,-35,2015,PM10,EEA,0.01384380816,0.00692190408,0.02768761632,Cement,115
444,-8.348061,-35,2016,PM10,EEA,0.00958707984,0.00479353992,0.01917415968,Cement,115
445,-8.348061,-35,2017,PM10,EEA,0.00759594732,0.00379797366,0.01519189464,Cement,115
446,-8.348061,-35,2018,PM10,EEA,0.0062158356,0.0031079178,0.0124316712,Cement,115
447,-8.348061,-35,2019,PM10,EEA,0.00726033672,0.00363016836,0.01452067344,Cement,115
448,-8.348061,-35,2020,PM10,EEA,0.008007831,0.0040039155,0.016015662,Cement,115
449,-8.348061,-35,2021,PM10,EEA,0.00664423812,0.00332211906,0.01328847624,Cement,115
450,-8.348061,-35,2022,PM10,EEA,0.00299087724,0.00149543862,0.00598175448,Cement,115
451,-8.348061,-35,2014,PM2.5,EEA,0.00974398273333333,0.00487199136666667,0.0194879654666667,Cement,115
452,-8.348061,-35,2015,PM2.5,EEA,0.00769100453333333,0.00384550226666667,0.0153820090666667,Cement,115
453,-8.348061,-35,2016,PM2.5,EEA,0.00532615546666667,0.00266307773333333,0.0106523109333333,Cement,115
454,-8.348061,-35,2017,PM2.5,EEA,0.00421997073333333,0.00210998536666667,0.00843994146666667,Cement,115
455,-8.348061,-35,2018,PM2.5,EEA,0.003453242,0.001726621,0.006906484,Cement,115
456,-8.348061,-35,2019,PM2.5,EEA,0.0040335204,0.0020167602,0.0080670408,Cement,115
457,-8.348061,-35,2020,PM2.5,EEA,0.004448795,0.0022243975,0.00889759,Cement,115
458,-8.348061,-35,2021,PM2.5,EEA,0.0036912434,0.0018456217,0.0073824868,Cement,115
459,-8.348061,-35,2022,PM2.5,EEA,0.00166159846666667,0.000830799233333333,0.00332319693333333,Cement,115
460,-8.348061,-35,2014,BC,EEA,0.000292319482,7.30798705e-05,0.001169277928,Cement,115
461,-8.348061,-35,2015,BC,EEA,0.000230730136,5.7682534e-05,0.000922920544,Cement,115
462,-8.348061,-35,2016,BC,EEA,0.000159784664,3.9946166e-05,0.000639138656,Cement,115
463,-8.348061,-35,2017,BC,EEA,0.000126599122,3.16497805e-05,0.000506396488,Cement,115
464,-8.348061,-35,2018,BC,EEA,0.00010359726,2.5899315e-05,0.00041438904,Cement,115
465,-8.348061,-35,2019,BC,EEA,0.000121005612,3.0251403e-05,0.000484022448,Cement,115
466,-8.348061,-35,2020,BC,EEA,0.00013346385,3.33659625e-05,0.0005338554,Cement,115
467,-8.348061,-35,2021,BC,EEA,0.000110737302,2.76843255e-05,0.000442949208,Cement,115
468,-8.348061,-35,2022,BC,EEA,4.9847954e-05,1.24619885e-05,0.000199391816,Cement,115
469,-8.348061,-35,2014,NOX,EEA,0.0620117054977778,0.0164898169333333,0.233355894177778,Cement,115
470,-8.348061,-35,2015,NOX,EEA,0.0489463416711111,0.0130155461333333,0.184189698311111,Cement,115
471,-8.348061,-35,2016,NOX,EEA,0.0338961996622222,0.00901349386666667,0.127554595022222,Cement,115
472,-8.348061,-35,2017,NOX,EEA,0.0268563265644444,0.00714148893333333,0.101062888844444,Cement,115
473,-8.348061,-35,2018,NOX,EEA,0.0219767862666667,0.005843948,0.0827007186666667,Cement,115
474,-8.348061,-35,2019,NOX,EEA,0.02566973752,0.0068259576,0.0965976424,Cement,115
475,-8.348061,-35,2020,NOX,EEA,0.0283125876666667,0.00752873,0.106542936666667,Cement,115
476,-8.348061,-35,2021,NOX,EEA,0.0234914515866667,0.0062467196,0.0884005470666667,Cement,115
477,-8.348061,-35,2022,NOX,EEA,0.0105745830622222,0.00281193586666667,0.0397931530222222,Cement,115
478,-8.348061,-35,2014,CO,EEA,0.00727051019333333,0.00229858054222222,0.0229858054222222,Cement,115
479,-8.348061,-35,2015,CO,EEA,0.00573867261333333,0.00181428824888889,0.0181428824888889,Cement,115
480,-8.348061,-35,2016,CO,EEA,0.00397413138666667,0.00125642641777778,0.0125642641777778,Cement,115
481,-8.348061,-35,2017,CO,EEA,0.00314874739333333,0.000995480275555555,0.00995480275555555,Cement,115
482,-8.348061,-35,2018,CO,EEA,0.0025766498,0.000814610933333333,0.00814610933333333,Cement,115
483,-8.348061,-35,2019,CO,EEA,0.00300962676,0.00095149712,0.0095149712,Cement,115
484,-8.348061,-35,2020,CO,EEA,0.0033194855,0.00104945933333333,0.0104945933333333,Cement,115
485,-8.348061,-35,2021,CO,EEA,0.00275423546,0.000870754853333333,0.00870754853333333,Cement,115
486,-8.348061,-35,2022,CO,EEA,0.00123980808666667,0.000391966817777778,0.00391966817777778,Cement,115
487,-8.348061,-35,2014,NMVOCs,EEA,0.0044972228,0.000574645135555555,0.0344787081333333,Cement,115
488,-8.348061,-35,2015,NMVOCs,EEA,0.0035496944,0.000453572062222222,0.0272143237333333,Cement,115
489,-8.348061,-35,2016,NMVOCs,EEA,0.0024582256,0.000314106604444444,0.0188463962666667,Cement,115
490,-8.348061,-35,2017,NMVOCs,EEA,0.0019476788,0.000248870068888889,0.0149322041333333,Cement,115
491,-8.348061,-35,2018,NMVOCs,EEA,0.001593804,0.000203652733333333,0.012219164,Cement,115
492,-8.348061,-35,2019,NMVOCs,EEA,0.0018616248,0.00023787428,0.0142724568,Cement,115
493,-8.348061,-35,2020,NMVOCs,EEA,0.00205329,0.000262364833333333,0.01574189,Cement,115
494,-8.348061,-35,2021,NMVOCs,EEA,0.0017036508,0.000217688713333333,0.0130613228,Cement,115
495,-8.348061,-35,2022,NMVOCs,EEA,0.0007668916,9.79917044444444e-05,0.00587950226666667,Cement,115
496,-8.348061,-35,2014,SOX,EEA,0.0280326887866667,0.00149907426666667,0.833485292266666,Cement,115
497,-8.348061,-35,2015,SOX,EEA,0.0221264284266667,0.00118323146666667,0.657876695466667,Cement,115
498,-8.348061,-35,2016,SOX,EEA,0.0153229395733333,0.000819408533333333,0.455591144533333,Cement,115
499,-8.348061,-35,2017,SOX,EEA,0.0121405311866667,0.000649226266666667,0.360969804266667,Cement,115
500,-8.348061,-35,2018,SOX,EEA,0.0099347116,0.000531268,0.295385008,Cement,115
501,-8.348061,-35,2019,SOX,EEA,0.01160412792,0.0006205416,0.3450211296,Cement,115
502,-8.348061,-35,2020,SOX,EEA,0.012798841,0.00068443,0.38054308,Cement,115
503,-8.348061,-35,2021,SOX,EEA,0.01061942332,0.0005678836,0.3157432816,Cement,115
504,-8.348061,-35,2022,SOX,EEA,0.00478029097333333,0.000255630533333333,0.142130576533333,Cement,115
505,-4.893095,-47,2014,TSP,EEA,0.0128574662666667,0.00642873313333333,0.0257149325333333,Cement,115
506,-4.893095,-47,2015,TSP,EEA,0.0133270522666667,0.00666352613333333,0.0266541045333333,Cement,115
507,-4.893095,-47,2016,TSP,EEA,0.0125611269333333,0.00628056346666667,0.0251222538666667,Cement,115
508,-4.893095,-47,2017,TSP,EEA,0.00976541106666667,0.00488270553333333,0.0195308221333333,Cement,115
509,-4.893095,-47,2018,TSP,EEA,0.0084614452,0.0042307226,0.0169228904,Cement,115
510,-4.893095,-47,2019,TSP,EEA,0.0077706876,0.0038853438,0.0155413752,Cement,115
511,-4.893095,-47,2020,TSP,EEA,0.0076913356,0.0038456678,0.0153826712,Cement,115
512,-4.893095,-47,2021,TSP,EEA,0.00771394,0.00385697,0.01542788,Cement,115
513,-4.893095,-47,2022,TSP,EEA,0.00398925453333333,0.00199462726666667,0.00797850906666667,Cement,115
514,-4.893095,-47,2014,PM10,EEA,0.01157171964,0.00578585982,0.02314343928,Cement,115
515,-4.893095,-47,2015,PM10,EEA,0.01199434704,0.00599717352,0.02398869408,Cement,115
516,-4.893095,-47,2016,PM10,EEA,0.01130501424,0.00565250712,0.02261002848,Cement,115
517,-4.893095,-47,2017,PM10,EEA,0.00878886996,0.00439443498,0.01757773992,Cement,115
518,-4.893095,-47,2018,PM10,EEA,0.00761530068,0.00380765034,0.01523060136,Cement,115
519,-4.893095,-47,2019,PM10,EEA,0.00699361884,0.00349680942,0.01398723768,Cement,115
520,-4.893095,-47,2020,PM10,EEA,0.00692220204,0.00346110102,0.01384440408,Cement,115
521,-4.893095,-47,2021,PM10,EEA,0.006942546,0.003471273,0.013885092,Cement,115
522,-4.893095,-47,2022,PM10,EEA,0.00359032908,0.00179516454,0.00718065816,Cement,115
523,-4.893095,-47,2014,PM2.5,EEA,0.00642873313333333,0.00321436656666667,0.0128574662666667,Cement,115
524,-4.893095,-47,2015,PM2.5,EEA,0.00666352613333333,0.00333176306666667,0.0133270522666667,Cement,115
525,-4.893095,-47,2016,PM2.5,EEA,0.00628056346666667,0.00314028173333333,0.0125611269333333,Cement,115
526,-4.893095,-47,2017,PM2.5,EEA,0.00488270553333333,0.00244135276666667,0.00976541106666667,Cement,115
527,-4.893095,-47,2018,PM2.5,EEA,0.0042307226,0.0021153613,0.0084614452,Cement,115
528,-4.893095,-47,2019,PM2.5,EEA,0.0038853438,0.0019426719,0.0077706876,Cement,115
529,-4.893095,-47,2020,PM2.5,EEA,0.0038456678,0.0019228339,0.0076913356,Cement,115
530,-4.893095,-47,2021,PM2.5,EEA,0.00385697,0.001928485,0.00771394,Cement,115
531,-4.893095,-47,2022,PM2.5,EEA,0.00199462726666667,0.000997313633333333,0.00398925453333333,Cement,115
532,-4.893095,-47,2014,BC,EEA,0.000192861994,4.82154985e-05,0.000771447976,Cement,115
533,-4.893095,-47,2015,BC,EEA,0.000199905784,4.9976446e-05,0.000799623136,Cement,115
534,-4.893095,-47,2016,BC,EEA,0.000188416904,4.7104226e-05,0.000753667616,Cement,115
535,-4.893095,-47,2017,BC,EEA,0.000146481166,3.66202915e-05,0.000585924664,Cement,115
536,-4.893095,-47,2018,BC,EEA,0.000126921678,3.17304195e-05,0.000507686712,Cement,115
537,-4.893095,-47,2019,BC,EEA,0.000116560314,2.91400785e-05,0.000466241256,Cement,115
538,-4.893095,-47,2020,BC,EEA,0.000115370034,2.88425085e-05,0.000461480136,Cement,115
539,-4.893095,-47,2021,BC,EEA,0.0001157091,2.8927275e-05,0.0004628364,Cement,115
540,-4.893095,-47,2022,BC,EEA,5.9838818e-05,1.49597045e-05,0.000239355272,Cement,115
541,-4.893095,-47,2014,NOX,EEA,0.0409131170177778,0.0108793945333333,0.153959916577778,Cement,115
542,-4.893095,-47,2015,NOX,EEA,0.0424073637511111,0.0112767365333333,0.159582907911111,Cement,115
543,-4.893095,-47,2016,NOX,EEA,0.0399701500622222,0.0106286458666667,0.150411443022222,Cement,115
544,-4.893095,-47,2017,NOX,EEA,0.0310740388044444,0.00826304013333333,0.116934537644444,Cement,115
545,-4.893095,-47,2018,NOX,EEA,0.0269247525466667,0.0071596844,0.101320382266667,Cement,115
546,-4.893095,-47,2019,NOX,EEA,0.02472672644,0.0065751972,0.0930490028,Cement,115
547,-4.893095,-47,2020,NOX,EEA,0.0244742243066667,0.0065080532,0.0920988134666667,Cement,115
548,-4.893095,-47,2021,NOX,EEA,0.0245461526666667,0.00652718,0.0923694866666667,Cement,115
549,-4.893095,-47,2022,NOX,EEA,0.0126940125022222,0.00337552306666667,0.0477687658222222,Cement,115
550,-4.893095,-47,2014,CO,EEA,0.00479682395333333,0.00151652166222222,0.0151652166222222,Cement,115
551,-4.893095,-47,2015,CO,EEA,0.00497201565333333,0.00157190872888889,0.0157190872888889,Cement,115
552,-4.893095,-47,2016,CO,EEA,0.00468626658666667,0.00148156881777778,0.0148156881777778,Cement,115
553,-4.893095,-47,2017,CO,EEA,0.00364324951333333,0.00115181771555556,0.0115181771555556,Cement,115
554,-4.893095,-47,2018,CO,EEA,0.00315676994,0.000998016613333333,0.00998016613333333,Cement,115
555,-4.893095,-47,2019,CO,EEA,0.00289906422,0.00091654264,0.0091654264,Cement,115
556,-4.893095,-47,2020,CO,EEA,0.00286945982,0.000907183173333333,0.00907183173333333,Cement,115
557,-4.893095,-47,2021,CO,EEA,0.002877893,0.000909849333333333,0.00909849333333334,Cement,115
558,-4.893095,-47,2022,CO,EEA,0.00148829880666667,0.000470527457777778,0.00470527457777778,Cement,115
559,-4.893095,-47,2014,NMVOCs,EEA,0.0029671076,0.000379130415555555,0.0227478249333333,Cement,115
560,-4.893095,-47,2015,NMVOCs,EEA,0.0030754736,0.000392977182222222,0.0235786309333333,Cement,115
561,-4.893095,-47,2016,NMVOCs,EEA,0.0028987216,0.000370392204444444,0.0222235322666667,Cement,115
562,-4.893095,-47,2017,NMVOCs,EEA,0.0022535564,0.000287954428888889,0.0172772657333333,Cement,115
563,-4.893095,-47,2018,NMVOCs,EEA,0.0019526412,0.000249504153333333,0.0149702492,Cement,115
564,-4.893095,-47,2019,NMVOCs,EEA,0.0017932356,0.00022913566,0.0137481396,Cement,115
565,-4.893095,-47,2020,NMVOCs,EEA,0.0017749236,0.000226795793333333,0.0136077476,Cement,115
566,-4.893095,-47,2021,NMVOCs,EEA,0.00178014,0.000227462333333333,0.01364774,Cement,115
567,-4.893095,-47,2022,NMVOCs,EEA,0.0009205972,0.000117631864444444,0.00705791186666667,Cement,115
568,-4.893095,-47,2014,SOX,EEA,0.0184949707066667,0.000989035866666667,0.549903941866667,Cement,115
569,-4.893095,-47,2015,SOX,EEA,0.0191704521066667,0.00102515786666667,0.569987773866667,Cement,115
570,-4.893095,-47,2016,SOX,EEA,0.0180686979733333,0.000966240533333333,0.537229736533333,Cement,115
571,-4.893095,-47,2017,SOX,EEA,0.0140471682266667,0.000751185466666667,0.417659119466667,Cement,115
572,-4.893095,-47,2018,SOX,EEA,0.01217146348,0.0006508804,0.3618895024,Cement,115
573,-4.893095,-47,2019,SOX,EEA,0.01117783524,0.0005977452,0.3323463312,Cement,115
574,-4.893095,-47,2020,SOX,EEA,0.01106369044,0.0005916412,0.3289525072,Cement,115
575,-4.893095,-47,2021,SOX,EEA,0.011096206,0.00059338,0.32991928,Cement,115
576,-4.893095,-47,2022,SOX,EEA,0.00573838921333333,0.000306865733333333,0.170617347733333,Cement,115
577,-9.68089,-36,2014,TSP,EEA,0.0330813036666667,0.0165406518333333,0.0661626073333333,Cement,115
578,-9.68089,-36,2015,TSP,EEA,0.0251259926666667,0.0125629963333333,0.0502519853333333,Cement,115
579,-9.68089,-36,2016,TSP,EEA,0.0184776323333333,0.00923881616666667,0.0369552646666667,Cement,115
580,-9.68089,-36,2017,TSP,EEA,0.0112937326666667,0.00564686633333333,0.0225874653333333,Cement,115
581,-9.68089,-36,2018,TSP,EEA,0.010777195,0.0053885975,0.02155439,Cement,115
582,-9.68089,-36,2019,TSP,EEA,0.018784662,0.009392331,0.037569324,Cement,115
583,-9.68089,-36,2020,TSP,EEA,0.019989931,0.0099949655,0.039979862,Cement,115
584,-9.68089,-36,2021,TSP,EEA,0.018027724,0.009013862,0.036055448,Cement,115
585,-9.68089,-36,2022,TSP,EEA,0.00882817433333333,0.00441408716666667,0.0176563486666667,Cement,115
586,-9.68089,-36,2014,PM10,EEA,0.0297731733,0.01488658665,0.0595463466,Cement,115
587,-9.68089,-36,2015,PM10,EEA,0.0226133934,0.0113066967,0.0452267868,Cement,115
588,-9.68089,-36,2016,PM10,EEA,0.0166298691,0.00831493455,0.0332597382,Cement,115
589,-9.68089,-36,2017,PM10,EEA,0.0101643594,0.0050821797,0.0203287188,Cement,115
590,-9.68089,-36,2018,PM10,EEA,0.0096994755,0.00484973775,0.019398951,Cement,115
591,-9.68089,-36,2019,PM10,EEA,0.0169061958,0.0084530979,0.0338123916,Cement,115
592,-9.68089,-36,2020,PM10,EEA,0.0179909379,0.00899546895,0.0359818758,Cement,115
593,-9.68089,-36,2021,PM10,EEA,0.0162249516,0.0081124758,0.0324499032,Cement,115
594,-9.68089,-36,2022,PM10,EEA,0.0079453569,0.00397267845,0.0158907138,Cement,115
595,-9.68089,-36,2014,PM2.5,EEA,0.0165406518333333,0.00827032591666667,0.0330813036666667,Cement,115
596,-9.68089,-36,2015,PM2.5,EEA,0.0125629963333333,0.00628149816666667,0.0251259926666667,Cement,115
597,-9.68089,-36,2016,PM2.5,EEA,0.00923881616666667,0.00461940808333333,0.0184776323333333,Cement,115
598,-9.68089,-36,2017,PM2.5,EEA,0.00564686633333333,0.00282343316666667,0.0112937326666667,Cement,115
599,-9.68089,-36,2018,PM2.5,EEA,0.0053885975,0.00269429875,0.010777195,Cement,115
600,-9.68089,-36,2019,PM2.5,EEA,0.009392331,0.0046961655,0.018784662,Cement,115
601,-9.68089,-36,2020,PM2.5,EEA,0.0099949655,0.00499748275,0.019989931,Cement,115
602,-9.68089,-36,2021,PM2.5,EEA,0.009013862,0.004506931,0.018027724,Cement,115
603,-9.68089,-36,2022,PM2.5,EEA,0.00441408716666667,0.00220704358333333,0.00882817433333333,Cement,115
604,-9.68089,-36,2014,BC,EEA,0.000496219555,0.00012405488875,0.00198487822,Cement,115
605,-9.68089,-36,2015,BC,EEA,0.00037688989,9.42224725e-05,0.00150755956,Cement,115
606,-9.68089,-36,2016,BC,EEA,0.000277164485,6.929112125e-05,0.00110865794,Cement,115
607,-9.68089,-36,2017,BC,EEA,0.00016940599,4.23514975e-05,0.00067762396,Cement,115
608,-9.68089,-36,2018,BC,EEA,0.000161657925,4.041448125e-05,0.0006466317,Cement,115
609,-9.68089,-36,2019,BC,EEA,0.00028176993,7.04424825e-05,0.00112707972,Cement,115
610,-9.68089,-36,2020,BC,EEA,0.000299848965,7.496224125e-05,0.00119939586,Cement,115
611,-9.68089,-36,2021,BC,EEA,0.00027041586,6.7603965e-05,0.00108166344,Cement,115
612,-9.68089,-36,2022,BC,EEA,0.000132422615,3.310565375e-05,0.00052969046,Cement,115
613,-9.68089,-36,2014,NOX,EEA,0.105266404744444,0.0279918723333333,0.396127405444444,Cement,115
614,-9.68089,-36,2015,NOX,EEA,0.0799521971777778,0.0212604553333333,0.300867655777778,Cement,115
615,-9.68089,-36,2016,NOX,EEA,0.0587967736555556,0.0156349196666667,0.221257802555556,Cement,115
616,-9.68089,-36,2017,NOX,EEA,0.0359372365111111,0.00955623533333333,0.135235209111111,Cement,115
617,-9.68089,-36,2018,NOX,EEA,0.0342935871666667,0.009119165,0.129050001666667,Cement,115
618,-9.68089,-36,2019,NOX,EEA,0.0597737578,0.015894714,0.224934286,Cement,115
619,-9.68089,-36,2020,NOX,EEA,0.0636089855666667,0.016914557,0.239366609666667,Cement,115
620,-9.68089,-36,2021,NOX,EEA,0.0573651422666667,0.015254228,0.215870438666667,Cement,115
621,-9.68089,-36,2022,NOX,EEA,0.0280917034555556,0.00746999366666667,0.105711728555556,Cement,115
622,-9.68089,-36,2014,CO,EEA,0.0123418709833333,0.00390189735555555,0.0390189735555555,Cement,115
623,-9.68089,-36,2015,CO,EEA,0.00937392803333334,0.00296357862222222,0.0296357862222222,Cement,115
624,-9.68089,-36,2016,CO,EEA,0.00689357821666667,0.00217941304444444,0.0217941304444444,Cement,115
625,-9.68089,-36,2017,CO,EEA,0.00421343103333333,0.00133208128888889,0.0133208128888889,Cement,115
626,-9.68089,-36,2018,CO,EEA,0.00402072275,0.00127115633333333,0.0127115633333333,Cement,115
627,-9.68089,-36,2019,CO,EEA,0.0070081239,0.0022156268,0.022156268,Cement,115
628,-9.68089,-36,2020,CO,EEA,0.00745778195,0.00235778673333333,0.0235778673333333,Cement,115
629,-9.68089,-36,2021,CO,EEA,0.0067257278,0.00212634693333333,0.0212634693333333,Cement,115
630,-9.68089,-36,2022,CO,EEA,0.00329358811666667,0.00104127184444444,0.0104127184444444,Cement,115
631,-9.68089,-36,2014,NMVOCs,EEA,0.007634147,0.000975474338888889,0.0585284603333333,Cement,115
632,-9.68089,-36,2015,NMVOCs,EEA,0.005798306,0.000740894655555555,0.0444536793333333,Cement,115
633,-9.68089,-36,2016,NMVOCs,EEA,0.004264069,0.000544853261111111,0.0326911956666667,Cement,115
634,-9.68089,-36,2017,NMVOCs,EEA,0.002606246,0.000333020322222222,0.0199812193333333,Cement,115
635,-9.68089,-36,2018,NMVOCs,EEA,0.002487045,0.000317789083333333,0.019067345,Cement,115
636,-9.68089,-36,2019,NMVOCs,EEA,0.004334922,0.0005539067,0.033234402,Cement,115
637,-9.68089,-36,2020,NMVOCs,EEA,0.004613061,0.000589446683333333,0.035366801,Cement,115
638,-9.68089,-36,2021,NMVOCs,EEA,0.004160244,0.000531586733333333,0.031895204,Cement,115
639,-9.68089,-36,2022,NMVOCs,EEA,0.002037271,0.000260317961111111,0.0156190776666667,Cement,115
640,-9.68089,-36,2014,SOX,EEA,0.0475861829666667,0.00254471566666667,1.41486191066667,Cement,115
641,-9.68089,-36,2015,SOX,EEA,0.0361427740666667,0.00193276866666667,1.07461937866667,Cement,115
642,-9.68089,-36,2016,SOX,EEA,0.0265793634333333,0.00142135633333333,0.790274121333333,Cement,115
643,-9.68089,-36,2017,SOX,EEA,0.0162456000666667,0.000868748666666667,0.483024258666667,Cement,115
644,-9.68089,-36,2018,SOX,EEA,0.0155025805,0.000829015,0.46093234,Cement,115
645,-9.68089,-36,2019,SOX,EEA,0.0270210138,0.001444974,0.803405544,Cement,115
646,-9.68089,-36,2020,SOX,EEA,0.0287547469,0.001537687,0.854953972,Cement,115
647,-9.68089,-36,2021,SOX,EEA,0.0259321876,0.001386748,0.771031888,Cement,115
648,-9.68089,-36,2022,SOX,EEA,0.0126989892333333,0.000679090333333333,0.377574225333333,Cement,115
649,-19.685616,-44,2014,TSP,EEA,0.082756201125,0.0413781005625,0.16551240225,Cement,115
650,-19.685616,-44,2015,TSP,EEA,0.07312660875,0.036563304375,0.1462532175,Cement,115
651,-19.685616,-44,2016,TSP,EEA,0.064476091875,0.0322380459375,0.12895218375,Cement,115
652,-19.685616,-44,2017,TSP,EEA,0.06276489375,0.031382446875,0.1255297875,Cement,115
653,-19.685616,-44,2018,TSP,EEA,0.06725777175,0.033628885875,0.1345155435,Cement,115
654,-19.685616,-44,2019,TSP,EEA,0.07761114075,0.038805570375,0.1552222815,Cement,115
655,-19.685616,-44,2020,TSP,EEA,0.077748177,0.0388740885,0.155496354,Cement,115
656,-19.685616,-44,2021,TSP,EEA,0.08144544525,0.040722722625,0.1628908905,Cement,115
657,-19.685616,-44,2022,TSP,EEA,0.045064183125,0.0225320915625,0.09012836625,Cement,115
658,-19.685616,-44,2014,PM10,EEA,0.0744805810125,0.03724029050625,0.148961162025,Cement,115
659,-19.685616,-44,2015,PM10,EEA,0.065813947875,0.0329069739375,0.13162789575,Cement,115
660,-19.685616,-44,2016,PM10,EEA,0.0580284826875,0.02901424134375,0.116056965375,Cement,115
661,-19.685616,-44,2017,PM10,EEA,0.056488404375,0.0282442021875,0.11297680875,Cement,115
662,-19.685616,-44,2018,PM10,EEA,0.060531994575,0.0302659972875,0.12106398915,Cement,115
663,-19.685616,-44,2019,PM10,EEA,0.069850026675,0.0349250133375,0.13970005335,Cement,115
664,-19.685616,-44,2020,PM10,EEA,0.0699733593,0.03498667965,0.1399467186,Cement,115
665,-19.685616,-44,2021,PM10,EEA,0.073300900725,0.0366504503625,0.14660180145,Cement,115
666,-19.685616,-44,2022,PM10,EEA,0.0405577648125,0.02027888240625,0.081115529625,Cement,115
667,-19.685616,-44,2014,PM2.5,EEA,0.0413781005625,0.02068905028125,0.082756201125,Cement,115
668,-19.685616,-44,2015,PM2.5,EEA,0.036563304375,0.0182816521875,0.07312660875,Cement,115
669,-19.685616,-44,2016,PM2.5,EEA,0.0322380459375,0.01611902296875,0.064476091875,Cement,115
670,-19.685616,-44,2017,PM2.5,EEA,0.031382446875,0.0156912234375,0.06276489375,Cement,115
671,-19.685616,-44,2018,PM2.5,EEA,0.033628885875,0.0168144429375,0.06725777175,Cement,115
672,-19.685616,-44,2019,PM2.5,EEA,0.038805570375,0.0194027851875,0.07761114075,Cement,115
673,-19.685616,-44,2020,PM2.5,EEA,0.0388740885,0.01943704425,0.077748177,Cement,115
674,-19.685616,-44,2021,PM2.5,EEA,0.040722722625,0.0203613613125,0.08144544525,Cement,115
675,-19.685616,-44,2022,PM2.5,EEA,0.0225320915625,0.01126604578125,0.045064183125,Cement,115
676,-19.685616,-44,2014,BC,EEA,0.001241343016875,0.00031033575421875,0.0049653720675,Cement,115
677,-19.685616,-44,2015,BC,EEA,0.00109689913125,0.0002742247828125,0.004387596525,Cement,115
678,-19.685616,-44,2016,BC,EEA,0.000967141378125,0.00024178534453125,0.0038685655125,Cement,115
679,-19.685616,-44,2017,BC,EEA,0.00094147340625,0.0002353683515625,0.003765893625,Cement,115
680,-19.685616,-44,2018,BC,EEA,0.00100886657625,0.0002522166440625,0.004035466305,Cement,115
681,-19.685616,-44,2019,BC,EEA,0.00116416711125,0.0002910417778125,0.004656668445,Cement,115
682,-19.685616,-44,2020,BC,EEA,0.001166222655,0.00029155566375,0.00466489062,Cement,115
683,-19.685616,-44,2021,BC,EEA,0.00122168167875,0.0003054204196875,0.004886726715,Cement,115
684,-19.685616,-44,2022,BC,EEA,0.000675962746875,0.00016899068671875,0.0027038509875,Cement,115
685,-19.685616,-44,2014,NOX,EEA,0.2633344758875,0.070024477875,0.990952459625,Cement,115
686,-19.685616,-44,2015,NOX,EEA,0.232692619125,0.06187636125,0.87564426375,Cement,115
687,-19.685616,-44,2016,NOX,EEA,0.2051662308125,0.054556693125,0.772059869375,Cement,115
688,-19.685616,-44,2017,NOX,EEA,0.199721110625,0.05310875625,0.75156936875,Cement,115
689,-19.685616,-44,2018,NOX,EEA,0.214017678825,0.05691042225,0.80536870275,Cement,115
690,-19.685616,-44,2019,NOX,EEA,0.246962629925,0.06567096525,0.92934365975,Cement,115
691,-19.685616,-44,2020,NOX,EEA,0.2473986863,0.065786919,0.930984581,Cement,115
692,-19.685616,-44,2021,NOX,EEA,0.259163583475,0.06891537675,0.97525699825,Cement,115
693,-19.685616,-44,2022,NOX,EEA,0.1433965416875,0.038131231875,0.539614705625,Cement,115
694,-19.685616,-44,2014,CO,EEA,0.03087442888125,0.009760987825,0.09760987825,Cement,115
695,-19.685616,-44,2015,CO,EEA,0.0272818501875,0.00862518975,0.0862518975,Cement,115
696,-19.685616,-44,2016,CO,EEA,0.02405454196875,0.007604872375,0.07604872375,Cement,115
697,-19.685616,-44,2017,CO,EEA,0.0234161334375,0.00740303875,0.0740303875,Cement,115
698,-19.685616,-44,2018,CO,EEA,0.0250923225375,0.00793296795,0.0793296795,Cement,115
699,-19.685616,-44,2019,CO,EEA,0.0289549255875,0.00915413455,0.0915413455,Cement,115
700,-19.685616,-44,2020,CO,EEA,0.02900605065,0.0091702978,0.091702978,Cement,115
701,-19.685616,-44,2021,CO,EEA,0.0303854161125,0.00960638585,0.0960638585,Cement,115
702,-19.685616,-44,2022,CO,EEA,0.01681240678125,0.005315262625,0.05315262625,Cement,115
703,-19.685616,-44,2014,NMVOCs,EEA,0.019097584875,0.00244024695625,0.146414817375,Cement,115
704,-19.685616,-44,2015,NMVOCs,EEA,0.01687537125,0.0021562974375,0.12937784625,Cement,115
705,-19.685616,-44,2016,NMVOCs,EEA,0.014879098125,0.00190121809375,0.114073085625,Cement,115
706,-19.685616,-44,2017,NMVOCs,EEA,0.01448420625,0.0018507596875,0.11104558125,Cement,115
707,-19.685616,-44,2018,NMVOCs,EEA,0.01552102425,0.0019832419875,0.11899451925,Cement,115
708,-19.685616,-44,2019,NMVOCs,EEA,0.01791026325,0.0022885336375,0.13731201825,Cement,115
709,-19.685616,-44,2020,NMVOCs,EEA,0.017941887,0.00229257445,0.137554467,Cement,115
710,-19.685616,-44,2021,NMVOCs,EEA,0.01879510275,0.0024015964625,0.14409578775,Cement,115
711,-19.685616,-44,2022,NMVOCs,EEA,0.010399426875,0.00132881565625,0.079728939375,Cement,115
712,-19.685616,-44,2014,SOX,EEA,0.1190416123875,0.006365861625,3.5394190635,Cement,115
713,-19.685616,-44,2015,SOX,EEA,0.105189814125,0.00562512375,3.127568805,Cement,115
714,-19.685616,-44,2016,SOX,EEA,0.0927463783125,0.004959699375,2.7575928525,Cement,115
715,-19.685616,-44,2017,SOX,EEA,0.090284885625,0.00482806875,2.684406225,Cement,115
716,-19.685616,-44,2018,SOX,EEA,0.096747717825,0.00517367475,2.876563161,Cement,115
717,-19.685616,-44,2019,SOX,EEA,0.111640640925,0.00597008775,3.319368789,Cement,115
718,-19.685616,-44,2020,SOX,EEA,0.1118377623,0.005980629,3.325229724,Cement,115
719,-19.685616,-44,2021,SOX,EEA,0.117156140475,0.00626503425,3.483359043,Cement,115
720,-19.685616,-44,2022,SOX,EEA,0.0648230941875,0.003466475625,1.9273604475,Cement,115
721,-15.572222,-48,2014,TSP,EEA,0.17304963,0.086524815,0.34609926,Cement,115
722,-15.572222,-48,2015,TSP,EEA,0.158663622,0.079331811,0.317327244,Cement,115
723,-15.572222,-48,2016,TSP,EEA,0.114723492,0.057361746,0.229446984,Cement,115
724,-15.572222,-48,2017,TSP,EEA,0.102190335,0.0510951675,0.20438067,Cement,115
725,-15.572222,-48,2018,TSP,EEA,0.098582172,0.049291086,0.197164344,Cement,115
726,-15.572222,-48,2019,TSP,EEA,0.095579406,0.047789703,0.191158812,Cement,115
727,-15.572222,-48,2020,TSP,EEA,0.111536529,0.0557682645,0.223073058,Cement,115
728,-15.572222,-48,2021,TSP,EEA,0.12014106,0.06007053,0.24028212,Cement,115
729,-15.572222,-48,2022,TSP,EEA,0.067522845,0.0337614225,0.13504569,Cement,115
730,-15.572222,-48,2014,PM10,EEA,0.155744667,0.0778723335,0.311489334,Cement,115
731,-15.572222,-48,2015,PM10,EEA,0.1427972598,0.0713986299,0.2855945196,Cement,115
732,-15.572222,-48,2016,PM10,EEA,0.1032511428,0.0516255714,0.2065022856,Cement,115
733,-15.572222,-48,2017,PM10,EEA,0.0919713015,0.04598565075,0.183942603,Cement,115
734,-15.572222,-48,2018,PM10,EEA,0.0887239548,0.0443619774,0.1774479096,Cement,115
735,-15.572222,-48,2019,PM10,EEA,0.0860214654,0.0430107327,0.1720429308,Cement,115
736,-15.572222,-48,2020,PM10,EEA,0.1003828761,0.05019143805,0.2007657522,Cement,115
737,-15.572222,-48,2021,PM10,EEA,0.108126954,0.054063477,0.216253908,Cement,115
738,-15.572222,-48,2022,PM10,EEA,0.0607705605,0.03038528025,0.121541121,Cement,115
739,-15.572222,-48,2014,PM2.5,EEA,0.086524815,0.0432624075,0.17304963,Cement,115
740,-15.572222,-48,2015,PM2.5,EEA,0.079331811,0.0396659055,0.158663622,Cement,115
741,-15.572222,-48,2016,PM2.5,EEA,0.057361746,0.028680873,0.114723492,Cement,115
742,-15.572222,-48,2017,PM2.5,EEA,0.0510951675,0.02554758375,0.102190335,Cement,115
743,-15.572222,-48,2018,PM2.5,EEA,0.049291086,0.024645543,0.098582172,Cement,115
744,-15.572222,-48,2019,PM2.5,EEA,0.047789703,0.0238948515,0.095579406,Cement,115
745,-15.572222,-48,2020,PM2.5,EEA,0.0557682645,0.02788413225,0.111536529,Cement,115
746,-15.572222,-48,2021,PM2.5,EEA,0.06007053,0.030035265,0.12014106,Cement,115
747,-15.572222,-48,2022,PM2.5,EEA,0.0337614225,0.01688071125,0.067522845,Cement,115
748,-15.572222,-48,2014,BC,EEA,0.00259574445,0.0006489361125,0.0103829778,Cement,115
749,-15.572222,-48,2015,BC,EEA,0.00237995433,0.0005949885825,0.00951981732,Cement,115
750,-15.572222,-48,2016,BC,EEA,0.00172085238,0.000430213095,0.00688340952,Cement,115
751,-15.572222,-48,2017,BC,EEA,0.001532855025,0.00038321375625,0.0061314201,Cement,115
752,-15.572222,-48,2018,BC,EEA,0.00147873258,0.000369683145,0.00591493032,Cement,115
753,-15.572222,-48,2019,BC,EEA,0.00143369109,0.0003584227725,0.00573476436,Cement,115
754,-15.572222,-48,2020,BC,EEA,0.001673047935,0.00041826198375,0.00669219174,Cement,115
755,-15.572222,-48,2021,BC,EEA,0.0018021159,0.000450528975,0.0072084636,Cement,115
756,-15.572222,-48,2022,BC,EEA,0.001012842675,0.00025321066875,0.0040513707,Cement,115
757,-15.572222,-48,2014,NOX,EEA,0.550652797,0.14642661,2.07215839,Cement,115
758,-15.572222,-48,2015,NOX,EEA,0.5048757818,0.134253834,1.899895166,Cement,115
759,-15.572222,-48,2016,NOX,EEA,0.3650560348,0.097073724,1.373740276,Cement,115
760,-15.572222,-48,2017,NOX,EEA,0.3251748865,0.086468745,1.223663755,Cement,115
761,-15.572222,-48,2018,NOX,EEA,0.3136935268,0.083415684,1.180458316,Cement,115
762,-15.572222,-48,2019,NOX,EEA,0.3041385714,0.080874882,1.144502118,Cement,115
763,-15.572222,-48,2020,NOX,EEA,0.3549149551,0.094377063,1.335578437,Cement,115
764,-15.572222,-48,2021,NOX,EEA,0.382295014,0.10165782,1.43861218,Cement,115
765,-15.572222,-48,2022,NOX,EEA,0.2148611555,0.057134715,0.808542785,Cement,115
766,-15.572222,-48,2014,CO,EEA,0.0645608235,0.020410982,0.20410982,Cement,115
767,-15.572222,-48,2015,CO,EEA,0.0591937359,0.0187141708,0.187141708,Cement,115
768,-15.572222,-48,2016,CO,EEA,0.0428006874,0.0135314888,0.135314888,Cement,115
769,-15.572222,-48,2017,CO,EEA,0.03812485575,0.012053219,0.12053219,Cement,115
770,-15.572222,-48,2018,CO,EEA,0.0367787334,0.0116276408,0.116276408,Cement,115
771,-15.572222,-48,2019,CO,EEA,0.0356584707,0.0112734684,0.112734684,Cement,115
772,-15.572222,-48,2020,CO,EEA,0.04161170505,0.0131555906,0.131555906,Cement,115
773,-15.572222,-48,2021,CO,EEA,0.044821857,0.014170484,0.14170484,Cement,115
774,-15.572222,-48,2022,CO,EEA,0.02519121525,0.007964233,0.07964233,Cement,115
775,-15.572222,-48,2014,NMVOCs,EEA,0.03993453,0.0051027455,0.30616473,Cement,115
776,-15.572222,-48,2015,NMVOCs,EEA,0.036614682,0.0046785427,0.280712562,Cement,115
777,-15.572222,-48,2016,NMVOCs,EEA,0.026474652,0.0033828722,0.202972332,Cement,115
778,-15.572222,-48,2017,NMVOCs,EEA,0.023582385,0.00301330475,0.180798285,Cement,115
779,-15.572222,-48,2018,NMVOCs,EEA,0.022749732,0.0029069102,0.174414612,Cement,115
780,-15.572222,-48,2019,NMVOCs,EEA,0.022056786,0.0028183671,0.169102026,Cement,115
781,-15.572222,-48,2020,NMVOCs,EEA,0.025739199,0.00328889765,0.197333859,Cement,115
782,-15.572222,-48,2021,NMVOCs,EEA,0.02772486,0.003542621,0.21255726,Cement,115
783,-15.572222,-48,2022,NMVOCs,EEA,0.015582195,0.00199105825,0.119463495,Cement,115
784,-15.572222,-48,2014,SOX,EEA,0.248925237,0.01331151,7.40119956,Cement,115
785,-15.572222,-48,2015,SOX,EEA,0.2282315178,0.012204894,6.785921064,Cement,115
786,-15.572222,-48,2016,SOX,EEA,0.1650253308,0.008824884,4.906635504,Cement,115
787,-15.572222,-48,2017,SOX,EEA,0.1469968665,0.007860795,4.37060202,Cement,115
788,-15.572222,-48,2018,SOX,EEA,0.1418066628,0.007583244,4.216283664,Cement,115
789,-15.572222,-48,2019,SOX,EEA,0.1374872994,0.007352262,4.087857672,Cement,115
790,-15.572222,-48,2020,SOX,EEA,0.1604410071,0.008579733,4.770331548,Cement,115
791,-15.572222,-48,2021,SOX,EEA,0.172818294,0.00924162,5.13834072,Cement,115
792,-15.572222,-48,2022,SOX,EEA,0.0971290155,0.005194065,2.88790014,Cement,115
793,-19.540672,-44,2014,TSP,EEA,0.082756201125,0.0413781005625,0.16551240225,Cement,115
794,-19.540672,-44,2015,TSP,EEA,0.07312660875,0.036563304375,0.1462532175,Cement,115
795,-19.540672,-44,2016,TSP,EEA,0.064476091875,0.0322380459375,0.12895218375,Cement,115
796,-19.540672,-44,2017,TSP,EEA,0.06276489375,0.031382446875,0.1255297875,Cement,115
797,-19.540672,-44,2018,TSP,EEA,0.06725777175,0.033628885875,0.1345155435,Cement,115
798,-19.540672,-44,2019,TSP,EEA,0.07761114075,0.038805570375,0.1552222815,Cement,115
799,-19.540672,-44,2020,TSP,EEA,0.077748177,0.0388740885,0.155496354,Cement,115
800,-19.540672,-44,2021,TSP,EEA,0.08144544525,0.040722722625,0.1628908905,Cement,115
801,-19.540672,-44,2022,TSP,EEA,0.045064183125,0.0225320915625,0.09012836625,Cement,115
802,-19.540672,-44,2014,PM10,EEA,0.0744805810125,0.03724029050625,0.148961162025,Cement,115
803,-19.540672,-44,2015,PM10,EEA,0.065813947875,0.0329069739375,0.13162789575,Cement,115
804,-19.540672,-44,2016,PM10,EEA,0.0580284826875,0.02901424134375,0.116056965375,Cement,115
805,-19.540672,-44,2017,PM10,EEA,0.056488404375,0.0282442021875,0.11297680875,Cement,115
806,-19.540672,-44,2018,PM10,EEA,0.060531994575,0.0302659972875,0.12106398915,Cement,115
807,-19.540672,-44,2019,PM10,EEA,0.069850026675,0.0349250133375,0.13970005335,Cement,115
808,-19.540672,-44,2020,PM10,EEA,0.0699733593,0.03498667965,0.1399467186,Cement,115
809,-19.540672,-44,2021,PM10,EEA,0.073300900725,0.0366504503625,0.14660180145,Cement,115
810,-19.540672,-44,2022,PM10,EEA,0.0405577648125,0.02027888240625,0.081115529625,Cement,115
811,-19.540672,-44,2014,PM2.5,EEA,0.0413781005625,0.02068905028125,0.082756201125,Cement,115
812,-19.540672,-44,2015,PM2.5,EEA,0.036563304375,0.0182816521875,0.07312660875,Cement,115
813,-19.540672,-44,2016,PM2.5,EEA,0.0322380459375,0.01611902296875,0.064476091875,Cement,115
814,-19.540672,-44,2017,PM2.5,EEA,0.031382446875,0.0156912234375,0.06276489375,Cement,115
815,-19.540672,-44,2018,PM2.5,EEA,0.033628885875,0.0168144429375,0.06725777175,Cement,115
816,-19.540672,-44,2019,PM2.5,EEA,0.038805570375,0.0194027851875,0.07761114075,Cement,115
817,-19.540672,-44,2020,PM2.5,EEA,0.0388740885,0.01943704425,0.077748177,Cement,115
818,-19.540672,-44,2021,PM2.5,EEA,0.040722722625,0.0203613613125,0.08144544525,Cement,115
819,-19.540672,-44,2022,PM2.5,EEA,0.0225320915625,0.01126604578125,0.045064183125,Cement,115
820,-19.540672,-44,2014,BC,EEA,0.001241343016875,0.00031033575421875,0.0049653720675,Cement,115
821,-19.540672,-44,2015,BC,EEA,0.00109689913125,0.0002742247828125,0.004387596525,Cement,115
822,-19.540672,-44,2016,BC,EEA,0.000967141378125,0.00024178534453125,0.0038685655125,Cement,115
823,-19.540672,-44,2017,BC,EEA,0.00094147340625,0.0002353683515625,0.003765893625,Cement,115
824,-19.540672,-44,2018,BC,EEA,0.00100886657625,0.0002522166440625,0.004035466305,Cement,115
825,-19.540672,-44,2019,BC,EEA,0.00116416711125,0.0002910417778125,0.004656668445,Cement,115
826,-19.540672,-44,2020,BC,EEA,0.001166222655,0.00029155566375,0.00466489062,Cement,115
827,-19.540672,-44,2021,BC,EEA,0.00122168167875,0.0003054204196875,0.004886726715,Cement,115
828,-19.540672,-44,2022,BC,EEA,0.000675962746875,0.00016899068671875,0.0027038509875,Cement,115
829,-19.540672,-44,2014,NOX,EEA,0.2633344758875,0.070024477875,0.990952459625,Cement,115
830,-19.540672,-44,2015,NOX,EEA,0.232692619125,0.06187636125,0.87564426375,Cement,115
831,-19.540672,-44,2016,NOX,EEA,0.2051662308125,0.054556693125,0.772059869375,Cement,115
832,-19.540672,-44,2017,NOX,EEA,0.199721110625,0.05310875625,0.75156936875,Cement,115
833,-19.540672,-44,2018,NOX,EEA,0.214017678825,0.05691042225,0.80536870275,Cement,115
834,-19.540672,-44,2019,NOX,EEA,0.246962629925,0.06567096525,0.92934365975,Cement,115
835,-19.540672,-44,2020,NOX,EEA,0.2473986863,0.065786919,0.930984581,Cement,115
836,-19.540672,-44,2021,NOX,EEA,0.259163583475,0.06891537675,0.97525699825,Cement,115
837,-19.540672,-44,2022,NOX,EEA,0.1433965416875,0.038131231875,0.539614705625,Cement,115
838,-19.540672,-44,2014,CO,EEA,0.03087442888125,0.009760987825,0.09760987825,Cement,115
839,-19.540672,-44,2015,CO,EEA,0.0272818501875,0.00862518975,0.0862518975,Cement,115
840,-19.540672,-44,2016,CO,EEA,0.02405454196875,0.007604872375,0.07604872375,Cement,115
841,-19.540672,-44,2017,CO,EEA,0.0234161334375,0.00740303875,0.0740303875,Cement,115
842,-19.540672,-44,2018,CO,EEA,0.0250923225375,0.00793296795,0.0793296795,Cement,115
843,-19.540672,-44,2019,CO,EEA,0.0289549255875,0.00915413455,0.0915413455,Cement,115
844,-19.540672,-44,2020,CO,EEA,0.02900605065,0.0091702978,0.091702978,Cement,115
845,-19.540672,-44,2021,CO,EEA,0.0303854161125,0.00960638585,0.0960638585,Cement,115
846,-19.540672,-44,2022,CO,EEA,0.01681240678125,0.005315262625,0.05315262625,Cement,115
847,-19.540672,-44,2014,NMVOCs,EEA,0.019097584875,0.00244024695625,0.146414817375,Cement,115
848,-19.540672,-44,2015,NMVOCs,EEA,0.01687537125,0.0021562974375,0.12937784625,Cement,115
849,-19.540672,-44,2016,NMVOCs,EEA,0.014879098125,0.00190121809375,0.114073085625,Cement,115
850,-19.540672,-44,2017,NMVOCs,EEA,0.01448420625,0.0018507596875,0.11104558125,Cement,115
851,-19.540672,-44,2018,NMVOCs,EEA,0.01552102425,0.0019832419875,0.11899451925,Cement,115
852,-19.540672,-44,2019,NMVOCs,EEA,0.01791026325,0.0022885336375,0.13731201825,Cement,115
853,-19.540672,-44,2020,NMVOCs,EEA,0.017941887,0.00229257445,0.137554467,Cement,115
854,-19.540672,-44,2021,NMVOCs,EEA,0.01879510275,0.0024015964625,0.14409578775,Cement,115
855,-19.540672,-44,2022,NMVOCs,EEA,0.010399426875,0.00132881565625,0.079728939375,Cement,115
856,-19.540672,-44,2014,SOX,EEA,0.1190416123875,0.006365861625,3.5394190635,Cement,115
857,-19.540672,-44,2015,SOX,EEA,0.105189814125,0.00562512375,3.127568805,Cement,115
858,-19.540672,-44,2016,SOX,EEA,0.0927463783125,0.004959699375,2.7575928525,Cement,115
859,-19.540672,-44,2017,SOX,EEA,0.090284885625,0.00482806875,2.684406225,Cement,115
860,-19.540672,-44,2018,SOX,EEA,0.096747717825,0.00517367475,2.876563161,Cement,115
861,-19.540672,-44,2019,SOX,EEA,0.111640640925,0.00597008775,3.319368789,Cement,115
862,-19.540672,-44,2020,SOX,EEA,0.1118377623,0.005980629,3.325229724,Cement,115
863,-19.540672,-44,2021,SOX,EEA,0.117156140475,0.00626503425,3.483359043,Cement,115
864,-19.540672,-44,2022,SOX,EEA,0.0648230941875,0.003466475625,1.9273604475,Cement,115
865,-20.31549,-46,2014,TSP,EEA,0.082756201125,0.0413781005625,0.16551240225,Cement,115
866,-20.31549,-46,2015,TSP,EEA,0.07312660875,0.036563304375,0.1462532175,Cement,115
867,-20.31549,-46,2016,TSP,EEA,0.064476091875,0.0322380459375,0.12895218375,Cement,115
868,-20.31549,-46,2017,TSP,EEA,0.06276489375,0.031382446875,0.1255297875,Cement,115
869,-20.31549,-46,2018,TSP,EEA,0.06725777175,0.033628885875,0.1345155435,Cement,115
870,-20.31549,-46,2019,TSP,EEA,0.07761114075,0.038805570375,0.1552222815,Cement,115
871,-20.31549,-46,2020,TSP,EEA,0.077748177,0.0388740885,0.155496354,Cement,115
872,-20.31549,-46,2021,TSP,EEA,0.08144544525,0.040722722625,0.1628908905,Cement,115
873,-20.31549,-46,2022,TSP,EEA,0.045064183125,0.0225320915625,0.09012836625,Cement,115
874,-20.31549,-46,2014,PM10,EEA,0.0744805810125,0.03724029050625,0.148961162025,Cement,115
875,-20.31549,-46,2015,PM10,EEA,0.065813947875,0.0329069739375,0.13162789575,Cement,115
876,-20.31549,-46,2016,PM10,EEA,0.0580284826875,0.02901424134375,0.116056965375,Cement,115
877,-20.31549,-46,2017,PM10,EEA,0.056488404375,0.0282442021875,0.11297680875,Cement,115
878,-20.31549,-46,2018,PM10,EEA,0.060531994575,0.0302659972875,0.12106398915,Cement,115
879,-20.31549,-46,2019,PM10,EEA,0.069850026675,0.0349250133375,0.13970005335,Cement,115
880,-20.31549,-46,2020,PM10,EEA,0.0699733593,0.03498667965,0.1399467186,Cement,115
881,-20.31549,-46,2021,PM10,EEA,0.073300900725,0.0366504503625,0.14660180145,Cement,115
882,-20.31549,-46,2022,PM10,EEA,0.0405577648125,0.02027888240625,0.081115529625,Cement,115
883,-20.31549,-46,2014,PM2.5,EEA,0.0413781005625,0.02068905028125,0.082756201125,Cement,115
884,-20.31549,-46,2015,PM2.5,EEA,0.036563304375,0.0182816521875,0.07312660875,Cement,115
885,-20.31549,-46,2016,PM2.5,EEA,0.0322380459375,0.01611902296875,0.064476091875,Cement,115
886,-20.31549,-46,2017,PM2.5,EEA,0.031382446875,0.0156912234375,0.06276489375,Cement,115
887,-20.31549,-46,2018,PM2.5,EEA,0.033628885875,0.0168144429375,0.06725777175,Cement,115
888,-20.31549,-46,2019,PM2.5,EEA,0.038805570375,0.0194027851875,0.07761114075,Cement,115
889,-20.31549,-46,2020,PM2.5,EEA,0.0388740885,0.01943704425,0.077748177,Cement,115
890,-20.31549,-46,2021,PM2.5,EEA,0.040722722625,0.0203613613125,0.08144544525,Cement,115
891,-20.31549,-46,2022,PM2.5,EEA,0.0225320915625,0.01126604578125,0.045064183125,Cement,115
892,-20.31549,-46,2014,BC,EEA,0.001241343016875,0.00031033575421875,0.0049653720675,Cement,115
893,-20.31549,-46,2015,BC,EEA,0.00109689913125,0.0002742247828125,0.004387596525,Cement,115
894,-20.31549,-46,2016,BC,EEA,0.000967141378125,0.00024178534453125,0.0038685655125,Cement,115
895,-20.31549,-46,2017,BC,EEA,0.00094147340625,0.0002353683515625,0.003765893625,Cement,115
896,-20.31549,-46,2018,BC,EEA,0.00100886657625,0.0002522166440625,0.004035466305,Cement,115
897,-20.31549,-46,2019,BC,EEA,0.00116416711125,0.0002910417778125,0.004656668445,Cement,115
898,-20.31549,-46,2020,BC,EEA,0.001166222655,0.00029155566375,0.00466489062,Cement,115
899,-20.31549,-46,2021,BC,EEA,0.00122168167875,0.0003054204196875,0.004886726715,Cement,115
900,-20.31549,-46,2022,BC,EEA,0.000675962746875,0.00016899068671875,0.0027038509875,Cement,115
901,-20.31549,-46,2014,NOX,EEA,0.2633344758875,0.070024477875,0.990952459625,Cement,115
902,-20.31549,-46,2015,NOX,EEA,0.232692619125,0.06187636125,0.87564426375,Cement,115
903,-20.31549,-46,2016,NOX,EEA,0.2051662308125,0.054556693125,0.772059869375,Cement,115
904,-20.31549,-46,2017,NOX,EEA,0.199721110625,0.05310875625,0.75156936875,Cement,115
905,-20.31549,-46,2018,NOX,EEA,0.214017678825,0.05691042225,0.80536870275,Cement,115
906,-20.31549,-46,2019,NOX,EEA,0.246962629925,0.06567096525,0.92934365975,Cement,115
907,-20.31549,-46,2020,NOX,EEA,0.2473986863,0.065786919,0.930984581,Cement,115
908,-20.31549,-46,2021,NOX,EEA,0.259163583475,0.06891537675,0.97525699825,Cement,115
909,-20.31549,-46,2022,NOX,EEA,0.1433965416875,0.038131231875,0.539614705625,Cement,115
910,-20.31549,-46,2014,CO,EEA,0.03087442888125,0.009760987825,0.09760987825,Cement,115
911,-20.31549,-46,2015,CO,EEA,0.0272818501875,0.00862518975,0.0862518975,Cement,115
912,-20.31549,-46,2016,CO,EEA,0.02405454196875,0.007604872375,0.07604872375,Cement,115
913,-20.31549,-46,2017,CO,EEA,0.0234161334375,0.00740303875,0.0740303875,Cement,115
914,-20.31549,-46,2018,CO,EEA,0.0250923225375,0.00793296795,0.0793296795,Cement,115
915,-20.31549,-46,2019,CO,EEA,0.0289549255875,0.00915413455,0.0915413455,Cement,115
916,-20.31549,-46,2020,CO,EEA,0.02900605065,0.0091702978,0.091702978,Cement,115
917,-20.31549,-46,2021,CO,EEA,0.0303854161125,0.00960638585,0.0960638585,Cement,115
918,-20.31549,-46,2022,CO,EEA,0.01681240678125,0.005315262625,0.05315262625,Cement,115
919,-20.31549,-46,2014,NMVOCs,EEA,0.019097584875,0.00244024695625,0.146414817375,Cement,115
920,-20.31549,-46,2015,NMVOCs,EEA,0.01687537125,0.0021562974375,0.12937784625,Cement,115
921,-20.31549,-46,2016,NMVOCs,EEA,0.014879098125,0.00190121809375,0.114073085625,Cement,115
922,-20.31549,-46,2017,NMVOCs,EEA,0.01448420625,0.0018507596875,0.11104558125,Cement,115
923,-20.31549,-46,2018,NMVOCs,EEA,0.01552102425,0.0019832419875,0.11899451925,Cement,115
924,-20.31549,-46,2019,NMVOCs,EEA,0.01791026325,0.0022885336375,0.13731201825,Cement,115
925,-20.31549,-46,2020,NMVOCs,EEA,0.017941887,0.00229257445,0.137554467,Cement,115
926,-20.31549,-46,2021,NMVOCs,EEA,0.01879510275,0.0024015964625,0.14409578775,Cement,115
927,-20.31549,-46,2022,NMVOCs,EEA,0.010399426875,0.00132881565625,0.079728939375,Cement,115
928,-20.31549,-46,2014,SOX,EEA,0.1190416123875,0.006365861625,3.5394190635,Cement,115
929,-20.31549,-46,2015,SOX,EEA,0.105189814125,0.00562512375,3.127568805,Cement,115
930,-20.31549,-46,2016,SOX,EEA,0.0927463783125,0.004959699375,2.7575928525,Cement,115
931,-20.31549,-46,2017,SOX,EEA,0.090284885625,0.00482806875,2.684406225,Cement,115
932,-20.31549,-46,2018,SOX,EEA,0.096747717825,0.00517367475,2.876563161,Cement,115
933,-20.31549,-46,2019,SOX,EEA,0.111640640925,0.00597008775,3.319368789,Cement,115
934,-20.31549,-46,2020,SOX,EEA,0.1118377623,0.005980629,3.325229724,Cement,115
935,-20.31549,-46,2021,SOX,EEA,0.117156140475,0.00626503425,3.483359043,Cement,115
936,-20.31549,-46,2022,SOX,EEA,0.0648230941875,0.003466475625,1.9273604475,Cement,115
937,-21.980226,-42,2014,TSP,EEA,0.04355335725,0.021776678625,0.0871067145,Cement,115
938,-21.980226,-42,2015,TSP,EEA,0.042071913,0.0210359565,0.084143826,Cement,115
939,-21.980226,-42,2016,TSP,EEA,0.036477207,0.0182386035,0.072954414,Cement,115
940,-21.980226,-42,2017,TSP,EEA,0.03143215725,0.015716078625,0.0628643145,Cement,115
941,-21.980226,-42,2018,TSP,EEA,0.034064316,0.017032158,0.068128632,Cement,115
942,-21.980226,-42,2019,TSP,EEA,0.0380047005,0.01900235025,0.076009401,Cement,115
943,-21.980226,-42,2020,TSP,EEA,0.0362488425,0.01812442125,0.072497685,Cement,115
944,-21.980226,-42,2021,TSP,EEA,0.0401311365,0.02006556825,0.080262273,Cement,115
945,-21.980226,-42,2022,TSP,EEA,0.02206490325,0.011032451625,0.0441298065,Cement,115
946,-21.980226,-42,2014,PM10,EEA,0.039198021525,0.0195990107625,0.07839604305,Cement,115
947,-21.980226,-42,2015,PM10,EEA,0.0378647217,0.01893236085,0.0757294434,Cement,115
948,-21.980226,-42,2016,PM10,EEA,0.0328294863,0.01641474315,0.0656589726,Cement,115
949,-21.980226,-42,2017,PM10,EEA,0.028288941525,0.0141444707625,0.05657788305,Cement,115
950,-21.980226,-42,2018,PM10,EEA,0.0306578844,0.0153289422,0.0613157688,Cement,115
951,-21.980226,-42,2019,PM10,EEA,0.03420423045,0.017102115225,0.0684084609,Cement,115
952,-21.980226,-42,2020,PM10,EEA,0.03262395825,0.016311979125,0.0652479165,Cement,115
953,-21.980226,-42,2021,PM10,EEA,0.03611802285,0.018059011425,0.0722360457,Cement,115
954,-21.980226,-42,2022,PM10,EEA,0.019858412925,0.0099292064625,0.03971682585,Cement,115
955,-21.980226,-42,2014,PM2.5,EEA,0.021776678625,0.0108883393125,0.04355335725,Cement,115
956,-21.980226,-42,2015,PM2.5,EEA,0.0210359565,0.01051797825,0.042071913,Cement,115
957,-21.980226,-42,2016,PM2.5,EEA,0.0182386035,0.00911930175,0.036477207,Cement,115
958,-21.980226,-42,2017,PM2.5,EEA,0.015716078625,0.0078580393125,0.03143215725,Cement,115
959,-21.980226,-42,2018,PM2.5,EEA,0.017032158,0.008516079,0.034064316,Cement,115
960,-21.980226,-42,2019,PM2.5,EEA,0.01900235025,0.009501175125,0.0380047005,Cement,115
961,-21.980226,-42,2020,PM2.5,EEA,0.01812442125,0.009062210625,0.0362488425,Cement,115
962,-21.980226,-42,2021,PM2.5,EEA,0.02006556825,0.010032784125,0.0401311365,Cement,115
963,-21.980226,-42,2022,PM2.5,EEA,0.011032451625,0.0055162258125,0.02206490325,Cement,115
964,-21.980226,-42,2014,BC,EEA,0.00065330035875,0.0001633250896875,0.002613201435,Cement,115
965,-21.980226,-42,2015,BC,EEA,0.000631078695,0.00015776967375,0.00252431478,Cement,115
966,-21.980226,-42,2016,BC,EEA,0.000547158105,0.00013678952625,0.00218863242,Cement,115
967,-21.980226,-42,2017,BC,EEA,0.00047148235875,0.0001178705896875,0.001885929435,Cement,115
968,-21.980226,-42,2018,BC,EEA,0.00051096474,0.000127741185,0.00204385896,Cement,115
969,-21.980226,-42,2019,BC,EEA,0.0005700705075,0.000142517626875,0.00228028203,Cement,115
970,-21.980226,-42,2020,BC,EEA,0.0005437326375,0.000135933159375,0.00217493055,Cement,115
971,-21.980226,-42,2021,BC,EEA,0.0006019670475,0.000150491761875,0.00240786819,Cement,115
972,-21.980226,-42,2022,BC,EEA,0.00033097354875,8.27433871875e-05,0.001323894195,Cement,115
973,-21.980226,-42,2014,NOX,EEA,0.138589016275,0.03685284075,0.52152353425,Cement,115
974,-21.980226,-42,2015,NOX,EEA,0.1338749847,0.035599311,0.503784189,Cement,115
975,-21.980226,-42,2016,NOX,EEA,0.1160723433,0.030865329,0.436791171,Cement,115
976,-21.980226,-42,2017,NOX,EEA,0.100018736275,0.02659644075,0.37637993425,Cement,115
977,-21.980226,-42,2018,NOX,EEA,0.1083944004,0.028823652,0.407898348,Cement,115
978,-21.980226,-42,2019,NOX,EEA,0.12093290595,0.0321578235,0.4550819265,Cement,115
979,-21.980226,-42,2020,NOX,EEA,0.11534567575,0.0306720975,0.4340566525,Cement,115
980,-21.980226,-42,2021,NOX,EEA,0.12769933435,0.0339571155,0.4805446345,Cement,115
981,-21.980226,-42,2022,NOX,EEA,0.070211653675,0.01867030275,0.26421307225,Cement,115
982,-21.980226,-42,2014,CO,EEA,0.0162487525125,0.00513706265,0.0513706265,Cement,115
983,-21.980226,-42,2015,CO,EEA,0.01569605985,0.0049623282,0.049623282,Cement,115
984,-21.980226,-42,2016,CO,EEA,0.01360880415,0.0043024398,0.043024398,Cement,115
985,-21.980226,-42,2017,CO,EEA,0.0117266125125,0.00370738265,0.0370738265,Cement,115
986,-21.980226,-42,2018,CO,EEA,0.0127086102,0.0040178424,0.040178424,Cement,115
987,-21.980226,-42,2019,CO,EEA,0.014178676725,0.0044826057,0.044826057,Cement,115
988,-21.980226,-42,2020,CO,EEA,0.013523606625,0.0042755045,0.042755045,Cement,115
989,-21.980226,-42,2021,CO,EEA,0.014972000925,0.0047334161,0.047334161,Cement,115
990,-21.980226,-42,2022,CO,EEA,0.0082319062125,0.00260252705,0.0260252705,Cement,115
991,-21.980226,-42,2014,NMVOCs,EEA,0.01005077475,0.0012842656625,0.07705593975,Cement,115
992,-21.980226,-42,2015,NMVOCs,EEA,0.009708903,0.00124058205,0.074434923,Cement,115
993,-21.980226,-42,2016,NMVOCs,EEA,0.008417817,0.00107560995,0.064536597,Cement,115
994,-21.980226,-42,2017,NMVOCs,EEA,0.00725357475,0.0009268456625,0.05561073975,Cement,115
995,-21.980226,-42,2018,NMVOCs,EEA,0.007860996,0.0010044606,0.060267636,Cement,115
996,-21.980226,-42,2019,NMVOCs,EEA,0.0087703155,0.001120651425,0.0672390855,Cement,115
997,-21.980226,-42,2020,NMVOCs,EEA,0.0083651175,0.001068876125,0.0641325675,Cement,115
998,-21.980226,-42,2021,NMVOCs,EEA,0.0092610315,0.001183354025,0.0710012415,Cement,115
999,-21.980226,-42,2022,NMVOCs,EEA,0.00509190075,0.0006506317625,0.03903790575,Cement,115
1000,-21.980226,-42,2014,SOX,EEA,0.062649829275,0.00335025825,1.862743587,Cement,115
1001,-21.980226,-42,2015,SOX,EEA,0.0605188287,0.003236301,1.799383356,Cement,115
1002,-21.980226,-42,2016,SOX,EEA,0.0524710593,0.002805939,1.560102084,Cement,115
1003,-21.980226,-42,2017,SOX,EEA,0.045213949275,0.00241785825,1.344329187,Cement,115
1004,-21.980226,-42,2018,SOX,EEA,0.0490002084,0.002620332,1.456904592,Cement,115
1005,-21.980226,-42,2019,SOX,EEA,0.05466829995,0.0029234385,1.625431806,Cement,115
1006,-21.980226,-42,2020,SOX,EEA,0.05214256575,0.0027883725,1.55033511,Cement,115
1007,-21.980226,-42,2021,SOX,EEA,0.05772709635,0.0030870105,1.716377838,Cement,115
1008,-21.980226,-42,2022,SOX,EEA,0.031739514675,0.00169730025,0.943698939,Cement,115
1009,-19.810599,-44,2014,TSP,EEA,0.082756201125,0.0413781005625,0.16551240225,Cement,115
1010,-19.810599,-44,2015,TSP,EEA,0.07312660875,0.036563304375,0.1462532175,Cement,115
1011,-19.810599,-44,2016,TSP,EEA,0.064476091875,0.0322380459375,0.12895218375,Cement,115
1012,-19.810599,-44,2017,TSP,EEA,0.06276489375,0.031382446875,0.1255297875,Cement,115
1013,-19.810599,-44,2018,TSP,EEA,0.06725777175,0.033628885875,0.1345155435,Cement,115
1014,-19.810599,-44,2019,TSP,EEA,0.07761114075,0.038805570375,0.1552222815,Cement,115
1015,-19.810599,-44,2020,TSP,EEA,0.077748177,0.0388740885,0.155496354,Cement,115
1016,-19.810599,-44,2021,TSP,EEA,0.08144544525,0.040722722625,0.1628908905,Cement,115
1017,-19.810599,-44,2022,TSP,EEA,0.045064183125,0.0225320915625,0.09012836625,Cement,115
1018,-19.810599,-44,2014,PM10,EEA,0.0744805810125,0.03724029050625,0.148961162025,Cement,115
1019,-19.810599,-44,2015,PM10,EEA,0.065813947875,0.0329069739375,0.13162789575,Cement,115
1020,-19.810599,-44,2016,PM10,EEA,0.0580284826875,0.02901424134375,0.116056965375,Cement,115
1021,-19.810599,-44,2017,PM10,EEA,0.056488404375,0.0282442021875,0.11297680875,Cement,115
1022,-19.810599,-44,2018,PM10,EEA,0.060531994575,0.0302659972875,0.12106398915,Cement,115
1023,-19.810599,-44,2019,PM10,EEA,0.069850026675,0.0349250133375,0.13970005335,Cement,115
1024,-19.810599,-44,2020,PM10,EEA,0.0699733593,0.03498667965,0.1399467186,Cement,115
1025,-19.810599,-44,2021,PM10,EEA,0.073300900725,0.0366504503625,0.14660180145,Cement,115
1026,-19.810599,-44,2022,PM10,EEA,0.0405577648125,0.02027888240625,0.081115529625,Cement,115
1027,-19.810599,-44,2014,PM2.5,EEA,0.0413781005625,0.02068905028125,0.082756201125,Cement,115
1028,-19.810599,-44,2015,PM2.5,EEA,0.036563304375,0.0182816521875,0.07312660875,Cement,115
1029,-19.810599,-44,2016,PM2.5,EEA,0.0322380459375,0.01611902296875,0.064476091875,Cement,115
1030,-19.810599,-44,2017,PM2.5,EEA,0.031382446875,0.0156912234375,0.06276489375,Cement,115
1031,-19.810599,-44,2018,PM2.5,EEA,0.033628885875,0.0168144429375,0.06725777175,Cement,115
1032,-19.810599,-44,2019,PM2.5,EEA,0.038805570375,0.0194027851875,0.07761114075,Cement,115
1033,-19.810599,-44,2020,PM2.5,EEA,0.0388740885,0.01943704425,0.077748177,Cement,115
1034,-19.810599,-44,2021,PM2.5,EEA,0.040722722625,0.0203613613125,0.08144544525,Cement,115
1035,-19.810599,-44,2022,PM2.5,EEA,0.0225320915625,0.01126604578125,0.045064183125,Cement,115
1036,-19.810599,-44,2014,BC,EEA,0.001241343016875,0.00031033575421875,0.0049653720675,Cement,115
1037,-19.810599,-44,2015,BC,EEA,0.00109689913125,0.0002742247828125,0.004387596525,Cement,115
1038,-19.810599,-44,2016,BC,EEA,0.000967141378125,0.00024178534453125,0.0038685655125,Cement,115
1039,-19.810599,-44,2017,BC,EEA,0.00094147340625,0.0002353683515625,0.003765893625,Cement,115
1040,-19.810599,-44,2018,BC,EEA,0.00100886657625,0.0002522166440625,0.004035466305,Cement,115
1041,-19.810599,-44,2019,BC,EEA,0.00116416711125,0.0002910417778125,0.004656668445,Cement,115
1042,-19.810599,-44,2020,BC,EEA,0.001166222655,0.00029155566375,0.00466489062,Cement,115
1043,-19.810599,-44,2021,BC,EEA,0.00122168167875,0.0003054204196875,0.004886726715,Cement,115
1044,-19.810599,-44,2022,BC,EEA,0.000675962746875,0.00016899068671875,0.0027038509875,Cement,115
1045,-19.810599,-44,2014,NOX,EEA,0.2633344758875,0.070024477875,0.990952459625,Cement,115
1046,-19.810599,-44,2015,NOX,EEA,0.232692619125,0.06187636125,0.87564426375,Cement,115
1047,-19.810599,-44,2016,NOX,EEA,0.2051662308125,0.054556693125,0.772059869375,Cement,115
1048,-19.810599,-44,2017,NOX,EEA,0.199721110625,0.05310875625,0.75156936875,Cement,115
1049,-19.810599,-44,2018,NOX,EEA,0.214017678825,0.05691042225,0.80536870275,Cement,115
1050,-19.810599,-44,2019,NOX,EEA,0.246962629925,0.06567096525,0.92934365975,Cement,115
1051,-19.810599,-44,2020,NOX,EEA,0.2473986863,0.065786919,0.930984581,Cement,115
1052,-19.810599,-44,2021,NOX,EEA,0.259163583475,0.06891537675,0.97525699825,Cement,115
1053,-19.810599,-44,2022,NOX,EEA,0.1433965416875,0.038131231875,0.539614705625,Cement,115
1054,-19.810599,-44,2014,CO,EEA,0.03087442888125,0.009760987825,0.09760987825,Cement,115
1055,-19.810599,-44,2015,CO,EEA,0.0272818501875,0.00862518975,0.0862518975,Cement,115
1056,-19.810599,-44,2016,CO,EEA,0.02405454196875,0.007604872375,0.07604872375,Cement,115
1057,-19.810599,-44,2017,CO,EEA,0.0234161334375,0.00740303875,0.0740303875,Cement,115
1058,-19.810599,-44,2018,CO,EEA,0.0250923225375,0.00793296795,0.0793296795,Cement,115
1059,-19.810599,-44,2019,CO,EEA,0.0289549255875,0.00915413455,0.0915413455,Cement,115
1060,-19.810599,-44,2020,CO,EEA,0.02900605065,0.0091702978,0.091702978,Cement,115
1061,-19.810599,-44,2021,CO,EEA,0.0303854161125,0.00960638585,0.0960638585,Cement,115
1062,-19.810599,-44,2022,CO,EEA,0.01681240678125,0.005315262625,0.05315262625,Cement,115
1063,-19.810599,-44,2014,NMVOCs,EEA,0.019097584875,0.00244024695625,0.146414817375,Cement,115
1064,-19.810599,-44,2015,NMVOCs,EEA,0.01687537125,0.0021562974375,0.12937784625,Cement,115
1065,-19.810599,-44,2016,NMVOCs,EEA,0.014879098125,0.00190121809375,0.114073085625,Cement,115
1066,-19.810599,-44,2017,NMVOCs,EEA,0.01448420625,0.0018507596875,0.11104558125,Cement,115
1067,-19.810599,-44,2018,NMVOCs,EEA,0.01552102425,0.0019832419875,0.11899451925,Cement,115
1068,-19.810599,-44,2019,NMVOCs,EEA,0.01791026325,0.0022885336375,0.13731201825,Cement,115
1069,-19.810599,-44,2020,NMVOCs,EEA,0.017941887,0.00229257445,0.137554467,Cement,115
1070,-19.810599,-44,2021,NMVOCs,EEA,0.01879510275,0.0024015964625,0.14409578775,Cement,115
1071,-19.810599,-44,2022,NMVOCs,EEA,0.010399426875,0.00132881565625,0.079728939375,Cement,115
1072,-19.810599,-44,2014,SOX,EEA,0.1190416123875,0.006365861625,3.5394190635,Cement,115
1073,-19.810599,-44,2015,SOX,EEA,0.105189814125,0.00562512375,3.127568805,Cement,115
1074,-19.810599,-44,2016,SOX,EEA,0.0927463783125,0.004959699375,2.7575928525,Cement,115
1075,-19.810599,-44,2017,SOX,EEA,0.090284885625,0.00482806875,2.684406225,Cement,115
1076,-19.810599,-44,2018,SOX,EEA,0.096747717825,0.00517367475,2.876563161,Cement,115
1077,-19.810599,-44,2019,SOX,EEA,0.111640640925,0.00597008775,3.319368789,Cement,115
1078,-19.810599,-44,2020,SOX,EEA,0.1118377623,0.005980629,3.325229724,Cement,115
1079,-19.810599,-44,2021,SOX,EEA,0.117156140475,0.00626503425,3.483359043,Cement,115
1080,-19.810599,-44,2022,SOX,EEA,0.0648230941875,0.003466475625,1.9273604475,Cement,115
1081,-20.315384,-46,2014,TSP,EEA,0.082756201125,0.0413781005625,0.16551240225,Cement,115
1082,-20.315384,-46,2015,TSP,EEA,0.07312660875,0.036563304375,0.1462532175,Cement,115
1083,-20.315384,-46,2016,TSP,EEA,0.064476091875,0.0322380459375,0.12895218375,Cement,115
1084,-20.315384,-46,2017,TSP,EEA,0.06276489375,0.031382446875,0.1255297875,Cement,115
1085,-20.315384,-46,2018,TSP,EEA,0.06725777175,0.033628885875,0.1345155435,Cement,115
1086,-20.315384,-46,2019,TSP,EEA,0.07761114075,0.038805570375,0.1552222815,Cement,115
1087,-20.315384,-46,2020,TSP,EEA,0.077748177,0.0388740885,0.155496354,Cement,115
1088,-20.315384,-46,2021,TSP,EEA,0.08144544525,0.040722722625,0.1628908905,Cement,115
1089,-20.315384,-46,2022,TSP,EEA,0.045064183125,0.0225320915625,0.09012836625,Cement,115
1090,-20.315384,-46,2014,PM10,EEA,0.0744805810125,0.03724029050625,0.148961162025,Cement,115
1091,-20.315384,-46,2015,PM10,EEA,0.065813947875,0.0329069739375,0.13162789575,Cement,115
1092,-20.315384,-46,2016,PM10,EEA,0.0580284826875,0.02901424134375,0.116056965375,Cement,115
1093,-20.315384,-46,2017,PM10,EEA,0.056488404375,0.0282442021875,0.11297680875,Cement,115
1094,-20.315384,-46,2018,PM10,EEA,0.060531994575,0.0302659972875,0.12106398915,Cement,115
1095,-20.315384,-46,2019,PM10,EEA,0.069850026675,0.0349250133375,0.13970005335,Cement,115
1096,-20.315384,-46,2020,PM10,EEA,0.0699733593,0.03498667965,0.1399467186,Cement,115
1097,-20.315384,-46,2021,PM10,EEA,0.073300900725,0.0366504503625,0.14660180145,Cement,115
1098,-20.315384,-46,2022,PM10,EEA,0.0405577648125,0.02027888240625,0.081115529625,Cement,115
1099,-20.315384,-46,2014,PM2.5,EEA,0.0413781005625,0.02068905028125,0.082756201125,Cement,115
1100,-20.315384,-46,2015,PM2.5,EEA,0.036563304375,0.0182816521875,0.07312660875,Cement,115
1101,-20.315384,-46,2016,PM2.5,EEA,0.0322380459375,0.01611902296875,0.064476091875,Cement,115
1102,-20.315384,-46,2017,PM2.5,EEA,0.031382446875,0.0156912234375,0.06276489375,Cement,115
1103,-20.315384,-46,2018,PM2.5,EEA,0.033628885875,0.0168144429375,0.06725777175,Cement,115
1104,-20.315384,-46,2019,PM2.5,EEA,0.038805570375,0.0194027851875,0.07761114075,Cement,115
1105,-20.315384,-46,2020,PM2.5,EEA,0.0388740885,0.01943704425,0.077748177,Cement,115
1106,-20.315384,-46,2021,PM2.5,EEA,0.040722722625,0.0203613613125,0.08144544525,Cement,115
1107,-20.315384,-46,2022,PM2.5,EEA,0.0225320915625,0.01126604578125,0.045064183125,Cement,115
1108,-20.315384,-46,2014,BC,EEA,0.001241343016875,0.00031033575421875,0.0049653720675,Cement,115
1109,-20.315384,-46,2015,BC,EEA,0.00109689913125,0.0002742247828125,0.004387596525,Cement,115
1110,-20.315384,-46,2016,BC,EEA,0.000967141378125,0.00024178534453125,0.0038685655125,Cement,115
1111,-20.315384,-46,2017,BC,EEA,0.00094147340625,0.0002353683515625,0.003765893625,Cement,115
1112,-20.315384,-46,2018,BC,EEA,0.00100886657625,0.0002522166440625,0.004035466305,Cement,115
1113,-20.315384,-46,2019,BC,EEA,0.00116416711125,0.0002910417778125,0.004656668445,Cement,115
1114,-20.315384,-46,2020,BC,EEA,0.001166222655,0.00029155566375,0.00466489062,Cement,115
1115,-20.315384,-46,2021,BC,EEA,0.00122168167875,0.0003054204196875,0.004886726715,Cement,115
1116,-20.315384,-46,2022,BC,EEA,0.000675962746875,0.00016899068671875,0.0027038509875,Cement,115
1117,-20.315384,-46,2014,NOX,EEA,0.2633344758875,0.070024477875,0.990952459625,Cement,115
1118,-20.315384,-46,2015,NOX,EEA,0.232692619125,0.06187636125,0.87564426375,Cement,115
1119,-20.315384,-46,2016,NOX,EEA,0.2051662308125,0.054556693125,0.772059869375,Cement,115
1120,-20.315384,-46,2017,NOX,EEA,0.199721110625,0.05310875625,0.75156936875,Cement,115
1121,-20.315384,-46,2018,NOX,EEA,0.214017678825,0.05691042225,0.80536870275,Cement,115
1122,-20.315384,-46,2019,NOX,EEA,0.246962629925,0.06567096525,0.92934365975,Cement,115
1123,-20.315384,-46,2020,NOX,EEA,0.2473986863,0.065786919,0.930984581,Cement,115
1124,-20.315384,-46,2021,NOX,EEA,0.259163583475,0.06891537675,0.97525699825,Cement,115
1125,-20.315384,-46,2022,NOX,EEA,0.1433965416875,0.038131231875,0.539614705625,Cement,115
1126,-20.315384,-46,2014,CO,EEA,0.03087442888125,0.009760987825,0.09760987825,Cement,115
1127,-20.315384,-46,2015,CO,EEA,0.0272818501875,0.00862518975,0.0862518975,Cement,115
1128,-20.315384,-46,2016,CO,EEA,0.02405454196875,0.007604872375,0.07604872375,Cement,115
1129,-20.315384,-46,2017,CO,EEA,0.0234161334375,0.00740303875,0.0740303875,Cement,115
1130,-20.315384,-46,2018,CO,EEA,0.0250923225375,0.00793296795,0.0793296795,Cement,115
1131,-20.315384,-46,2019,CO,EEA,0.0289549255875,0.00915413455,0.0915413455,Cement,115
1132,-20.315384,-46,2020,CO,EEA,0.02900605065,0.0091702978,0.091702978,Cement,115
1133,-20.315384,-46,2021,CO,EEA,0.0303854161125,0.00960638585,0.0960638585,Cement,115
1134,-20.315384,-46,2022,CO,EEA,0.01681240678125,0.005315262625,0.05315262625,Cement,115
1135,-20.315384,-46,2014,NMVOCs,EEA,0.019097584875,0.00244024695625,0.146414817375,Cement,115
1136,-20.315384,-46,2015,NMVOCs,EEA,0.01687537125,0.0021562974375,0.12937784625,Cement,115
1137,-20.315384,-46,2016,NMVOCs,EEA,0.014879098125,0.00190121809375,0.114073085625,Cement,115
1138,-20.315384,-46,2017,NMVOCs,EEA,0.01448420625,0.0018507596875,0.11104558125,Cement,115
1139,-20.315384,-46,2018,NMVOCs,EEA,0.01552102425,0.0019832419875,0.11899451925,Cement,115
1140,-20.315384,-46,2019,NMVOCs,EEA,0.01791026325,0.0022885336375,0.13731201825,Cement,115
1141,-20.315384,-46,2020,NMVOCs,EEA,0.017941887,0.00229257445,0.137554467,Cement,115
1142,-20.315384,-46,2021,NMVOCs,EEA,0.01879510275,0.0024015964625,0.14409578775,Cement,115
1143,-20.315384,-46,2022,NMVOCs,EEA,0.010399426875,0.00132881565625,0.079728939375,Cement,115
1144,-20.315384,-46,2014,SOX,EEA,0.1190416123875,0.006365861625,3.5394190635,Cement,115
1145,-20.315384,-46,2015,SOX,EEA,0.105189814125,0.00562512375,3.127568805,Cement,115
1146,-20.315384,-46,2016,SOX,EEA,0.0927463783125,0.004959699375,2.7575928525,Cement,115
1147,-20.315384,-46,2017,SOX,EEA,0.090284885625,0.00482806875,2.684406225,Cement,115
1148,-20.315384,-46,2018,SOX,EEA,0.096747717825,0.00517367475,2.876563161,Cement,115
1149,-20.315384,-46,2019,SOX,EEA,0.111640640925,0.00597008775,3.319368789,Cement,115
1150,-20.315384,-46,2020,SOX,EEA,0.1118377623,0.005980629,3.325229724,Cement,115
1151,-20.315384,-46,2021,SOX,EEA,0.117156140475,0.00626503425,3.483359043,Cement,115
1152,-20.315384,-46,2022,SOX,EEA,0.0648230941875,0.003466475625,1.9273604475,Cement,115
1153,-22.509047,-44,2014,TSP,EEA,0.04355335725,0.021776678625,0.0871067145,Cement,115
1154,-22.509047,-44,2015,TSP,EEA,0.042071913,0.0210359565,0.084143826,Cement,115
1155,-22.509047,-44,2016,TSP,EEA,0.036477207,0.0182386035,0.072954414,Cement,115
1156,-22.509047,-44,2017,TSP,EEA,0.03143215725,0.015716078625,0.0628643145,Cement,115
1157,-22.509047,-44,2018,TSP,EEA,0.034064316,0.017032158,0.068128632,Cement,115
1158,-22.509047,-44,2019,TSP,EEA,0.0380047005,0.01900235025,0.076009401,Cement,115
1159,-22.509047,-44,2020,TSP,EEA,0.0362488425,0.01812442125,0.072497685,Cement,115
1160,-22.509047,-44,2021,TSP,EEA,0.0401311365,0.02006556825,0.080262273,Cement,115
1161,-22.509047,-44,2022,TSP,EEA,0.02206490325,0.011032451625,0.0441298065,Cement,115
1162,-22.509047,-44,2014,PM10,EEA,0.039198021525,0.0195990107625,0.07839604305,Cement,115
1163,-22.509047,-44,2015,PM10,EEA,0.0378647217,0.01893236085,0.0757294434,Cement,115
1164,-22.509047,-44,2016,PM10,EEA,0.0328294863,0.01641474315,0.0656589726,Cement,115
1165,-22.509047,-44,2017,PM10,EEA,0.028288941525,0.0141444707625,0.05657788305,Cement,115
1166,-22.509047,-44,2018,PM10,EEA,0.0306578844,0.0153289422,0.0613157688,Cement,115
1167,-22.509047,-44,2019,PM10,EEA,0.03420423045,0.017102115225,0.0684084609,Cement,115
1168,-22.509047,-44,2020,PM10,EEA,0.03262395825,0.016311979125,0.0652479165,Cement,115
1169,-22.509047,-44,2021,PM10,EEA,0.03611802285,0.018059011425,0.0722360457,Cement,115
1170,-22.509047,-44,2022,PM10,EEA,0.019858412925,0.0099292064625,0.03971682585,Cement,115
1171,-22.509047,-44,2014,PM2.5,EEA,0.021776678625,0.0108883393125,0.04355335725,Cement,115
1172,-22.509047,-44,2015,PM2.5,EEA,0.0210359565,0.01051797825,0.042071913,Cement,115
1173,-22.509047,-44,2016,PM2.5,EEA,0.0182386035,0.00911930175,0.036477207,Cement,115
1174,-22.509047,-44,2017,PM2.5,EEA,0.015716078625,0.0078580393125,0.03143215725,Cement,115
1175,-22.509047,-44,2018,PM2.5,EEA,0.017032158,0.008516079,0.034064316,Cement,115
1176,-22.509047,-44,2019,PM2.5,EEA,0.01900235025,0.009501175125,0.0380047005,Cement,115
1177,-22.509047,-44,2020,PM2.5,EEA,0.01812442125,0.009062210625,0.0362488425,Cement,115
1178,-22.509047,-44,2021,PM2.5,EEA,0.02006556825,0.010032784125,0.0401311365,Cement,115
1179,-22.509047,-44,2022,PM2.5,EEA,0.011032451625,0.0055162258125,0.02206490325,Cement,115
1180,-22.509047,-44,2014,BC,EEA,0.00065330035875,0.0001633250896875,0.002613201435,Cement,115
1181,-22.509047,-44,2015,BC,EEA,0.000631078695,0.00015776967375,0.00252431478,Cement,115
1182,-22.509047,-44,2016,BC,EEA,0.000547158105,0.00013678952625,0.00218863242,Cement,115
1183,-22.509047,-44,2017,BC,EEA,0.00047148235875,0.0001178705896875,0.001885929435,Cement,115
1184,-22.509047,-44,2018,BC,EEA,0.00051096474,0.000127741185,0.00204385896,Cement,115
1185,-22.509047,-44,2019,BC,EEA,0.0005700705075,0.000142517626875,0.00228028203,Cement,115
1186,-22.509047,-44,2020,BC,EEA,0.0005437326375,0.000135933159375,0.00217493055,Cement,115
1187,-22.509047,-44,2021,BC,EEA,0.0006019670475,0.000150491761875,0.00240786819,Cement,115
1188,-22.509047,-44,2022,BC,EEA,0.00033097354875,8.27433871875e-05,0.001323894195,Cement,115
1189,-22.509047,-44,2014,NOX,EEA,0.138589016275,0.03685284075,0.52152353425,Cement,115
1190,-22.509047,-44,2015,NOX,EEA,0.1338749847,0.035599311,0.503784189,Cement,115
1191,-22.509047,-44,2016,NOX,EEA,0.1160723433,0.030865329,0.436791171,Cement,115
1192,-22.509047,-44,2017,NOX,EEA,0.100018736275,0.02659644075,0.37637993425,Cement,115
1193,-22.509047,-44,2018,NOX,EEA,0.1083944004,0.028823652,0.407898348,Cement,115
1194,-22.509047,-44,2019,NOX,EEA,0.12093290595,0.0321578235,0.4550819265,Cement,115
1195,-22.509047,-44,2020,NOX,EEA,0.11534567575,0.0306720975,0.4340566525,Cement,115
1196,-22.509047,-44,2021,NOX,EEA,0.12769933435,0.0339571155,0.4805446345,Cement,115
1197,-22.509047,-44,2022,NOX,EEA,0.070211653675,0.01867030275,0.26421307225,Cement,115
1198,-22.509047,-44,2014,CO,EEA,0.0162487525125,0.00513706265,0.0513706265,Cement,115
1199,-22.509047,-44,2015,CO,EEA,0.01569605985,0.0049623282,0.049623282,Cement,115
1200,-22.509047,-44,2016,CO,EEA,0.01360880415,0.0043024398,0.043024398,Cement,115
1201,-22.509047,-44,2017,CO,EEA,0.0117266125125,0.00370738265,0.0370738265,Cement,115
1202,-22.509047,-44,2018,CO,EEA,0.0127086102,0.0040178424,0.040178424,Cement,115
1203,-22.509047,-44,2019,CO,EEA,0.014178676725,0.0044826057,0.044826057,Cement,115
1204,-22.509047,-44,2020,CO,EEA,0.013523606625,0.0042755045,0.042755045,Cement,115
1205,-22.509047,-44,2021,CO,EEA,0.014972000925,0.0047334161,0.047334161,Cement,115
1206,-22.509047,-44,2022,CO,EEA,0.0082319062125,0.00260252705,0.0260252705,Cement,115
1207,-22.509047,-44,2014,NMVOCs,EEA,0.01005077475,0.0012842656625,0.07705593975,Cement,115
1208,-22.509047,-44,2015,NMVOCs,EEA,0.009708903,0.00124058205,0.074434923,Cement,115
1209,-22.509047,-44,2016,NMVOCs,EEA,0.008417817,0.00107560995,0.064536597,Cement,115
1210,-22.509047,-44,2017,NMVOCs,EEA,0.00725357475,0.0009268456625,0.05561073975,Cement,115
1211,-22.509047,-44,2018,NMVOCs,EEA,0.007860996,0.0010044606,0.060267636,Cement,115
1212,-22.509047,-44,2019,NMVOCs,EEA,0.0087703155,0.001120651425,0.0672390855,Cement,115
1213,-22.509047,-44,2020,NMVOCs,EEA,0.0083651175,0.001068876125,0.0641325675,Cement,115
1214,-22.509047,-44,2021,NMVOCs,EEA,0.0092610315,0.001183354025,0.0710012415,Cement,115
1215,-22.509047,-44,2022,NMVOCs,EEA,0.00509190075,0.0006506317625,0.03903790575,Cement,115
1216,-22.509047,-44,2014,SOX,EEA,0.062649829275,0.00335025825,1.862743587,Cement,115
1217,-22.509047,-44,2015,SOX,EEA,0.0605188287,0.003236301,1.799383356,Cement,115
1218,-22.509047,-44,2016,SOX,EEA,0.0524710593,0.002805939,1.560102084,Cement,115
1219,-22.509047,-44,2017,SOX,EEA,0.045213949275,0.00241785825,1.344329187,Cement,115
1220,-22.509047,-44,2018,SOX,EEA,0.0490002084,0.002620332,1.456904592,Cement,115
1221,-22.509047,-44,2019,SOX,EEA,0.05466829995,0.0029234385,1.625431806,Cement,115
1222,-22.509047,-44,2020,SOX,EEA,0.05214256575,0.0027883725,1.55033511,Cement,115
1223,-22.509047,-44,2021,SOX,EEA,0.05772709635,0.0030870105,1.716377838,Cement,115
1224,-22.509047,-44,2022,SOX,EEA,0.031739514675,0.00169730025,0.943698939,Cement,115
1225,-7.371946,-35,2014,TSP,EEA,0.0453024303333333,0.0226512151666667,0.0906048606666667,Cement,115
1226,-7.371946,-35,2015,TSP,EEA,0.0401007208333333,0.0200503604166667,0.0802014416666667,Cement,115
1227,-7.371946,-35,2016,TSP,EEA,0.0483121946666667,0.0241560973333333,0.0966243893333333,Cement,115
1228,-7.371946,-35,2017,TSP,EEA,0.0481356113333333,0.0240678056666667,0.0962712226666667,Cement,115
1229,-7.371946,-35,2018,TSP,EEA,0.049381046,0.024690523,0.098762092,Cement,115
1230,-7.371946,-35,2019,TSP,EEA,0.058776666,0.029388333,0.117553332,Cement,115
1231,-7.371946,-35,2020,TSP,EEA,0.0685582625,0.03427913125,0.137116525,Cement,115
1232,-7.371946,-35,2021,TSP,EEA,0.0726287315,0.03631436575,0.145257463,Cement,115
1233,-7.371946,-35,2022,TSP,EEA,0.0409144601666667,0.0204572300833333,0.0818289203333333,Cement,115
1234,-7.371946,-35,2014,PM10,EEA,0.0407721873,0.02038609365,0.0815443746,Cement,115
1235,-7.371946,-35,2015,PM10,EEA,0.03609064875,0.018045324375,0.0721812975,Cement,115
1236,-7.371946,-35,2016,PM10,EEA,0.0434809752,0.0217404876,0.0869619504,Cement,115
1237,-7.371946,-35,2017,PM10,EEA,0.0433220502,0.0216610251,0.0866441004,Cement,115
1238,-7.371946,-35,2018,PM10,EEA,0.0444429414,0.0222214707,0.0888858828,Cement,115
1239,-7.371946,-35,2019,PM10,EEA,0.0528989994,0.0264494997,0.1057979988,Cement,115
1240,-7.371946,-35,2020,PM10,EEA,0.06170243625,0.030851218125,0.1234048725,Cement,115
1241,-7.371946,-35,2021,PM10,EEA,0.06536585835,0.032682929175,0.1307317167,Cement,115
1242,-7.371946,-35,2022,PM10,EEA,0.03682301415,0.018411507075,0.0736460283,Cement,115
1243,-7.371946,-35,2014,PM2.5,EEA,0.0226512151666667,0.0113256075833333,0.0453024303333333,Cement,115
1244,-7.371946,-35,2015,PM2.5,EEA,0.0200503604166667,0.0100251802083333,0.0401007208333333,Cement,115
1245,-7.371946,-35,2016,PM2.5,EEA,0.0241560973333333,0.0120780486666667,0.0483121946666667,Cement,115
1246,-7.371946,-35,2017,PM2.5,EEA,0.0240678056666667,0.0120339028333333,0.0481356113333333,Cement,115
1247,-7.371946,-35,2018,PM2.5,EEA,0.024690523,0.0123452615,0.049381046,Cement,115
1248,-7.371946,-35,2019,PM2.5,EEA,0.029388333,0.0146941665,0.058776666,Cement,115
1249,-7.371946,-35,2020,PM2.5,EEA,0.03427913125,0.017139565625,0.0685582625,Cement,115
1250,-7.371946,-35,2021,PM2.5,EEA,0.03631436575,0.018157182875,0.0726287315,Cement,115
1251,-7.371946,-35,2022,PM2.5,EEA,0.0204572300833333,0.0102286150416667,0.0409144601666667,Cement,115
1252,-7.371946,-35,2014,BC,EEA,0.000679536455,0.00016988411375,0.00271814582,Cement,115
1253,-7.371946,-35,2015,BC,EEA,0.0006015108125,0.000150377703125,0.00240604325,Cement,115
1254,-7.371946,-35,2016,BC,EEA,0.00072468292,0.00018117073,0.00289873168,Cement,115
1255,-7.371946,-35,2017,BC,EEA,0.00072203417,0.0001805085425,0.00288813668,Cement,115
1256,-7.371946,-35,2018,BC,EEA,0.00074071569,0.0001851789225,0.00296286276,Cement,115
1257,-7.371946,-35,2019,BC,EEA,0.00088164999,0.0002204124975,0.00352659996,Cement,115
1258,-7.371946,-35,2020,BC,EEA,0.0010283739375,0.000257093484375,0.00411349575,Cement,115
1259,-7.371946,-35,2021,BC,EEA,0.0010894309725,0.000272357743125,0.00435772389,Cement,115
1260,-7.371946,-35,2022,BC,EEA,0.0006137169025,0.000153429225625,0.00245486761,Cement,115
1261,-7.371946,-35,2014,NOX,EEA,0.144154656522222,0.0383328256666667,0.542467563222222,Cement,115
1262,-7.371946,-35,2015,NOX,EEA,0.127602550138889,0.0339313791666667,0.480180426388889,Cement,115
1263,-7.371946,-35,2016,NOX,EEA,0.153731880977778,0.0408795493333333,0.578507561777778,Cement,115
1264,-7.371946,-35,2017,NOX,EEA,0.153169983755556,0.0407301326666667,0.576393089555556,Cement,115
1265,-7.371946,-35,2018,NOX,EEA,0.157133020733333,0.041783962,0.591306371333333,Cement,115
1266,-7.371946,-35,2019,NOX,EEA,0.1870303654,0.049734102,0.703812898,Cement,115
1267,-7.371946,-35,2020,NOX,EEA,0.218155907083333,0.0580108375,0.820941245833333,Cement,115
1268,-7.371946,-35,2021,NOX,EEA,0.231108348183333,0.0614550805,0.869682502833333,Cement,115
1269,-7.371946,-35,2022,NOX,EEA,0.130191910427778,0.0346199278333333,0.489924433277778,Cement,115
1270,-7.371946,-35,2014,CO,EEA,0.0169012913166667,0.00534336357777778,0.0534336357777778,Cement,115
1271,-7.371946,-35,2015,CO,EEA,0.0149606535416667,0.00472982861111111,0.0472982861111111,Cement,115
1272,-7.371946,-35,2016,CO,EEA,0.0180241649333333,0.00569836142222222,0.0569836142222222,Cement,115
1273,-7.371946,-35,2017,CO,EEA,0.0179582857666667,0.00567753364444444,0.0567753364444444,Cement,115
1274,-7.371946,-35,2018,CO,EEA,0.0184229287,0.00582443106666667,0.0582443106666667,Cement,115
1275,-7.371946,-35,2019,CO,EEA,0.0219282177,0.0069326324,0.069326324,Cement,115
1276,-7.371946,-35,2020,CO,EEA,0.025577505625,0.00808635916666667,0.0808635916666667,Cement,115
1277,-7.371946,-35,2021,CO,EEA,0.027096103675,0.00856646576666666,0.0856646576666667,Cement,115
1278,-7.371946,-35,2022,CO,EEA,0.0152642409083333,0.00482580812222222,0.0482580812222222,Cement,115
1279,-7.371946,-35,2014,NMVOCs,EEA,0.010454407,0.00133584089444444,0.0801504536666667,Cement,115
1280,-7.371946,-35,2015,NMVOCs,EEA,0.0092540125,0.00118245715277778,0.0709474291666667,Cement,115
1281,-7.371946,-35,2016,NMVOCs,EEA,0.011148968,0.00142459035555556,0.0854754213333333,Cement,115
1282,-7.371946,-35,2017,NMVOCs,EEA,0.011108218,0.00141938341111111,0.0851630046666667,Cement,115
1283,-7.371946,-35,2018,NMVOCs,EEA,0.011395626,0.00145610776666667,0.087366466,Cement,115
1284,-7.371946,-35,2019,NMVOCs,EEA,0.013563846,0.0017331581,0.103989486,Cement,115
1285,-7.371946,-35,2020,NMVOCs,EEA,0.0158211375,0.00202158979166667,0.1212953875,Cement,115
1286,-7.371946,-35,2021,NMVOCs,EEA,0.0167604765,0.00214161644166667,0.1284969865,Cement,115
1287,-7.371946,-35,2022,NMVOCs,EEA,0.0094417985,0.00120645203055556,0.0723871218333333,Cement,115
1288,-7.371946,-35,2014,SOX,EEA,0.0651658036333333,0.00348480233333333,1.93755009733333,Cement,115
1289,-7.371946,-35,2015,SOX,EEA,0.0576833445833333,0.00308467083333333,1.71507698333333,Cement,115
1290,-7.371946,-35,2016,SOX,EEA,0.0694952338666667,0.00371632266666667,2.06627540266667,Cement,115
1291,-7.371946,-35,2017,SOX,EEA,0.0692412255333333,0.00370273933333333,2.05872306933333,Cement,115
1292,-7.371946,-35,2018,SOX,EEA,0.0710327354,0.003798542,2.111989352,Cement,115
1293,-7.371946,-35,2019,SOX,EEA,0.0845479734,0.004521282,2.513832792,Cement,115
1294,-7.371946,-35,2020,SOX,EEA,0.09861842375,0.0052737125,2.93218415,Cement,115
1295,-7.371946,-35,2021,SOX,EEA,0.10447363685,0.0055868255,3.106274978,Cement,115
1296,-7.371946,-35,2022,SOX,EEA,0.0588538773166667,0.00314726616666667,1.74987998866667,Cement,115
1297,-6.277593,-37,2014,TSP,EEA,0.0501699784444445,0.0250849892222222,0.100339956888889,Cement,115
1298,-6.277593,-37,2015,TSP,EEA,0.0512472277777778,0.0256236138888889,0.102494455555556,Cement,115
1299,-6.277593,-37,2016,TSP,EEA,0.0392156815555556,0.0196078407777778,0.0784313631111111,Cement,115
1300,-6.277593,-37,2017,TSP,EEA,0.0307034491111111,0.0153517245555556,0.0614068982222222,Cement,115
1301,-6.277593,-37,2018,TSP,EEA,0.0270309606666667,0.0135154803333333,0.0540619213333333,Cement,115
1302,-6.277593,-37,2019,TSP,EEA,0.025934038,0.012967019,0.051868076,Cement,115
1303,-6.277593,-37,2020,TSP,EEA,0.0318319906666667,0.0159159953333333,0.0636639813333333,Cement,115
1304,-6.277593,-37,2021,TSP,EEA,0.0359597766666667,0.0179798883333333,0.0719195533333333,Cement,115
1305,-6.277593,-37,2022,TSP,EEA,0.0178894155555556,0.00894470777777778,0.0357788311111111,Cement,115
1306,-6.277593,-37,2014,PM10,EEA,0.0451529806,0.0225764903,0.0903059612,Cement,115
1307,-6.277593,-37,2015,PM10,EEA,0.046122505,0.0230612525,0.09224501,Cement,115
1308,-6.277593,-37,2016,PM10,EEA,0.0352941134,0.0176470567,0.0705882268,Cement,115
1309,-6.277593,-37,2017,PM10,EEA,0.0276331042,0.0138165521,0.0552662084,Cement,115
1310,-6.277593,-37,2018,PM10,EEA,0.0243278646,0.0121639323,0.0486557292,Cement,115
1311,-6.277593,-37,2019,PM10,EEA,0.0233406342,0.0116703171,0.0466812684,Cement,115
1312,-6.277593,-37,2020,PM10,EEA,0.0286487916,0.0143243958,0.0572975832,Cement,115
1313,-6.277593,-37,2021,PM10,EEA,0.032363799,0.0161818995,0.064727598,Cement,115
1314,-6.277593,-37,2022,PM10,EEA,0.016100474,0.008050237,0.032200948,Cement,115
1315,-6.277593,-37,2014,PM2.5,EEA,0.0250849892222222,0.0125424946111111,0.0501699784444445,Cement,115
1316,-6.277593,-37,2015,PM2.5,EEA,0.0256236138888889,0.0128118069444444,0.0512472277777778,Cement,115
1317,-6.277593,-37,2016,PM2.5,EEA,0.0196078407777778,0.00980392038888889,0.0392156815555556,Cement,115
1318,-6.277593,-37,2017,PM2.5,EEA,0.0153517245555556,0.00767586227777778,0.0307034491111111,Cement,115
1319,-6.277593,-37,2018,PM2.5,EEA,0.0135154803333333,0.00675774016666667,0.0270309606666667,Cement,115
1320,-6.277593,-37,2019,PM2.5,EEA,0.012967019,0.0064835095,0.025934038,Cement,115
1321,-6.277593,-37,2020,PM2.5,EEA,0.0159159953333333,0.00795799766666667,0.0318319906666667,Cement,115
1322,-6.277593,-37,2021,PM2.5,EEA,0.0179798883333333,0.00898994416666667,0.0359597766666667,Cement,115
1323,-6.277593,-37,2022,PM2.5,EEA,0.00894470777777778,0.00447235388888889,0.0178894155555556,Cement,115
1324,-6.277593,-37,2014,BC,EEA,0.000752549676666667,0.000188137419166667,0.00301019870666667,Cement,115
1325,-6.277593,-37,2015,BC,EEA,0.000768708416666667,0.000192177104166667,0.00307483366666667,Cement,115
1326,-6.277593,-37,2016,BC,EEA,0.000588235223333333,0.000147058805833333,0.00235294089333333,Cement,115
1327,-6.277593,-37,2017,BC,EEA,0.000460551736666667,0.000115137934166667,0.00184220694666667,Cement,115
1328,-6.277593,-37,2018,BC,EEA,0.00040546441,0.0001013661025,0.00162185764,Cement,115
1329,-6.277593,-37,2019,BC,EEA,0.00038901057,9.72526425e-05,0.00155604228,Cement,115
1330,-6.277593,-37,2020,BC,EEA,0.00047747986,0.000119369965,0.00190991944,Cement,115
1331,-6.277593,-37,2021,BC,EEA,0.00053939665,0.0001348491625,0.0021575866,Cement,115
1332,-6.277593,-37,2022,BC,EEA,0.000268341233333333,6.70853083333333e-05,0.00107336493333333,Cement,115
1333,-6.277593,-37,2014,NOX,EEA,0.15964344422963,0.0424515202222222,0.60075333162963,Cement,115
1334,-6.277593,-37,2015,NOX,EEA,0.163071306851852,0.0433630388888889,0.613652701851852,Cement,115
1335,-6.277593,-37,2016,NOX,EEA,0.12478630977037,0.0331824997777778,0.46958264837037,Cement,115
1336,-6.277593,-37,2017,NOX,EEA,0.0976999496074074,0.0259798415555556,0.367654121407407,Cement,115
1337,-6.277593,-37,2018,NOX,EEA,0.0860139030444444,0.0228723513333333,0.323678426444444,Cement,115
1338,-6.277593,-37,2019,NOX,EEA,0.0825234388666667,0.021944186,0.310543480666667,Cement,115
1339,-6.277593,-37,2020,NOX,EEA,0.101291026711111,0.0269347613333333,0.381167683111111,Cement,115
1340,-6.277593,-37,2021,NOX,EEA,0.114425853444444,0.0304275033333333,0.430595274444444,Cement,115
1341,-6.277593,-37,2022,NOX,EEA,0.0569250377037037,0.0151371977777778,0.214214283703704,Cement,115
1342,-6.277593,-37,2014,CO,EEA,0.0187172611888889,0.00591748463703704,0.0591748463703704,Cement,115
1343,-6.277593,-37,2015,CO,EEA,0.0191191580555556,0.00604454481481481,0.0604454481481481,Cement,115
1344,-6.277593,-37,2016,CO,EEA,0.0146304658111111,0.00462543936296296,0.0462543936296296,Cement,115
1345,-6.277593,-37,2017,CO,EEA,0.0114547483222222,0.00362143245925926,0.0362143245925926,Cement,115
1346,-6.277593,-37,2018,CO,EEA,0.0100846276333333,0.00318826715555556,0.0318826715555556,Cement,115
1347,-6.277593,-37,2019,CO,EEA,0.0096753911,0.00305888653333333,0.0305888653333333,Cement,115
1348,-6.277593,-37,2020,CO,EEA,0.0118757811333333,0.00375454248888889,0.0375454248888889,Cement,115
1349,-6.277593,-37,2021,CO,EEA,0.0134157628333333,0.00424140955555555,0.0424140955555556,Cement,115
1350,-6.277593,-37,2022,CO,EEA,0.00667412811111111,0.00211003362962963,0.0211003362962963,Cement,115
1351,-6.277593,-37,2014,NMVOCs,EEA,0.0115776873333333,0.00147937115925926,0.0887622695555556,Cement,115
1352,-6.277593,-37,2015,NMVOCs,EEA,0.0118262833333333,0.0015111362037037,0.0906681722222222,Cement,115
1353,-6.277593,-37,2016,NMVOCs,EEA,0.00904977266666667,0.00115635984074074,0.0693815904444444,Cement,115
1354,-6.277593,-37,2017,NMVOCs,EEA,0.00708541133333333,0.000905358114814815,0.0543214868888889,Cement,115
1355,-6.277593,-37,2018,NMVOCs,EEA,0.006237914,0.000797066788888889,0.0478240073333333,Cement,115
1356,-6.277593,-37,2019,NMVOCs,EEA,0.005984778,0.000764721633333333,0.045883298,Cement,115
1357,-6.277593,-37,2020,NMVOCs,EEA,0.007345844,0.000938635622222222,0.0563181373333333,Cement,115
1358,-6.277593,-37,2021,NMVOCs,EEA,0.00829841,0.00106035238888889,0.0636211433333333,Cement,115
1359,-6.277593,-37,2022,NMVOCs,EEA,0.00412832666666667,0.000527508407407407,0.0316505044444444,Cement,115
1360,-6.277593,-37,2014,SOX,EEA,0.0721675843777778,0.00385922911111111,2.14573138577778,Cement,115
1361,-6.277593,-37,2015,SOX,EEA,0.0737171661111111,0.00394209444444444,2.19180451111111,Cement,115
1362,-6.277593,-37,2016,SOX,EEA,0.0564102496222222,0.00301659088888889,1.67722453422222,Cement,115
1363,-6.277593,-37,2017,SOX,EEA,0.0441657306444444,0.00236180377777778,1.31316290044444,Cement,115
1364,-6.277593,-37,2018,SOX,EEA,0.0388829972666667,0.00207930466666667,1.15609339466667,Cement,115
1365,-6.277593,-37,2019,SOX,EEA,0.0373051162,0.001994926,1.109178856,Cement,115
1366,-6.277593,-37,2020,SOX,EEA,0.0457890942666667,0.00244861466666667,1.36142975466667,Cement,115
1367,-6.277593,-37,2021,SOX,EEA,0.0517267556666667,0.00276613666666667,1.53797198666667,Cement,115
1368,-6.277593,-37,2022,SOX,EEA,0.0257332362222222,0.00137610888888889,0.765116542222222,Cement,115
1369,-2.911047,-44,2014,TSP,EEA,0.0128574662666667,0.00642873313333333,0.0257149325333333,Cement,115
1370,-2.911047,-44,2015,TSP,EEA,0.0133270522666667,0.00666352613333333,0.0266541045333333,Cement,115
1371,-2.911047,-44,2016,TSP,EEA,0.0125611269333333,0.00628056346666667,0.0251222538666667,Cement,115
1372,-2.911047,-44,2017,TSP,EEA,0.00976541106666667,0.00488270553333333,0.0195308221333333,Cement,115
1373,-2.911047,-44,2018,TSP,EEA,0.0084614452,0.0042307226,0.0169228904,Cement,115
1374,-2.911047,-44,2019,TSP,EEA,0.0077706876,0.0038853438,0.0155413752,Cement,115
1375,-2.911047,-44,2020,TSP,EEA,0.0076913356,0.0038456678,0.0153826712,Cement,115
1376,-2.911047,-44,2021,TSP,EEA,0.00771394,0.00385697,0.01542788,Cement,115
1377,-2.911047,-44,2022,TSP,EEA,0.00398925453333333,0.00199462726666667,0.00797850906666667,Cement,115
1378,-2.911047,-44,2014,PM10,EEA,0.01157171964,0.00578585982,0.02314343928,Cement,115
1379,-2.911047,-44,2015,PM10,EEA,0.01199434704,0.00599717352,0.02398869408,Cement,115
1380,-2.911047,-44,2016,PM10,EEA,0.01130501424,0.00565250712,0.02261002848,Cement,115
1381,-2.911047,-44,2017,PM10,EEA,0.00878886996,0.00439443498,0.01757773992,Cement,115
1382,-2.911047,-44,2018,PM10,EEA,0.00761530068,0.00380765034,0.01523060136,Cement,115
1383,-2.911047,-44,2019,PM10,EEA,0.00699361884,0.00349680942,0.01398723768,Cement,115
1384,-2.911047,-44,2020,PM10,EEA,0.00692220204,0.00346110102,0.01384440408,Cement,115
1385,-2.911047,-44,2021,PM10,EEA,0.006942546,0.003471273,0.013885092,Cement,115
1386,-2.911047,-44,2022,PM10,EEA,0.00359032908,0.00179516454,0.00718065816,Cement,115
1387,-2.911047,-44,2014,PM2.5,EEA,0.00642873313333333,0.00321436656666667,0.0128574662666667,Cement,115
1388,-2.911047,-44,2015,PM2.5,EEA,0.00666352613333333,0.00333176306666667,0.0133270522666667,Cement,115
1389,-2.911047,-44,2016,PM2.5,EEA,0.00628056346666667,0.00314028173333333,0.0125611269333333,Cement,115
1390,-2.911047,-44,2017,PM2.5,EEA,0.00488270553333333,0.00244135276666667,0.00976541106666667,Cement,115
1391,-2.911047,-44,2018,PM2.5,EEA,0.0042307226,0.0021153613,0.0084614452,Cement,115
1392,-2.911047,-44,2019,PM2.5,EEA,0.0038853438,0.0019426719,0.0077706876,Cement,115
1393,-2.911047,-44,2020,PM2.5,EEA,0.0038456678,0.0019228339,0.0076913356,Cement,115
1394,-2.911047,-44,2021,PM2.5,EEA,0.00385697,0.001928485,0.00771394,Cement,115
1395,-2.911047,-44,2022,PM2.5,EEA,0.00199462726666667,0.000997313633333333,0.00398925453333333,Cement,115
1396,-2.911047,-44,2014,BC,EEA,0.000192861994,4.82154985e-05,0.000771447976,Cement,115
1397,-2.911047,-44,2015,BC,EEA,0.000199905784,4.9976446e-05,0.000799623136,Cement,115
1398,-2.911047,-44,2016,BC,EEA,0.000188416904,4.7104226e-05,0.000753667616,Cement,115
1399,-2.911047,-44,2017,BC,EEA,0.000146481166,3.66202915e-05,0.000585924664,Cement,115
1400,-2.911047,-44,2018,BC,EEA,0.000126921678,3.17304195e-05,0.000507686712,Cement,115
1401,-2.911047,-44,2019,BC,EEA,0.000116560314,2.91400785e-05,0.000466241256,Cement,115
1402,-2.911047,-44,2020,BC,EEA,0.000115370034,2.88425085e-05,0.000461480136,Cement,115
1403,-2.911047,-44,2021,BC,EEA,0.0001157091,2.8927275e-05,0.0004628364,Cement,115
1404,-2.911047,-44,2022,BC,EEA,5.9838818e-05,1.49597045e-05,0.000239355272,Cement,115
1405,-2.911047,-44,2014,NOX,EEA,0.0409131170177778,0.0108793945333333,0.153959916577778,Cement,115
1406,-2.911047,-44,2015,NOX,EEA,0.0424073637511111,0.0112767365333333,0.159582907911111,Cement,115
1407,-2.911047,-44,2016,NOX,EEA,0.0399701500622222,0.0106286458666667,0.150411443022222,Cement,115
1408,-2.911047,-44,2017,NOX,EEA,0.0310740388044444,0.00826304013333333,0.116934537644444,Cement,115
1409,-2.911047,-44,2018,NOX,EEA,0.0269247525466667,0.0071596844,0.101320382266667,Cement,115
1410,-2.911047,-44,2019,NOX,EEA,0.02472672644,0.0065751972,0.0930490028,Cement,115
1411,-2.911047,-44,2020,NOX,EEA,0.0244742243066667,0.0065080532,0.0920988134666667,Cement,115
1412,-2.911047,-44,2021,NOX,EEA,0.0245461526666667,0.00652718,0.0923694866666667,Cement,115
1413,-2.911047,-44,2022,NOX,EEA,0.0126940125022222,0.00337552306666667,0.0477687658222222,Cement,115
1414,-2.911047,-44,2014,CO,EEA,0.00479682395333333,0.00151652166222222,0.0151652166222222,Cement,115
1415,-2.911047,-44,2015,CO,EEA,0.00497201565333333,0.00157190872888889,0.0157190872888889,Cement,115
1416,-2.911047,-44,2016,CO,EEA,0.00468626658666667,0.00148156881777778,0.0148156881777778,Cement,115
1417,-2.911047,-44,2017,CO,EEA,0.00364324951333333,0.00115181771555556,0.0115181771555556,Cement,115
1418,-2.911047,-44,2018,CO,EEA,0.00315676994,0.000998016613333333,0.00998016613333333,Cement,115
1419,-2.911047,-44,2019,CO,EEA,0.00289906422,0.00091654264,0.0091654264,Cement,115
1420,-2.911047,-44,2020,CO,EEA,0.00286945982,0.000907183173333333,0.00907183173333333,Cement,115
1421,-2.911047,-44,2021,CO,EEA,0.002877893,0.000909849333333333,0.00909849333333334,Cement,115
1422,-2.911047,-44,2022,CO,EEA,0.00148829880666667,0.000470527457777778,0.00470527457777778,Cement,115
1423,-2.911047,-44,2014,NMVOCs,EEA,0.0029671076,0.000379130415555555,0.0227478249333333,Cement,115
1424,-2.911047,-44,2015,NMVOCs,EEA,0.0030754736,0.000392977182222222,0.0235786309333333,Cement,115
1425,-2.911047,-44,2016,NMVOCs,EEA,0.0028987216,0.000370392204444444,0.0222235322666667,Cement,115
1426,-2.911047,-44,2017,NMVOCs,EEA,0.0022535564,0.000287954428888889,0.0172772657333333,Cement,115
1427,-2.911047,-44,2018,NMVOCs,EEA,0.0019526412,0.000249504153333333,0.0149702492,Cement,115
1428,-2.911047,-44,2019,NMVOCs,EEA,0.0017932356,0.00022913566,0.0137481396,Cement,115
1429,-2.911047,-44,2020,NMVOCs,EEA,0.0017749236,0.000226795793333333,0.0136077476,Cement,115
1430,-2.911047,-44,2021,NMVOCs,EEA,0.00178014,0.000227462333333333,0.01364774,Cement,115
1431,-2.911047,-44,2022,NMVOCs,EEA,0.0009205972,0.000117631864444444,0.00705791186666667,Cement,115
1432,-2.911047,-44,2014,SOX,EEA,0.0184949707066667,0.000989035866666667,0.549903941866667,Cement,115
1433,-2.911047,-44,2015,SOX,EEA,0.0191704521066667,0.00102515786666667,0.569987773866667,Cement,115
1434,-2.911047,-44,2016,SOX,EEA,0.0180686979733333,0.000966240533333333,0.537229736533333,Cement,115
1435,-2.911047,-44,2017,SOX,EEA,0.0140471682266667,0.000751185466666667,0.417659119466667,Cement,115
1436,-2.911047,-44,2018,SOX,EEA,0.01217146348,0.0006508804,0.3618895024,Cement,115
1437,-2.911047,-44,2019,SOX,EEA,0.01117783524,0.0005977452,0.3323463312,Cement,115
1438,-2.911047,-44,2020,SOX,EEA,0.01106369044,0.0005916412,0.3289525072,Cement,115
1439,-2.911047,-44,2021,SOX,EEA,0.011096206,0.00059338,0.32991928,Cement,115
1440,-2.911047,-44,2022,SOX,EEA,0.00573838921333333,0.000306865733333333,0.170617347733333,Cement,115
1441,-24.518454,-49,2014,TSP,EEA,0.0635340745,0.03176703725,0.127068149,Cement,115
1442,-24.518454,-49,2015,TSP,EEA,0.056365998,0.028182999,0.112731996,Cement,115
1443,-24.518454,-49,2016,TSP,EEA,0.046112079,0.0230560395,0.092224158,Cement,115
1444,-24.518454,-49,2017,TSP,EEA,0.04221217,0.021106085,0.08442434,Cement,115
1445,-24.518454,-49,2018,TSP,EEA,0.0408869695,0.02044348475,0.081773939,Cement,115
1446,-24.518454,-49,2019,TSP,EEA,0.0400223785,0.02001118925,0.080044757,Cement,115
1447,-24.518454,-49,2020,TSP,EEA,0.045676982,0.022838491,0.091353964,Cement,115
1448,-24.518454,-49,2021,TSP,EEA,0.0508549275,0.02542746375,0.101709855,Cement,115
1449,-24.518454,-49,2022,TSP,EEA,0.02783014,0.01391507,0.05566028,Cement,115
1450,-24.518454,-49,2014,PM10,EEA,0.05718066705,0.028590333525,0.1143613341,Cement,115
1451,-24.518454,-49,2015,PM10,EEA,0.0507293982,0.0253646991,0.1014587964,Cement,115
1452,-24.518454,-49,2016,PM10,EEA,0.0415008711,0.02075043555,0.0830017422,Cement,115
1453,-24.518454,-49,2017,PM10,EEA,0.037990953,0.0189954765,0.075981906,Cement,115
1454,-24.518454,-49,2018,PM10,EEA,0.03679827255,0.018399136275,0.0735965451,Cement,115
1455,-24.518454,-49,2019,PM10,EEA,0.03602014065,0.018010070325,0.0720402813,Cement,115
1456,-24.518454,-49,2020,PM10,EEA,0.0411092838,0.0205546419,0.0822185676,Cement,115
1457,-24.518454,-49,2021,PM10,EEA,0.04576943475,0.022884717375,0.0915388695,Cement,115
1458,-24.518454,-49,2022,PM10,EEA,0.025047126,0.012523563,0.050094252,Cement,115
1459,-24.518454,-49,2014,PM2.5,EEA,0.03176703725,0.015883518625,0.0635340745,Cement,115
1460,-24.518454,-49,2015,PM2.5,EEA,0.028182999,0.0140914995,0.056365998,Cement,115
1461,-24.518454,-49,2016,PM2.5,EEA,0.0230560395,0.01152801975,0.046112079,Cement,115
1462,-24.518454,-49,2017,PM2.5,EEA,0.021106085,0.0105530425,0.04221217,Cement,115
1463,-24.518454,-49,2018,PM2.5,EEA,0.02044348475,0.010221742375,0.0408869695,Cement,115
1464,-24.518454,-49,2019,PM2.5,EEA,0.02001118925,0.010005594625,0.0400223785,Cement,115
1465,-24.518454,-49,2020,PM2.5,EEA,0.022838491,0.0114192455,0.045676982,Cement,115
1466,-24.518454,-49,2021,PM2.5,EEA,0.02542746375,0.012713731875,0.0508549275,Cement,115
1467,-24.518454,-49,2022,PM2.5,EEA,0.01391507,0.006957535,0.02783014,Cement,115
1468,-24.518454,-49,2014,BC,EEA,0.0009530111175,0.000238252779375,0.00381204447,Cement,115
1469,-24.518454,-49,2015,BC,EEA,0.00084548997,0.0002113724925,0.00338195988,Cement,115
1470,-24.518454,-49,2016,BC,EEA,0.000691681185,0.00017292029625,0.00276672474,Cement,115
1471,-24.518454,-49,2017,BC,EEA,0.00063318255,0.0001582956375,0.0025327302,Cement,115
1472,-24.518454,-49,2018,BC,EEA,0.0006133045425,0.000153326135625,0.00245321817,Cement,115
1473,-24.518454,-49,2019,BC,EEA,0.0006003356775,0.000150083919375,0.00240134271,Cement,115
1474,-24.518454,-49,2020,BC,EEA,0.00068515473,0.0001712886825,0.00274061892,Cement,115
1475,-24.518454,-49,2021,BC,EEA,0.0007628239125,0.000190705978125,0.00305129565,Cement,115
1476,-24.518454,-49,2022,BC,EEA,0.0004174521,0.000104363025,0.0016698084,Cement,115
1477,-24.518454,-49,2014,NOX,EEA,0.202168683216667,0.0537596015,0.760779815166667,Cement,115
1478,-24.518454,-49,2015,NOX,EEA,0.1793594962,0.047694306,0.674946694,Cement,115
1479,-24.518454,-49,2016,NOX,EEA,0.1467310001,0.039017913,0.552162587,Cement,115
1480,-24.518454,-49,2017,NOX,EEA,0.134321289666667,0.03571799,0.505463676666667,Cement,115
1481,-24.518454,-49,2018,NOX,EEA,0.130104433716667,0.0345966665,0.489595250166667,Cement,115
1482,-24.518454,-49,2019,NOX,EEA,0.127353260816667,0.0338650895,0.479242327166667,Cement,115
1483,-24.518454,-49,2020,NOX,EEA,0.145346499133333,0.038649754,0.546952579333333,Cement,115
1484,-24.518454,-49,2021,NOX,EEA,0.16182298725,0.0430310925,0.6089551575,Cement,115
1485,-24.518454,-49,2022,NOX,EEA,0.0885569326666667,0.02354858,0.333248086666667,Cement,115
1486,-24.518454,-49,2014,CO,EEA,0.023703097025,0.00749376263333333,0.0749376263333333,Cement,115
1487,-24.518454,-49,2015,CO,EEA,0.0210288531,0.0066482972,0.066482972,Cement,115
1488,-24.518454,-49,2016,CO,EEA,0.01720335255,0.0054388606,0.054388606,Cement,115
1489,-24.518454,-49,2017,CO,EEA,0.0157483865,0.00497887133333333,0.0497887133333333,Cement,115
1490,-24.518454,-49,2018,CO,EEA,0.015253984775,0.00482256563333333,0.0482256563333333,Cement,115
1491,-24.518454,-49,2019,CO,EEA,0.014931425825,0.00472058823333333,0.0472058823333333,Cement,115
1492,-24.518454,-49,2020,CO,EEA,0.0170410279,0.00538754146666667,0.0538754146666667,Cement,115
1493,-24.518454,-49,2021,CO,EEA,0.018972799875,0.0059982735,0.059982735,Cement,115
1494,-24.518454,-49,2022,CO,EEA,0.010382783,0.00328252933333333,0.0328252933333333,Cement,115
1495,-24.518454,-49,2014,NMVOCs,EEA,0.0146617095,0.00187344065833333,0.1124064395,Cement,115
1496,-24.518454,-49,2015,NMVOCs,EEA,0.013007538,0.0016620743,0.099724458,Cement,115
1497,-24.518454,-49,2016,NMVOCs,EEA,0.010641249,0.00135971515,0.081582909,Cement,115
1498,-24.518454,-49,2017,NMVOCs,EEA,0.00974127,0.00124471783333333,0.07468307,Cement,115
1499,-24.518454,-49,2018,NMVOCs,EEA,0.0094354545,0.00120564140833333,0.0723384845,Cement,115
1500,-24.518454,-49,2019,NMVOCs,EEA,0.0092359335,0.00118014705833333,0.0708088235,Cement,115
1501,-24.518454,-49,2020,NMVOCs,EEA,0.010540842,0.00134688536666667,0.080813122,Cement,115
1502,-24.518454,-49,2021,NMVOCs,EEA,0.0117357525,0.001499568375,0.0899741025,Cement,115
1503,-24.518454,-49,2022,NMVOCs,EEA,0.00642234,0.000820632333333333,0.04923794,Cement,115
1504,-24.518454,-49,2014,SOX,EEA,0.09139132255,0.0048872365,2.717303494,Cement,115
1505,-24.518454,-49,2015,SOX,EEA,0.0810803202,0.004335846,2.410730376,Cement,115
1506,-24.518454,-49,2016,SOX,EEA,0.0663304521,0.003547083,1.972178148,Cement,115
1507,-24.518454,-49,2017,SOX,EEA,0.060720583,0.00324709,1.80538204,Cement,115
1508,-24.518454,-49,2018,SOX,EEA,0.05881433305,0.0031451515,1.748704234,Cement,115
1509,-24.518454,-49,2019,SOX,EEA,0.05757065215,0.0030786445,1.711726342,Cement,115
1510,-24.518454,-49,2020,SOX,EEA,0.0657045818,0.003513614,1.953569384,Cement,115
1511,-24.518454,-49,2021,SOX,EEA,0.07315285725,0.0039119175,2.17502613,Cement,115
1512,-24.518454,-49,2022,SOX,EEA,0.040032586,0.00214078,1.19027368,Cement,115
1513,-20.475128,-57,2014,TSP,EEA,0.034249683,0.0171248415,0.068499366,Cement,115
1514,-20.475128,-57,2015,TSP,EEA,0.033178899,0.0165894495,0.066357798,Cement,115
1515,-20.475128,-57,2016,TSP,EEA,0.028640079,0.0143200395,0.057280158,Cement,115
1516,-20.475128,-57,2017,TSP,EEA,0.024844092,0.012422046,0.049688184,Cement,115
1517,-20.475128,-57,2018,TSP,EEA,0.024055278,0.012027639,0.048110556,Cement,115
1518,-20.475128,-57,2019,TSP,EEA,0.027322737,0.0136613685,0.054645474,Cement,115
1519,-20.475128,-57,2020,TSP,EEA,0.032466681,0.0162333405,0.064933362,Cement,115
1520,-20.475128,-57,2021,TSP,EEA,0.035383101,0.0176915505,0.070766202,Cement,115
1521,-20.475128,-57,2022,TSP,EEA,0.02108457,0.010542285,0.04216914,Cement,115
1522,-20.475128,-57,2014,PM10,EEA,0.0308247147,0.01541235735,0.0616494294,Cement,115
1523,-20.475128,-57,2015,PM10,EEA,0.0298610091,0.01493050455,0.0597220182,Cement,115
1524,-20.475128,-57,2016,PM10,EEA,0.0257760711,0.01288803555,0.0515521422,Cement,115
1525,-20.475128,-57,2017,PM10,EEA,0.0223596828,0.0111798414,0.0447193656,Cement,115
1526,-20.475128,-57,2018,PM10,EEA,0.0216497502,0.0108248751,0.0432995004,Cement,115
1527,-20.475128,-57,2019,PM10,EEA,0.0245904633,0.01229523165,0.0491809266,Cement,115
1528,-20.475128,-57,2020,PM10,EEA,0.0292200129,0.01461000645,0.0584400258,Cement,115
1529,-20.475128,-57,2021,PM10,EEA,0.0318447909,0.01592239545,0.0636895818,Cement,115
1530,-20.475128,-57,2022,PM10,EEA,0.018976113,0.0094880565,0.037952226,Cement,115
1531,-20.475128,-57,2014,PM2.5,EEA,0.0171248415,0.00856242075,0.034249683,Cement,115
1532,-20.475128,-57,2015,PM2.5,EEA,0.0165894495,0.00829472475,0.033178899,Cement,115
1533,-20.475128,-57,2016,PM2.5,EEA,0.0143200395,0.00716001975,0.028640079,Cement,115
1534,-20.475128,-57,2017,PM2.5,EEA,0.012422046,0.006211023,0.024844092,Cement,115
1535,-20.475128,-57,2018,PM2.5,EEA,0.012027639,0.0060138195,0.024055278,Cement,115
1536,-20.475128,-57,2019,PM2.5,EEA,0.0136613685,0.00683068425,0.027322737,Cement,115
1537,-20.475128,-57,2020,PM2.5,EEA,0.0162333405,0.00811667025,0.032466681,Cement,115
1538,-20.475128,-57,2021,PM2.5,EEA,0.0176915505,0.00884577525,0.035383101,Cement,115
1539,-20.475128,-57,2022,PM2.5,EEA,0.010542285,0.0052711425,0.02108457,Cement,115
1540,-20.475128,-57,2014,BC,EEA,0.000513745245,0.00012843631125,0.00205498098,Cement,115
1541,-20.475128,-57,2015,BC,EEA,0.000497683485,0.00012442087125,0.00199073394,Cement,115
1542,-20.475128,-57,2016,BC,EEA,0.000429601185,0.00010740029625,0.00171840474,Cement,115
1543,-20.475128,-57,2017,BC,EEA,0.00037266138,9.3165345e-05,0.00149064552,Cement,115
1544,-20.475128,-57,2018,BC,EEA,0.00036082917,9.02072925e-05,0.00144331668,Cement,115
1545,-20.475128,-57,2019,BC,EEA,0.000409841055,0.00010246026375,0.00163936422,Cement,115
1546,-20.475128,-57,2020,BC,EEA,0.000487000215,0.00012175005375,0.00194800086,Cement,115
1547,-20.475128,-57,2021,BC,EEA,0.000530746515,0.00013268662875,0.00212298606,Cement,115
1548,-20.475128,-57,2022,BC,EEA,0.00031626855,7.90671375e-05,0.0012650742,Cement,115
1549,-20.475128,-57,2014,NOX,EEA,0.1089842477,0.028980501,0.410117999,Cement,115
1550,-20.475128,-57,2015,NOX,EEA,0.1055769581,0.028074453,0.397296047,Cement,115
1551,-20.475128,-57,2016,NOX,EEA,0.0911342001,0.024233913,0.342946587,Cement,115
1552,-20.475128,-57,2017,NOX,EEA,0.0790551748,0.021021924,0.297492076,Cement,115
1553,-20.475128,-57,2018,NOX,EEA,0.0765451282,0.020354466,0.288046534,Cement,115
1554,-20.475128,-57,2019,NOX,EEA,0.0869423503,0.023119239,0.327172261,Cement,115
1555,-20.475128,-57,2020,NOX,EEA,0.1033106439,0.027471807,0.388767693,Cement,115
1556,-20.475128,-57,2021,NOX,EEA,0.1125908419,0.029939547,0.423689953,Cement,115
1557,-20.475128,-57,2022,NOX,EEA,0.067092183,0.01784079,0.25247421,Cement,115
1558,-20.475128,-57,2014,CO,EEA,0.01277776635,0.0040397062,0.040397062,Cement,115
1559,-20.475128,-57,2015,CO,EEA,0.01237828155,0.0039134086,0.039134086,Cement,115
1560,-20.475128,-57,2016,CO,EEA,0.01068495255,0.0033780606,0.033780606,Cement,115
1561,-20.475128,-57,2017,CO,EEA,0.0092687574,0.0029303288,0.029303288,Cement,115
1562,-20.475128,-57,2018,CO,EEA,0.0089744691,0.0028372892,0.028372892,Cement,115
1563,-20.475128,-57,2019,CO,EEA,0.01019348265,0.0032226818,0.032226818,Cement,115
1564,-20.475128,-57,2020,CO,EEA,0.01211256945,0.0038294034,0.038294034,Cement,115
1565,-20.475128,-57,2021,CO,EEA,0.01320061845,0.0041733914,0.041733914,Cement,115
1566,-20.475128,-57,2022,CO,EEA,0.0078661665,0.002486898,0.02486898,Cement,115
1567,-20.475128,-57,2014,NMVOCs,EEA,0.007903773,0.00100992655,0.060595593,Cement,115
1568,-20.475128,-57,2015,NMVOCs,EEA,0.007656669,0.00097835215,0.058701129,Cement,115
1569,-20.475128,-57,2016,NMVOCs,EEA,0.006609249,0.00084451515,0.050670909,Cement,115
1570,-20.475128,-57,2017,NMVOCs,EEA,0.005733252,0.0007325822,0.043954932,Cement,115
1571,-20.475128,-57,2018,NMVOCs,EEA,0.005551218,0.0007093223,0.042559338,Cement,115
1572,-20.475128,-57,2019,NMVOCs,EEA,0.006305247,0.00080567045,0.048340227,Cement,115
1573,-20.475128,-57,2020,NMVOCs,EEA,0.007492311,0.00095735085,0.057441051,Cement,115
1574,-20.475128,-57,2021,NMVOCs,EEA,0.008165331,0.00104334785,0.062600871,Cement,115
1575,-20.475128,-57,2022,NMVOCs,EEA,0.00486567,0.0006217245,0.03730347,Cement,115
1576,-20.475128,-57,2014,SOX,EEA,0.0492668517,0.002634591,1.464832596,Cement,115
1577,-20.475128,-57,2015,SOX,EEA,0.0477265701,0.002552223,1.419035988,Cement,115
1578,-20.475128,-57,2016,SOX,EEA,0.0411976521,0.002203083,1.224914148,Cement,115
1579,-20.475128,-57,2017,SOX,EEA,0.0357372708,0.001911084,1.062562704,Cement,115
1580,-20.475128,-57,2018,SOX,EEA,0.0346025922,0.001850406,1.028825736,Cement,115
1581,-20.475128,-57,2019,SOX,EEA,0.0393027063,0.002101749,1.168572444,Cement,115
1582,-20.475128,-57,2020,SOX,EEA,0.0467020719,0.002497437,1.388574972,Cement,115
1583,-20.475128,-57,2021,SOX,EEA,0.0508972299,0.002721777,1.513308012,Cement,115
1584,-20.475128,-57,2022,SOX,EEA,0.030329343,0.00162189,0.90177084,Cement,115
1585,-14.199543,-42,2014,TSP,EEA,0.0299847708333333,0.0149923854166667,0.0599695416666667,Cement,115
1586,-14.199543,-42,2015,TSP,EEA,0.0298387873333333,0.0149193936666667,0.0596775746666667,Cement,115
1587,-14.199543,-42,2016,TSP,EEA,0.0254188436666667,0.0127094218333333,0.0508376873333333,Cement,115
1588,-14.199543,-42,2017,TSP,EEA,0.0242650373333333,0.0121325186666667,0.0485300746666667,Cement,115
1589,-14.199543,-42,2018,TSP,EEA,0.0246580295,0.01232901475,0.049316059,Cement,115
1590,-14.199543,-42,2019,TSP,EEA,0.026833833,0.0134169165,0.053667666,Cement,115
1591,-14.199543,-42,2020,TSP,EEA,0.0264526925,0.01322634625,0.052905385,Cement,115
1592,-14.199543,-42,2021,TSP,EEA,0.026917865,0.0134589325,0.05383573,Cement,115
1593,-14.199543,-42,2022,TSP,EEA,0.0155013386666667,0.00775066933333333,0.0310026773333333,Cement,115
1594,-14.199543,-42,2014,PM10,EEA,0.02698629375,0.013493146875,0.0539725875,Cement,115
1595,-14.199543,-42,2015,PM10,EEA,0.0268549086,0.0134274543,0.0537098172,Cement,115
1596,-14.199543,-42,2016,PM10,EEA,0.0228769593,0.01143847965,0.0457539186,Cement,115
1597,-14.199543,-42,2017,PM10,EEA,0.0218385336,0.0109192668,0.0436770672,Cement,115
1598,-14.199543,-42,2018,PM10,EEA,0.02219222655,0.011096113275,0.0443844531,Cement,115
1599,-14.199543,-42,2019,PM10,EEA,0.0241504497,0.01207522485,0.0483008994,Cement,115
1600,-14.199543,-42,2020,PM10,EEA,0.02380742325,0.011903711625,0.0476148465,Cement,115
1601,-14.199543,-42,2021,PM10,EEA,0.0242260785,0.01211303925,0.048452157,Cement,115
1602,-14.199543,-42,2022,PM10,EEA,0.0139512048,0.0069756024,0.0279024096,Cement,115
1603,-14.199543,-42,2014,PM2.5,EEA,0.0149923854166667,0.00749619270833333,0.0299847708333333,Cement,115
1604,-14.199543,-42,2015,PM2.5,EEA,0.0149193936666667,0.00745969683333333,0.0298387873333333,Cement,115
1605,-14.199543,-42,2016,PM2.5,EEA,0.0127094218333333,0.00635471091666667,0.0254188436666667,Cement,115
1606,-14.199543,-42,2017,PM2.5,EEA,0.0121325186666667,0.00606625933333333,0.0242650373333333,Cement,115
1607,-14.199543,-42,2018,PM2.5,EEA,0.01232901475,0.006164507375,0.0246580295,Cement,115
1608,-14.199543,-42,2019,PM2.5,EEA,0.0134169165,0.00670845825,0.026833833,Cement,115
1609,-14.199543,-42,2020,PM2.5,EEA,0.01322634625,0.006613173125,0.0264526925,Cement,115
1610,-14.199543,-42,2021,PM2.5,EEA,0.0134589325,0.00672946625,0.026917865,Cement,115
1611,-14.199543,-42,2022,PM2.5,EEA,0.00775066933333333,0.00387533466666667,0.0155013386666667,Cement,115
1612,-14.199543,-42,2014,BC,EEA,0.0004497715625,0.000112442890625,0.00179908625,Cement,115
1613,-14.199543,-42,2015,BC,EEA,0.00044758181,0.0001118954525,0.00179032724,Cement,115
1614,-14.199543,-42,2016,BC,EEA,0.000381282655,9.532066375e-05,0.00152513062,Cement,115
1615,-14.199543,-42,2017,BC,EEA,0.00036397556,9.099389e-05,0.00145590224,Cement,115
1616,-14.199543,-42,2018,BC,EEA,0.0003698704425,9.2467610625e-05,0.00147948177,Cement,115
1617,-14.199543,-42,2019,BC,EEA,0.000402507495,0.00010062687375,0.00161002998,Cement,115
1618,-14.199543,-42,2020,BC,EEA,0.0003967903875,9.9197596875e-05,0.00158716155,Cement,115
1619,-14.199543,-42,2021,BC,EEA,0.000403767975,0.00010094199375,0.0016150719,Cement,115
1620,-14.199543,-42,2022,BC,EEA,0.00023252008,5.813002e-05,0.00093008032,Cement,115
1621,-14.199543,-42,2014,NOX,EEA,0.0954130784722222,0.0253717291666667,0.359048409722222,Cement,115
1622,-14.199543,-42,2015,NOX,EEA,0.0949485514888889,0.0252482046666667,0.357300350888889,Cement,115
1623,-14.199543,-42,2016,NOX,EEA,0.0808840640777778,0.0215082523333333,0.304374358777778,Cement,115
1624,-14.199543,-42,2017,NOX,EEA,0.0772125931555556,0.0205319546666667,0.290558267555556,Cement,115
1625,-14.199543,-42,2018,NOX,EEA,0.0784631143833333,0.0208644865,0.295264096833333,Cement,115
1626,-14.199543,-42,2019,NOX,EEA,0.0853866327,0.022705551,0.321317949,Cement,115
1627,-14.199543,-42,2020,NOX,EEA,0.0841738240833333,0.0223830475,0.316754035833333,Cement,115
1628,-14.199543,-42,2021,NOX,EEA,0.0856540268333333,0.022776655,0.322324178333333,Cement,115
1629,-14.199543,-42,2022,NOX,EEA,0.0493260545777778,0.0131165173333333,0.185618593777778,Cement,115
1630,-14.199543,-42,2014,CO,EEA,0.0111866260416667,0.00353666527777778,0.0353666527777778,Cement,115
1631,-14.199543,-42,2015,CO,EEA,0.0111321629666667,0.00351944671111111,0.0351944671111111,Cement,115
1632,-14.199543,-42,2016,CO,EEA,0.00948318398333333,0.00299812002222222,0.0299812002222222,Cement,115
1633,-14.199543,-42,2017,CO,EEA,0.00905272546666667,0.00286203004444444,0.0286203004444444,Cement,115
1634,-14.199543,-42,2018,CO,EEA,0.009199341775,0.00290838296666667,0.0290838296666667,Cement,115
1635,-14.199543,-42,2019,CO,EEA,0.01001108385,0.0031650162,0.031650162,Cement,115
1636,-14.199543,-42,2020,CO,EEA,0.009868889125,0.00312006116666667,0.0312006116666667,Cement,115
1637,-14.199543,-42,2021,CO,EEA,0.01004243425,0.00317492766666667,0.0317492766666667,Cement,115
1638,-14.199543,-42,2022,CO,EEA,0.00578319173333333,0.00182836302222222,0.0182836302222222,Cement,115
1639,-14.199543,-42,2014,NMVOCs,EEA,0.0069195625,0.000884166319444444,0.0530499791666667,Cement,115
1640,-14.199543,-42,2015,NMVOCs,EEA,0.006885874,0.000879861677777778,0.0527917006666667,Cement,115
1641,-14.199543,-42,2016,NMVOCs,EEA,0.005865887,0.000749530005555555,0.0449718003333333,Cement,115
1642,-14.199543,-42,2017,NMVOCs,EEA,0.005599624,0.000715507511111111,0.0429304506666667,Cement,115
1643,-14.199543,-42,2018,NMVOCs,EEA,0.0056903145,0.000727095741666667,0.0436257445,Cement,115
1644,-14.199543,-42,2019,NMVOCs,EEA,0.006192423,0.00079125405,0.047475243,Cement,115
1645,-14.199543,-42,2020,NMVOCs,EEA,0.0061044675,0.000780015291666667,0.0468009175,Cement,115
1646,-14.199543,-42,2021,NMVOCs,EEA,0.006211815,0.000793731916666666,0.047623915,Cement,115
1647,-14.199543,-42,2022,NMVOCs,EEA,0.003577232,0.000457090755555556,0.0274254453333333,Cement,115
1648,-14.199543,-42,2014,SOX,EEA,0.0431319395833333,0.00230652083333333,1.28242558333333,Cement,115
1649,-14.199543,-42,2015,SOX,EEA,0.0429219479333333,0.00229529133333333,1.27618198133333,Cement,115
1650,-14.199543,-42,2016,SOX,EEA,0.0365640289666667,0.00195529566666667,1.08714439066667,Cement,115
1651,-14.199543,-42,2017,SOX,EEA,0.0349043229333333,0.00186654133333333,1.03779698133333,Cement,115
1652,-14.199543,-42,2018,SOX,EEA,0.03546962705,0.0018967715,1.054604954,Cement,115
1653,-14.199543,-42,2019,SOX,EEA,0.0385994367,0.002064141,1.147662396,Cement,115
1654,-14.199543,-42,2020,SOX,EEA,0.03805118075,0.0020348225,1.13136131,Cement,115
1655,-14.199543,-42,2021,SOX,EEA,0.0387203135,0.002070605,1.15125638,Cement,115
1656,-14.199543,-42,2022,SOX,EEA,0.0222980794666667,0.00119241066666667,0.662980330666667,Cement,115
1657,-8.271973,-35,2014,TSP,EEA,0.0194879654666667,0.00974398273333333,0.0389759309333333,Cement,115
1658,-8.271973,-35,2015,TSP,EEA,0.0153820090666667,0.00769100453333333,0.0307640181333333,Cement,115
1659,-8.271973,-35,2016,TSP,EEA,0.0106523109333333,0.00532615546666667,0.0213046218666667,Cement,115
1660,-8.271973,-35,2017,TSP,EEA,0.00843994146666667,0.00421997073333333,0.0168798829333333,Cement,115
1661,-8.271973,-35,2018,TSP,EEA,0.006906484,0.003453242,0.013812968,Cement,115
1662,-8.271973,-35,2019,TSP,EEA,0.0080670408,0.0040335204,0.0161340816,Cement,115
1663,-8.271973,-35,2020,TSP,EEA,0.00889759,0.004448795,0.01779518,Cement,115
1664,-8.271973,-35,2021,TSP,EEA,0.0073824868,0.0036912434,0.0147649736,Cement,115
1665,-8.271973,-35,2022,TSP,EEA,0.00332319693333333,0.00166159846666667,0.00664639386666667,Cement,115
1666,-8.271973,-35,2014,PM10,EEA,0.01753916892,0.00876958446,0.03507833784,Cement,115
1667,-8.271973,-35,2015,PM10,EEA,0.01384380816,0.00692190408,0.02768761632,Cement,115
1668,-8.271973,-35,2016,PM10,EEA,0.00958707984,0.00479353992,0.01917415968,Cement,115
1669,-8.271973,-35,2017,PM10,EEA,0.00759594732,0.00379797366,0.01519189464,Cement,115
1670,-8.271973,-35,2018,PM10,EEA,0.0062158356,0.0031079178,0.0124316712,Cement,115
1671,-8.271973,-35,2019,PM10,EEA,0.00726033672,0.00363016836,0.01452067344,Cement,115
1672,-8.271973,-35,2020,PM10,EEA,0.008007831,0.0040039155,0.016015662,Cement,115
1673,-8.271973,-35,2021,PM10,EEA,0.00664423812,0.00332211906,0.01328847624,Cement,115
1674,-8.271973,-35,2022,PM10,EEA,0.00299087724,0.00149543862,0.00598175448,Cement,115
1675,-8.271973,-35,2014,PM2.5,EEA,0.00974398273333333,0.00487199136666667,0.0194879654666667,Cement,115
1676,-8.271973,-35,2015,PM2.5,EEA,0.00769100453333333,0.00384550226666667,0.0153820090666667,Cement,115
1677,-8.271973,-35,2016,PM2.5,EEA,0.00532615546666667,0.00266307773333333,0.0106523109333333,Cement,115
1678,-8.271973,-35,2017,PM2.5,EEA,0.00421997073333333,0.00210998536666667,0.00843994146666667,Cement,115
1679,-8.271973,-35,2018,PM2.5,EEA,0.003453242,0.001726621,0.006906484,Cement,115
1680,-8.271973,-35,2019,PM2.5,EEA,0.0040335204,0.0020167602,0.0080670408,Cement,115
1681,-8.271973,-35,2020,PM2.5,EEA,0.004448795,0.0022243975,0.00889759,Cement,115
1682,-8.271973,-35,2021,PM2.5,EEA,0.0036912434,0.0018456217,0.0073824868,Cement,115
1683,-8.271973,-35,2022,PM2.5,EEA,0.00166159846666667,0.000830799233333333,0.00332319693333333,Cement,115
1684,-8.271973,-35,2014,BC,EEA,0.000292319482,7.30798705e-05,0.001169277928,Cement,115
1685,-8.271973,-35,2015,BC,EEA,0.000230730136,5.7682534e-05,0.000922920544,Cement,115
1686,-8.271973,-35,2016,BC,EEA,0.000159784664,3.9946166e-05,0.000639138656,Cement,115
1687,-8.271973,-35,2017,BC,EEA,0.000126599122,3.16497805e-05,0.000506396488,Cement,115
1688,-8.271973,-35,2018,BC,EEA,0.00010359726,2.5899315e-05,0.00041438904,Cement,115
1689,-8.271973,-35,2019,BC,EEA,0.000121005612,3.0251403e-05,0.000484022448,Cement,115
1690,-8.271973,-35,2020,BC,EEA,0.00013346385,3.33659625e-05,0.0005338554,Cement,115
1691,-8.271973,-35,2021,BC,EEA,0.000110737302,2.76843255e-05,0.000442949208,Cement,115
1692,-8.271973,-35,2022,BC,EEA,4.9847954e-05,1.24619885e-05,0.000199391816,Cement,115
1693,-8.271973,-35,2014,NOX,EEA,0.0620117054977778,0.0164898169333333,0.233355894177778,Cement,115
1694,-8.271973,-35,2015,NOX,EEA,0.0489463416711111,0.0130155461333333,0.184189698311111,Cement,115
1695,-8.271973,-35,2016,NOX,EEA,0.0338961996622222,0.00901349386666667,0.127554595022222,Cement,115
1696,-8.271973,-35,2017,NOX,EEA,0.0268563265644444,0.00714148893333333,0.101062888844444,Cement,115
1697,-8.271973,-35,2018,NOX,EEA,0.0219767862666667,0.005843948,0.0827007186666667,Cement,115
1698,-8.271973,-35,2019,NOX,EEA,0.02566973752,0.0068259576,0.0965976424,Cement,115
1699,-8.271973,-35,2020,NOX,EEA,0.0283125876666667,0.00752873,0.106542936666667,Cement,115
1700,-8.271973,-35,2021,NOX,EEA,0.0234914515866667,0.0062467196,0.0884005470666667,Cement,115
1701,-8.271973,-35,2022,NOX,EEA,0.0105745830622222,0.00281193586666667,0.0397931530222222,Cement,115
1702,-8.271973,-35,2014,CO,EEA,0.00727051019333333,0.00229858054222222,0.0229858054222222,Cement,115
1703,-8.271973,-35,2015,CO,EEA,0.00573867261333333,0.00181428824888889,0.0181428824888889,Cement,115
1704,-8.271973,-35,2016,CO,EEA,0.00397413138666667,0.00125642641777778,0.0125642641777778,Cement,115
1705,-8.271973,-35,2017,CO,EEA,0.00314874739333333,0.000995480275555555,0.00995480275555555,Cement,115
1706,-8.271973,-35,2018,CO,EEA,0.0025766498,0.000814610933333333,0.00814610933333333,Cement,115
1707,-8.271973,-35,2019,CO,EEA,0.00300962676,0.00095149712,0.0095149712,Cement,115
1708,-8.271973,-35,2020,CO,EEA,0.0033194855,0.00104945933333333,0.0104945933333333,Cement,115
1709,-8.271973,-35,2021,CO,EEA,0.00275423546,0.000870754853333333,0.00870754853333333,Cement,115
1710,-8.271973,-35,2022,CO,EEA,0.00123980808666667,0.000391966817777778,0.00391966817777778,Cement,115
1711,-8.271973,-35,2014,NMVOCs,EEA,0.0044972228,0.000574645135555555,0.0344787081333333,Cement,115
1712,-8.271973,-35,2015,NMVOCs,EEA,0.0035496944,0.000453572062222222,0.0272143237333333,Cement,115
1713,-8.271973,-35,2016,NMVOCs,EEA,0.0024582256,0.000314106604444444,0.0188463962666667,Cement,115
1714,-8.271973,-35,2017,NMVOCs,EEA,0.0019476788,0.000248870068888889,0.0149322041333333,Cement,115
1715,-8.271973,-35,2018,NMVOCs,EEA,0.001593804,0.000203652733333333,0.012219164,Cement,115
1716,-8.271973,-35,2019,NMVOCs,EEA,0.0018616248,0.00023787428,0.0142724568,Cement,115
1717,-8.271973,-35,2020,NMVOCs,EEA,0.00205329,0.000262364833333333,0.01574189,Cement,115
1718,-8.271973,-35,2021,NMVOCs,EEA,0.0017036508,0.000217688713333333,0.0130613228,Cement,115
1719,-8.271973,-35,2022,NMVOCs,EEA,0.0007668916,9.79917044444444e-05,0.00587950226666667,Cement,115
1720,-8.271973,-35,2014,SOX,EEA,0.0280326887866667,0.00149907426666667,0.833485292266666,Cement,115
1721,-8.271973,-35,2015,SOX,EEA,0.0221264284266667,0.00118323146666667,0.657876695466667,Cement,115
1722,-8.271973,-35,2016,SOX,EEA,0.0153229395733333,0.000819408533333333,0.455591144533333,Cement,115
1723,-8.271973,-35,2017,SOX,EEA,0.0121405311866667,0.000649226266666667,0.360969804266667,Cement,115
1724,-8.271973,-35,2018,SOX,EEA,0.0099347116,0.000531268,0.295385008,Cement,115
1725,-8.271973,-35,2019,SOX,EEA,0.01160412792,0.0006205416,0.3450211296,Cement,115
1726,-8.271973,-35,2020,SOX,EEA,0.012798841,0.00068443,0.38054308,Cement,115
1727,-8.271973,-35,2021,SOX,EEA,0.01061942332,0.0005678836,0.3157432816,Cement,115
1728,-8.271973,-35,2022,SOX,EEA,0.00478029097333333,0.000255630533333333,0.142130576533333,Cement,115
1729,-24.709318,-48,2014,TSP,EEA,0.0635340745,0.03176703725,0.127068149,Cement,115
1730,-24.709318,-48,2015,TSP,EEA,0.056365998,0.028182999,0.112731996,Cement,115
1731,-24.709318,-48,2016,TSP,EEA,0.046112079,0.0230560395,0.092224158,Cement,115
1732,-24.709318,-48,2017,TSP,EEA,0.04221217,0.021106085,0.08442434,Cement,115
1733,-24.709318,-48,2018,TSP,EEA,0.0408869695,0.02044348475,0.081773939,Cement,115
1734,-24.709318,-48,2019,TSP,EEA,0.0400223785,0.02001118925,0.080044757,Cement,115
1735,-24.709318,-48,2020,TSP,EEA,0.045676982,0.022838491,0.091353964,Cement,115
1736,-24.709318,-48,2021,TSP,EEA,0.0508549275,0.02542746375,0.101709855,Cement,115
1737,-24.709318,-48,2022,TSP,EEA,0.02783014,0.01391507,0.05566028,Cement,115
1738,-24.709318,-48,2014,PM10,EEA,0.05718066705,0.028590333525,0.1143613341,Cement,115
1739,-24.709318,-48,2015,PM10,EEA,0.0507293982,0.0253646991,0.1014587964,Cement,115
1740,-24.709318,-48,2016,PM10,EEA,0.0415008711,0.02075043555,0.0830017422,Cement,115
1741,-24.709318,-48,2017,PM10,EEA,0.037990953,0.0189954765,0.075981906,Cement,115
1742,-24.709318,-48,2018,PM10,EEA,0.03679827255,0.018399136275,0.0735965451,Cement,115
1743,-24.709318,-48,2019,PM10,EEA,0.03602014065,0.018010070325,0.0720402813,Cement,115
1744,-24.709318,-48,2020,PM10,EEA,0.0411092838,0.0205546419,0.0822185676,Cement,115
1745,-24.709318,-48,2021,PM10,EEA,0.04576943475,0.022884717375,0.0915388695,Cement,115
1746,-24.709318,-48,2022,PM10,EEA,0.025047126,0.012523563,0.050094252,Cement,115
1747,-24.709318,-48,2014,PM2.5,EEA,0.03176703725,0.015883518625,0.0635340745,Cement,115
1748,-24.709318,-48,2015,PM2.5,EEA,0.028182999,0.0140914995,0.056365998,Cement,115
1749,-24.709318,-48,2016,PM2.5,EEA,0.0230560395,0.01152801975,0.046112079,Cement,115
1750,-24.709318,-48,2017,PM2.5,EEA,0.021106085,0.0105530425,0.04221217,Cement,115
1751,-24.709318,-48,2018,PM2.5,EEA,0.02044348475,0.010221742375,0.0408869695,Cement,115
1752,-24.709318,-48,2019,PM2.5,EEA,0.02001118925,0.010005594625,0.0400223785,Cement,115
1753,-24.709318,-48,2020,PM2.5,EEA,0.022838491,0.0114192455,0.045676982,Cement,115
1754,-24.709318,-48,2021,PM2.5,EEA,0.02542746375,0.012713731875,0.0508549275,Cement,115
1755,-24.709318,-48,2022,PM2.5,EEA,0.01391507,0.006957535,0.02783014,Cement,115
1756,-24.709318,-48,2014,BC,EEA,0.0009530111175,0.000238252779375,0.00381204447,Cement,115
1757,-24.709318,-48,2015,BC,EEA,0.00084548997,0.0002113724925,0.00338195988,Cement,115
1758,-24.709318,-48,2016,BC,EEA,0.000691681185,0.00017292029625,0.00276672474,Cement,115
1759,-24.709318,-48,2017,BC,EEA,0.00063318255,0.0001582956375,0.0025327302,Cement,115
1760,-24.709318,-48,2018,BC,EEA,0.0006133045425,0.000153326135625,0.00245321817,Cement,115
1761,-24.709318,-48,2019,BC,EEA,0.0006003356775,0.000150083919375,0.00240134271,Cement,115
1762,-24.709318,-48,2020,BC,EEA,0.00068515473,0.0001712886825,0.00274061892,Cement,115
1763,-24.709318,-48,2021,BC,EEA,0.0007628239125,0.000190705978125,0.00305129565,Cement,115
1764,-24.709318,-48,2022,BC,EEA,0.0004174521,0.000104363025,0.0016698084,Cement,115
1765,-24.709318,-48,2014,NOX,EEA,0.202168683216667,0.0537596015,0.760779815166667,Cement,115
1766,-24.709318,-48,2015,NOX,EEA,0.1793594962,0.047694306,0.674946694,Cement,115
1767,-24.709318,-48,2016,NOX,EEA,0.1467310001,0.039017913,0.552162587,Cement,115
1768,-24.709318,-48,2017,NOX,EEA,0.134321289666667,0.03571799,0.505463676666667,Cement,115
1769,-24.709318,-48,2018,NOX,EEA,0.130104433716667,0.0345966665,0.489595250166667,Cement,115
1770,-24.709318,-48,2019,NOX,EEA,0.127353260816667,0.0338650895,0.479242327166667,Cement,115
1771,-24.709318,-48,2020,NOX,EEA,0.145346499133333,0.038649754,0.546952579333333,Cement,115
1772,-24.709318,-48,2021,NOX,EEA,0.16182298725,0.0430310925,0.6089551575,Cement,115
1773,-24.709318,-48,2022,NOX,EEA,0.0885569326666667,0.02354858,0.333248086666667,Cement,115
1774,-24.709318,-48,2014,CO,EEA,0.023703097025,0.00749376263333333,0.0749376263333333,Cement,115
1775,-24.709318,-48,2015,CO,EEA,0.0210288531,0.0066482972,0.066482972,Cement,115
1776,-24.709318,-48,2016,CO,EEA,0.01720335255,0.0054388606,0.054388606,Cement,115
1777,-24.709318,-48,2017,CO,EEA,0.0157483865,0.00497887133333333,0.0497887133333333,Cement,115
1778,-24.709318,-48,2018,CO,EEA,0.015253984775,0.00482256563333333,0.0482256563333333,Cement,115
1779,-24.709318,-48,2019,CO,EEA,0.014931425825,0.00472058823333333,0.0472058823333333,Cement,115
1780,-24.709318,-48,2020,CO,EEA,0.0170410279,0.00538754146666667,0.0538754146666667,Cement,115
1781,-24.709318,-48,2021,CO,EEA,0.018972799875,0.0059982735,0.059982735,Cement,115
1782,-24.709318,-48,2022,CO,EEA,0.010382783,0.00328252933333333,0.0328252933333333,Cement,115
1783,-24.709318,-48,2014,NMVOCs,EEA,0.0146617095,0.00187344065833333,0.1124064395,Cement,115
1784,-24.709318,-48,2015,NMVOCs,EEA,0.013007538,0.0016620743,0.099724458,Cement,115
1785,-24.709318,-48,2016,NMVOCs,EEA,0.010641249,0.00135971515,0.081582909,Cement,115
1786,-24.709318,-48,2017,NMVOCs,EEA,0.00974127,0.00124471783333333,0.07468307,Cement,115
1787,-24.709318,-48,2018,NMVOCs,EEA,0.0094354545,0.00120564140833333,0.0723384845,Cement,115
1788,-24.709318,-48,2019,NMVOCs,EEA,0.0092359335,0.00118014705833333,0.0708088235,Cement,115
1789,-24.709318,-48,2020,NMVOCs,EEA,0.010540842,0.00134688536666667,0.080813122,Cement,115
1790,-24.709318,-48,2021,NMVOCs,EEA,0.0117357525,0.001499568375,0.0899741025,Cement,115
1791,-24.709318,-48,2022,NMVOCs,EEA,0.00642234,0.000820632333333333,0.04923794,Cement,115
1792,-24.709318,-48,2014,SOX,EEA,0.09139132255,0.0048872365,2.717303494,Cement,115
1793,-24.709318,-48,2015,SOX,EEA,0.0810803202,0.004335846,2.410730376,Cement,115
1794,-24.709318,-48,2016,SOX,EEA,0.0663304521,0.003547083,1.972178148,Cement,115
1795,-24.709318,-48,2017,SOX,EEA,0.060720583,0.00324709,1.80538204,Cement,115
1796,-24.709318,-48,2018,SOX,EEA,0.05881433305,0.0031451515,1.748704234,Cement,115
1797,-24.709318,-48,2019,SOX,EEA,0.05757065215,0.0030786445,1.711726342,Cement,115
1798,-24.709318,-48,2020,SOX,EEA,0.0657045818,0.003513614,1.953569384,Cement,115
1799,-24.709318,-48,2021,SOX,EEA,0.07315285725,0.0039119175,2.17502613,Cement,115
1800,-24.709318,-48,2022,SOX,EEA,0.040032586,0.00214078,1.19027368,Cement,115
1801,-10.518571,-40,2014,TSP,EEA,0.0299847708333333,0.0149923854166667,0.0599695416666667,Cement,115
1802,-10.518571,-40,2015,TSP,EEA,0.0298387873333333,0.0149193936666667,0.0596775746666667,Cement,115
1803,-10.518571,-40,2016,TSP,EEA,0.0254188436666667,0.0127094218333333,0.0508376873333333,Cement,115
1804,-10.518571,-40,2017,TSP,EEA,0.0242650373333333,0.0121325186666667,0.0485300746666667,Cement,115
1805,-10.518571,-40,2018,TSP,EEA,0.0246580295,0.01232901475,0.049316059,Cement,115
1806,-10.518571,-40,2019,TSP,EEA,0.026833833,0.0134169165,0.053667666,Cement,115
1807,-10.518571,-40,2020,TSP,EEA,0.0264526925,0.01322634625,0.052905385,Cement,115
1808,-10.518571,-40,2021,TSP,EEA,0.026917865,0.0134589325,0.05383573,Cement,115
1809,-10.518571,-40,2022,TSP,EEA,0.0155013386666667,0.00775066933333333,0.0310026773333333,Cement,115
1810,-10.518571,-40,2014,PM10,EEA,0.02698629375,0.013493146875,0.0539725875,Cement,115
1811,-10.518571,-40,2015,PM10,EEA,0.0268549086,0.0134274543,0.0537098172,Cement,115
1812,-10.518571,-40,2016,PM10,EEA,0.0228769593,0.01143847965,0.0457539186,Cement,115
1813,-10.518571,-40,2017,PM10,EEA,0.0218385336,0.0109192668,0.0436770672,Cement,115
1814,-10.518571,-40,2018,PM10,EEA,0.02219222655,0.011096113275,0.0443844531,Cement,115
1815,-10.518571,-40,2019,PM10,EEA,0.0241504497,0.01207522485,0.0483008994,Cement,115
1816,-10.518571,-40,2020,PM10,EEA,0.02380742325,0.011903711625,0.0476148465,Cement,115
1817,-10.518571,-40,2021,PM10,EEA,0.0242260785,0.01211303925,0.048452157,Cement,115
1818,-10.518571,-40,2022,PM10,EEA,0.0139512048,0.0069756024,0.0279024096,Cement,115
1819,-10.518571,-40,2014,PM2.5,EEA,0.0149923854166667,0.00749619270833333,0.0299847708333333,Cement,115
1820,-10.518571,-40,2015,PM2.5,EEA,0.0149193936666667,0.00745969683333333,0.0298387873333333,Cement,115
1821,-10.518571,-40,2016,PM2.5,EEA,0.0127094218333333,0.00635471091666667,0.0254188436666667,Cement,115
1822,-10.518571,-40,2017,PM2.5,EEA,0.0121325186666667,0.00606625933333333,0.0242650373333333,Cement,115
1823,-10.518571,-40,2018,PM2.5,EEA,0.01232901475,0.006164507375,0.0246580295,Cement,115
1824,-10.518571,-40,2019,PM2.5,EEA,0.0134169165,0.00670845825,0.026833833,Cement,115
1825,-10.518571,-40,2020,PM2.5,EEA,0.01322634625,0.006613173125,0.0264526925,Cement,115
1826,-10.518571,-40,2021,PM2.5,EEA,0.0134589325,0.00672946625,0.026917865,Cement,115
1827,-10.518571,-40,2022,PM2.5,EEA,0.00775066933333333,0.00387533466666667,0.0155013386666667,Cement,115
1828,-10.518571,-40,2014,BC,EEA,0.0004497715625,0.000112442890625,0.00179908625,Cement,115
1829,-10.518571,-40,2015,BC,EEA,0.00044758181,0.0001118954525,0.00179032724,Cement,115
1830,-10.518571,-40,2016,BC,EEA,0.000381282655,9.532066375e-05,0.00152513062,Cement,115
1831,-10.518571,-40,2017,BC,EEA,0.00036397556,9.099389e-05,0.00145590224,Cement,115
1832,-10.518571,-40,2018,BC,EEA,0.0003698704425,9.2467610625e-05,0.00147948177,Cement,115
1833,-10.518571,-40,2019,BC,EEA,0.000402507495,0.00010062687375,0.00161002998,Cement,115
1834,-10.518571,-40,2020,BC,EEA,0.0003967903875,9.9197596875e-05,0.00158716155,Cement,115
1835,-10.518571,-40,2021,BC,EEA,0.000403767975,0.00010094199375,0.0016150719,Cement,115
1836,-10.518571,-40,2022,BC,EEA,0.00023252008,5.813002e-05,0.00093008032,Cement,115
1837,-10.518571,-40,2014,NOX,EEA,0.0954130784722222,0.0253717291666667,0.359048409722222,Cement,115
1838,-10.518571,-40,2015,NOX,EEA,0.0949485514888889,0.0252482046666667,0.357300350888889,Cement,115
1839,-10.518571,-40,2016,NOX,EEA,0.0808840640777778,0.0215082523333333,0.304374358777778,Cement,115
1840,-10.518571,-40,2017,NOX,EEA,0.0772125931555556,0.0205319546666667,0.290558267555556,Cement,115
1841,-10.518571,-40,2018,NOX,EEA,0.0784631143833333,0.0208644865,0.295264096833333,Cement,115
1842,-10.518571,-40,2019,NOX,EEA,0.0853866327,0.022705551,0.321317949,Cement,115
1843,-10.518571,-40,2020,NOX,EEA,0.0841738240833333,0.0223830475,0.316754035833333,Cement,115
1844,-10.518571,-40,2021,NOX,EEA,0.0856540268333333,0.022776655,0.322324178333333,Cement,115
1845,-10.518571,-40,2022,NOX,EEA,0.0493260545777778,0.0131165173333333,0.185618593777778,Cement,115
1846,-10.518571,-40,2014,CO,EEA,0.0111866260416667,0.00353666527777778,0.0353666527777778,Cement,115
1847,-10.518571,-40,2015,CO,EEA,0.0111321629666667,0.00351944671111111,0.0351944671111111,Cement,115
1848,-10.518571,-40,2016,CO,EEA,0.00948318398333333,0.00299812002222222,0.0299812002222222,Cement,115
1849,-10.518571,-40,2017,CO,EEA,0.00905272546666667,0.00286203004444444,0.0286203004444444,Cement,115
1850,-10.518571,-40,2018,CO,EEA,0.009199341775,0.00290838296666667,0.0290838296666667,Cement,115
1851,-10.518571,-40,2019,CO,EEA,0.01001108385,0.0031650162,0.031650162,Cement,115
1852,-10.518571,-40,2020,CO,EEA,0.009868889125,0.00312006116666667,0.0312006116666667,Cement,115
1853,-10.518571,-40,2021,CO,EEA,0.01004243425,0.00317492766666667,0.0317492766666667,Cement,115
1854,-10.518571,-40,2022,CO,EEA,0.00578319173333333,0.00182836302222222,0.0182836302222222,Cement,115
1855,-10.518571,-40,2014,NMVOCs,EEA,0.0069195625,0.000884166319444444,0.0530499791666667,Cement,115
1856,-10.518571,-40,2015,NMVOCs,EEA,0.006885874,0.000879861677777778,0.0527917006666667,Cement,115
1857,-10.518571,-40,2016,NMVOCs,EEA,0.005865887,0.000749530005555555,0.0449718003333333,Cement,115
1858,-10.518571,-40,2017,NMVOCs,EEA,0.005599624,0.000715507511111111,0.0429304506666667,Cement,115
1859,-10.518571,-40,2018,NMVOCs,EEA,0.0056903145,0.000727095741666667,0.0436257445,Cement,115
1860,-10.518571,-40,2019,NMVOCs,EEA,0.006192423,0.00079125405,0.047475243,Cement,115
1861,-10.518571,-40,2020,NMVOCs,EEA,0.0061044675,0.000780015291666667,0.0468009175,Cement,115
1862,-10.518571,-40,2021,NMVOCs,EEA,0.006211815,0.000793731916666666,0.047623915,Cement,115
1863,-10.518571,-40,2022,NMVOCs,EEA,0.003577232,0.000457090755555556,0.0274254453333333,Cement,115
1864,-10.518571,-40,2014,SOX,EEA,0.0431319395833333,0.00230652083333333,1.28242558333333,Cement,115
1865,-10.518571,-40,2015,SOX,EEA,0.0429219479333333,0.00229529133333333,1.27618198133333,Cement,115
1866,-10.518571,-40,2016,SOX,EEA,0.0365640289666667,0.00195529566666667,1.08714439066667,Cement,115
1867,-10.518571,-40,2017,SOX,EEA,0.0349043229333333,0.00186654133333333,1.03779698133333,Cement,115
1868,-10.518571,-40,2018,SOX,EEA,0.03546962705,0.0018967715,1.054604954,Cement,115
1869,-10.518571,-40,2019,SOX,EEA,0.0385994367,0.002064141,1.147662396,Cement,115
1870,-10.518571,-40,2020,SOX,EEA,0.03805118075,0.0020348225,1.13136131,Cement,115
1871,-10.518571,-40,2021,SOX,EEA,0.0387203135,0.002070605,1.15125638,Cement,115
1872,-10.518571,-40,2022,SOX,EEA,0.0222980794666667,0.00119241066666667,0.662980330666667,Cement,115
1873,-31.584917,-54,2014,TSP,EEA,0.0406544125,0.02032720625,0.081308825,Cement,115
1874,-31.584917,-54,2015,TSP,EEA,0.0360545315,0.01802726575,0.072109063,Cement,115
1875,-31.584917,-54,2016,TSP,EEA,0.029779399,0.0148896995,0.059558798,Cement,115
1876,-31.584917,-54,2017,TSP,EEA,0.0276924375,0.01384621875,0.055384875,Cement,115
1877,-31.584917,-54,2018,TSP,EEA,0.0266483035,0.01332415175,0.053296607,Cement,115
1878,-31.584917,-54,2019,TSP,EEA,0.026874237,0.0134371185,0.053748474,Cement,115
1879,-31.584917,-54,2020,TSP,EEA,0.029519776,0.014759888,0.059039552,Cement,115
1880,-31.584917,-54,2021,TSP,EEA,0.032919744,0.016459872,0.065839488,Cement,115
1881,-31.584917,-54,2022,TSP,EEA,0.017906967,0.0089534835,0.035813934,Cement,115
1882,-31.584917,-54,2014,PM10,EEA,0.03658897125,0.018294485625,0.0731779425,Cement,115
1883,-31.584917,-54,2015,PM10,EEA,0.03244907835,0.016224539175,0.0648981567,Cement,115
1884,-31.584917,-54,2016,PM10,EEA,0.0268014591,0.01340072955,0.0536029182,Cement,115
1885,-31.584917,-54,2017,PM10,EEA,0.02492319375,0.012461596875,0.0498463875,Cement,115
1886,-31.584917,-54,2018,PM10,EEA,0.02398347315,0.011991736575,0.0479669463,Cement,115
1887,-31.584917,-54,2019,PM10,EEA,0.0241868133,0.01209340665,0.0483736266,Cement,115
1888,-31.584917,-54,2020,PM10,EEA,0.0265677984,0.0132838992,0.0531355968,Cement,115
1889,-31.584917,-54,2021,PM10,EEA,0.0296277696,0.0148138848,0.0592555392,Cement,115
1890,-31.584917,-54,2022,PM10,EEA,0.0161162703,0.00805813515,0.0322325406,Cement,115
1891,-31.584917,-54,2014,PM2.5,EEA,0.02032720625,0.010163603125,0.0406544125,Cement,115
1892,-31.584917,-54,2015,PM2.5,EEA,0.01802726575,0.009013632875,0.0360545315,Cement,115
1893,-31.584917,-54,2016,PM2.5,EEA,0.0148896995,0.00744484975,0.029779399,Cement,115
1894,-31.584917,-54,2017,PM2.5,EEA,0.01384621875,0.006923109375,0.0276924375,Cement,115
1895,-31.584917,-54,2018,PM2.5,EEA,0.01332415175,0.006662075875,0.0266483035,Cement,115
1896,-31.584917,-54,2019,PM2.5,EEA,0.0134371185,0.00671855925,0.026874237,Cement,115
1897,-31.584917,-54,2020,PM2.5,EEA,0.014759888,0.007379944,0.029519776,Cement,115
1898,-31.584917,-54,2021,PM2.5,EEA,0.016459872,0.008229936,0.032919744,Cement,115
1899,-31.584917,-54,2022,PM2.5,EEA,0.0089534835,0.00447674175,0.017906967,Cement,115
1900,-31.584917,-54,2014,BC,EEA,0.0006098161875,0.000152454046875,0.00243926475,Cement,115
1901,-31.584917,-54,2015,BC,EEA,0.0005408179725,0.000135204493125,0.00216327189,Cement,115
1902,-31.584917,-54,2016,BC,EEA,0.000446690985,0.00011167274625,0.00178676394,Cement,115
1903,-31.584917,-54,2017,BC,EEA,0.0004153865625,0.000103846640625,0.00166154625,Cement,115
1904,-31.584917,-54,2018,BC,EEA,0.0003997245525,9.9931138125e-05,0.00159889821,Cement,115
1905,-31.584917,-54,2019,BC,EEA,0.000403113555,0.00010077838875,0.00161245422,Cement,115
1906,-31.584917,-54,2020,BC,EEA,0.00044279664,0.00011069916,0.00177118656,Cement,115
1907,-31.584917,-54,2021,BC,EEA,0.00049379616,0.00012344904,0.00197518464,Cement,115
1908,-31.584917,-54,2022,BC,EEA,0.000268604505,6.715112625e-05,0.00107441802,Cement,115
1909,-31.584917,-54,2014,NOX,EEA,0.129364425416667,0.0343998875,0.486810529166667,Cement,115
1910,-31.584917,-54,2015,NOX,EEA,0.114727368183333,0.0305076805,0.431729902833333,Cement,115
1911,-31.584917,-54,2016,NOX,EEA,0.0947595747666667,0.025197953,0.356589213666667,Cement,115
1912,-31.584917,-54,2017,NOX,EEA,0.08811875625,0.0234320625,0.3315991875,Cement,115
1913,-31.584917,-54,2018,NOX,EEA,0.0847962683166667,0.0225485645,0.319096352166667,Cement,115
1914,-31.584917,-54,2019,NOX,EEA,0.0855152003,0.022739739,0.321801761,Cement,115
1915,-31.584917,-54,2020,NOX,EEA,0.0939334410666667,0.024978272,0.353480394666667,Cement,115
1916,-31.584917,-54,2021,NOX,EEA,0.1047523136,0.027855168,0.394192832,Cement,115
1917,-31.584917,-54,2022,NOX,EEA,0.0569808873,0.015152049,0.214424451,Cement,115
1918,-31.584917,-54,2014,CO,EEA,0.015167223125,0.00479513583333333,0.0479513583333333,Cement,115
1919,-31.584917,-54,2015,CO,EEA,0.013451113675,0.00425258576666667,0.0425258576666667,Cement,115
1920,-31.584917,-54,2016,CO,EEA,0.01111000655,0.00351244193333333,0.0351244193333333,Cement,115
1921,-31.584917,-54,2017,CO,EEA,0.010331409375,0.0032662875,0.032662875,Cement,115
1922,-31.584917,-54,2018,CO,EEA,0.009941867075,0.00314313323333333,0.0314313323333333,Cement,115
1923,-31.584917,-54,2019,CO,EEA,0.01002615765,0.0031697818,0.031697818,Cement,115
1924,-31.584917,-54,2020,CO,EEA,0.0110131472,0.00348181973333333,0.0348181973333333,Cement,115
1925,-31.584917,-54,2021,CO,EEA,0.0122815968,0.0038828416,0.038828416,Cement,115
1926,-31.584917,-54,2022,CO,EEA,0.00668067615,0.0021121038,0.021121038,Cement,115
1927,-31.584917,-54,2014,NMVOCs,EEA,0.0093817875,0.00119878395833333,0.0719270375,Cement,115
1928,-31.584917,-54,2015,NMVOCs,EEA,0.0083202765,0.00106314644166667,0.0637887865,Cement,115
1929,-31.584917,-54,2016,NMVOCs,EEA,0.006872169,0.000878110483333333,0.052686629,Cement,115
1930,-31.584917,-54,2017,NMVOCs,EEA,0.0063905625,0.000816571875,0.0489943125,Cement,115
1931,-31.584917,-54,2018,NMVOCs,EEA,0.0061496085,0.000785783308333333,0.0471469985,Cement,115
1932,-31.584917,-54,2019,NMVOCs,EEA,0.006201747,0.00079244545,0.047546727,Cement,115
1933,-31.584917,-54,2020,NMVOCs,EEA,0.006812256,0.000870454933333333,0.052227296,Cement,115
1934,-31.584917,-54,2021,NMVOCs,EEA,0.007596864,0.0009707104,0.058242624,Cement,115
1935,-31.584917,-54,2022,NMVOCs,EEA,0.004132377,0.00052802595,0.031681557,Cement,115
1936,-31.584917,-54,2014,SOX,EEA,0.05847980875,0.0031272625,1.73875795,Cement,115
1937,-31.584917,-54,2015,SOX,EEA,0.05186305685,0.0027734255,1.542024578,Cement,115
1938,-31.584917,-54,2016,SOX,EEA,0.0428365201,0.002290723,1.273641988,Cement,115
1939,-31.584917,-54,2017,SOX,EEA,0.03983450625,0.0021301875,1.18438425,Cement,115
1940,-31.584917,-54,2018,SOX,EEA,0.03833255965,0.0020498695,1.139727442,Cement,115
1941,-31.584917,-54,2019,SOX,EEA,0.0386575563,0.002067249,1.149390444,Cement,115
1942,-31.584917,-54,2020,SOX,EEA,0.0424630624,0.002270752,1.262538112,Cement,115
1943,-31.584917,-54,2021,SOX,EEA,0.0473537856,0.002532288,1.407952128,Cement,115
1944,-31.584917,-54,2022,SOX,EEA,0.0257584833,0.001377459,0.765867204,Cement,115
1945,-17.008898,-50,2014,TSP,EEA,0.042051178,0.021025589,0.084102356,Cement,115
1946,-17.008898,-50,2015,TSP,EEA,0.034498932,0.017249466,0.068997864,Cement,115
1947,-17.008898,-50,2016,TSP,EEA,0.02781493,0.013907465,0.05562986,Cement,115
1948,-17.008898,-50,2017,TSP,EEA,0.038635636,0.019317818,0.077271272,Cement,115
1949,-17.008898,-50,2018,TSP,EEA,0.044609864,0.022304932,0.089219728,Cement,115
1950,-17.008898,-50,2019,TSP,EEA,0.04991233,0.024956165,0.09982466,Cement,115
1951,-17.008898,-50,2020,TSP,EEA,0.052519116,0.026259558,0.105038232,Cement,115
1952,-17.008898,-50,2021,TSP,EEA,0.05815732,0.02907866,0.11631464,Cement,115
1953,-17.008898,-50,2022,TSP,EEA,0.033263386,0.016631693,0.066526772,Cement,115
1954,-17.008898,-50,2014,PM10,EEA,0.0378460602,0.0189230301,0.0756921204,Cement,115
1955,-17.008898,-50,2015,PM10,EEA,0.0310490388,0.0155245194,0.0620980776,Cement,115
1956,-17.008898,-50,2016,PM10,EEA,0.025033437,0.0125167185,0.050066874,Cement,115
1957,-17.008898,-50,2017,PM10,EEA,0.0347720724,0.0173860362,0.0695441448,Cement,115
1958,-17.008898,-50,2018,PM10,EEA,0.0401488776,0.0200744388,0.0802977552,Cement,115
1959,-17.008898,-50,2019,PM10,EEA,0.044921097,0.0224605485,0.089842194,Cement,115
1960,-17.008898,-50,2020,PM10,EEA,0.0472672044,0.0236336022,0.0945344088,Cement,115
1961,-17.008898,-50,2021,PM10,EEA,0.052341588,0.026170794,0.104683176,Cement,115
1962,-17.008898,-50,2022,PM10,EEA,0.0299370474,0.0149685237,0.0598740948,Cement,115
1963,-17.008898,-50,2014,PM2.5,EEA,0.021025589,0.0105127945,0.042051178,Cement,115
1964,-17.008898,-50,2015,PM2.5,EEA,0.017249466,0.008624733,0.034498932,Cement,115
1965,-17.008898,-50,2016,PM2.5,EEA,0.013907465,0.0069537325,0.02781493,Cement,115
1966,-17.008898,-50,2017,PM2.5,EEA,0.019317818,0.009658909,0.038635636,Cement,115
1967,-17.008898,-50,2018,PM2.5,EEA,0.022304932,0.011152466,0.044609864,Cement,115
1968,-17.008898,-50,2019,PM2.5,EEA,0.024956165,0.0124780825,0.04991233,Cement,115
1969,-17.008898,-50,2020,PM2.5,EEA,0.026259558,0.013129779,0.052519116,Cement,115
1970,-17.008898,-50,2021,PM2.5,EEA,0.02907866,0.01453933,0.05815732,Cement,115
1971,-17.008898,-50,2022,PM2.5,EEA,0.016631693,0.0083158465,0.033263386,Cement,115
1972,-17.008898,-50,2014,BC,EEA,0.00063076767,0.0001576919175,0.00252307068,Cement,115
1973,-17.008898,-50,2015,BC,EEA,0.00051748398,0.000129370995,0.00206993592,Cement,115
1974,-17.008898,-50,2016,BC,EEA,0.00041722395,0.0001043059875,0.0016688958,Cement,115
1975,-17.008898,-50,2017,BC,EEA,0.00057953454,0.000144883635,0.00231813816,Cement,115
1976,-17.008898,-50,2018,BC,EEA,0.00066914796,0.00016728699,0.00267659184,Cement,115
1977,-17.008898,-50,2019,BC,EEA,0.00074868495,0.0001871712375,0.0029947398,Cement,115
1978,-17.008898,-50,2020,BC,EEA,0.00078778674,0.000196946685,0.00315114696,Cement,115
1979,-17.008898,-50,2021,BC,EEA,0.0008723598,0.00021808995,0.0034894392,Cement,115
1980,-17.008898,-50,2022,BC,EEA,0.00049895079,0.0001247376975,0.00199580316,Cement,115
1981,-17.008898,-50,2014,NOX,EEA,0.133809004866667,0.035581766,0.503535900666667,Cement,115
1982,-17.008898,-50,2015,NOX,EEA,0.1097773708,0.029191404,0.413102596,Cement,115
1983,-17.008898,-50,2016,NOX,EEA,0.0885085336666667,0.02353571,0.333065956666667,Cement,115
1984,-17.008898,-50,2017,NOX,EEA,0.122940575066667,0.032691692,0.462636974666667,Cement,115
1985,-17.008898,-50,2018,NOX,EEA,0.141950874933333,0.037746808,0.534174525333333,Cement,115
1986,-17.008898,-50,2019,NOX,EEA,0.158823593666667,0.04223351,0.597668156666667,Cement,115
1987,-17.008898,-50,2020,NOX,EEA,0.1671185204,0.044439252,0.628882748,Cement,115
1988,-17.008898,-50,2021,NOX,EEA,0.185059574666667,0.04921004,0.696396626666667,Cement,115
1989,-17.008898,-50,2022,NOX,EEA,0.105845800066667,0.028145942,0.398307724666667,Cement,115
1990,-17.008898,-50,2014,CO,EEA,0.0156883241,0.00495988253333333,0.0495988253333333,Cement,115
1991,-17.008898,-50,2015,CO,EEA,0.0128707554,0.0040691048,0.040691048,Cement,115
1992,-17.008898,-50,2016,CO,EEA,0.0103771085,0.00328073533333333,0.0328073533333333,Cement,115
1993,-17.008898,-50,2017,CO,EEA,0.0144140642,0.00455702373333333,0.0455702373333333,Cement,115
1994,-17.008898,-50,2018,CO,EEA,0.0166429108,0.00526167626666667,0.0526167626666667,Cement,115
1995,-17.008898,-50,2019,CO,EEA,0.0186211385,0.00588709533333333,0.0588709533333333,Cement,115
1996,-17.008898,-50,2020,CO,EEA,0.0195936702,0.0061945624,0.061945624,Cement,115
1997,-17.008898,-50,2021,CO,EEA,0.021697154,0.00685958133333333,0.0685958133333333,Cement,115
1998,-17.008898,-50,2022,CO,EEA,0.0124098017,0.00392337373333333,0.0392337373333333,Cement,115
1999,-17.008898,-50,2014,NMVOCs,EEA,0.009704118,0.00123997063333333,0.074398238,Cement,115
2000,-17.008898,-50,2015,NMVOCs,EEA,0.007961292,0.0010172762,0.061036572,Cement,115
2001,-17.008898,-50,2016,NMVOCs,EEA,0.00641883,0.000820183833333333,0.04921103,Cement,115
2002,-17.008898,-50,2017,NMVOCs,EEA,0.008915916,0.00113925593333333,0.068355356,Cement,115
2003,-17.008898,-50,2018,NMVOCs,EEA,0.010294584,0.00131541906666667,0.078925144,Cement,115
2004,-17.008898,-50,2019,NMVOCs,EEA,0.01151823,0.00147177383333333,0.08830643,Cement,115
2005,-17.008898,-50,2020,NMVOCs,EEA,0.012119796,0.0015486406,0.092918436,Cement,115
2006,-17.008898,-50,2021,NMVOCs,EEA,0.01342092,0.00171489533333333,0.10289372,Cement,115
2007,-17.008898,-50,2022,NMVOCs,EEA,0.007676166,0.000980843433333333,0.058850606,Cement,115
2008,-17.008898,-50,2014,SOX,EEA,0.0604890022,0.003234706,1.798496536,Cement,115
2009,-17.008898,-50,2015,SOX,EEA,0.0496253868,0.002653764,1.475492784,Cement,115
2010,-17.008898,-50,2016,SOX,EEA,0.040010707,0.00213961,1.18962316,Cement,115
2011,-17.008898,-50,2017,SOX,EEA,0.0555758764,0.002971972,1.652416432,Cement,115
2012,-17.008898,-50,2018,SOX,EEA,0.0641695736,0.003431528,1.907929568,Cement,115
2013,-17.008898,-50,2019,SOX,EEA,0.071796967,0.00383941,2.13471196,Cement,115
2014,-17.008898,-50,2020,SOX,EEA,0.0755467284,0.004039932,2.246202192,Cement,115
2015,-17.008898,-50,2021,SOX,EEA,0.083657068,0.00447364,2.48734384,Cement,115
2016,-17.008898,-50,2022,SOX,EEA,0.0478481014,0.002558722,1.422649432,Cement,115
2017,-23.827832,-46,2014,TSP,EEA,0.0635340745,0.03176703725,0.127068149,Cement,115
2018,-23.827832,-46,2015,TSP,EEA,0.056365998,0.028182999,0.112731996,Cement,115
2019,-23.827832,-46,2016,TSP,EEA,0.046112079,0.0230560395,0.092224158,Cement,115
2020,-23.827832,-46,2017,TSP,EEA,0.04221217,0.021106085,0.08442434,Cement,115
2021,-23.827832,-46,2018,TSP,EEA,0.0408869695,0.02044348475,0.081773939,Cement,115
2022,-23.827832,-46,2019,TSP,EEA,0.0400223785,0.02001118925,0.080044757,Cement,115
2023,-23.827832,-46,2020,TSP,EEA,0.045676982,0.022838491,0.091353964,Cement,115
2024,-23.827832,-46,2021,TSP,EEA,0.0508549275,0.02542746375,0.101709855,Cement,115
2025,-23.827832,-46,2022,TSP,EEA,0.02783014,0.01391507,0.05566028,Cement,115
2026,-23.827832,-46,2014,PM10,EEA,0.05718066705,0.028590333525,0.1143613341,Cement,115
2027,-23.827832,-46,2015,PM10,EEA,0.0507293982,0.0253646991,0.1014587964,Cement,115
2028,-23.827832,-46,2016,PM10,EEA,0.0415008711,0.02075043555,0.0830017422,Cement,115
2029,-23.827832,-46,2017,PM10,EEA,0.037990953,0.0189954765,0.075981906,Cement,115
2030,-23.827832,-46,2018,PM10,EEA,0.03679827255,0.018399136275,0.0735965451,Cement,115
2031,-23.827832,-46,2019,PM10,EEA,0.03602014065,0.018010070325,0.0720402813,Cement,115
2032,-23.827832,-46,2020,PM10,EEA,0.0411092838,0.0205546419,0.0822185676,Cement,115
2033,-23.827832,-46,2021,PM10,EEA,0.04576943475,0.022884717375,0.0915388695,Cement,115
2034,-23.827832,-46,2022,PM10,EEA,0.025047126,0.012523563,0.050094252,Cement,115
2035,-23.827832,-46,2014,PM2.5,EEA,0.03176703725,0.015883518625,0.0635340745,Cement,115
2036,-23.827832,-46,2015,PM2.5,EEA,0.028182999,0.0140914995,0.056365998,Cement,115
2037,-23.827832,-46,2016,PM2.5,EEA,0.0230560395,0.01152801975,0.046112079,Cement,115
2038,-23.827832,-46,2017,PM2.5,EEA,0.021106085,0.0105530425,0.04221217,Cement,115
2039,-23.827832,-46,2018,PM2.5,EEA,0.02044348475,0.010221742375,0.0408869695,Cement,115
2040,-23.827832,-46,2019,PM2.5,EEA,0.02001118925,0.010005594625,0.0400223785,Cement,115
2041,-23.827832,-46,2020,PM2.5,EEA,0.022838491,0.0114192455,0.045676982,Cement,115
2042,-23.827832,-46,2021,PM2.5,EEA,0.02542746375,0.012713731875,0.0508549275,Cement,115
2043,-23.827832,-46,2022,PM2.5,EEA,0.01391507,0.006957535,0.02783014,Cement,115
2044,-23.827832,-46,2014,BC,EEA,0.0009530111175,0.000238252779375,0.00381204447,Cement,115
2045,-23.827832,-46,2015,BC,EEA,0.00084548997,0.0002113724925,0.00338195988,Cement,115
2046,-23.827832,-46,2016,BC,EEA,0.000691681185,0.00017292029625,0.00276672474,Cement,115
2047,-23.827832,-46,2017,BC,EEA,0.00063318255,0.0001582956375,0.0025327302,Cement,115
2048,-23.827832,-46,2018,BC,EEA,0.0006133045425,0.000153326135625,0.00245321817,Cement,115
2049,-23.827832,-46,2019,BC,EEA,0.0006003356775,0.000150083919375,0.00240134271,Cement,115
2050,-23.827832,-46,2020,BC,EEA,0.00068515473,0.0001712886825,0.00274061892,Cement,115
2051,-23.827832,-46,2021,BC,EEA,0.0007628239125,0.000190705978125,0.00305129565,Cement,115
2052,-23.827832,-46,2022,BC,EEA,0.0004174521,0.000104363025,0.0016698084,Cement,115
2053,-23.827832,-46,2014,NOX,EEA,0.202168683216667,0.0537596015,0.760779815166667,Cement,115
2054,-23.827832,-46,2015,NOX,EEA,0.1793594962,0.047694306,0.674946694,Cement,115
2055,-23.827832,-46,2016,NOX,EEA,0.1467310001,0.039017913,0.552162587,Cement,115
2056,-23.827832,-46,2017,NOX,EEA,0.134321289666667,0.03571799,0.505463676666667,Cement,115
2057,-23.827832,-46,2018,NOX,EEA,0.130104433716667,0.0345966665,0.489595250166667,Cement,115
2058,-23.827832,-46,2019,NOX,EEA,0.127353260816667,0.0338650895,0.479242327166667,Cement,115
2059,-23.827832,-46,2020,NOX,EEA,0.145346499133333,0.038649754,0.546952579333333,Cement,115
2060,-23.827832,-46,2021,NOX,EEA,0.16182298725,0.0430310925,0.6089551575,Cement,115
2061,-23.827832,-46,2022,NOX,EEA,0.0885569326666667,0.02354858,0.333248086666667,Cement,115
2062,-23.827832,-46,2014,CO,EEA,0.023703097025,0.00749376263333333,0.0749376263333333,Cement,115
2063,-23.827832,-46,2015,CO,EEA,0.0210288531,0.0066482972,0.066482972,Cement,115
2064,-23.827832,-46,2016,CO,EEA,0.01720335255,0.0054388606,0.054388606,Cement,115
2065,-23.827832,-46,2017,CO,EEA,0.0157483865,0.00497887133333333,0.0497887133333333,Cement,115
2066,-23.827832,-46,2018,CO,EEA,0.015253984775,0.00482256563333333,0.0482256563333333,Cement,115
2067,-23.827832,-46,2019,CO,EEA,0.014931425825,0.00472058823333333,0.0472058823333333,Cement,115
2068,-23.827832,-46,2020,CO,EEA,0.0170410279,0.00538754146666667,0.0538754146666667,Cement,115
2069,-23.827832,-46,2021,CO,EEA,0.018972799875,0.0059982735,0.059982735,Cement,115
2070,-23.827832,-46,2022,CO,EEA,0.010382783,0.00328252933333333,0.0328252933333333,Cement,115
2071,-23.827832,-46,2014,NMVOCs,EEA,0.0146617095,0.00187344065833333,0.1124064395,Cement,115
2072,-23.827832,-46,2015,NMVOCs,EEA,0.013007538,0.0016620743,0.099724458,Cement,115
2073,-23.827832,-46,2016,NMVOCs,EEA,0.010641249,0.00135971515,0.081582909,Cement,115
2074,-23.827832,-46,2017,NMVOCs,EEA,0.00974127,0.00124471783333333,0.07468307,Cement,115
2075,-23.827832,-46,2018,NMVOCs,EEA,0.0094354545,0.00120564140833333,0.0723384845,Cement,115
2076,-23.827832,-46,2019,NMVOCs,EEA,0.0092359335,0.00118014705833333,0.0708088235,Cement,115
2077,-23.827832,-46,2020,NMVOCs,EEA,0.010540842,0.00134688536666667,0.080813122,Cement,115
2078,-23.827832,-46,2021,NMVOCs,EEA,0.0117357525,0.001499568375,0.0899741025,Cement,115
2079,-23.827832,-46,2022,NMVOCs,EEA,0.00642234,0.000820632333333333,0.04923794,Cement,115
2080,-23.827832,-46,2014,SOX,EEA,0.09139132255,0.0048872365,2.717303494,Cement,115
2081,-23.827832,-46,2015,SOX,EEA,0.0810803202,0.004335846,2.410730376,Cement,115
2082,-23.827832,-46,2016,SOX,EEA,0.0663304521,0.003547083,1.972178148,Cement,115
2083,-23.827832,-46,2017,SOX,EEA,0.060720583,0.00324709,1.80538204,Cement,115
2084,-23.827832,-46,2018,SOX,EEA,0.05881433305,0.0031451515,1.748704234,Cement,115
2085,-23.827832,-46,2019,SOX,EEA,0.05757065215,0.0030786445,1.711726342,Cement,115
2086,-23.827832,-46,2020,SOX,EEA,0.0657045818,0.003513614,1.953569384,Cement,115
2087,-23.827832,-46,2021,SOX,EEA,0.07315285725,0.0039119175,2.17502613,Cement,115
2088,-23.827832,-46,2022,SOX,EEA,0.040032586,0.00214078,1.19027368,Cement,115
2089,-21.193017,-45,2014,TSP,EEA,0.082756201125,0.0413781005625,0.16551240225,Cement,115
2090,-21.193017,-45,2015,TSP,EEA,0.07312660875,0.036563304375,0.1462532175,Cement,115
2091,-21.193017,-45,2016,TSP,EEA,0.064476091875,0.0322380459375,0.12895218375,Cement,115
2092,-21.193017,-45,2017,TSP,EEA,0.06276489375,0.031382446875,0.1255297875,Cement,115
2093,-21.193017,-45,2018,TSP,EEA,0.06725777175,0.033628885875,0.1345155435,Cement,115
2094,-21.193017,-45,2019,TSP,EEA,0.07761114075,0.038805570375,0.1552222815,Cement,115
2095,-21.193017,-45,2020,TSP,EEA,0.077748177,0.0388740885,0.155496354,Cement,115
2096,-21.193017,-45,2021,TSP,EEA,0.08144544525,0.040722722625,0.1628908905,Cement,115
2097,-21.193017,-45,2022,TSP,EEA,0.045064183125,0.0225320915625,0.09012836625,Cement,115
2098,-21.193017,-45,2014,PM10,EEA,0.0744805810125,0.03724029050625,0.148961162025,Cement,115
2099,-21.193017,-45,2015,PM10,EEA,0.065813947875,0.0329069739375,0.13162789575,Cement,115
2100,-21.193017,-45,2016,PM10,EEA,0.0580284826875,0.02901424134375,0.116056965375,Cement,115
2101,-21.193017,-45,2017,PM10,EEA,0.056488404375,0.0282442021875,0.11297680875,Cement,115
2102,-21.193017,-45,2018,PM10,EEA,0.060531994575,0.0302659972875,0.12106398915,Cement,115
2103,-21.193017,-45,2019,PM10,EEA,0.069850026675,0.0349250133375,0.13970005335,Cement,115
2104,-21.193017,-45,2020,PM10,EEA,0.0699733593,0.03498667965,0.1399467186,Cement,115
2105,-21.193017,-45,2021,PM10,EEA,0.073300900725,0.0366504503625,0.14660180145,Cement,115
2106,-21.193017,-45,2022,PM10,EEA,0.0405577648125,0.02027888240625,0.081115529625,Cement,115
2107,-21.193017,-45,2014,PM2.5,EEA,0.0413781005625,0.02068905028125,0.082756201125,Cement,115
2108,-21.193017,-45,2015,PM2.5,EEA,0.036563304375,0.0182816521875,0.07312660875,Cement,115
2109,-21.193017,-45,2016,PM2.5,EEA,0.0322380459375,0.01611902296875,0.064476091875,Cement,115
2110,-21.193017,-45,2017,PM2.5,EEA,0.031382446875,0.0156912234375,0.06276489375,Cement,115
2111,-21.193017,-45,2018,PM2.5,EEA,0.033628885875,0.0168144429375,0.06725777175,Cement,115
2112,-21.193017,-45,2019,PM2.5,EEA,0.038805570375,0.0194027851875,0.07761114075,Cement,115
2113,-21.193017,-45,2020,PM2.5,EEA,0.0388740885,0.01943704425,0.077748177,Cement,115
2114,-21.193017,-45,2021,PM2.5,EEA,0.040722722625,0.0203613613125,0.08144544525,Cement,115
2115,-21.193017,-45,2022,PM2.5,EEA,0.0225320915625,0.01126604578125,0.045064183125,Cement,115
2116,-21.193017,-45,2014,BC,EEA,0.001241343016875,0.00031033575421875,0.0049653720675,Cement,115
2117,-21.193017,-45,2015,BC,EEA,0.00109689913125,0.0002742247828125,0.004387596525,Cement,115
2118,-21.193017,-45,2016,BC,EEA,0.000967141378125,0.00024178534453125,0.0038685655125,Cement,115
2119,-21.193017,-45,2017,BC,EEA,0.00094147340625,0.0002353683515625,0.003765893625,Cement,115
2120,-21.193017,-45,2018,BC,EEA,0.00100886657625,0.0002522166440625,0.004035466305,Cement,115
2121,-21.193017,-45,2019,BC,EEA,0.00116416711125,0.0002910417778125,0.004656668445,Cement,115
2122,-21.193017,-45,2020,BC,EEA,0.001166222655,0.00029155566375,0.00466489062,Cement,115
2123,-21.193017,-45,2021,BC,EEA,0.00122168167875,0.0003054204196875,0.004886726715,Cement,115
2124,-21.193017,-45,2022,BC,EEA,0.000675962746875,0.00016899068671875,0.0027038509875,Cement,115
2125,-21.193017,-45,2014,NOX,EEA,0.2633344758875,0.070024477875,0.990952459625,Cement,115
2126,-21.193017,-45,2015,NOX,EEA,0.232692619125,0.06187636125,0.87564426375,Cement,115
2127,-21.193017,-45,2016,NOX,EEA,0.2051662308125,0.054556693125,0.772059869375,Cement,115
2128,-21.193017,-45,2017,NOX,EEA,0.199721110625,0.05310875625,0.75156936875,Cement,115
2129,-21.193017,-45,2018,NOX,EEA,0.214017678825,0.05691042225,0.80536870275,Cement,115
2130,-21.193017,-45,2019,NOX,EEA,0.246962629925,0.06567096525,0.92934365975,Cement,115
2131,-21.193017,-45,2020,NOX,EEA,0.2473986863,0.065786919,0.930984581,Cement,115
2132,-21.193017,-45,2021,NOX,EEA,0.259163583475,0.06891537675,0.97525699825,Cement,115
2133,-21.193017,-45,2022,NOX,EEA,0.1433965416875,0.038131231875,0.539614705625,Cement,115
2134,-21.193017,-45,2014,CO,EEA,0.03087442888125,0.009760987825,0.09760987825,Cement,115
2135,-21.193017,-45,2015,CO,EEA,0.0272818501875,0.00862518975,0.0862518975,Cement,115
2136,-21.193017,-45,2016,CO,EEA,0.02405454196875,0.007604872375,0.07604872375,Cement,115
2137,-21.193017,-45,2017,CO,EEA,0.0234161334375,0.00740303875,0.0740303875,Cement,115
2138,-21.193017,-45,2018,CO,EEA,0.0250923225375,0.00793296795,0.0793296795,Cement,115
2139,-21.193017,-45,2019,CO,EEA,0.0289549255875,0.00915413455,0.0915413455,Cement,115
2140,-21.193017,-45,2020,CO,EEA,0.02900605065,0.0091702978,0.091702978,Cement,115
2141,-21.193017,-45,2021,CO,EEA,0.0303854161125,0.00960638585,0.0960638585,Cement,115
2142,-21.193017,-45,2022,CO,EEA,0.01681240678125,0.005315262625,0.05315262625,Cement,115
2143,-21.193017,-45,2014,NMVOCs,EEA,0.019097584875,0.00244024695625,0.146414817375,Cement,115
2144,-21.193017,-45,2015,NMVOCs,EEA,0.01687537125,0.0021562974375,0.12937784625,Cement,115
2145,-21.193017,-45,2016,NMVOCs,EEA,0.014879098125,0.00190121809375,0.114073085625,Cement,115
2146,-21.193017,-45,2017,NMVOCs,EEA,0.01448420625,0.0018507596875,0.11104558125,Cement,115
2147,-21.193017,-45,2018,NMVOCs,EEA,0.01552102425,0.0019832419875,0.11899451925,Cement,115
2148,-21.193017,-45,2019,NMVOCs,EEA,0.01791026325,0.0022885336375,0.13731201825,Cement,115
2149,-21.193017,-45,2020,NMVOCs,EEA,0.017941887,0.00229257445,0.137554467,Cement,115
2150,-21.193017,-45,2021,NMVOCs,EEA,0.01879510275,0.0024015964625,0.14409578775,Cement,115
2151,-21.193017,-45,2022,NMVOCs,EEA,0.010399426875,0.00132881565625,0.079728939375,Cement,115
2152,-21.193017,-45,2014,SOX,EEA,0.1190416123875,0.006365861625,3.5394190635,Cement,115
2153,-21.193017,-45,2015,SOX,EEA,0.105189814125,0.00562512375,3.127568805,Cement,115
2154,-21.193017,-45,2016,SOX,EEA,0.0927463783125,0.004959699375,2.7575928525,Cement,115
2155,-21.193017,-45,2017,SOX,EEA,0.090284885625,0.00482806875,2.684406225,Cement,115
2156,-21.193017,-45,2018,SOX,EEA,0.096747717825,0.00517367475,2.876563161,Cement,115
2157,-21.193017,-45,2019,SOX,EEA,0.111640640925,0.00597008775,3.319368789,Cement,115
2158,-21.193017,-45,2020,SOX,EEA,0.1118377623,0.005980629,3.325229724,Cement,115
2159,-21.193017,-45,2021,SOX,EEA,0.117156140475,0.00626503425,3.483359043,Cement,115
2160,-21.193017,-45,2022,SOX,EEA,0.0648230941875,0.003466475625,1.9273604475,Cement,115
2161,-23.272865,-46,2014,TSP,EEA,0.0635340745,0.03176703725,0.127068149,Cement,115
2162,-23.272865,-46,2015,TSP,EEA,0.056365998,0.028182999,0.112731996,Cement,115
2163,-23.272865,-46,2016,TSP,EEA,0.046112079,0.0230560395,0.092224158,Cement,115
2164,-23.272865,-46,2017,TSP,EEA,0.04221217,0.021106085,0.08442434,Cement,115
2165,-23.272865,-46,2018,TSP,EEA,0.0408869695,0.02044348475,0.081773939,Cement,115
2166,-23.272865,-46,2019,TSP,EEA,0.0400223785,0.02001118925,0.080044757,Cement,115
2167,-23.272865,-46,2020,TSP,EEA,0.045676982,0.022838491,0.091353964,Cement,115
2168,-23.272865,-46,2021,TSP,EEA,0.0508549275,0.02542746375,0.101709855,Cement,115
2169,-23.272865,-46,2022,TSP,EEA,0.02783014,0.01391507,0.05566028,Cement,115
2170,-23.272865,-46,2014,PM10,EEA,0.05718066705,0.028590333525,0.1143613341,Cement,115
2171,-23.272865,-46,2015,PM10,EEA,0.0507293982,0.0253646991,0.1014587964,Cement,115
2172,-23.272865,-46,2016,PM10,EEA,0.0415008711,0.02075043555,0.0830017422,Cement,115
2173,-23.272865,-46,2017,PM10,EEA,0.037990953,0.0189954765,0.075981906,Cement,115
2174,-23.272865,-46,2018,PM10,EEA,0.03679827255,0.018399136275,0.0735965451,Cement,115
2175,-23.272865,-46,2019,PM10,EEA,0.03602014065,0.018010070325,0.0720402813,Cement,115
2176,-23.272865,-46,2020,PM10,EEA,0.0411092838,0.0205546419,0.0822185676,Cement,115
2177,-23.272865,-46,2021,PM10,EEA,0.04576943475,0.022884717375,0.0915388695,Cement,115
2178,-23.272865,-46,2022,PM10,EEA,0.025047126,0.012523563,0.050094252,Cement,115
2179,-23.272865,-46,2014,PM2.5,EEA,0.03176703725,0.015883518625,0.0635340745,Cement,115
2180,-23.272865,-46,2015,PM2.5,EEA,0.028182999,0.0140914995,0.056365998,Cement,115
2181,-23.272865,-46,2016,PM2.5,EEA,0.0230560395,0.01152801975,0.046112079,Cement,115
2182,-23.272865,-46,2017,PM2.5,EEA,0.021106085,0.0105530425,0.04221217,Cement,115
2183,-23.272865,-46,2018,PM2.5,EEA,0.02044348475,0.010221742375,0.0408869695,Cement,115
2184,-23.272865,-46,2019,PM2.5,EEA,0.02001118925,0.010005594625,0.0400223785,Cement,115
2185,-23.272865,-46,2020,PM2.5,EEA,0.022838491,0.0114192455,0.045676982,Cement,115
2186,-23.272865,-46,2021,PM2.5,EEA,0.02542746375,0.012713731875,0.0508549275,Cement,115
2187,-23.272865,-46,2022,PM2.5,EEA,0.01391507,0.006957535,0.02783014,Cement,115
2188,-23.272865,-46,2014,BC,EEA,0.0009530111175,0.000238252779375,0.00381204447,Cement,115
2189,-23.272865,-46,2015,BC,EEA,0.00084548997,0.0002113724925,0.00338195988,Cement,115
2190,-23.272865,-46,2016,BC,EEA,0.000691681185,0.00017292029625,0.00276672474,Cement,115
2191,-23.272865,-46,2017,BC,EEA,0.00063318255,0.0001582956375,0.0025327302,Cement,115
2192,-23.272865,-46,2018,BC,EEA,0.0006133045425,0.000153326135625,0.00245321817,Cement,115
2193,-23.272865,-46,2019,BC,EEA,0.0006003356775,0.000150083919375,0.00240134271,Cement,115
2194,-23.272865,-46,2020,BC,EEA,0.00068515473,0.0001712886825,0.00274061892,Cement,115
2195,-23.272865,-46,2021,BC,EEA,0.0007628239125,0.000190705978125,0.00305129565,Cement,115
2196,-23.272865,-46,2022,BC,EEA,0.0004174521,0.000104363025,0.0016698084,Cement,115
2197,-23.272865,-46,2014,NOX,EEA,0.202168683216667,0.0537596015,0.760779815166667,Cement,115
2198,-23.272865,-46,2015,NOX,EEA,0.1793594962,0.047694306,0.674946694,Cement,115
2199,-23.272865,-46,2016,NOX,EEA,0.1467310001,0.039017913,0.552162587,Cement,115
2200,-23.272865,-46,2017,NOX,EEA,0.134321289666667,0.03571799,0.505463676666667,Cement,115
2201,-23.272865,-46,2018,NOX,EEA,0.130104433716667,0.0345966665,0.489595250166667,Cement,115
2202,-23.272865,-46,2019,NOX,EEA,0.127353260816667,0.0338650895,0.479242327166667,Cement,115
2203,-23.272865,-46,2020,NOX,EEA,0.145346499133333,0.038649754,0.546952579333333,Cement,115
2204,-23.272865,-46,2021,NOX,EEA,0.16182298725,0.0430310925,0.6089551575,Cement,115
2205,-23.272865,-46,2022,NOX,EEA,0.0885569326666667,0.02354858,0.333248086666667,Cement,115
2206,-23.272865,-46,2014,CO,EEA,0.023703097025,0.00749376263333333,0.0749376263333333,Cement,115
2207,-23.272865,-46,2015,CO,EEA,0.0210288531,0.0066482972,0.066482972,Cement,115
2208,-23.272865,-46,2016,CO,EEA,0.01720335255,0.0054388606,0.054388606,Cement,115
2209,-23.272865,-46,2017,CO,EEA,0.0157483865,0.00497887133333333,0.0497887133333333,Cement,115
2210,-23.272865,-46,2018,CO,EEA,0.015253984775,0.00482256563333333,0.0482256563333333,Cement,115
2211,-23.272865,-46,2019,CO,EEA,0.014931425825,0.00472058823333333,0.0472058823333333,Cement,115
2212,-23.272865,-46,2020,CO,EEA,0.0170410279,0.00538754146666667,0.0538754146666667,Cement,115
2213,-23.272865,-46,2021,CO,EEA,0.018972799875,0.0059982735,0.059982735,Cement,115
2214,-23.272865,-46,2022,CO,EEA,0.010382783,0.00328252933333333,0.0328252933333333,Cement,115
2215,-23.272865,-46,2014,NMVOCs,EEA,0.0146617095,0.00187344065833333,0.1124064395,Cement,115
2216,-23.272865,-46,2015,NMVOCs,EEA,0.013007538,0.0016620743,0.099724458,Cement,115
2217,-23.272865,-46,2016,NMVOCs,EEA,0.010641249,0.00135971515,0.081582909,Cement,115
2218,-23.272865,-46,2017,NMVOCs,EEA,0.00974127,0.00124471783333333,0.07468307,Cement,115
2219,-23.272865,-46,2018,NMVOCs,EEA,0.0094354545,0.00120564140833333,0.0723384845,Cement,115
2220,-23.272865,-46,2019,NMVOCs,EEA,0.0092359335,0.00118014705833333,0.0708088235,Cement,115
2221,-23.272865,-46,2020,NMVOCs,EEA,0.010540842,0.00134688536666667,0.080813122,Cement,115
2222,-23.272865,-46,2021,NMVOCs,EEA,0.0117357525,0.001499568375,0.0899741025,Cement,115
2223,-23.272865,-46,2022,NMVOCs,EEA,0.00642234,0.000820632333333333,0.04923794,Cement,115
2224,-23.272865,-46,2014,SOX,EEA,0.09139132255,0.0048872365,2.717303494,Cement,115
2225,-23.272865,-46,2015,SOX,EEA,0.0810803202,0.004335846,2.410730376,Cement,115
2226,-23.272865,-46,2016,SOX,EEA,0.0663304521,0.003547083,1.972178148,Cement,115
2227,-23.272865,-46,2017,SOX,EEA,0.060720583,0.00324709,1.80538204,Cement,115
2228,-23.272865,-46,2018,SOX,EEA,0.05881433305,0.0031451515,1.748704234,Cement,115
2229,-23.272865,-46,2019,SOX,EEA,0.05757065215,0.0030786445,1.711726342,Cement,115
2230,-23.272865,-46,2020,SOX,EEA,0.0657045818,0.003513614,1.953569384,Cement,115
2231,-23.272865,-46,2021,SOX,EEA,0.07315285725,0.0039119175,2.17502613,Cement,115
2232,-23.272865,-46,2022,SOX,EEA,0.040032586,0.00214078,1.19027368,Cement,115
2233,-7.127164,-35,2014,TSP,EEA,0.0453024303333333,0.0226512151666667,0.0906048606666667,Cement,115
2234,-7.127164,-35,2015,TSP,EEA,0.0401007208333333,0.0200503604166667,0.0802014416666667,Cement,115
2235,-7.127164,-35,2016,TSP,EEA,0.0483121946666667,0.0241560973333333,0.0966243893333333,Cement,115
2236,-7.127164,-35,2017,TSP,EEA,0.0481356113333333,0.0240678056666667,0.0962712226666667,Cement,115
2237,-7.127164,-35,2018,TSP,EEA,0.049381046,0.024690523,0.098762092,Cement,115
2238,-7.127164,-35,2019,TSP,EEA,0.058776666,0.029388333,0.117553332,Cement,115
2239,-7.127164,-35,2020,TSP,EEA,0.0685582625,0.03427913125,0.137116525,Cement,115
2240,-7.127164,-35,2021,TSP,EEA,0.0726287315,0.03631436575,0.145257463,Cement,115
2241,-7.127164,-35,2022,TSP,EEA,0.0409144601666667,0.0204572300833333,0.0818289203333333,Cement,115
2242,-7.127164,-35,2014,PM10,EEA,0.0407721873,0.02038609365,0.0815443746,Cement,115
2243,-7.127164,-35,2015,PM10,EEA,0.03609064875,0.018045324375,0.0721812975,Cement,115
2244,-7.127164,-35,2016,PM10,EEA,0.0434809752,0.0217404876,0.0869619504,Cement,115
2245,-7.127164,-35,2017,PM10,EEA,0.0433220502,0.0216610251,0.0866441004,Cement,115
2246,-7.127164,-35,2018,PM10,EEA,0.0444429414,0.0222214707,0.0888858828,Cement,115
2247,-7.127164,-35,2019,PM10,EEA,0.0528989994,0.0264494997,0.1057979988,Cement,115
2248,-7.127164,-35,2020,PM10,EEA,0.06170243625,0.030851218125,0.1234048725,Cement,115
2249,-7.127164,-35,2021,PM10,EEA,0.06536585835,0.032682929175,0.1307317167,Cement,115
2250,-7.127164,-35,2022,PM10,EEA,0.03682301415,0.018411507075,0.0736460283,Cement,115
2251,-7.127164,-35,2014,PM2.5,EEA,0.0226512151666667,0.0113256075833333,0.0453024303333333,Cement,115
2252,-7.127164,-35,2015,PM2.5,EEA,0.0200503604166667,0.0100251802083333,0.0401007208333333,Cement,115
2253,-7.127164,-35,2016,PM2.5,EEA,0.0241560973333333,0.0120780486666667,0.0483121946666667,Cement,115
2254,-7.127164,-35,2017,PM2.5,EEA,0.0240678056666667,0.0120339028333333,0.0481356113333333,Cement,115
2255,-7.127164,-35,2018,PM2.5,EEA,0.024690523,0.0123452615,0.049381046,Cement,115
2256,-7.127164,-35,2019,PM2.5,EEA,0.029388333,0.0146941665,0.058776666,Cement,115
2257,-7.127164,-35,2020,PM2.5,EEA,0.03427913125,0.017139565625,0.0685582625,Cement,115
2258,-7.127164,-35,2021,PM2.5,EEA,0.03631436575,0.018157182875,0.0726287315,Cement,115
2259,-7.127164,-35,2022,PM2.5,EEA,0.0204572300833333,0.0102286150416667,0.0409144601666667,Cement,115
2260,-7.127164,-35,2014,BC,EEA,0.000679536455,0.00016988411375,0.00271814582,Cement,115
2261,-7.127164,-35,2015,BC,EEA,0.0006015108125,0.000150377703125,0.00240604325,Cement,115
2262,-7.127164,-35,2016,BC,EEA,0.00072468292,0.00018117073,0.00289873168,Cement,115
2263,-7.127164,-35,2017,BC,EEA,0.00072203417,0.0001805085425,0.00288813668,Cement,115
2264,-7.127164,-35,2018,BC,EEA,0.00074071569,0.0001851789225,0.00296286276,Cement,115
2265,-7.127164,-35,2019,BC,EEA,0.00088164999,0.0002204124975,0.00352659996,Cement,115
2266,-7.127164,-35,2020,BC,EEA,0.0010283739375,0.000257093484375,0.00411349575,Cement,115
2267,-7.127164,-35,2021,BC,EEA,0.0010894309725,0.000272357743125,0.00435772389,Cement,115
2268,-7.127164,-35,2022,BC,EEA,0.0006137169025,0.000153429225625,0.00245486761,Cement,115
2269,-7.127164,-35,2014,NOX,EEA,0.144154656522222,0.0383328256666667,0.542467563222222,Cement,115
2270,-7.127164,-35,2015,NOX,EEA,0.127602550138889,0.0339313791666667,0.480180426388889,Cement,115
2271,-7.127164,-35,2016,NOX,EEA,0.153731880977778,0.0408795493333333,0.578507561777778,Cement,115
2272,-7.127164,-35,2017,NOX,EEA,0.153169983755556,0.0407301326666667,0.576393089555556,Cement,115
2273,-7.127164,-35,2018,NOX,EEA,0.157133020733333,0.041783962,0.591306371333333,Cement,115
2274,-7.127164,-35,2019,NOX,EEA,0.1870303654,0.049734102,0.703812898,Cement,115
2275,-7.127164,-35,2020,NOX,EEA,0.218155907083333,0.0580108375,0.820941245833333,Cement,115
2276,-7.127164,-35,2021,NOX,EEA,0.231108348183333,0.0614550805,0.869682502833333,Cement,115
2277,-7.127164,-35,2022,NOX,EEA,0.130191910427778,0.0346199278333333,0.489924433277778,Cement,115
2278,-7.127164,-35,2014,CO,EEA,0.0169012913166667,0.00534336357777778,0.0534336357777778,Cement,115
2279,-7.127164,-35,2015,CO,EEA,0.0149606535416667,0.00472982861111111,0.0472982861111111,Cement,115
2280,-7.127164,-35,2016,CO,EEA,0.0180241649333333,0.00569836142222222,0.0569836142222222,Cement,115
2281,-7.127164,-35,2017,CO,EEA,0.0179582857666667,0.00567753364444444,0.0567753364444444,Cement,115
2282,-7.127164,-35,2018,CO,EEA,0.0184229287,0.00582443106666667,0.0582443106666667,Cement,115
2283,-7.127164,-35,2019,CO,EEA,0.0219282177,0.0069326324,0.069326324,Cement,115
2284,-7.127164,-35,2020,CO,EEA,0.025577505625,0.00808635916666667,0.0808635916666667,Cement,115
2285,-7.127164,-35,2021,CO,EEA,0.027096103675,0.00856646576666666,0.0856646576666667,Cement,115
2286,-7.127164,-35,2022,CO,EEA,0.0152642409083333,0.00482580812222222,0.0482580812222222,Cement,115
2287,-7.127164,-35,2014,NMVOCs,EEA,0.010454407,0.00133584089444444,0.0801504536666667,Cement,115
2288,-7.127164,-35,2015,NMVOCs,EEA,0.0092540125,0.00118245715277778,0.0709474291666667,Cement,115
2289,-7.127164,-35,2016,NMVOCs,EEA,0.011148968,0.00142459035555556,0.0854754213333333,Cement,115
2290,-7.127164,-35,2017,NMVOCs,EEA,0.011108218,0.00141938341111111,0.0851630046666667,Cement,115
2291,-7.127164,-35,2018,NMVOCs,EEA,0.011395626,0.00145610776666667,0.087366466,Cement,115
2292,-7.127164,-35,2019,NMVOCs,EEA,0.013563846,0.0017331581,0.103989486,Cement,115
2293,-7.127164,-35,2020,NMVOCs,EEA,0.0158211375,0.00202158979166667,0.1212953875,Cement,115
2294,-7.127164,-35,2021,NMVOCs,EEA,0.0167604765,0.00214161644166667,0.1284969865,Cement,115
2295,-7.127164,-35,2022,NMVOCs,EEA,0.0094417985,0.00120645203055556,0.0723871218333333,Cement,115
2296,-7.127164,-35,2014,SOX,EEA,0.0651658036333333,0.00348480233333333,1.93755009733333,Cement,115
2297,-7.127164,-35,2015,SOX,EEA,0.0576833445833333,0.00308467083333333,1.71507698333333,Cement,115
2298,-7.127164,-35,2016,SOX,EEA,0.0694952338666667,0.00371632266666667,2.06627540266667,Cement,115
2299,-7.127164,-35,2017,SOX,EEA,0.0692412255333333,0.00370273933333333,2.05872306933333,Cement,115
2300,-7.127164,-35,2018,SOX,EEA,0.0710327354,0.003798542,2.111989352,Cement,115
2301,-7.127164,-35,2019,SOX,EEA,0.0845479734,0.004521282,2.513832792,Cement,115
2302,-7.127164,-35,2020,SOX,EEA,0.09861842375,0.0052737125,2.93218415,Cement,115
2303,-7.127164,-35,2021,SOX,EEA,0.10447363685,0.0055868255,3.106274978,Cement,115
2304,-7.127164,-35,2022,SOX,EEA,0.0588538773166667,0.00314726616666667,1.74987998866667,Cement,115
2305,-29.924917,-51,2014,TSP,EEA,0.0406544125,0.02032720625,0.081308825,Cement,115
2306,-29.924917,-51,2015,TSP,EEA,0.0360545315,0.01802726575,0.072109063,Cement,115
2307,-29.924917,-51,2016,TSP,EEA,0.029779399,0.0148896995,0.059558798,Cement,115
2308,-29.924917,-51,2017,TSP,EEA,0.0276924375,0.01384621875,0.055384875,Cement,115
2309,-29.924917,-51,2018,TSP,EEA,0.0266483035,0.01332415175,0.053296607,Cement,115
2310,-29.924917,-51,2019,TSP,EEA,0.026874237,0.0134371185,0.053748474,Cement,115
2311,-29.924917,-51,2020,TSP,EEA,0.029519776,0.014759888,0.059039552,Cement,115
2312,-29.924917,-51,2021,TSP,EEA,0.032919744,0.016459872,0.065839488,Cement,115
2313,-29.924917,-51,2022,TSP,EEA,0.017906967,0.0089534835,0.035813934,Cement,115
2314,-29.924917,-51,2014,PM10,EEA,0.03658897125,0.018294485625,0.0731779425,Cement,115
2315,-29.924917,-51,2015,PM10,EEA,0.03244907835,0.016224539175,0.0648981567,Cement,115
2316,-29.924917,-51,2016,PM10,EEA,0.0268014591,0.01340072955,0.0536029182,Cement,115
2317,-29.924917,-51,2017,PM10,EEA,0.02492319375,0.012461596875,0.0498463875,Cement,115
2318,-29.924917,-51,2018,PM10,EEA,0.02398347315,0.011991736575,0.0479669463,Cement,115
2319,-29.924917,-51,2019,PM10,EEA,0.0241868133,0.01209340665,0.0483736266,Cement,115
2320,-29.924917,-51,2020,PM10,EEA,0.0265677984,0.0132838992,0.0531355968,Cement,115
2321,-29.924917,-51,2021,PM10,EEA,0.0296277696,0.0148138848,0.0592555392,Cement,115
2322,-29.924917,-51,2022,PM10,EEA,0.0161162703,0.00805813515,0.0322325406,Cement,115
2323,-29.924917,-51,2014,PM2.5,EEA,0.02032720625,0.010163603125,0.0406544125,Cement,115
2324,-29.924917,-51,2015,PM2.5,EEA,0.01802726575,0.009013632875,0.0360545315,Cement,115
2325,-29.924917,-51,2016,PM2.5,EEA,0.0148896995,0.00744484975,0.029779399,Cement,115
2326,-29.924917,-51,2017,PM2.5,EEA,0.01384621875,0.006923109375,0.0276924375,Cement,115
2327,-29.924917,-51,2018,PM2.5,EEA,0.01332415175,0.006662075875,0.0266483035,Cement,115
2328,-29.924917,-51,2019,PM2.5,EEA,0.0134371185,0.00671855925,0.026874237,Cement,115
2329,-29.924917,-51,2020,PM2.5,EEA,0.014759888,0.007379944,0.029519776,Cement,115
2330,-29.924917,-51,2021,PM2.5,EEA,0.016459872,0.008229936,0.032919744,Cement,115
2331,-29.924917,-51,2022,PM2.5,EEA,0.0089534835,0.00447674175,0.017906967,Cement,115
2332,-29.924917,-51,2014,BC,EEA,0.0006098161875,0.000152454046875,0.00243926475,Cement,115
2333,-29.924917,-51,2015,BC,EEA,0.0005408179725,0.000135204493125,0.00216327189,Cement,115
2334,-29.924917,-51,2016,BC,EEA,0.000446690985,0.00011167274625,0.00178676394,Cement,115
2335,-29.924917,-51,2017,BC,EEA,0.0004153865625,0.000103846640625,0.00166154625,Cement,115
2336,-29.924917,-51,2018,BC,EEA,0.0003997245525,9.9931138125e-05,0.00159889821,Cement,115
2337,-29.924917,-51,2019,BC,EEA,0.000403113555,0.00010077838875,0.00161245422,Cement,115
2338,-29.924917,-51,2020,BC,EEA,0.00044279664,0.00011069916,0.00177118656,Cement,115
2339,-29.924917,-51,2021,BC,EEA,0.00049379616,0.00012344904,0.00197518464,Cement,115
2340,-29.924917,-51,2022,BC,EEA,0.000268604505,6.715112625e-05,0.00107441802,Cement,115
2341,-29.924917,-51,2014,NOX,EEA,0.129364425416667,0.0343998875,0.486810529166667,Cement,115
2342,-29.924917,-51,2015,NOX,EEA,0.114727368183333,0.0305076805,0.431729902833333,Cement,115
2343,-29.924917,-51,2016,NOX,EEA,0.0947595747666667,0.025197953,0.356589213666667,Cement,115
2344,-29.924917,-51,2017,NOX,EEA,0.08811875625,0.0234320625,0.3315991875,Cement,115
2345,-29.924917,-51,2018,NOX,EEA,0.0847962683166667,0.0225485645,0.319096352166667,Cement,115
2346,-29.924917,-51,2019,NOX,EEA,0.0855152003,0.022739739,0.321801761,Cement,115
2347,-29.924917,-51,2020,NOX,EEA,0.0939334410666667,0.024978272,0.353480394666667,Cement,115
2348,-29.924917,-51,2021,NOX,EEA,0.1047523136,0.027855168,0.394192832,Cement,115
2349,-29.924917,-51,2022,NOX,EEA,0.0569808873,0.015152049,0.214424451,Cement,115
2350,-29.924917,-51,2014,CO,EEA,0.015167223125,0.00479513583333333,0.0479513583333333,Cement,115
2351,-29.924917,-51,2015,CO,EEA,0.013451113675,0.00425258576666667,0.0425258576666667,Cement,115
2352,-29.924917,-51,2016,CO,EEA,0.01111000655,0.00351244193333333,0.0351244193333333,Cement,115
2353,-29.924917,-51,2017,CO,EEA,0.010331409375,0.0032662875,0.032662875,Cement,115
2354,-29.924917,-51,2018,CO,EEA,0.009941867075,0.00314313323333333,0.0314313323333333,Cement,115
2355,-29.924917,-51,2019,CO,EEA,0.01002615765,0.0031697818,0.031697818,Cement,115
2356,-29.924917,-51,2020,CO,EEA,0.0110131472,0.00348181973333333,0.0348181973333333,Cement,115
2357,-29.924917,-51,2021,CO,EEA,0.0122815968,0.0038828416,0.038828416,Cement,115
2358,-29.924917,-51,2022,CO,EEA,0.00668067615,0.0021121038,0.021121038,Cement,115
2359,-29.924917,-51,2014,NMVOCs,EEA,0.0093817875,0.00119878395833333,0.0719270375,Cement,115
2360,-29.924917,-51,2015,NMVOCs,EEA,0.0083202765,0.00106314644166667,0.0637887865,Cement,115
2361,-29.924917,-51,2016,NMVOCs,EEA,0.006872169,0.000878110483333333,0.052686629,Cement,115
2362,-29.924917,-51,2017,NMVOCs,EEA,0.0063905625,0.000816571875,0.0489943125,Cement,115
2363,-29.924917,-51,2018,NMVOCs,EEA,0.0061496085,0.000785783308333333,0.0471469985,Cement,115
2364,-29.924917,-51,2019,NMVOCs,EEA,0.006201747,0.00079244545,0.047546727,Cement,115
2365,-29.924917,-51,2020,NMVOCs,EEA,0.006812256,0.000870454933333333,0.052227296,Cement,115
2366,-29.924917,-51,2021,NMVOCs,EEA,0.007596864,0.0009707104,0.058242624,Cement,115
2367,-29.924917,-51,2022,NMVOCs,EEA,0.004132377,0.00052802595,0.031681557,Cement,115
2368,-29.924917,-51,2014,SOX,EEA,0.05847980875,0.0031272625,1.73875795,Cement,115
2369,-29.924917,-51,2015,SOX,EEA,0.05186305685,0.0027734255,1.542024578,Cement,115
2370,-29.924917,-51,2016,SOX,EEA,0.0428365201,0.002290723,1.273641988,Cement,115
2371,-29.924917,-51,2017,SOX,EEA,0.03983450625,0.0021301875,1.18438425,Cement,115
2372,-29.924917,-51,2018,SOX,EEA,0.03833255965,0.0020498695,1.139727442,Cement,115
2373,-29.924917,-51,2019,SOX,EEA,0.0386575563,0.002067249,1.149390444,Cement,115
2374,-29.924917,-51,2020,SOX,EEA,0.0424630624,0.002270752,1.262538112,Cement,115
2375,-29.924917,-51,2021,SOX,EEA,0.0473537856,0.002532288,1.407952128,Cement,115
2376,-29.924917,-51,2022,SOX,EEA,0.0257584833,0.001377459,0.765867204,Cement,115
2377,-19.627601,-44,2014,TSP,EEA,0.082756201125,0.0413781005625,0.16551240225,Cement,115
2378,-19.627601,-44,2015,TSP,EEA,0.07312660875,0.036563304375,0.1462532175,Cement,115
2379,-19.627601,-44,2016,TSP,EEA,0.064476091875,0.0322380459375,0.12895218375,Cement,115
2380,-19.627601,-44,2017,TSP,EEA,0.06276489375,0.031382446875,0.1255297875,Cement,115
2381,-19.627601,-44,2018,TSP,EEA,0.06725777175,0.033628885875,0.1345155435,Cement,115
2382,-19.627601,-44,2019,TSP,EEA,0.07761114075,0.038805570375,0.1552222815,Cement,115
2383,-19.627601,-44,2020,TSP,EEA,0.077748177,0.0388740885,0.155496354,Cement,115
2384,-19.627601,-44,2021,TSP,EEA,0.08144544525,0.040722722625,0.1628908905,Cement,115
2385,-19.627601,-44,2022,TSP,EEA,0.045064183125,0.0225320915625,0.09012836625,Cement,115
2386,-19.627601,-44,2014,PM10,EEA,0.0744805810125,0.03724029050625,0.148961162025,Cement,115
2387,-19.627601,-44,2015,PM10,EEA,0.065813947875,0.0329069739375,0.13162789575,Cement,115
2388,-19.627601,-44,2016,PM10,EEA,0.0580284826875,0.02901424134375,0.116056965375,Cement,115
2389,-19.627601,-44,2017,PM10,EEA,0.056488404375,0.0282442021875,0.11297680875,Cement,115
2390,-19.627601,-44,2018,PM10,EEA,0.060531994575,0.0302659972875,0.12106398915,Cement,115
2391,-19.627601,-44,2019,PM10,EEA,0.069850026675,0.0349250133375,0.13970005335,Cement,115
2392,-19.627601,-44,2020,PM10,EEA,0.0699733593,0.03498667965,0.1399467186,Cement,115
2393,-19.627601,-44,2021,PM10,EEA,0.073300900725,0.0366504503625,0.14660180145,Cement,115
2394,-19.627601,-44,2022,PM10,EEA,0.0405577648125,0.02027888240625,0.081115529625,Cement,115
2395,-19.627601,-44,2014,PM2.5,EEA,0.0413781005625,0.02068905028125,0.082756201125,Cement,115
2396,-19.627601,-44,2015,PM2.5,EEA,0.036563304375,0.0182816521875,0.07312660875,Cement,115
2397,-19.627601,-44,2016,PM2.5,EEA,0.0322380459375,0.01611902296875,0.064476091875,Cement,115
2398,-19.627601,-44,2017,PM2.5,EEA,0.031382446875,0.0156912234375,0.06276489375,Cement,115
2399,-19.627601,-44,2018,PM2.5,EEA,0.033628885875,0.0168144429375,0.06725777175,Cement,115
2400,-19.627601,-44,2019,PM2.5,EEA,0.038805570375,0.0194027851875,0.07761114075,Cement,115
2401,-19.627601,-44,2020,PM2.5,EEA,0.0388740885,0.01943704425,0.077748177,Cement,115
2402,-19.627601,-44,2021,PM2.5,EEA,0.040722722625,0.0203613613125,0.08144544525,Cement,115
2403,-19.627601,-44,2022,PM2.5,EEA,0.0225320915625,0.01126604578125,0.045064183125,Cement,115
2404,-19.627601,-44,2014,BC,EEA,0.001241343016875,0.00031033575421875,0.0049653720675,Cement,115
2405,-19.627601,-44,2015,BC,EEA,0.00109689913125,0.0002742247828125,0.004387596525,Cement,115
2406,-19.627601,-44,2016,BC,EEA,0.000967141378125,0.00024178534453125,0.0038685655125,Cement,115
2407,-19.627601,-44,2017,BC,EEA,0.00094147340625,0.0002353683515625,0.003765893625,Cement,115
2408,-19.627601,-44,2018,BC,EEA,0.00100886657625,0.0002522166440625,0.004035466305,Cement,115
2409,-19.627601,-44,2019,BC,EEA,0.00116416711125,0.0002910417778125,0.004656668445,Cement,115
2410,-19.627601,-44,2020,BC,EEA,0.001166222655,0.00029155566375,0.00466489062,Cement,115
2411,-19.627601,-44,2021,BC,EEA,0.00122168167875,0.0003054204196875,0.004886726715,Cement,115
2412,-19.627601,-44,2022,BC,EEA,0.000675962746875,0.00016899068671875,0.0027038509875,Cement,115
2413,-19.627601,-44,2014,NOX,EEA,0.2633344758875,0.070024477875,0.990952459625,Cement,115
2414,-19.627601,-44,2015,NOX,EEA,0.232692619125,0.06187636125,0.87564426375,Cement,115
2415,-19.627601,-44,2016,NOX,EEA,0.2051662308125,0.054556693125,0.772059869375,Cement,115
2416,-19.627601,-44,2017,NOX,EEA,0.199721110625,0.05310875625,0.75156936875,Cement,115
2417,-19.627601,-44,2018,NOX,EEA,0.214017678825,0.05691042225,0.80536870275,Cement,115
2418,-19.627601,-44,2019,NOX,EEA,0.246962629925,0.06567096525,0.92934365975,Cement,115
2419,-19.627601,-44,2020,NOX,EEA,0.2473986863,0.065786919,0.930984581,Cement,115
2420,-19.627601,-44,2021,NOX,EEA,0.259163583475,0.06891537675,0.97525699825,Cement,115
2421,-19.627601,-44,2022,NOX,EEA,0.1433965416875,0.038131231875,0.539614705625,Cement,115
2422,-19.627601,-44,2014,CO,EEA,0.03087442888125,0.009760987825,0.09760987825,Cement,115
2423,-19.627601,-44,2015,CO,EEA,0.0272818501875,0.00862518975,0.0862518975,Cement,115
2424,-19.627601,-44,2016,CO,EEA,0.02405454196875,0.007604872375,0.07604872375,Cement,115
2425,-19.627601,-44,2017,CO,EEA,0.0234161334375,0.00740303875,0.0740303875,Cement,115
2426,-19.627601,-44,2018,CO,EEA,0.0250923225375,0.00793296795,0.0793296795,Cement,115
2427,-19.627601,-44,2019,CO,EEA,0.0289549255875,0.00915413455,0.0915413455,Cement,115
2428,-19.627601,-44,2020,CO,EEA,0.02900605065,0.0091702978,0.091702978,Cement,115
2429,-19.627601,-44,2021,CO,EEA,0.0303854161125,0.00960638585,0.0960638585,Cement,115
2430,-19.627601,-44,2022,CO,EEA,0.01681240678125,0.005315262625,0.05315262625,Cement,115
2431,-19.627601,-44,2014,NMVOCs,EEA,0.019097584875,0.00244024695625,0.146414817375,Cement,115
2432,-19.627601,-44,2015,NMVOCs,EEA,0.01687537125,0.0021562974375,0.12937784625,Cement,115
2433,-19.627601,-44,2016,NMVOCs,EEA,0.014879098125,0.00190121809375,0.114073085625,Cement,115
2434,-19.627601,-44,2017,NMVOCs,EEA,0.01448420625,0.0018507596875,0.11104558125,Cement,115
2435,-19.627601,-44,2018,NMVOCs,EEA,0.01552102425,0.0019832419875,0.11899451925,Cement,115
2436,-19.627601,-44,2019,NMVOCs,EEA,0.01791026325,0.0022885336375,0.13731201825,Cement,115
2437,-19.627601,-44,2020,NMVOCs,EEA,0.017941887,0.00229257445,0.137554467,Cement,115
2438,-19.627601,-44,2021,NMVOCs,EEA,0.01879510275,0.0024015964625,0.14409578775,Cement,115
2439,-19.627601,-44,2022,NMVOCs,EEA,0.010399426875,0.00132881565625,0.079728939375,Cement,115
2440,-19.627601,-44,2014,SOX,EEA,0.1190416123875,0.006365861625,3.5394190635,Cement,115
2441,-19.627601,-44,2015,SOX,EEA,0.105189814125,0.00562512375,3.127568805,Cement,115
2442,-19.627601,-44,2016,SOX,EEA,0.0927463783125,0.004959699375,2.7575928525,Cement,115
2443,-19.627601,-44,2017,SOX,EEA,0.090284885625,0.00482806875,2.684406225,Cement,115
2444,-19.627601,-44,2018,SOX,EEA,0.096747717825,0.00517367475,2.876563161,Cement,115
2445,-19.627601,-44,2019,SOX,EEA,0.111640640925,0.00597008775,3.319368789,Cement,115
2446,-19.627601,-44,2020,SOX,EEA,0.1118377623,0.005980629,3.325229724,Cement,115
2447,-19.627601,-44,2021,SOX,EEA,0.117156140475,0.00626503425,3.483359043,Cement,115
2448,-19.627601,-44,2022,SOX,EEA,0.0648230941875,0.003466475625,1.9273604475,Cement,115
2449,-19.476597,-42,2014,TSP,EEA,0.082756201125,0.0413781005625,0.16551240225,Cement,115
2450,-19.476597,-42,2015,TSP,EEA,0.07312660875,0.036563304375,0.1462532175,Cement,115
2451,-19.476597,-42,2016,TSP,EEA,0.064476091875,0.0322380459375,0.12895218375,Cement,115
2452,-19.476597,-42,2017,TSP,EEA,0.06276489375,0.031382446875,0.1255297875,Cement,115
2453,-19.476597,-42,2018,TSP,EEA,0.06725777175,0.033628885875,0.1345155435,Cement,115
2454,-19.476597,-42,2019,TSP,EEA,0.07761114075,0.038805570375,0.1552222815,Cement,115
2455,-19.476597,-42,2020,TSP,EEA,0.077748177,0.0388740885,0.155496354,Cement,115
2456,-19.476597,-42,2021,TSP,EEA,0.08144544525,0.040722722625,0.1628908905,Cement,115
2457,-19.476597,-42,2022,TSP,EEA,0.045064183125,0.0225320915625,0.09012836625,Cement,115
2458,-19.476597,-42,2014,PM10,EEA,0.0744805810125,0.03724029050625,0.148961162025,Cement,115
2459,-19.476597,-42,2015,PM10,EEA,0.065813947875,0.0329069739375,0.13162789575,Cement,115
2460,-19.476597,-42,2016,PM10,EEA,0.0580284826875,0.02901424134375,0.116056965375,Cement,115
2461,-19.476597,-42,2017,PM10,EEA,0.056488404375,0.0282442021875,0.11297680875,Cement,115
2462,-19.476597,-42,2018,PM10,EEA,0.060531994575,0.0302659972875,0.12106398915,Cement,115
2463,-19.476597,-42,2019,PM10,EEA,0.069850026675,0.0349250133375,0.13970005335,Cement,115
2464,-19.476597,-42,2020,PM10,EEA,0.0699733593,0.03498667965,0.1399467186,Cement,115
2465,-19.476597,-42,2021,PM10,EEA,0.073300900725,0.0366504503625,0.14660180145,Cement,115
2466,-19.476597,-42,2022,PM10,EEA,0.0405577648125,0.02027888240625,0.081115529625,Cement,115
2467,-19.476597,-42,2014,PM2.5,EEA,0.0413781005625,0.02068905028125,0.082756201125,Cement,115
2468,-19.476597,-42,2015,PM2.5,EEA,0.036563304375,0.0182816521875,0.07312660875,Cement,115
2469,-19.476597,-42,2016,PM2.5,EEA,0.0322380459375,0.01611902296875,0.064476091875,Cement,115
2470,-19.476597,-42,2017,PM2.5,EEA,0.031382446875,0.0156912234375,0.06276489375,Cement,115
2471,-19.476597,-42,2018,PM2.5,EEA,0.033628885875,0.0168144429375,0.06725777175,Cement,115
2472,-19.476597,-42,2019,PM2.5,EEA,0.038805570375,0.0194027851875,0.07761114075,Cement,115
2473,-19.476597,-42,2020,PM2.5,EEA,0.0388740885,0.01943704425,0.077748177,Cement,115
2474,-19.476597,-42,2021,PM2.5,EEA,0.040722722625,0.0203613613125,0.08144544525,Cement,115
2475,-19.476597,-42,2022,PM2.5,EEA,0.0225320915625,0.01126604578125,0.045064183125,Cement,115
2476,-19.476597,-42,2014,BC,EEA,0.001241343016875,0.00031033575421875,0.0049653720675,Cement,115
2477,-19.476597,-42,2015,BC,EEA,0.00109689913125,0.0002742247828125,0.004387596525,Cement,115
2478,-19.476597,-42,2016,BC,EEA,0.000967141378125,0.00024178534453125,0.0038685655125,Cement,115
2479,-19.476597,-42,2017,BC,EEA,0.00094147340625,0.0002353683515625,0.003765893625,Cement,115
2480,-19.476597,-42,2018,BC,EEA,0.00100886657625,0.0002522166440625,0.004035466305,Cement,115
2481,-19.476597,-42,2019,BC,EEA,0.00116416711125,0.0002910417778125,0.004656668445,Cement,115
2482,-19.476597,-42,2020,BC,EEA,0.001166222655,0.00029155566375,0.00466489062,Cement,115
2483,-19.476597,-42,2021,BC,EEA,0.00122168167875,0.0003054204196875,0.004886726715,Cement,115
2484,-19.476597,-42,2022,BC,EEA,0.000675962746875,0.00016899068671875,0.0027038509875,Cement,115
2485,-19.476597,-42,2014,NOX,EEA,0.2633344758875,0.070024477875,0.990952459625,Cement,115
2486,-19.476597,-42,2015,NOX,EEA,0.232692619125,0.06187636125,0.87564426375,Cement,115
2487,-19.476597,-42,2016,NOX,EEA,0.2051662308125,0.054556693125,0.772059869375,Cement,115
2488,-19.476597,-42,2017,NOX,EEA,0.199721110625,0.05310875625,0.75156936875,Cement,115
2489,-19.476597,-42,2018,NOX,EEA,0.214017678825,0.05691042225,0.80536870275,Cement,115
2490,-19.476597,-42,2019,NOX,EEA,0.246962629925,0.06567096525,0.92934365975,Cement,115
2491,-19.476597,-42,2020,NOX,EEA,0.2473986863,0.065786919,0.930984581,Cement,115
2492,-19.476597,-42,2021,NOX,EEA,0.259163583475,0.06891537675,0.97525699825,Cement,115
2493,-19.476597,-42,2022,NOX,EEA,0.1433965416875,0.038131231875,0.539614705625,Cement,115
2494,-19.476597,-42,2014,CO,EEA,0.03087442888125,0.009760987825,0.09760987825,Cement,115
2495,-19.476597,-42,2015,CO,EEA,0.0272818501875,0.00862518975,0.0862518975,Cement,115
2496,-19.476597,-42,2016,CO,EEA,0.02405454196875,0.007604872375,0.07604872375,Cement,115
2497,-19.476597,-42,2017,CO,EEA,0.0234161334375,0.00740303875,0.0740303875,Cement,115
2498,-19.476597,-42,2018,CO,EEA,0.0250923225375,0.00793296795,0.0793296795,Cement,115
2499,-19.476597,-42,2019,CO,EEA,0.0289549255875,0.00915413455,0.0915413455,Cement,115
2500,-19.476597,-42,2020,CO,EEA,0.02900605065,0.0091702978,0.091702978,Cement,115
2501,-19.476597,-42,2021,CO,EEA,0.0303854161125,0.00960638585,0.0960638585,Cement,115
2502,-19.476597,-42,2022,CO,EEA,0.01681240678125,0.005315262625,0.05315262625,Cement,115
2503,-19.476597,-42,2014,NMVOCs,EEA,0.019097584875,0.00244024695625,0.146414817375,Cement,115
2504,-19.476597,-42,2015,NMVOCs,EEA,0.01687537125,0.0021562974375,0.12937784625,Cement,115
2505,-19.476597,-42,2016,NMVOCs,EEA,0.014879098125,0.00190121809375,0.114073085625,Cement,115
2506,-19.476597,-42,2017,NMVOCs,EEA,0.01448420625,0.0018507596875,0.11104558125,Cement,115
2507,-19.476597,-42,2018,NMVOCs,EEA,0.01552102425,0.0019832419875,0.11899451925,Cement,115
2508,-19.476597,-42,2019,NMVOCs,EEA,0.01791026325,0.0022885336375,0.13731201825,Cement,115
2509,-19.476597,-42,2020,NMVOCs,EEA,0.017941887,0.00229257445,0.137554467,Cement,115
2510,-19.476597,-42,2021,NMVOCs,EEA,0.01879510275,0.0024015964625,0.14409578775,Cement,115
2511,-19.476597,-42,2022,NMVOCs,EEA,0.010399426875,0.00132881565625,0.079728939375,Cement,115
2512,-19.476597,-42,2014,SOX,EEA,0.1190416123875,0.006365861625,3.5394190635,Cement,115
2513,-19.476597,-42,2015,SOX,EEA,0.105189814125,0.00562512375,3.127568805,Cement,115
2514,-19.476597,-42,2016,SOX,EEA,0.0927463783125,0.004959699375,2.7575928525,Cement,115
2515,-19.476597,-42,2017,SOX,EEA,0.090284885625,0.00482806875,2.684406225,Cement,115
2516,-19.476597,-42,2018,SOX,EEA,0.096747717825,0.00517367475,2.876563161,Cement,115
2517,-19.476597,-42,2019,SOX,EEA,0.111640640925,0.00597008775,3.319368789,Cement,115
2518,-19.476597,-42,2020,SOX,EEA,0.1118377623,0.005980629,3.325229724,Cement,115
2519,-19.476597,-42,2021,SOX,EEA,0.117156140475,0.00626503425,3.483359043,Cement,115
2520,-19.476597,-42,2022,SOX,EEA,0.0648230941875,0.003466475625,1.9273604475,Cement,115
2521,-9.776144,-36,2014,TSP,EEA,0.0330813036666667,0.0165406518333333,0.0661626073333333,Cement,115
2522,-9.776144,-36,2015,TSP,EEA,0.0251259926666667,0.0125629963333333,0.0502519853333333,Cement,115
2523,-9.776144,-36,2016,TSP,EEA,0.0184776323333333,0.00923881616666667,0.0369552646666667,Cement,115
2524,-9.776144,-36,2017,TSP,EEA,0.0112937326666667,0.00564686633333333,0.0225874653333333,Cement,115
2525,-9.776144,-36,2018,TSP,EEA,0.010777195,0.0053885975,0.02155439,Cement,115
2526,-9.776144,-36,2019,TSP,EEA,0.018784662,0.009392331,0.037569324,Cement,115
2527,-9.776144,-36,2020,TSP,EEA,0.019989931,0.0099949655,0.039979862,Cement,115
2528,-9.776144,-36,2021,TSP,EEA,0.018027724,0.009013862,0.036055448,Cement,115
2529,-9.776144,-36,2022,TSP,EEA,0.00882817433333333,0.00441408716666667,0.0176563486666667,Cement,115
2530,-9.776144,-36,2014,PM10,EEA,0.0297731733,0.01488658665,0.0595463466,Cement,115
2531,-9.776144,-36,2015,PM10,EEA,0.0226133934,0.0113066967,0.0452267868,Cement,115
2532,-9.776144,-36,2016,PM10,EEA,0.0166298691,0.00831493455,0.0332597382,Cement,115
2533,-9.776144,-36,2017,PM10,EEA,0.0101643594,0.0050821797,0.0203287188,Cement,115
2534,-9.776144,-36,2018,PM10,EEA,0.0096994755,0.00484973775,0.019398951,Cement,115
2535,-9.776144,-36,2019,PM10,EEA,0.0169061958,0.0084530979,0.0338123916,Cement,115
2536,-9.776144,-36,2020,PM10,EEA,0.0179909379,0.00899546895,0.0359818758,Cement,115
2537,-9.776144,-36,2021,PM10,EEA,0.0162249516,0.0081124758,0.0324499032,Cement,115
2538,-9.776144,-36,2022,PM10,EEA,0.0079453569,0.00397267845,0.0158907138,Cement,115
2539,-9.776144,-36,2014,PM2.5,EEA,0.0165406518333333,0.00827032591666667,0.0330813036666667,Cement,115
2540,-9.776144,-36,2015,PM2.5,EEA,0.0125629963333333,0.00628149816666667,0.0251259926666667,Cement,115
2541,-9.776144,-36,2016,PM2.5,EEA,0.00923881616666667,0.00461940808333333,0.0184776323333333,Cement,115
2542,-9.776144,-36,2017,PM2.5,EEA,0.00564686633333333,0.00282343316666667,0.0112937326666667,Cement,115
2543,-9.776144,-36,2018,PM2.5,EEA,0.0053885975,0.00269429875,0.010777195,Cement,115
2544,-9.776144,-36,2019,PM2.5,EEA,0.009392331,0.0046961655,0.018784662,Cement,115
2545,-9.776144,-36,2020,PM2.5,EEA,0.0099949655,0.00499748275,0.019989931,Cement,115
2546,-9.776144,-36,2021,PM2.5,EEA,0.009013862,0.004506931,0.018027724,Cement,115
2547,-9.776144,-36,2022,PM2.5,EEA,0.00441408716666667,0.00220704358333333,0.00882817433333333,Cement,115
2548,-9.776144,-36,2014,BC,EEA,0.000496219555,0.00012405488875,0.00198487822,Cement,115
2549,-9.776144,-36,2015,BC,EEA,0.00037688989,9.42224725e-05,0.00150755956,Cement,115
2550,-9.776144,-36,2016,BC,EEA,0.000277164485,6.929112125e-05,0.00110865794,Cement,115
2551,-9.776144,-36,2017,BC,EEA,0.00016940599,4.23514975e-05,0.00067762396,Cement,115
2552,-9.776144,-36,2018,BC,EEA,0.000161657925,4.041448125e-05,0.0006466317,Cement,115
2553,-9.776144,-36,2019,BC,EEA,0.00028176993,7.04424825e-05,0.00112707972,Cement,115
2554,-9.776144,-36,2020,BC,EEA,0.000299848965,7.496224125e-05,0.00119939586,Cement,115
2555,-9.776144,-36,2021,BC,EEA,0.00027041586,6.7603965e-05,0.00108166344,Cement,115
2556,-9.776144,-36,2022,BC,EEA,0.000132422615,3.310565375e-05,0.00052969046,Cement,115
2557,-9.776144,-36,2014,NOX,EEA,0.105266404744444,0.0279918723333333,0.396127405444444,Cement,115
2558,-9.776144,-36,2015,NOX,EEA,0.0799521971777778,0.0212604553333333,0.300867655777778,Cement,115
2559,-9.776144,-36,2016,NOX,EEA,0.0587967736555556,0.0156349196666667,0.221257802555556,Cement,115
2560,-9.776144,-36,2017,NOX,EEA,0.0359372365111111,0.00955623533333333,0.135235209111111,Cement,115
2561,-9.776144,-36,2018,NOX,EEA,0.0342935871666667,0.009119165,0.129050001666667,Cement,115
2562,-9.776144,-36,2019,NOX,EEA,0.0597737578,0.015894714,0.224934286,Cement,115
2563,-9.776144,-36,2020,NOX,EEA,0.0636089855666667,0.016914557,0.239366609666667,Cement,115
2564,-9.776144,-36,2021,NOX,EEA,0.0573651422666667,0.015254228,0.215870438666667,Cement,115
2565,-9.776144,-36,2022,NOX,EEA,0.0280917034555556,0.00746999366666667,0.105711728555556,Cement,115
2566,-9.776144,-36,2014,CO,EEA,0.0123418709833333,0.00390189735555555,0.0390189735555555,Cement,115
2567,-9.776144,-36,2015,CO,EEA,0.00937392803333334,0.00296357862222222,0.0296357862222222,Cement,115
2568,-9.776144,-36,2016,CO,EEA,0.00689357821666667,0.00217941304444444,0.0217941304444444,Cement,115
2569,-9.776144,-36,2017,CO,EEA,0.00421343103333333,0.00133208128888889,0.0133208128888889,Cement,115
2570,-9.776144,-36,2018,CO,EEA,0.00402072275,0.00127115633333333,0.0127115633333333,Cement,115
2571,-9.776144,-36,2019,CO,EEA,0.0070081239,0.0022156268,0.022156268,Cement,115
2572,-9.776144,-36,2020,CO,EEA,0.00745778195,0.00235778673333333,0.0235778673333333,Cement,115
2573,-9.776144,-36,2021,CO,EEA,0.0067257278,0.00212634693333333,0.0212634693333333,Cement,115
2574,-9.776144,-36,2022,CO,EEA,0.00329358811666667,0.00104127184444444,0.0104127184444444,Cement,115
2575,-9.776144,-36,2014,NMVOCs,EEA,0.007634147,0.000975474338888889,0.0585284603333333,Cement,115
2576,-9.776144,-36,2015,NMVOCs,EEA,0.005798306,0.000740894655555555,0.0444536793333333,Cement,115
2577,-9.776144,-36,2016,NMVOCs,EEA,0.004264069,0.000544853261111111,0.0326911956666667,Cement,115
2578,-9.776144,-36,2017,NMVOCs,EEA,0.002606246,0.000333020322222222,0.0199812193333333,Cement,115
2579,-9.776144,-36,2018,NMVOCs,EEA,0.002487045,0.000317789083333333,0.019067345,Cement,115
2580,-9.776144,-36,2019,NMVOCs,EEA,0.004334922,0.0005539067,0.033234402,Cement,115
2581,-9.776144,-36,2020,NMVOCs,EEA,0.004613061,0.000589446683333333,0.035366801,Cement,115
2582,-9.776144,-36,2021,NMVOCs,EEA,0.004160244,0.000531586733333333,0.031895204,Cement,115
2583,-9.776144,-36,2022,NMVOCs,EEA,0.002037271,0.000260317961111111,0.0156190776666667,Cement,115
2584,-9.776144,-36,2014,SOX,EEA,0.0475861829666667,0.00254471566666667,1.41486191066667,Cement,115
2585,-9.776144,-36,2015,SOX,EEA,0.0361427740666667,0.00193276866666667,1.07461937866667,Cement,115
2586,-9.776144,-36,2016,SOX,EEA,0.0265793634333333,0.00142135633333333,0.790274121333333,Cement,115
2587,-9.776144,-36,2017,SOX,EEA,0.0162456000666667,0.000868748666666667,0.483024258666667,Cement,115
2588,-9.776144,-36,2018,SOX,EEA,0.0155025805,0.000829015,0.46093234,Cement,115
2589,-9.776144,-36,2019,SOX,EEA,0.0270210138,0.001444974,0.803405544,Cement,115
2590,-9.776144,-36,2020,SOX,EEA,0.0287547469,0.001537687,0.854953972,Cement,115
2591,-9.776144,-36,2021,SOX,EEA,0.0259321876,0.001386748,0.771031888,Cement,115
2592,-9.776144,-36,2022,SOX,EEA,0.0126989892333333,0.000679090333333333,0.377574225333333,Cement,115
2593,-25.458566,-50,2014,TSP,EEA,0.161263639333333,0.0806318196666667,0.322527278666667,Cement,115
2594,-25.458566,-50,2015,TSP,EEA,0.156735626666667,0.0783678133333333,0.313471253333333,Cement,115
2595,-25.458566,-50,2016,TSP,EEA,0.164076085333333,0.0820380426666667,0.328152170666667,Cement,115
2596,-25.458566,-50,2017,TSP,EEA,0.152242792,0.076121396,0.304485584,Cement,115
2597,-25.458566,-50,2018,TSP,EEA,0.156362171333333,0.0781810856666667,0.312724342666667,Cement,115
2598,-25.458566,-50,2019,TSP,EEA,0.160486326,0.080243163,0.320972652,Cement,115
2599,-25.458566,-50,2020,TSP,EEA,0.179122675333333,0.0895613376666667,0.358245350666667,Cement,115
2600,-25.458566,-50,2021,TSP,EEA,0.20486232,0.10243116,0.40972464,Cement,115
2601,-25.458566,-50,2022,TSP,EEA,0.115615136,0.057807568,0.231230272,Cement,115
2602,-25.458566,-50,2014,PM10,EEA,0.1451372754,0.0725686377,0.2902745508,Cement,115
2603,-25.458566,-50,2015,PM10,EEA,0.141062064,0.070531032,0.282124128,Cement,115
2604,-25.458566,-50,2016,PM10,EEA,0.1476684768,0.0738342384,0.2953369536,Cement,115
2605,-25.458566,-50,2017,PM10,EEA,0.1370185128,0.0685092564,0.2740370256,Cement,115
2606,-25.458566,-50,2018,PM10,EEA,0.1407259542,0.0703629771,0.2814519084,Cement,115
2607,-25.458566,-50,2019,PM10,EEA,0.1444376934,0.0722188467,0.2888753868,Cement,115
2608,-25.458566,-50,2020,PM10,EEA,0.1612104078,0.0806052039,0.3224208156,Cement,115
2609,-25.458566,-50,2021,PM10,EEA,0.184376088,0.092188044,0.368752176,Cement,115
2610,-25.458566,-50,2022,PM10,EEA,0.1040536224,0.0520268112,0.2081072448,Cement,115
2611,-25.458566,-50,2014,PM2.5,EEA,0.0806318196666667,0.0403159098333333,0.161263639333333,Cement,115
2612,-25.458566,-50,2015,PM2.5,EEA,0.0783678133333333,0.0391839066666667,0.156735626666667,Cement,115
2613,-25.458566,-50,2016,PM2.5,EEA,0.0820380426666667,0.0410190213333333,0.164076085333333,Cement,115
2614,-25.458566,-50,2017,PM2.5,EEA,0.076121396,0.038060698,0.152242792,Cement,115
2615,-25.458566,-50,2018,PM2.5,EEA,0.0781810856666667,0.0390905428333333,0.156362171333333,Cement,115
2616,-25.458566,-50,2019,PM2.5,EEA,0.080243163,0.0401215815,0.160486326,Cement,115
2617,-25.458566,-50,2020,PM2.5,EEA,0.0895613376666667,0.0447806688333333,0.179122675333333,Cement,115
2618,-25.458566,-50,2021,PM2.5,EEA,0.10243116,0.05121558,0.20486232,Cement,115
2619,-25.458566,-50,2022,PM2.5,EEA,0.057807568,0.028903784,0.115615136,Cement,115
2620,-25.458566,-50,2014,BC,EEA,0.00241895459,0.0006047386475,0.00967581836,Cement,115
2621,-25.458566,-50,2015,BC,EEA,0.0023510344,0.0005877586,0.0094041376,Cement,115
2622,-25.458566,-50,2016,BC,EEA,0.00246114128,0.00061528532,0.00984456512,Cement,115
2623,-25.458566,-50,2017,BC,EEA,0.00228364188,0.00057091047,0.00913456752,Cement,115
2624,-25.458566,-50,2018,BC,EEA,0.00234543257,0.0005863581425,0.00938173028,Cement,115
2625,-25.458566,-50,2019,BC,EEA,0.00240729489,0.0006018237225,0.00962917956,Cement,115
2626,-25.458566,-50,2020,BC,EEA,0.00268684013,0.0006717100325,0.01074736052,Cement,115
2627,-25.458566,-50,2021,BC,EEA,0.0030729348,0.0007682337,0.0122917392,Cement,115
2628,-25.458566,-50,2022,BC,EEA,0.00173422704,0.00043355676,0.00693690816,Cement,115
2629,-25.458566,-50,2014,NOX,EEA,0.513149170288889,0.136453848666667,1.93102870688889,Cement,115
2630,-25.458566,-50,2015,NOX,EEA,0.498740801777778,0.132622453333333,1.87680865777778,Cement,115
2631,-25.458566,-50,2016,NOX,EEA,0.522098517688889,0.138833610666667,1.96470594488889,Cement,115
2632,-25.458566,-50,2017,NOX,EEA,0.484444371466667,0.128820824,1.82300984266667,Cement,115
2633,-25.458566,-50,2018,NOX,EEA,0.497552447755556,0.132306452666667,1.87233676955556,Cement,115
2634,-25.458566,-50,2019,NOX,EEA,0.5106757194,0.135796122,1.921720878,Cement,115
2635,-25.458566,-50,2020,NOX,EEA,0.569977538688889,0.151565340666667,2.14487921488889,Cement,115
2636,-25.458566,-50,2021,NOX,EEA,0.651882408,0.17334504,2.45309496,Cement,115
2637,-25.458566,-50,2022,NOX,EEA,0.367893291733333,0.097828192,1.38441714133333,Cement,115
2638,-25.458566,-50,2014,CO,EEA,0.0601637423666667,0.0190208395111111,0.190208395111111,Cement,115
2639,-25.458566,-50,2015,CO,EEA,0.0584744453333333,0.0184867662222222,0.184867662222222,Cement,115
2640,-25.458566,-50,2016,CO,EEA,0.0612130010666667,0.0193525639111111,0.193525639111111,Cement,115
2641,-25.458566,-50,2017,CO,EEA,0.0567982724,0.0179568421333333,0.179568421333333,Cement,115
2642,-25.458566,-50,2018,CO,EEA,0.0583351177666667,0.0184427176444444,0.184427176444444,Cement,115
2643,-25.458566,-50,2019,CO,EEA,0.0598737447,0.0189291564,0.189291564,Cement,115
2644,-25.458566,-50,2020,CO,EEA,0.0668265365666667,0.0211272899111111,0.211272899111111,Cement,115
2645,-25.458566,-50,2021,CO,EEA,0.076429404,0.024163248,0.24163248,Cement,115
2646,-25.458566,-50,2022,CO,EEA,0.0431333392,0.0136366570666667,0.136366570666667,Cement,115
2647,-25.458566,-50,2014,NMVOCs,EEA,0.037214686,0.00475520987777778,0.285312592666667,Cement,115
2648,-25.458566,-50,2015,NMVOCs,EEA,0.03616976,0.00462169155555555,0.277301493333333,Cement,115
2649,-25.458566,-50,2016,NMVOCs,EEA,0.037863712,0.00483814097777778,0.290288458666667,Cement,115
2650,-25.458566,-50,2017,NMVOCs,EEA,0.035132952,0.00448921053333333,0.269352632,Cement,115
2651,-25.458566,-50,2018,NMVOCs,EEA,0.036083578,0.00461067941111111,0.276640764666667,Cement,115
2652,-25.458566,-50,2019,NMVOCs,EEA,0.037035306,0.0047322891,0.283937346,Cement,115
2653,-25.458566,-50,2020,NMVOCs,EEA,0.041336002,0.00528182247777778,0.316909348666667,Cement,115
2654,-25.458566,-50,2021,NMVOCs,EEA,0.04727592,0.006040812,0.36244872,Cement,115
2655,-25.458566,-50,2022,NMVOCs,EEA,0.026680416,0.00340916426666667,0.204549856,Cement,115
2656,-25.458566,-50,2014,SOX,EEA,0.231971542733333,0.0124048953333333,6.89712180533333,Cement,115
2657,-25.458566,-50,2015,SOX,EEA,0.225458170666667,0.0120565866666667,6.70346218666667,Cement,115
2658,-25.458566,-50,2016,SOX,EEA,0.236017138133333,0.0126212373333333,7.01740795733333,Cement,115
2659,-25.458566,-50,2017,SOX,EEA,0.2189954008,0.011710984,6.511307104,Cement,115
2660,-25.458566,-50,2018,SOX,EEA,0.224920969533333,0.0120278593333333,6.68748978933333,Cement,115
2661,-25.458566,-50,2019,SOX,EEA,0.2308534074,0.012345102,6.863876712,Cement,115
2662,-25.458566,-50,2020,SOX,EEA,0.257661079133333,0.0137786673333333,7.66093903733333,Cement,115
2663,-25.458566,-50,2021,SOX,EEA,0.294686568,0.01575864,8.76180384,Cement,115
2664,-25.458566,-50,2022,SOX,EEA,0.1663079264,0.008893472,4.944770432,Cement,115
2665,-1.215072,-47,2014,TSP,EEA,0.041519972,0.020759986,0.083039944,Cement,115
2666,-1.215072,-47,2015,TSP,EEA,0.033078266,0.016539133,0.066156532,Cement,115
2667,-1.215072,-47,2016,TSP,EEA,0.038646374,0.019323187,0.077292748,Cement,115
2668,-1.215072,-47,2017,TSP,EEA,0.034659664,0.017329832,0.069319328,Cement,115
2669,-1.215072,-47,2018,TSP,EEA,0.0247196671428571,0.0123598335714286,0.0494393342857143,Cement,115
2670,-1.215072,-47,2019,TSP,EEA,0.0218772505714286,0.0109386252857143,0.0437545011428571,Cement,115
2671,-1.215072,-47,2020,TSP,EEA,0.021151052,0.010575526,0.042302104,Cement,115
2672,-1.215072,-47,2021,TSP,EEA,0.023026666,0.011513333,0.046053332,Cement,115
2673,-1.215072,-47,2022,TSP,EEA,0.0135076128571429,0.00675380642857143,0.0270152257142857,Cement,115
2674,-1.215072,-47,2014,PM10,EEA,0.0373679748,0.0186839874,0.0747359496,Cement,115
2675,-1.215072,-47,2015,PM10,EEA,0.0297704394,0.0148852197,0.0595408788,Cement,115
2676,-1.215072,-47,2016,PM10,EEA,0.0347817366,0.0173908683,0.0695634732,Cement,115
2677,-1.215072,-47,2017,PM10,EEA,0.0311936976,0.0155968488,0.0623873952,Cement,115
2678,-1.215072,-47,2018,PM10,EEA,0.0222477004285714,0.0111238502142857,0.0444954008571428,Cement,115
2679,-1.215072,-47,2019,PM10,EEA,0.0196895255142857,0.00984476275714286,0.0393790510285714,Cement,115
2680,-1.215072,-47,2020,PM10,EEA,0.0190359468,0.0095179734,0.0380718936,Cement,115
2681,-1.215072,-47,2021,PM10,EEA,0.0207239994,0.0103619997,0.0414479988,Cement,115
2682,-1.215072,-47,2022,PM10,EEA,0.0121568515714286,0.00607842578571428,0.0243137031428571,Cement,115
2683,-1.215072,-47,2014,PM2.5,EEA,0.020759986,0.010379993,0.041519972,Cement,115
2684,-1.215072,-47,2015,PM2.5,EEA,0.016539133,0.0082695665,0.033078266,Cement,115
2685,-1.215072,-47,2016,PM2.5,EEA,0.019323187,0.0096615935,0.038646374,Cement,115
2686,-1.215072,-47,2017,PM2.5,EEA,0.017329832,0.008664916,0.034659664,Cement,115
2687,-1.215072,-47,2018,PM2.5,EEA,0.0123598335714286,0.00617991678571429,0.0247196671428571,Cement,115
2688,-1.215072,-47,2019,PM2.5,EEA,0.0109386252857143,0.00546931264285714,0.0218772505714286,Cement,115
2689,-1.215072,-47,2020,PM2.5,EEA,0.010575526,0.005287763,0.021151052,Cement,115
2690,-1.215072,-47,2021,PM2.5,EEA,0.011513333,0.0057566665,0.023026666,Cement,115
2691,-1.215072,-47,2022,PM2.5,EEA,0.00675380642857143,0.00337690321428571,0.0135076128571429,Cement,115
2692,-1.215072,-47,2014,BC,EEA,0.00062279958,0.000155699895,0.00249119832,Cement,115
2693,-1.215072,-47,2015,BC,EEA,0.00049617399,0.0001240434975,0.00198469596,Cement,115
2694,-1.215072,-47,2016,BC,EEA,0.00057969561,0.0001449239025,0.00231878244,Cement,115
2695,-1.215072,-47,2017,BC,EEA,0.00051989496,0.00012997374,0.00207957984,Cement,115
2696,-1.215072,-47,2018,BC,EEA,0.000370795007142857,9.26987517857143e-05,0.00148318002857143,Cement,115
2697,-1.215072,-47,2019,BC,EEA,0.000328158758571429,8.20396896428571e-05,0.00131263503428571,Cement,115
2698,-1.215072,-47,2020,BC,EEA,0.00031726578,7.9316445e-05,0.00126906312,Cement,115
2699,-1.215072,-47,2021,BC,EEA,0.00034539999,8.63499975e-05,0.00138159996,Cement,115
2700,-1.215072,-47,2022,BC,EEA,0.000202614192857143,5.06535482142857e-05,0.000810456771428571,Cement,115
2701,-1.215072,-47,2014,NOX,EEA,0.132118680133333,0.035132284,0.497175049333333,Cement,115
2702,-1.215072,-47,2015,NOX,EEA,0.105256738733333,0.027989302,0.396091031333333,Cement,115
2703,-1.215072,-47,2016,NOX,EEA,0.122974743933333,0.032700778,0.462765555333333,Cement,115
2704,-1.215072,-47,2017,NOX,EEA,0.110288828266667,0.029327408,0.415027258666667,Cement,115
2705,-1.215072,-47,2018,NOX,EEA,0.0786592485238095,0.0209166414285714,0.296002168095238,Cement,115
2706,-1.215072,-47,2019,NOX,EEA,0.0696145332285714,0.0185115197142857,0.261966051714286,Cement,115
2707,-1.215072,-47,2020,NOX,EEA,0.0673037321333333,0.017897044,0.253270289333333,Cement,115
2708,-1.215072,-47,2021,NOX,EEA,0.0732720320666667,0.019484102,0.275729564666667,Cement,115
2709,-1.215072,-47,2022,NOX,EEA,0.0429819168095238,0.0114295185714286,0.161745005238095,Cement,115
2710,-1.215072,-47,2014,CO,EEA,0.0154901434,0.00489722746666667,0.0489722746666667,Cement,115
2711,-1.215072,-47,2015,CO,EEA,0.0123407377,0.00390153906666667,0.0390153906666667,Cement,115
2712,-1.215072,-47,2016,CO,EEA,0.0144180703,0.00455829026666667,0.0455829026666667,Cement,115
2713,-1.215072,-47,2017,CO,EEA,0.0129307208,0.00408806293333333,0.0408806293333333,Cement,115
2714,-1.215072,-47,2018,CO,EEA,0.00922233735714286,0.00291565304761905,0.0291565304761905,Cement,115
2715,-1.215072,-47,2019,CO,EEA,0.00816189732857143,0.00258039365714286,0.0258039365714286,Cement,115
2716,-1.215072,-47,2020,CO,EEA,0.0078909694,0.00249473946666667,0.0249473946666667,Cement,115
2717,-1.215072,-47,2021,CO,EEA,0.0085907177,0.00271596573333333,0.0271596573333333,Cement,115
2718,-1.215072,-47,2022,CO,EEA,0.00503937864285714,0.00159320561904762,0.0159320561904762,Cement,115
2719,-1.215072,-47,2014,NMVOCs,EEA,0.009581532,0.00122430686666667,0.073458412,Cement,115
2720,-1.215072,-47,2015,NMVOCs,EEA,0.007633446,0.000975384766666667,0.058523086,Cement,115
2721,-1.215072,-47,2016,NMVOCs,EEA,0.008918394,0.00113957256666667,0.068374354,Cement,115
2722,-1.215072,-47,2017,NMVOCs,EEA,0.007998384,0.00102201573333333,0.061320944,Cement,115
2723,-1.215072,-47,2018,NMVOCs,EEA,0.00570453857142857,0.000728913261904762,0.0437347957142857,Cement,115
2724,-1.215072,-47,2019,NMVOCs,EEA,0.00504859628571429,0.000645098414285714,0.0387059048571429,Cement,115
2725,-1.215072,-47,2020,NMVOCs,EEA,0.004881012,0.000623684866666666,0.037421092,Cement,115
2726,-1.215072,-47,2021,NMVOCs,EEA,0.005313846,0.000678991433333333,0.040739486,Cement,115
2727,-1.215072,-47,2022,NMVOCs,EEA,0.00311714142857143,0.000398301404761905,0.0238980842857143,Cement,115
2728,-1.215072,-47,2014,SOX,EEA,0.0597248828,0.003193844,1.775777264,Cement,115
2729,-1.215072,-47,2015,SOX,EEA,0.0475818134,0.002544482,1.414731992,Cement,115
2730,-1.215072,-47,2016,SOX,EEA,0.0555913226,0.002972798,1.652875688,Cement,115
2731,-1.215072,-47,2017,SOX,EEA,0.0498565936,0.002666128,1.482367168,Cement,115
2732,-1.215072,-47,2018,SOX,EEA,0.0355582904285714,0.00190151285714286,1.05724114857143,Cement,115
2733,-1.215072,-47,2019,SOX,EEA,0.0314695835142857,0.00168286542857143,0.935673178285714,Cement,115
2734,-1.215072,-47,2020,SOX,EEA,0.0304249748,0.001627004,0.904614224,Cement,115
2735,-1.215072,-47,2021,SOX,EEA,0.0331229734,0.001771282,0.984832792,Cement,115
2736,-1.215072,-47,2022,SOX,EEA,0.0194301815714286,0.00103904714285714,0.577710211428571,Cement,115
2737,-4.524981,-44,2014,TSP,EEA,0.0128574662666667,0.00642873313333333,0.0257149325333333,Cement,115
2738,-4.524981,-44,2015,TSP,EEA,0.0133270522666667,0.00666352613333333,0.0266541045333333,Cement,115
2739,-4.524981,-44,2016,TSP,EEA,0.0125611269333333,0.00628056346666667,0.0251222538666667,Cement,115
2740,-4.524981,-44,2017,TSP,EEA,0.00976541106666667,0.00488270553333333,0.0195308221333333,Cement,115
2741,-4.524981,-44,2018,TSP,EEA,0.0084614452,0.0042307226,0.0169228904,Cement,115
2742,-4.524981,-44,2019,TSP,EEA,0.0077706876,0.0038853438,0.0155413752,Cement,115
2743,-4.524981,-44,2020,TSP,EEA,0.0076913356,0.0038456678,0.0153826712,Cement,115
2744,-4.524981,-44,2021,TSP,EEA,0.00771394,0.00385697,0.01542788,Cement,115
2745,-4.524981,-44,2022,TSP,EEA,0.00398925453333333,0.00199462726666667,0.00797850906666667,Cement,115
2746,-4.524981,-44,2014,PM10,EEA,0.01157171964,0.00578585982,0.02314343928,Cement,115
2747,-4.524981,-44,2015,PM10,EEA,0.01199434704,0.00599717352,0.02398869408,Cement,115
2748,-4.524981,-44,2016,PM10,EEA,0.01130501424,0.00565250712,0.02261002848,Cement,115
2749,-4.524981,-44,2017,PM10,EEA,0.00878886996,0.00439443498,0.01757773992,Cement,115
2750,-4.524981,-44,2018,PM10,EEA,0.00761530068,0.00380765034,0.01523060136,Cement,115
2751,-4.524981,-44,2019,PM10,EEA,0.00699361884,0.00349680942,0.01398723768,Cement,115
2752,-4.524981,-44,2020,PM10,EEA,0.00692220204,0.00346110102,0.01384440408,Cement,115
2753,-4.524981,-44,2021,PM10,EEA,0.006942546,0.003471273,0.013885092,Cement,115
2754,-4.524981,-44,2022,PM10,EEA,0.00359032908,0.00179516454,0.00718065816,Cement,115
2755,-4.524981,-44,2014,PM2.5,EEA,0.00642873313333333,0.00321436656666667,0.0128574662666667,Cement,115
2756,-4.524981,-44,2015,PM2.5,EEA,0.00666352613333333,0.00333176306666667,0.0133270522666667,Cement,115
2757,-4.524981,-44,2016,PM2.5,EEA,0.00628056346666667,0.00314028173333333,0.0125611269333333,Cement,115
2758,-4.524981,-44,2017,PM2.5,EEA,0.00488270553333333,0.00244135276666667,0.00976541106666667,Cement,115
2759,-4.524981,-44,2018,PM2.5,EEA,0.0042307226,0.0021153613,0.0084614452,Cement,115
2760,-4.524981,-44,2019,PM2.5,EEA,0.0038853438,0.0019426719,0.0077706876,Cement,115
2761,-4.524981,-44,2020,PM2.5,EEA,0.0038456678,0.0019228339,0.0076913356,Cement,115
2762,-4.524981,-44,2021,PM2.5,EEA,0.00385697,0.001928485,0.00771394,Cement,115
2763,-4.524981,-44,2022,PM2.5,EEA,0.00199462726666667,0.000997313633333333,0.00398925453333333,Cement,115
2764,-4.524981,-44,2014,BC,EEA,0.000192861994,4.82154985e-05,0.000771447976,Cement,115
2765,-4.524981,-44,2015,BC,EEA,0.000199905784,4.9976446e-05,0.000799623136,Cement,115
2766,-4.524981,-44,2016,BC,EEA,0.000188416904,4.7104226e-05,0.000753667616,Cement,115
2767,-4.524981,-44,2017,BC,EEA,0.000146481166,3.66202915e-05,0.000585924664,Cement,115
2768,-4.524981,-44,2018,BC,EEA,0.000126921678,3.17304195e-05,0.000507686712,Cement,115
2769,-4.524981,-44,2019,BC,EEA,0.000116560314,2.91400785e-05,0.000466241256,Cement,115
2770,-4.524981,-44,2020,BC,EEA,0.000115370034,2.88425085e-05,0.000461480136,Cement,115
2771,-4.524981,-44,2021,BC,EEA,0.0001157091,2.8927275e-05,0.0004628364,Cement,115
2772,-4.524981,-44,2022,BC,EEA,5.9838818e-05,1.49597045e-05,0.000239355272,Cement,115
2773,-4.524981,-44,2014,NOX,EEA,0.0409131170177778,0.0108793945333333,0.153959916577778,Cement,115
2774,-4.524981,-44,2015,NOX,EEA,0.0424073637511111,0.0112767365333333,0.159582907911111,Cement,115
2775,-4.524981,-44,2016,NOX,EEA,0.0399701500622222,0.0106286458666667,0.150411443022222,Cement,115
2776,-4.524981,-44,2017,NOX,EEA,0.0310740388044444,0.00826304013333333,0.116934537644444,Cement,115
2777,-4.524981,-44,2018,NOX,EEA,0.0269247525466667,0.0071596844,0.101320382266667,Cement,115
2778,-4.524981,-44,2019,NOX,EEA,0.02472672644,0.0065751972,0.0930490028,Cement,115
2779,-4.524981,-44,2020,NOX,EEA,0.0244742243066667,0.0065080532,0.0920988134666667,Cement,115
2780,-4.524981,-44,2021,NOX,EEA,0.0245461526666667,0.00652718,0.0923694866666667,Cement,115
2781,-4.524981,-44,2022,NOX,EEA,0.0126940125022222,0.00337552306666667,0.0477687658222222,Cement,115
2782,-4.524981,-44,2014,CO,EEA,0.00479682395333333,0.00151652166222222,0.0151652166222222,Cement,115
2783,-4.524981,-44,2015,CO,EEA,0.00497201565333333,0.00157190872888889,0.0157190872888889,Cement,115
2784,-4.524981,-44,2016,CO,EEA,0.00468626658666667,0.00148156881777778,0.0148156881777778,Cement,115
2785,-4.524981,-44,2017,CO,EEA,0.00364324951333333,0.00115181771555556,0.0115181771555556,Cement,115
2786,-4.524981,-44,2018,CO,EEA,0.00315676994,0.000998016613333333,0.00998016613333333,Cement,115
2787,-4.524981,-44,2019,CO,EEA,0.00289906422,0.00091654264,0.0091654264,Cement,115
2788,-4.524981,-44,2020,CO,EEA,0.00286945982,0.000907183173333333,0.00907183173333333,Cement,115
2789,-4.524981,-44,2021,CO,EEA,0.002877893,0.000909849333333333,0.00909849333333334,Cement,115
2790,-4.524981,-44,2022,CO,EEA,0.00148829880666667,0.000470527457777778,0.00470527457777778,Cement,115
2791,-4.524981,-44,2014,NMVOCs,EEA,0.0029671076,0.000379130415555555,0.0227478249333333,Cement,115
2792,-4.524981,-44,2015,NMVOCs,EEA,0.0030754736,0.000392977182222222,0.0235786309333333,Cement,115
2793,-4.524981,-44,2016,NMVOCs,EEA,0.0028987216,0.000370392204444444,0.0222235322666667,Cement,115
2794,-4.524981,-44,2017,NMVOCs,EEA,0.0022535564,0.000287954428888889,0.0172772657333333,Cement,115
2795,-4.524981,-44,2018,NMVOCs,EEA,0.0019526412,0.000249504153333333,0.0149702492,Cement,115
2796,-4.524981,-44,2019,NMVOCs,EEA,0.0017932356,0.00022913566,0.0137481396,Cement,115
2797,-4.524981,-44,2020,NMVOCs,EEA,0.0017749236,0.000226795793333333,0.0136077476,Cement,115
2798,-4.524981,-44,2021,NMVOCs,EEA,0.00178014,0.000227462333333333,0.01364774,Cement,115
2799,-4.524981,-44,2022,NMVOCs,EEA,0.0009205972,0.000117631864444444,0.00705791186666667,Cement,115
2800,-4.524981,-44,2014,SOX,EEA,0.0184949707066667,0.000989035866666667,0.549903941866667,Cement,115
2801,-4.524981,-44,2015,SOX,EEA,0.0191704521066667,0.00102515786666667,0.569987773866667,Cement,115
2802,-4.524981,-44,2016,SOX,EEA,0.0180686979733333,0.000966240533333333,0.537229736533333,Cement,115
2803,-4.524981,-44,2017,SOX,EEA,0.0140471682266667,0.000751185466666667,0.417659119466667,Cement,115
2804,-4.524981,-44,2018,SOX,EEA,0.01217146348,0.0006508804,0.3618895024,Cement,115
2805,-4.524981,-44,2019,SOX,EEA,0.01117783524,0.0005977452,0.3323463312,Cement,115
2806,-4.524981,-44,2020,SOX,EEA,0.01106369044,0.0005916412,0.3289525072,Cement,115
2807,-4.524981,-44,2021,SOX,EEA,0.011096206,0.00059338,0.32991928,Cement,115
2808,-4.524981,-44,2022,SOX,EEA,0.00573838921333333,0.000306865733333333,0.170617347733333,Cement,115
2809,-7.105743,-41,2014,TSP,EEA,0.0575698933333333,0.0287849466666667,0.115139786666667,Cement,115
2810,-7.105743,-41,2015,TSP,EEA,0.0602718653333333,0.0301359326666667,0.120543730666667,Cement,115
2811,-7.105743,-41,2016,TSP,EEA,0.0563888086666667,0.0281944043333333,0.112777617333333,Cement,115
2812,-7.105743,-41,2017,TSP,EEA,0.0341217933333333,0.0170608966666667,0.0682435866666667,Cement,115
2813,-7.105743,-41,2018,TSP,EEA,0.017849,0.0089245,0.035698,Cement,115
2814,-7.105743,-41,2019,TSP,EEA,0.0155844,0.0077922,0.0311688,Cement,115
2815,-7.105743,-41,2020,TSP,EEA,0.0119444,0.0059722,0.0238888,Cement,115
2816,-7.105743,-41,2021,TSP,EEA,0.010829,0.0054145,0.021658,Cement,115
2817,-7.105743,-41,2022,TSP,EEA,0.00463666666666667,0.00231833333333333,0.00927333333333333,Cement,115
2818,-7.105743,-41,2014,PM10,EEA,0.051812904,0.025906452,0.103625808,Cement,115
2819,-7.105743,-41,2015,PM10,EEA,0.0542446788,0.0271223394,0.1084893576,Cement,115
2820,-7.105743,-41,2016,PM10,EEA,0.0507499278,0.0253749639,0.1014998556,Cement,115
2821,-7.105743,-41,2017,PM10,EEA,0.030709614,0.015354807,0.061419228,Cement,115
2822,-7.105743,-41,2018,PM10,EEA,0.0160641,0.00803205,0.0321282,Cement,115
2823,-7.105743,-41,2019,PM10,EEA,0.01402596,0.00701298,0.02805192,Cement,115
2824,-7.105743,-41,2020,PM10,EEA,0.01074996,0.00537498,0.02149992,Cement,115
2825,-7.105743,-41,2021,PM10,EEA,0.0097461,0.00487305,0.0194922,Cement,115
2826,-7.105743,-41,2022,PM10,EEA,0.004173,0.0020865,0.008346,Cement,115
2827,-7.105743,-41,2014,PM2.5,EEA,0.0287849466666667,0.0143924733333333,0.0575698933333333,Cement,115
2828,-7.105743,-41,2015,PM2.5,EEA,0.0301359326666667,0.0150679663333333,0.0602718653333333,Cement,115
2829,-7.105743,-41,2016,PM2.5,EEA,0.0281944043333333,0.0140972021666667,0.0563888086666667,Cement,115
2830,-7.105743,-41,2017,PM2.5,EEA,0.0170608966666667,0.00853044833333333,0.0341217933333333,Cement,115
2831,-7.105743,-41,2018,PM2.5,EEA,0.0089245,0.00446225,0.017849,Cement,115
2832,-7.105743,-41,2019,PM2.5,EEA,0.0077922,0.0038961,0.0155844,Cement,115
2833,-7.105743,-41,2020,PM2.5,EEA,0.0059722,0.0029861,0.0119444,Cement,115
2834,-7.105743,-41,2021,PM2.5,EEA,0.0054145,0.00270725,0.010829,Cement,115
2835,-7.105743,-41,2022,PM2.5,EEA,0.00231833333333333,0.00115916666666667,0.00463666666666667,Cement,115
2836,-7.105743,-41,2014,BC,EEA,0.0008635484,0.0002158871,0.0034541936,Cement,115
2837,-7.105743,-41,2015,BC,EEA,0.00090407798,0.000226019495,0.00361631192,Cement,115
2838,-7.105743,-41,2016,BC,EEA,0.00084583213,0.0002114580325,0.00338332852,Cement,115
2839,-7.105743,-41,2017,BC,EEA,0.0005118269,0.000127956725,0.0020473076,Cement,115
2840,-7.105743,-41,2018,BC,EEA,0.000267735,6.693375e-05,0.00107094,Cement,115
2841,-7.105743,-41,2019,BC,EEA,0.000233766,5.84415e-05,0.000935064,Cement,115
2842,-7.105743,-41,2020,BC,EEA,0.000179166,4.47915e-05,0.000716664,Cement,115
2843,-7.105743,-41,2021,BC,EEA,0.000162435,4.060875e-05,0.00064974,Cement,115
2844,-7.105743,-41,2022,BC,EEA,6.955e-05,1.73875e-05,0.0002782,Cement,115
2845,-7.105743,-41,2014,NOX,EEA,0.183190352888889,0.0487129866666667,0.689362568888889,Cement,115
2846,-7.105743,-41,2015,NOX,EEA,0.191788166355556,0.0509992706666667,0.721716951555555,Cement,115
2847,-7.105743,-41,2016,NOX,EEA,0.179432080911111,0.0477136073333333,0.675219837111111,Cement,115
2848,-7.105743,-41,2017,NOX,EEA,0.108577296222222,0.0288722866666667,0.408586602222222,Cement,115
2849,-7.105743,-41,2018,NOX,EEA,0.0567964333333333,0.015103,0.213730333333333,Cement,115
2850,-7.105743,-41,2019,NOX,EEA,0.04959036,0.0131868,0.1866132,Cement,115
2851,-7.105743,-41,2020,NOX,EEA,0.0380076933333333,0.0101068,0.143026533333333,Cement,115
2852,-7.105743,-41,2021,NOX,EEA,0.0344584333333333,0.009163,0.129670333333333,Cement,115
2853,-7.105743,-41,2022,NOX,EEA,0.0147541111111111,0.00392333333333333,0.0555211111111111,Cement,115
2854,-7.105743,-41,2014,CO,EEA,0.0214779986666667,0.00679029511111111,0.0679029511111111,Cement,115
2855,-7.105743,-41,2015,CO,EEA,0.0224860420666667,0.00710898924444444,0.0710898924444444,Cement,115
2856,-7.105743,-41,2016,CO,EEA,0.0210373632333333,0.00665098768888889,0.0665098768888889,Cement,115
2857,-7.105743,-41,2017,CO,EEA,0.0127300536666667,0.00402462177777778,0.0402462177777778,Cement,115
2858,-7.105743,-41,2018,CO,EEA,0.00665905,0.00210526666666667,0.0210526666666667,Cement,115
2859,-7.105743,-41,2019,CO,EEA,0.00581418,0.00183816,0.0183816,Cement,115
2860,-7.105743,-41,2020,CO,EEA,0.00445618,0.00140882666666667,0.0140882666666667,Cement,115
2861,-7.105743,-41,2021,CO,EEA,0.00404005,0.00127726666666667,0.0127726666666667,Cement,115
2862,-7.105743,-41,2022,CO,EEA,0.00172983333333333,0.000546888888888889,0.00546888888888889,Cement,115
2863,-7.105743,-41,2014,NMVOCs,EEA,0.01328536,0.00169757377777778,0.101854426666667,Cement,115
2864,-7.105743,-41,2015,NMVOCs,EEA,0.013908892,0.00177724731111111,0.106634838666667,Cement,115
2865,-7.105743,-41,2016,NMVOCs,EEA,0.013012802,0.00166274692222222,0.0997648153333333,Cement,115
2866,-7.105743,-41,2017,NMVOCs,EEA,0.00787426,0.00100615544444444,0.0603693266666667,Cement,115
2867,-7.105743,-41,2018,NMVOCs,EEA,0.004119,0.000526316666666667,0.031579,Cement,115
2868,-7.105743,-41,2019,NMVOCs,EEA,0.0035964,0.00045954,0.0275724,Cement,115
2869,-7.105743,-41,2020,NMVOCs,EEA,0.0027564,0.000352206666666667,0.0211324,Cement,115
2870,-7.105743,-41,2021,NMVOCs,EEA,0.002499,0.000319316666666667,0.019159,Cement,115
2871,-7.105743,-41,2022,NMVOCs,EEA,0.00107,0.000136722222222222,0.00820333333333333,Cement,115
2872,-7.105743,-41,2014,SOX,EEA,0.0828120773333333,0.00442845333333333,2.46222005333333,Cement,115
2873,-7.105743,-41,2015,SOX,EEA,0.0866987601333333,0.00463629733333333,2.57778131733333,Cement,115
2874,-7.105743,-41,2016,SOX,EEA,0.0811131324666667,0.00433760066666667,2.41170597066667,Cement,115
2875,-7.105743,-41,2017,SOX,EEA,0.0490828873333333,0.00262475333333333,1.45936285333333,Cement,115
2876,-7.105743,-41,2018,SOX,EEA,0.0256751,0.001373,0.763388,Cement,115
2877,-7.105743,-41,2019,SOX,EEA,0.02241756,0.0011988,0.6665328,Cement,115
2878,-7.105743,-41,2020,SOX,EEA,0.01718156,0.0009188,0.5108528,Cement,115
2879,-7.105743,-41,2021,SOX,EEA,0.0155771,0.000833,0.463148,Cement,115
2880,-7.105743,-41,2022,SOX,EEA,0.00666966666666667,0.000356666666666667,0.198306666666667,Cement,115
2881,-7.515939,-35,2014,TSP,EEA,0.0194879654666667,0.00974398273333333,0.0389759309333333,Cement,115
2882,-7.515939,-35,2015,TSP,EEA,0.0153820090666667,0.00769100453333333,0.0307640181333333,Cement,115
2883,-7.515939,-35,2016,TSP,EEA,0.0106523109333333,0.00532615546666667,0.0213046218666667,Cement,115
2884,-7.515939,-35,2017,TSP,EEA,0.00843994146666667,0.00421997073333333,0.0168798829333333,Cement,115
2885,-7.515939,-35,2018,TSP,EEA,0.006906484,0.003453242,0.013812968,Cement,115
2886,-7.515939,-35,2019,TSP,EEA,0.0080670408,0.0040335204,0.0161340816,Cement,115
2887,-7.515939,-35,2020,TSP,EEA,0.00889759,0.004448795,0.01779518,Cement,115
2888,-7.515939,-35,2021,TSP,EEA,0.0073824868,0.0036912434,0.0147649736,Cement,115
2889,-7.515939,-35,2022,TSP,EEA,0.00332319693333333,0.00166159846666667,0.00664639386666667,Cement,115
2890,-7.515939,-35,2014,PM10,EEA,0.01753916892,0.00876958446,0.03507833784,Cement,115
2891,-7.515939,-35,2015,PM10,EEA,0.01384380816,0.00692190408,0.02768761632,Cement,115
2892,-7.515939,-35,2016,PM10,EEA,0.00958707984,0.00479353992,0.01917415968,Cement,115
2893,-7.515939,-35,2017,PM10,EEA,0.00759594732,0.00379797366,0.01519189464,Cement,115
2894,-7.515939,-35,2018,PM10,EEA,0.0062158356,0.0031079178,0.0124316712,Cement,115
2895,-7.515939,-35,2019,PM10,EEA,0.00726033672,0.00363016836,0.01452067344,Cement,115
2896,-7.515939,-35,2020,PM10,EEA,0.008007831,0.0040039155,0.016015662,Cement,115
2897,-7.515939,-35,2021,PM10,EEA,0.00664423812,0.00332211906,0.01328847624,Cement,115
2898,-7.515939,-35,2022,PM10,EEA,0.00299087724,0.00149543862,0.00598175448,Cement,115
2899,-7.515939,-35,2014,PM2.5,EEA,0.00974398273333333,0.00487199136666667,0.0194879654666667,Cement,115
2900,-7.515939,-35,2015,PM2.5,EEA,0.00769100453333333,0.00384550226666667,0.0153820090666667,Cement,115
2901,-7.515939,-35,2016,PM2.5,EEA,0.00532615546666667,0.00266307773333333,0.0106523109333333,Cement,115
2902,-7.515939,-35,2017,PM2.5,EEA,0.00421997073333333,0.00210998536666667,0.00843994146666667,Cement,115
2903,-7.515939,-35,2018,PM2.5,EEA,0.003453242,0.001726621,0.006906484,Cement,115
2904,-7.515939,-35,2019,PM2.5,EEA,0.0040335204,0.0020167602,0.0080670408,Cement,115
2905,-7.515939,-35,2020,PM2.5,EEA,0.004448795,0.0022243975,0.00889759,Cement,115
2906,-7.515939,-35,2021,PM2.5,EEA,0.0036912434,0.0018456217,0.0073824868,Cement,115
2907,-7.515939,-35,2022,PM2.5,EEA,0.00166159846666667,0.000830799233333333,0.00332319693333333,Cement,115
2908,-7.515939,-35,2014,BC,EEA,0.000292319482,7.30798705e-05,0.001169277928,Cement,115
2909,-7.515939,-35,2015,BC,EEA,0.000230730136,5.7682534e-05,0.000922920544,Cement,115
2910,-7.515939,-35,2016,BC,EEA,0.000159784664,3.9946166e-05,0.000639138656,Cement,115
2911,-7.515939,-35,2017,BC,EEA,0.000126599122,3.16497805e-05,0.000506396488,Cement,115
2912,-7.515939,-35,2018,BC,EEA,0.00010359726,2.5899315e-05,0.00041438904,Cement,115
2913,-7.515939,-35,2019,BC,EEA,0.000121005612,3.0251403e-05,0.000484022448,Cement,115
2914,-7.515939,-35,2020,BC,EEA,0.00013346385,3.33659625e-05,0.0005338554,Cement,115
2915,-7.515939,-35,2021,BC,EEA,0.000110737302,2.76843255e-05,0.000442949208,Cement,115
2916,-7.515939,-35,2022,BC,EEA,4.9847954e-05,1.24619885e-05,0.000199391816,Cement,115
2917,-7.515939,-35,2014,NOX,EEA,0.0620117054977778,0.0164898169333333,0.233355894177778,Cement,115
2918,-7.515939,-35,2015,NOX,EEA,0.0489463416711111,0.0130155461333333,0.184189698311111,Cement,115
2919,-7.515939,-35,2016,NOX,EEA,0.0338961996622222,0.00901349386666667,0.127554595022222,Cement,115
2920,-7.515939,-35,2017,NOX,EEA,0.0268563265644444,0.00714148893333333,0.101062888844444,Cement,115
2921,-7.515939,-35,2018,NOX,EEA,0.0219767862666667,0.005843948,0.0827007186666667,Cement,115
2922,-7.515939,-35,2019,NOX,EEA,0.02566973752,0.0068259576,0.0965976424,Cement,115
2923,-7.515939,-35,2020,NOX,EEA,0.0283125876666667,0.00752873,0.106542936666667,Cement,115
2924,-7.515939,-35,2021,NOX,EEA,0.0234914515866667,0.0062467196,0.0884005470666667,Cement,115
2925,-7.515939,-35,2022,NOX,EEA,0.0105745830622222,0.00281193586666667,0.0397931530222222,Cement,115
2926,-7.515939,-35,2014,CO,EEA,0.00727051019333333,0.00229858054222222,0.0229858054222222,Cement,115
2927,-7.515939,-35,2015,CO,EEA,0.00573867261333333,0.00181428824888889,0.0181428824888889,Cement,115
2928,-7.515939,-35,2016,CO,EEA,0.00397413138666667,0.00125642641777778,0.0125642641777778,Cement,115
2929,-7.515939,-35,2017,CO,EEA,0.00314874739333333,0.000995480275555555,0.00995480275555555,Cement,115
2930,-7.515939,-35,2018,CO,EEA,0.0025766498,0.000814610933333333,0.00814610933333333,Cement,115
2931,-7.515939,-35,2019,CO,EEA,0.00300962676,0.00095149712,0.0095149712,Cement,115
2932,-7.515939,-35,2020,CO,EEA,0.0033194855,0.00104945933333333,0.0104945933333333,Cement,115
2933,-7.515939,-35,2021,CO,EEA,0.00275423546,0.000870754853333333,0.00870754853333333,Cement,115
2934,-7.515939,-35,2022,CO,EEA,0.00123980808666667,0.000391966817777778,0.00391966817777778,Cement,115
2935,-7.515939,-35,2014,NMVOCs,EEA,0.0044972228,0.000574645135555555,0.0344787081333333,Cement,115
2936,-7.515939,-35,2015,NMVOCs,EEA,0.0035496944,0.000453572062222222,0.0272143237333333,Cement,115
2937,-7.515939,-35,2016,NMVOCs,EEA,0.0024582256,0.000314106604444444,0.0188463962666667,Cement,115
2938,-7.515939,-35,2017,NMVOCs,EEA,0.0019476788,0.000248870068888889,0.0149322041333333,Cement,115
2939,-7.515939,-35,2018,NMVOCs,EEA,0.001593804,0.000203652733333333,0.012219164,Cement,115
2940,-7.515939,-35,2019,NMVOCs,EEA,0.0018616248,0.00023787428,0.0142724568,Cement,115
2941,-7.515939,-35,2020,NMVOCs,EEA,0.00205329,0.000262364833333333,0.01574189,Cement,115
2942,-7.515939,-35,2021,NMVOCs,EEA,0.0017036508,0.000217688713333333,0.0130613228,Cement,115
2943,-7.515939,-35,2022,NMVOCs,EEA,0.0007668916,9.79917044444444e-05,0.00587950226666667,Cement,115
2944,-7.515939,-35,2014,SOX,EEA,0.0280326887866667,0.00149907426666667,0.833485292266666,Cement,115
2945,-7.515939,-35,2015,SOX,EEA,0.0221264284266667,0.00118323146666667,0.657876695466667,Cement,115
2946,-7.515939,-35,2016,SOX,EEA,0.0153229395733333,0.000819408533333333,0.455591144533333,Cement,115
2947,-7.515939,-35,2017,SOX,EEA,0.0121405311866667,0.000649226266666667,0.360969804266667,Cement,115
2948,-7.515939,-35,2018,SOX,EEA,0.0099347116,0.000531268,0.295385008,Cement,115
2949,-7.515939,-35,2019,SOX,EEA,0.01160412792,0.0006205416,0.3450211296,Cement,115
2950,-7.515939,-35,2020,SOX,EEA,0.012798841,0.00068443,0.38054308,Cement,115
2951,-7.515939,-35,2021,SOX,EEA,0.01061942332,0.0005678836,0.3157432816,Cement,115
2952,-7.515939,-35,2022,SOX,EEA,0.00478029097333333,0.000255630533333333,0.142130576533333,Cement,115
2953,-4.32251,-56,2014,TSP,EEA,0.041519972,0.020759986,0.083039944,Cement,115
2954,-4.32251,-56,2015,TSP,EEA,0.033078266,0.016539133,0.066156532,Cement,115
2955,-4.32251,-56,2016,TSP,EEA,0.038646374,0.019323187,0.077292748,Cement,115
2956,-4.32251,-56,2017,TSP,EEA,0.034659664,0.017329832,0.069319328,Cement,115
2957,-4.32251,-56,2018,TSP,EEA,0.0247196671428571,0.0123598335714286,0.0494393342857143,Cement,115
2958,-4.32251,-56,2019,TSP,EEA,0.0218772505714286,0.0109386252857143,0.0437545011428571,Cement,115
2959,-4.32251,-56,2020,TSP,EEA,0.021151052,0.010575526,0.042302104,Cement,115
2960,-4.32251,-56,2021,TSP,EEA,0.023026666,0.011513333,0.046053332,Cement,115
2961,-4.32251,-56,2022,TSP,EEA,0.0135076128571429,0.00675380642857143,0.0270152257142857,Cement,115
2962,-4.32251,-56,2014,PM10,EEA,0.0373679748,0.0186839874,0.0747359496,Cement,115
2963,-4.32251,-56,2015,PM10,EEA,0.0297704394,0.0148852197,0.0595408788,Cement,115
2964,-4.32251,-56,2016,PM10,EEA,0.0347817366,0.0173908683,0.0695634732,Cement,115
2965,-4.32251,-56,2017,PM10,EEA,0.0311936976,0.0155968488,0.0623873952,Cement,115
2966,-4.32251,-56,2018,PM10,EEA,0.0222477004285714,0.0111238502142857,0.0444954008571428,Cement,115
2967,-4.32251,-56,2019,PM10,EEA,0.0196895255142857,0.00984476275714286,0.0393790510285714,Cement,115
2968,-4.32251,-56,2020,PM10,EEA,0.0190359468,0.0095179734,0.0380718936,Cement,115
2969,-4.32251,-56,2021,PM10,EEA,0.0207239994,0.0103619997,0.0414479988,Cement,115
2970,-4.32251,-56,2022,PM10,EEA,0.0121568515714286,0.00607842578571428,0.0243137031428571,Cement,115
2971,-4.32251,-56,2014,PM2.5,EEA,0.020759986,0.010379993,0.041519972,Cement,115
2972,-4.32251,-56,2015,PM2.5,EEA,0.016539133,0.0082695665,0.033078266,Cement,115
2973,-4.32251,-56,2016,PM2.5,EEA,0.019323187,0.0096615935,0.038646374,Cement,115
2974,-4.32251,-56,2017,PM2.5,EEA,0.017329832,0.008664916,0.034659664,Cement,115
2975,-4.32251,-56,2018,PM2.5,EEA,0.0123598335714286,0.00617991678571429,0.0247196671428571,Cement,115
2976,-4.32251,-56,2019,PM2.5,EEA,0.0109386252857143,0.00546931264285714,0.0218772505714286,Cement,115
2977,-4.32251,-56,2020,PM2.5,EEA,0.010575526,0.005287763,0.021151052,Cement,115
2978,-4.32251,-56,2021,PM2.5,EEA,0.011513333,0.0057566665,0.023026666,Cement,115
2979,-4.32251,-56,2022,PM2.5,EEA,0.00675380642857143,0.00337690321428571,0.0135076128571429,Cement,115
2980,-4.32251,-56,2014,BC,EEA,0.00062279958,0.000155699895,0.00249119832,Cement,115
2981,-4.32251,-56,2015,BC,EEA,0.00049617399,0.0001240434975,0.00198469596,Cement,115
2982,-4.32251,-56,2016,BC,EEA,0.00057969561,0.0001449239025,0.00231878244,Cement,115
2983,-4.32251,-56,2017,BC,EEA,0.00051989496,0.00012997374,0.00207957984,Cement,115
2984,-4.32251,-56,2018,BC,EEA,0.000370795007142857,9.26987517857143e-05,0.00148318002857143,Cement,115
2985,-4.32251,-56,2019,BC,EEA,0.000328158758571429,8.20396896428571e-05,0.00131263503428571,Cement,115
2986,-4.32251,-56,2020,BC,EEA,0.00031726578,7.9316445e-05,0.00126906312,Cement,115
2987,-4.32251,-56,2021,BC,EEA,0.00034539999,8.63499975e-05,0.00138159996,Cement,115
2988,-4.32251,-56,2022,BC,EEA,0.000202614192857143,5.06535482142857e-05,0.000810456771428571,Cement,115
2989,-4.32251,-56,2014,NOX,EEA,0.132118680133333,0.035132284,0.497175049333333,Cement,115
2990,-4.32251,-56,2015,NOX,EEA,0.105256738733333,0.027989302,0.396091031333333,Cement,115
2991,-4.32251,-56,2016,NOX,EEA,0.122974743933333,0.032700778,0.462765555333333,Cement,115
2992,-4.32251,-56,2017,NOX,EEA,0.110288828266667,0.029327408,0.415027258666667,Cement,115
2993,-4.32251,-56,2018,NOX,EEA,0.0786592485238095,0.0209166414285714,0.296002168095238,Cement,115
2994,-4.32251,-56,2019,NOX,EEA,0.0696145332285714,0.0185115197142857,0.261966051714286,Cement,115
2995,-4.32251,-56,2020,NOX,EEA,0.0673037321333333,0.017897044,0.253270289333333,Cement,115
2996,-4.32251,-56,2021,NOX,EEA,0.0732720320666667,0.019484102,0.275729564666667,Cement,115
2997,-4.32251,-56,2022,NOX,EEA,0.0429819168095238,0.0114295185714286,0.161745005238095,Cement,115
2998,-4.32251,-56,2014,CO,EEA,0.0154901434,0.00489722746666667,0.0489722746666667,Cement,115
2999,-4.32251,-56,2015,CO,EEA,0.0123407377,0.00390153906666667,0.0390153906666667,Cement,115
3000,-4.32251,-56,2016,CO,EEA,0.0144180703,0.00455829026666667,0.0455829026666667,Cement,115
3001,-4.32251,-56,2017,CO,EEA,0.0129307208,0.00408806293333333,0.0408806293333333,Cement,115
3002,-4.32251,-56,2018,CO,EEA,0.00922233735714286,0.00291565304761905,0.0291565304761905,Cement,115
3003,-4.32251,-56,2019,CO,EEA,0.00816189732857143,0.00258039365714286,0.0258039365714286,Cement,115
3004,-4.32251,-56,2020,CO,EEA,0.0078909694,0.00249473946666667,0.0249473946666667,Cement,115
3005,-4.32251,-56,2021,CO,EEA,0.0085907177,0.00271596573333333,0.0271596573333333,Cement,115
3006,-4.32251,-56,2022,CO,EEA,0.00503937864285714,0.00159320561904762,0.0159320561904762,Cement,115
3007,-4.32251,-56,2014,NMVOCs,EEA,0.009581532,0.00122430686666667,0.073458412,Cement,115
3008,-4.32251,-56,2015,NMVOCs,EEA,0.007633446,0.000975384766666667,0.058523086,Cement,115
3009,-4.32251,-56,2016,NMVOCs,EEA,0.008918394,0.00113957256666667,0.068374354,Cement,115
3010,-4.32251,-56,2017,NMVOCs,EEA,0.007998384,0.00102201573333333,0.061320944,Cement,115
3011,-4.32251,-56,2018,NMVOCs,EEA,0.00570453857142857,0.000728913261904762,0.0437347957142857,Cement,115
3012,-4.32251,-56,2019,NMVOCs,EEA,0.00504859628571429,0.000645098414285714,0.0387059048571429,Cement,115
3013,-4.32251,-56,2020,NMVOCs,EEA,0.004881012,0.000623684866666666,0.037421092,Cement,115
3014,-4.32251,-56,2021,NMVOCs,EEA,0.005313846,0.000678991433333333,0.040739486,Cement,115
3015,-4.32251,-56,2022,NMVOCs,EEA,0.00311714142857143,0.000398301404761905,0.0238980842857143,Cement,115
3016,-4.32251,-56,2014,SOX,EEA,0.0597248828,0.003193844,1.775777264,Cement,115
3017,-4.32251,-56,2015,SOX,EEA,0.0475818134,0.002544482,1.414731992,Cement,115
3018,-4.32251,-56,2016,SOX,EEA,0.0555913226,0.002972798,1.652875688,Cement,115
3019,-4.32251,-56,2017,SOX,EEA,0.0498565936,0.002666128,1.482367168,Cement,115
3020,-4.32251,-56,2018,SOX,EEA,0.0355582904285714,0.00190151285714286,1.05724114857143,Cement,115
3021,-4.32251,-56,2019,SOX,EEA,0.0314695835142857,0.00168286542857143,0.935673178285714,Cement,115
3022,-4.32251,-56,2020,SOX,EEA,0.0304249748,0.001627004,0.904614224,Cement,115
3023,-4.32251,-56,2021,SOX,EEA,0.0331229734,0.001771282,0.984832792,Cement,115
3024,-4.32251,-56,2022,SOX,EEA,0.0194301815714286,0.00103904714285714,0.577710211428571,Cement,115
3025,-13.811128,-41,2014,TSP,EEA,0.0299847708333333,0.0149923854166667,0.0599695416666667,Cement,115
3026,-13.811128,-41,2015,TSP,EEA,0.0298387873333333,0.0149193936666667,0.0596775746666667,Cement,115
3027,-13.811128,-41,2016,TSP,EEA,0.0254188436666667,0.0127094218333333,0.0508376873333333,Cement,115
3028,-13.811128,-41,2017,TSP,EEA,0.0242650373333333,0.0121325186666667,0.0485300746666667,Cement,115
3029,-13.811128,-41,2018,TSP,EEA,0.0246580295,0.01232901475,0.049316059,Cement,115
3030,-13.811128,-41,2019,TSP,EEA,0.026833833,0.0134169165,0.053667666,Cement,115
3031,-13.811128,-41,2020,TSP,EEA,0.0264526925,0.01322634625,0.052905385,Cement,115
3032,-13.811128,-41,2021,TSP,EEA,0.026917865,0.0134589325,0.05383573,Cement,115
3033,-13.811128,-41,2022,TSP,EEA,0.0155013386666667,0.00775066933333333,0.0310026773333333,Cement,115
3034,-13.811128,-41,2014,PM10,EEA,0.02698629375,0.013493146875,0.0539725875,Cement,115
3035,-13.811128,-41,2015,PM10,EEA,0.0268549086,0.0134274543,0.0537098172,Cement,115
3036,-13.811128,-41,2016,PM10,EEA,0.0228769593,0.01143847965,0.0457539186,Cement,115
3037,-13.811128,-41,2017,PM10,EEA,0.0218385336,0.0109192668,0.0436770672,Cement,115
3038,-13.811128,-41,2018,PM10,EEA,0.02219222655,0.011096113275,0.0443844531,Cement,115
3039,-13.811128,-41,2019,PM10,EEA,0.0241504497,0.01207522485,0.0483008994,Cement,115
3040,-13.811128,-41,2020,PM10,EEA,0.02380742325,0.011903711625,0.0476148465,Cement,115
3041,-13.811128,-41,2021,PM10,EEA,0.0242260785,0.01211303925,0.048452157,Cement,115
3042,-13.811128,-41,2022,PM10,EEA,0.0139512048,0.0069756024,0.0279024096,Cement,115
3043,-13.811128,-41,2014,PM2.5,EEA,0.0149923854166667,0.00749619270833333,0.0299847708333333,Cement,115
3044,-13.811128,-41,2015,PM2.5,EEA,0.0149193936666667,0.00745969683333333,0.0298387873333333,Cement,115
3045,-13.811128,-41,2016,PM2.5,EEA,0.0127094218333333,0.00635471091666667,0.0254188436666667,Cement,115
3046,-13.811128,-41,2017,PM2.5,EEA,0.0121325186666667,0.00606625933333333,0.0242650373333333,Cement,115
3047,-13.811128,-41,2018,PM2.5,EEA,0.01232901475,0.006164507375,0.0246580295,Cement,115
3048,-13.811128,-41,2019,PM2.5,EEA,0.0134169165,0.00670845825,0.026833833,Cement,115
3049,-13.811128,-41,2020,PM2.5,EEA,0.01322634625,0.006613173125,0.0264526925,Cement,115
3050,-13.811128,-41,2021,PM2.5,EEA,0.0134589325,0.00672946625,0.026917865,Cement,115
3051,-13.811128,-41,2022,PM2.5,EEA,0.00775066933333333,0.00387533466666667,0.0155013386666667,Cement,115
3052,-13.811128,-41,2014,BC,EEA,0.0004497715625,0.000112442890625,0.00179908625,Cement,115
3053,-13.811128,-41,2015,BC,EEA,0.00044758181,0.0001118954525,0.00179032724,Cement,115
3054,-13.811128,-41,2016,BC,EEA,0.000381282655,9.532066375e-05,0.00152513062,Cement,115
3055,-13.811128,-41,2017,BC,EEA,0.00036397556,9.099389e-05,0.00145590224,Cement,115
3056,-13.811128,-41,2018,BC,EEA,0.0003698704425,9.2467610625e-05,0.00147948177,Cement,115
3057,-13.811128,-41,2019,BC,EEA,0.000402507495,0.00010062687375,0.00161002998,Cement,115
3058,-13.811128,-41,2020,BC,EEA,0.0003967903875,9.9197596875e-05,0.00158716155,Cement,115
3059,-13.811128,-41,2021,BC,EEA,0.000403767975,0.00010094199375,0.0016150719,Cement,115
3060,-13.811128,-41,2022,BC,EEA,0.00023252008,5.813002e-05,0.00093008032,Cement,115
3061,-13.811128,-41,2014,NOX,EEA,0.0954130784722222,0.0253717291666667,0.359048409722222,Cement,115
3062,-13.811128,-41,2015,NOX,EEA,0.0949485514888889,0.0252482046666667,0.357300350888889,Cement,115
3063,-13.811128,-41,2016,NOX,EEA,0.0808840640777778,0.0215082523333333,0.304374358777778,Cement,115
3064,-13.811128,-41,2017,NOX,EEA,0.0772125931555556,0.0205319546666667,0.290558267555556,Cement,115
3065,-13.811128,-41,2018,NOX,EEA,0.0784631143833333,0.0208644865,0.295264096833333,Cement,115
3066,-13.811128,-41,2019,NOX,EEA,0.0853866327,0.022705551,0.321317949,Cement,115
3067,-13.811128,-41,2020,NOX,EEA,0.0841738240833333,0.0223830475,0.316754035833333,Cement,115
3068,-13.811128,-41,2021,NOX,EEA,0.0856540268333333,0.022776655,0.322324178333333,Cement,115
3069,-13.811128,-41,2022,NOX,EEA,0.0493260545777778,0.0131165173333333,0.185618593777778,Cement,115
3070,-13.811128,-41,2014,CO,EEA,0.0111866260416667,0.00353666527777778,0.0353666527777778,Cement,115
3071,-13.811128,-41,2015,CO,EEA,0.0111321629666667,0.00351944671111111,0.0351944671111111,Cement,115
3072,-13.811128,-41,2016,CO,EEA,0.00948318398333333,0.00299812002222222,0.0299812002222222,Cement,115
3073,-13.811128,-41,2017,CO,EEA,0.00905272546666667,0.00286203004444444,0.0286203004444444,Cement,115
3074,-13.811128,-41,2018,CO,EEA,0.009199341775,0.00290838296666667,0.0290838296666667,Cement,115
3075,-13.811128,-41,2019,CO,EEA,0.01001108385,0.0031650162,0.031650162,Cement,115
3076,-13.811128,-41,2020,CO,EEA,0.009868889125,0.00312006116666667,0.0312006116666667,Cement,115
3077,-13.811128,-41,2021,CO,EEA,0.01004243425,0.00317492766666667,0.0317492766666667,Cement,115
3078,-13.811128,-41,2022,CO,EEA,0.00578319173333333,0.00182836302222222,0.0182836302222222,Cement,115
3079,-13.811128,-41,2014,NMVOCs,EEA,0.0069195625,0.000884166319444444,0.0530499791666667,Cement,115
3080,-13.811128,-41,2015,NMVOCs,EEA,0.006885874,0.000879861677777778,0.0527917006666667,Cement,115
3081,-13.811128,-41,2016,NMVOCs,EEA,0.005865887,0.000749530005555555,0.0449718003333333,Cement,115
3082,-13.811128,-41,2017,NMVOCs,EEA,0.005599624,0.000715507511111111,0.0429304506666667,Cement,115
3083,-13.811128,-41,2018,NMVOCs,EEA,0.0056903145,0.000727095741666667,0.0436257445,Cement,115
3084,-13.811128,-41,2019,NMVOCs,EEA,0.006192423,0.00079125405,0.047475243,Cement,115
3085,-13.811128,-41,2020,NMVOCs,EEA,0.0061044675,0.000780015291666667,0.0468009175,Cement,115
3086,-13.811128,-41,2021,NMVOCs,EEA,0.006211815,0.000793731916666666,0.047623915,Cement,115
3087,-13.811128,-41,2022,NMVOCs,EEA,0.003577232,0.000457090755555556,0.0274254453333333,Cement,115
3088,-13.811128,-41,2014,SOX,EEA,0.0431319395833333,0.00230652083333333,1.28242558333333,Cement,115
3089,-13.811128,-41,2015,SOX,EEA,0.0429219479333333,0.00229529133333333,1.27618198133333,Cement,115
3090,-13.811128,-41,2016,SOX,EEA,0.0365640289666667,0.00195529566666667,1.08714439066667,Cement,115
3091,-13.811128,-41,2017,SOX,EEA,0.0349043229333333,0.00186654133333333,1.03779698133333,Cement,115
3092,-13.811128,-41,2018,SOX,EEA,0.03546962705,0.0018967715,1.054604954,Cement,115
3093,-13.811128,-41,2019,SOX,EEA,0.0385994367,0.002064141,1.147662396,Cement,115
3094,-13.811128,-41,2020,SOX,EEA,0.03805118075,0.0020348225,1.13136131,Cement,115
3095,-13.811128,-41,2021,SOX,EEA,0.0387203135,0.002070605,1.15125638,Cement,115
3096,-13.811128,-41,2022,SOX,EEA,0.0222980794666667,0.00119241066666667,0.662980330666667,Cement,115
3097,-3.094023,-60,2014,TSP,EEA,0.024904659,0.0124523295,0.049809318,Cement,115
3098,-3.094023,-60,2015,TSP,EEA,0.026012142,0.013006071,0.052024284,Cement,115
3099,-3.094023,-60,2016,TSP,EEA,0.024999195,0.0124995975,0.04999839,Cement,115
3100,-3.094023,-60,2017,TSP,EEA,0.021809892,0.010904946,0.043619784,Cement,115
3101,-3.094023,-60,2018,TSP,EEA,0.0134479187142857,0.00672395935714286,0.0268958374285714,Cement,115
3102,-3.094023,-60,2019,TSP,EEA,0.0144060818571429,0.00720304092857143,0.0288121637142857,Cement,115
3103,-3.094023,-60,2020,TSP,EEA,0.024450816,0.012225408,0.048901632,Cement,115
3104,-3.094023,-60,2021,TSP,EEA,0.018630534,0.009315267,0.037261068,Cement,115
3105,-3.094023,-60,2022,TSP,EEA,0.0109709562857143,0.00548547814285714,0.0219419125714286,Cement,115
3106,-3.094023,-60,2014,PM10,EEA,0.0224141931,0.01120709655,0.0448283862,Cement,115
3107,-3.094023,-60,2015,PM10,EEA,0.0234109278,0.0117054639,0.0468218556,Cement,115
3108,-3.094023,-60,2016,PM10,EEA,0.0224992755,0.01124963775,0.044998551,Cement,115
3109,-3.094023,-60,2017,PM10,EEA,0.0196289028,0.0098144514,0.0392578056,Cement,115
3110,-3.094023,-60,2018,PM10,EEA,0.0121031268428571,0.00605156342142857,0.0242062536857143,Cement,115
3111,-3.094023,-60,2019,PM10,EEA,0.0129654736714286,0.00648273683571429,0.0259309473428571,Cement,115
3112,-3.094023,-60,2020,PM10,EEA,0.0220057344,0.0110028672,0.0440114688,Cement,115
3113,-3.094023,-60,2021,PM10,EEA,0.0167674806,0.0083837403,0.0335349612,Cement,115
3114,-3.094023,-60,2022,PM10,EEA,0.00987386065714286,0.00493693032857143,0.0197477213142857,Cement,115
3115,-3.094023,-60,2014,PM2.5,EEA,0.0124523295,0.00622616475,0.024904659,Cement,115
3116,-3.094023,-60,2015,PM2.5,EEA,0.013006071,0.0065030355,0.026012142,Cement,115
3117,-3.094023,-60,2016,PM2.5,EEA,0.0124995975,0.00624979875,0.024999195,Cement,115
3118,-3.094023,-60,2017,PM2.5,EEA,0.010904946,0.005452473,0.021809892,Cement,115
3119,-3.094023,-60,2018,PM2.5,EEA,0.00672395935714286,0.00336197967857143,0.0134479187142857,Cement,115
3120,-3.094023,-60,2019,PM2.5,EEA,0.00720304092857143,0.00360152046428571,0.0144060818571429,Cement,115
3121,-3.094023,-60,2020,PM2.5,EEA,0.012225408,0.006112704,0.024450816,Cement,115
3122,-3.094023,-60,2021,PM2.5,EEA,0.009315267,0.0046576335,0.018630534,Cement,115
3123,-3.094023,-60,2022,PM2.5,EEA,0.00548547814285714,0.00274273907142857,0.0109709562857143,Cement,115
3124,-3.094023,-60,2014,BC,EEA,0.000373569885,9.339247125e-05,0.00149427954,Cement,115
3125,-3.094023,-60,2015,BC,EEA,0.00039018213,9.75455325e-05,0.00156072852,Cement,115
3126,-3.094023,-60,2016,BC,EEA,0.000374987925,9.374698125e-05,0.0014999517,Cement,115
3127,-3.094023,-60,2017,BC,EEA,0.00032714838,8.1787095e-05,0.00130859352,Cement,115
3128,-3.094023,-60,2018,BC,EEA,0.000201718780714286,5.04296951785714e-05,0.000806875122857143,Cement,115
3129,-3.094023,-60,2019,BC,EEA,0.000216091227857143,5.40228069642857e-05,0.000864364911428571,Cement,115
3130,-3.094023,-60,2020,BC,EEA,0.00036676224,9.169056e-05,0.00146704896,Cement,115
3131,-3.094023,-60,2021,BC,EEA,0.00027945801,6.98645025e-05,0.00111783204,Cement,115
3132,-3.094023,-60,2022,BC,EEA,0.000164564344285714,4.11410860714286e-05,0.000658257377142857,Cement,115
3133,-3.094023,-60,2014,NOX,EEA,0.0792479021,0.021073173,0.298217327,Cement,115
3134,-3.094023,-60,2015,NOX,EEA,0.0827719698,0.022010274,0.311478726,Cement,115
3135,-3.094023,-60,2016,NOX,EEA,0.0795487205,0.021153165,0.299349335,Cement,115
3136,-3.094023,-60,2017,NOX,EEA,0.0694001948,0.018454524,0.261159476,Cement,115
3137,-3.094023,-60,2018,NOX,EEA,0.0427919669857143,0.0113790081428571,0.161030206142857,Cement,115
3138,-3.094023,-60,2019,NOX,EEA,0.0458408912428571,0.0121897615714286,0.172503595571429,Cement,115
3139,-3.094023,-60,2020,NOX,EEA,0.0778037504,0.020689152,0.292782848,Cement,115
3140,-3.094023,-60,2021,NOX,EEA,0.0592833146,0.015764298,0.223088702,Cement,115
3141,-3.094023,-60,2022,NOX,EEA,0.0349101455142857,0.00928311685714286,0.131370168857143,Cement,115
3142,-3.094023,-60,2014,CO,EEA,0.00929135355,0.0029374726,0.029374726,Cement,115
3143,-3.094023,-60,2015,CO,EEA,0.0097045299,0.0030680988,0.030680988,Cement,115
3144,-3.094023,-60,2016,CO,EEA,0.00932662275,0.002948623,0.02948623,Cement,115
3145,-3.094023,-60,2017,CO,EEA,0.0081367674,0.0025724488,0.025724488,Cement,115
3146,-3.094023,-60,2018,CO,EEA,0.00501710813571429,0.00158616477142857,0.0158616477142857,Cement,115
3147,-3.094023,-60,2019,CO,EEA,0.00537457669285714,0.00169917888571429,0.0169917888571429,Cement,115
3148,-3.094023,-60,2020,CO,EEA,0.0091220352,0.0028839424,0.028839424,Cement,115
3149,-3.094023,-60,2021,CO,EEA,0.0069506223,0.0021974476,0.021974476,Cement,115
3150,-3.094023,-60,2022,CO,EEA,0.00409301061428571,0.00129401022857143,0.0129401022857143,Cement,115
3151,-3.094023,-60,2014,NMVOCs,EEA,0.005747229,0.00073436815,0.044062089,Cement,115
3152,-3.094023,-60,2015,NMVOCs,EEA,0.006002802,0.0007670247,0.046021482,Cement,115
3153,-3.094023,-60,2016,NMVOCs,EEA,0.005769045,0.00073715575,0.044229345,Cement,115
3154,-3.094023,-60,2017,NMVOCs,EEA,0.005033052,0.0006431122,0.038586732,Cement,115
3155,-3.094023,-60,2018,NMVOCs,EEA,0.00310336585714286,0.000396541192857143,0.0237924715714286,Cement,115
3156,-3.094023,-60,2019,NMVOCs,EEA,0.00332448042857143,0.000424794721428571,0.0254876832857143,Cement,115
3157,-3.094023,-60,2020,NMVOCs,EEA,0.005642496,0.0007209856,0.043259136,Cement,115
3158,-3.094023,-60,2021,NMVOCs,EEA,0.004299354,0.0005493619,0.032961714,Cement,115
3159,-3.094023,-60,2022,NMVOCs,EEA,0.00253175914285714,0.000323502557142857,0.0194101534285714,Cement,115
3160,-3.094023,-60,2014,SOX,EEA,0.0358243941,0.001915743,1.065153108,Cement,115
3161,-3.094023,-60,2015,SOX,EEA,0.0374174658,0.002000934,1.112519304,Cement,115
3162,-3.094023,-60,2016,SOX,EEA,0.0359603805,0.001923015,1.06919634,Cement,115
3163,-3.094023,-60,2017,SOX,EEA,0.0313726908,0.001677684,0.932792304,Cement,115
3164,-3.094023,-60,2018,SOX,EEA,0.0193443138428571,0.00103445528571429,0.575157138857143,Cement,115
3165,-3.094023,-60,2019,SOX,EEA,0.0207225946714286,0.00110816014285714,0.616137039428571,Cement,115
3166,-3.094023,-60,2020,SOX,EEA,0.0351715584,0.001880832,1.045742592,Cement,115
3167,-3.094023,-60,2021,SOX,EEA,0.0267993066,0.001433118,0.796813608,Cement,115
3168,-3.094023,-60,2022,SOX,EEA,0.0157812986571429,0.000843919714285714,0.469219361142857,Cement,115
3169,-5.201992,-37,2014,TSP,EEA,0.0501699784444445,0.0250849892222222,0.100339956888889,Cement,115
3170,-5.201992,-37,2015,TSP,EEA,0.0512472277777778,0.0256236138888889,0.102494455555556,Cement,115
3171,-5.201992,-37,2016,TSP,EEA,0.0392156815555556,0.0196078407777778,0.0784313631111111,Cement,115
3172,-5.201992,-37,2017,TSP,EEA,0.0307034491111111,0.0153517245555556,0.0614068982222222,Cement,115
3173,-5.201992,-37,2018,TSP,EEA,0.0270309606666667,0.0135154803333333,0.0540619213333333,Cement,115
3174,-5.201992,-37,2019,TSP,EEA,0.025934038,0.012967019,0.051868076,Cement,115
3175,-5.201992,-37,2020,TSP,EEA,0.0318319906666667,0.0159159953333333,0.0636639813333333,Cement,115
3176,-5.201992,-37,2021,TSP,EEA,0.0359597766666667,0.0179798883333333,0.0719195533333333,Cement,115
3177,-5.201992,-37,2022,TSP,EEA,0.0178894155555556,0.00894470777777778,0.0357788311111111,Cement,115
3178,-5.201992,-37,2014,PM10,EEA,0.0451529806,0.0225764903,0.0903059612,Cement,115
3179,-5.201992,-37,2015,PM10,EEA,0.046122505,0.0230612525,0.09224501,Cement,115
3180,-5.201992,-37,2016,PM10,EEA,0.0352941134,0.0176470567,0.0705882268,Cement,115
3181,-5.201992,-37,2017,PM10,EEA,0.0276331042,0.0138165521,0.0552662084,Cement,115
3182,-5.201992,-37,2018,PM10,EEA,0.0243278646,0.0121639323,0.0486557292,Cement,115
3183,-5.201992,-37,2019,PM10,EEA,0.0233406342,0.0116703171,0.0466812684,Cement,115
3184,-5.201992,-37,2020,PM10,EEA,0.0286487916,0.0143243958,0.0572975832,Cement,115
3185,-5.201992,-37,2021,PM10,EEA,0.032363799,0.0161818995,0.064727598,Cement,115
3186,-5.201992,-37,2022,PM10,EEA,0.016100474,0.008050237,0.032200948,Cement,115
3187,-5.201992,-37,2014,PM2.5,EEA,0.0250849892222222,0.0125424946111111,0.0501699784444445,Cement,115
3188,-5.201992,-37,2015,PM2.5,EEA,0.0256236138888889,0.0128118069444444,0.0512472277777778,Cement,115
3189,-5.201992,-37,2016,PM2.5,EEA,0.0196078407777778,0.00980392038888889,0.0392156815555556,Cement,115
3190,-5.201992,-37,2017,PM2.5,EEA,0.0153517245555556,0.00767586227777778,0.0307034491111111,Cement,115
3191,-5.201992,-37,2018,PM2.5,EEA,0.0135154803333333,0.00675774016666667,0.0270309606666667,Cement,115
3192,-5.201992,-37,2019,PM2.5,EEA,0.012967019,0.0064835095,0.025934038,Cement,115
3193,-5.201992,-37,2020,PM2.5,EEA,0.0159159953333333,0.00795799766666667,0.0318319906666667,Cement,115
3194,-5.201992,-37,2021,PM2.5,EEA,0.0179798883333333,0.00898994416666667,0.0359597766666667,Cement,115
3195,-5.201992,-37,2022,PM2.5,EEA,0.00894470777777778,0.00447235388888889,0.0178894155555556,Cement,115
3196,-5.201992,-37,2014,BC,EEA,0.000752549676666667,0.000188137419166667,0.00301019870666667,Cement,115
3197,-5.201992,-37,2015,BC,EEA,0.000768708416666667,0.000192177104166667,0.00307483366666667,Cement,115
3198,-5.201992,-37,2016,BC,EEA,0.000588235223333333,0.000147058805833333,0.00235294089333333,Cement,115
3199,-5.201992,-37,2017,BC,EEA,0.000460551736666667,0.000115137934166667,0.00184220694666667,Cement,115
3200,-5.201992,-37,2018,BC,EEA,0.00040546441,0.0001013661025,0.00162185764,Cement,115
3201,-5.201992,-37,2019,BC,EEA,0.00038901057,9.72526425e-05,0.00155604228,Cement,115
3202,-5.201992,-37,2020,BC,EEA,0.00047747986,0.000119369965,0.00190991944,Cement,115
3203,-5.201992,-37,2021,BC,EEA,0.00053939665,0.0001348491625,0.0021575866,Cement,115
3204,-5.201992,-37,2022,BC,EEA,0.000268341233333333,6.70853083333333e-05,0.00107336493333333,Cement,115
3205,-5.201992,-37,2014,NOX,EEA,0.15964344422963,0.0424515202222222,0.60075333162963,Cement,115
3206,-5.201992,-37,2015,NOX,EEA,0.163071306851852,0.0433630388888889,0.613652701851852,Cement,115
3207,-5.201992,-37,2016,NOX,EEA,0.12478630977037,0.0331824997777778,0.46958264837037,Cement,115
3208,-5.201992,-37,2017,NOX,EEA,0.0976999496074074,0.0259798415555556,0.367654121407407,Cement,115
3209,-5.201992,-37,2018,NOX,EEA,0.0860139030444444,0.0228723513333333,0.323678426444444,Cement,115
3210,-5.201992,-37,2019,NOX,EEA,0.0825234388666667,0.021944186,0.310543480666667,Cement,115
3211,-5.201992,-37,2020,NOX,EEA,0.101291026711111,0.0269347613333333,0.381167683111111,Cement,115
3212,-5.201992,-37,2021,NOX,EEA,0.114425853444444,0.0304275033333333,0.430595274444444,Cement,115
3213,-5.201992,-37,2022,NOX,EEA,0.0569250377037037,0.0151371977777778,0.214214283703704,Cement,115
3214,-5.201992,-37,2014,CO,EEA,0.0187172611888889,0.00591748463703704,0.0591748463703704,Cement,115
3215,-5.201992,-37,2015,CO,EEA,0.0191191580555556,0.00604454481481481,0.0604454481481481,Cement,115
3216,-5.201992,-37,2016,CO,EEA,0.0146304658111111,0.00462543936296296,0.0462543936296296,Cement,115
3217,-5.201992,-37,2017,CO,EEA,0.0114547483222222,0.00362143245925926,0.0362143245925926,Cement,115
3218,-5.201992,-37,2018,CO,EEA,0.0100846276333333,0.00318826715555556,0.0318826715555556,Cement,115
3219,-5.201992,-37,2019,CO,EEA,0.0096753911,0.00305888653333333,0.0305888653333333,Cement,115
3220,-5.201992,-37,2020,CO,EEA,0.0118757811333333,0.00375454248888889,0.0375454248888889,Cement,115
3221,-5.201992,-37,2021,CO,EEA,0.0134157628333333,0.00424140955555555,0.0424140955555556,Cement,115
3222,-5.201992,-37,2022,CO,EEA,0.00667412811111111,0.00211003362962963,0.0211003362962963,Cement,115
3223,-5.201992,-37,2014,NMVOCs,EEA,0.0115776873333333,0.00147937115925926,0.0887622695555556,Cement,115
3224,-5.201992,-37,2015,NMVOCs,EEA,0.0118262833333333,0.0015111362037037,0.0906681722222222,Cement,115
3225,-5.201992,-37,2016,NMVOCs,EEA,0.00904977266666667,0.00115635984074074,0.0693815904444444,Cement,115
3226,-5.201992,-37,2017,NMVOCs,EEA,0.00708541133333333,0.000905358114814815,0.0543214868888889,Cement,115
3227,-5.201992,-37,2018,NMVOCs,EEA,0.006237914,0.000797066788888889,0.0478240073333333,Cement,115
3228,-5.201992,-37,2019,NMVOCs,EEA,0.005984778,0.000764721633333333,0.045883298,Cement,115
3229,-5.201992,-37,2020,NMVOCs,EEA,0.007345844,0.000938635622222222,0.0563181373333333,Cement,115
3230,-5.201992,-37,2021,NMVOCs,EEA,0.00829841,0.00106035238888889,0.0636211433333333,Cement,115
3231,-5.201992,-37,2022,NMVOCs,EEA,0.00412832666666667,0.000527508407407407,0.0316505044444444,Cement,115
3232,-5.201992,-37,2014,SOX,EEA,0.0721675843777778,0.00385922911111111,2.14573138577778,Cement,115
3233,-5.201992,-37,2015,SOX,EEA,0.0737171661111111,0.00394209444444444,2.19180451111111,Cement,115
3234,-5.201992,-37,2016,SOX,EEA,0.0564102496222222,0.00301659088888889,1.67722453422222,Cement,115
3235,-5.201992,-37,2017,SOX,EEA,0.0441657306444444,0.00236180377777778,1.31316290044444,Cement,115
3236,-5.201992,-37,2018,SOX,EEA,0.0388829972666667,0.00207930466666667,1.15609339466667,Cement,115
3237,-5.201992,-37,2019,SOX,EEA,0.0373051162,0.001994926,1.109178856,Cement,115
3238,-5.201992,-37,2020,SOX,EEA,0.0457890942666667,0.00244861466666667,1.36142975466667,Cement,115
3239,-5.201992,-37,2021,SOX,EEA,0.0517267556666667,0.00276613666666667,1.53797198666667,Cement,115
3240,-5.201992,-37,2022,SOX,EEA,0.0257332362222222,0.00137610888888889,0.765116542222222,Cement,115
3241,-10.843365,-37,2014,TSP,EEA,0.0886835704444444,0.0443417852222222,0.177367140888889,Cement,115
3242,-10.843365,-37,2015,TSP,EEA,0.0804254677777778,0.0402127338888889,0.160850935555556,Cement,115
3243,-10.843365,-37,2016,TSP,EEA,0.0574491175555555,0.0287245587777778,0.114898235111111,Cement,115
3244,-10.843365,-37,2017,TSP,EEA,0.0541833211111111,0.0270916605555556,0.108366642222222,Cement,115
3245,-10.843365,-37,2018,TSP,EEA,0.0536562086666667,0.0268281043333333,0.107312417333333,Cement,115
3246,-10.843365,-37,2019,TSP,EEA,0.05440422,0.02720211,0.10880844,Cement,115
3247,-10.843365,-37,2020,TSP,EEA,0.0626439926666667,0.0313219963333333,0.125287985333333,Cement,115
3248,-10.843365,-37,2021,TSP,EEA,0.0594152086666667,0.0297076043333333,0.118830417333333,Cement,115
3249,-10.843365,-37,2022,TSP,EEA,0.0324863615555556,0.0162431807777778,0.0649727231111111,Cement,115
3250,-10.843365,-37,2014,PM10,EEA,0.0798152134,0.0399076067,0.1596304268,Cement,115
3251,-10.843365,-37,2015,PM10,EEA,0.072382921,0.0361914605,0.144765842,Cement,115
3252,-10.843365,-37,2016,PM10,EEA,0.0517042058,0.0258521029,0.1034084116,Cement,115
3253,-10.843365,-37,2017,PM10,EEA,0.048764989,0.0243824945,0.097529978,Cement,115
3254,-10.843365,-37,2018,PM10,EEA,0.0482905878,0.0241452939,0.0965811756,Cement,115
3255,-10.843365,-37,2019,PM10,EEA,0.048963798,0.024481899,0.097927596,Cement,115
3256,-10.843365,-37,2020,PM10,EEA,0.0563795934,0.0281897967,0.1127591868,Cement,115
3257,-10.843365,-37,2021,PM10,EEA,0.0534736878,0.0267368439,0.1069473756,Cement,115
3258,-10.843365,-37,2022,PM10,EEA,0.0292377254,0.0146188627,0.0584754508,Cement,115
3259,-10.843365,-37,2014,PM2.5,EEA,0.0443417852222222,0.0221708926111111,0.0886835704444444,Cement,115
3260,-10.843365,-37,2015,PM2.5,EEA,0.0402127338888889,0.0201063669444444,0.0804254677777778,Cement,115
3261,-10.843365,-37,2016,PM2.5,EEA,0.0287245587777778,0.0143622793888889,0.0574491175555555,Cement,115
3262,-10.843365,-37,2017,PM2.5,EEA,0.0270916605555556,0.0135458302777778,0.0541833211111111,Cement,115
3263,-10.843365,-37,2018,PM2.5,EEA,0.0268281043333333,0.0134140521666667,0.0536562086666667,Cement,115
3264,-10.843365,-37,2019,PM2.5,EEA,0.02720211,0.013601055,0.05440422,Cement,115
3265,-10.843365,-37,2020,PM2.5,EEA,0.0313219963333333,0.0156609981666667,0.0626439926666667,Cement,115
3266,-10.843365,-37,2021,PM2.5,EEA,0.0297076043333333,0.0148538021666667,0.0594152086666667,Cement,115
3267,-10.843365,-37,2022,PM2.5,EEA,0.0162431807777778,0.00812159038888889,0.0324863615555556,Cement,115
3268,-10.843365,-37,2014,BC,EEA,0.00133025355666667,0.000332563389166667,0.00532101422666667,Cement,115
3269,-10.843365,-37,2015,BC,EEA,0.00120638201666667,0.000301595504166667,0.00482552806666667,Cement,115
3270,-10.843365,-37,2016,BC,EEA,0.000861736763333333,0.000215434190833333,0.00344694705333333,Cement,115
3271,-10.843365,-37,2017,BC,EEA,0.000812749816666667,0.000203187454166667,0.00325099926666667,Cement,115
3272,-10.843365,-37,2018,BC,EEA,0.00080484313,0.0002012107825,0.00321937252,Cement,115
3273,-10.843365,-37,2019,BC,EEA,0.0008160633,0.000204015825,0.0032642532,Cement,115
3274,-10.843365,-37,2020,BC,EEA,0.00093965989,0.0002349149725,0.00375863956,Cement,115
3275,-10.843365,-37,2021,BC,EEA,0.00089122813,0.0002228070325,0.00356491252,Cement,115
3276,-10.843365,-37,2022,BC,EEA,0.000487295423333333,0.000121823855833333,0.00194918169333333,Cement,115
3277,-10.843365,-37,2014,NOX,EEA,0.28219566902963,0.0750399442222222,1.06192890762963,Cement,115
3278,-10.843365,-37,2015,NOX,EEA,0.255917962851852,0.0680523188888889,0.963043421851852,Cement,115
3279,-10.843365,-37,2016,NOX,EEA,0.18280603817037,0.0486107917777778,0.68791635637037,Cement,115
3280,-10.843365,-37,2017,NOX,EEA,0.172414106407407,0.0458474255555556,0.648810537407407,Cement,115
3281,-10.843365,-37,2018,NOX,EEA,0.170736807577778,0.0454014073333333,0.642498703777778,Cement,115
3282,-10.843365,-37,2019,NOX,EEA,0.173117018,0.04603434,0.65145566,Cement,115
3283,-10.843365,-37,2020,NOX,EEA,0.199336397177778,0.0530064553333333,0.750121655777778,Cement,115
3284,-10.843365,-37,2021,NOX,EEA,0.189062240911111,0.0502744073333333,0.711459037111111,Cement,115
3285,-10.843365,-37,2022,NOX,EEA,0.103373268437037,0.0274884597777778,0.389003355037037,Cement,115
3286,-10.843365,-37,2014,CO,EEA,0.0330857935888889,0.010460113437037,0.10460113437037,Cement,115
3287,-10.843365,-37,2015,CO,EEA,0.0300048860555556,0.00948608081481481,0.0948608081481481,Cement,115
3288,-10.843365,-37,2016,CO,EEA,0.0214329400111111,0.00677604976296296,0.0677604976296296,Cement,115
3289,-10.843365,-37,2017,CO,EEA,0.0202145467222222,0.00639085325925926,0.0639085325925926,Cement,115
3290,-10.843365,-37,2018,CO,EEA,0.0200178932333333,0.00632868102222222,0.0632868102222222,Cement,115
3291,-10.843365,-37,2019,CO,EEA,0.020296959,0.006416908,0.06416908,Cement,115
3292,-10.843365,-37,2020,CO,EEA,0.0233710280333333,0.00738877862222222,0.0738877862222222,Cement,115
3293,-10.843365,-37,2021,CO,EEA,0.0221664432333333,0.00700794768888889,0.0700794768888889,Cement,115
3294,-10.843365,-37,2022,CO,EEA,0.0121199118111111,0.0038317246962963,0.038317246962963,Cement,115
3295,-10.843365,-37,2014,NMVOCs,EEA,0.0204654393333333,0.00261502835925926,0.156901701555556,Cement,115
3296,-10.843365,-37,2015,NMVOCs,EEA,0.0185597233333333,0.0023715202037037,0.142291212222222,Cement,115
3297,-10.843365,-37,2016,NMVOCs,EEA,0.0132574886666667,0.00169401244074074,0.101640746444444,Cement,115
3298,-10.843365,-37,2017,NMVOCs,EEA,0.0125038433333333,0.00159771331481481,0.0958627988888889,Cement,115
3299,-10.843365,-37,2018,NMVOCs,EEA,0.012382202,0.00158217025555555,0.0949302153333333,Cement,115
3300,-10.843365,-37,2019,NMVOCs,EEA,0.01255482,0.001604227,0.09625362,Cement,115
3301,-10.843365,-37,2020,NMVOCs,EEA,0.014456306,0.00184719465555556,0.110831679333333,Cement,115
3302,-10.843365,-37,2021,NMVOCs,EEA,0.013711202,0.00175198692222222,0.105119215333333,Cement,115
3303,-10.843365,-37,2022,NMVOCs,EEA,0.00749685266666667,0.000957931174074074,0.0574758704444444,Cement,115
3304,-10.843365,-37,2014,SOX,EEA,0.127567905177778,0.00682181311111111,3.79292808977778,Cement,115
3305,-10.843365,-37,2015,SOX,EEA,0.115688942111111,0.00618657444444444,3.43973539111111,Cement,115
3306,-10.843365,-37,2016,SOX,EEA,0.0826383460222222,0.00441916288888889,2.45705456622222,Cement,115
3307,-10.843365,-37,2017,SOX,EEA,0.0779406234444444,0.00416794777777778,2.31737896444444,Cement,115
3308,-10.843365,-37,2018,SOX,EEA,0.0771823924666667,0.00412740066666667,2.29483477066667,Cement,115
3309,-10.843365,-37,2019,SOX,EEA,0.078258378,0.00418494,2.32682664,Cement,115
3310,-10.843365,-37,2020,SOX,EEA,0.0901109740666667,0.00481876866666667,2.67923537866667,Cement,115
3311,-10.843365,-37,2021,SOX,EEA,0.0854664924666667,0.00457040066666667,2.54114277066667,Cement,115
3312,-10.843365,-37,2022,SOX,EEA,0.0467303816222222,0.00249895088888889,1.38941669422222,Cement,115
3313,-7.333723,-39.305889,2014,TSP,EEA,0.0428746898666667,0.0214373449333333,0.0857493797333333,Cement,115
3314,-7.333723,-39.305889,2015,TSP,EEA,0.0450796198666667,0.0225398099333333,0.0901592397333333,Cement,115
3315,-7.333723,-39.305889,2016,TSP,EEA,0.0428435037333333,0.0214217518666667,0.0856870074666667,Cement,115
3316,-7.333723,-39.305889,2017,TSP,EEA,0.0408666786666667,0.0204333393333333,0.0817333573333333,Cement,115
3317,-7.333723,-39.305889,2018,TSP,EEA,0.0381406636,0.0190703318,0.0762813272,Cement,115
3318,-7.333723,-39.305889,2019,TSP,EEA,0.0380917836,0.0190458918,0.0761835672,Cement,115
3319,-7.333723,-39.305889,2020,TSP,EEA,0.0411824764,0.0205912382,0.0823649528,Cement,115
3320,-7.333723,-39.305889,2021,TSP,EEA,0.048366526,0.024183263,0.096733052,Cement,115
3321,-7.333723,-39.305889,2022,TSP,EEA,0.0257131281333333,0.0128565640666667,0.0514262562666667,Cement,115
3322,-7.333723,-39.305889,2014,PM10,EEA,0.03858722088,0.01929361044,0.07717444176,Cement,115
3323,-7.333723,-39.305889,2015,PM10,EEA,0.04057165788,0.02028582894,0.08114331576,Cement,115
3324,-7.333723,-39.305889,2016,PM10,EEA,0.03855915336,0.01927957668,0.07711830672,Cement,115
3325,-7.333723,-39.305889,2017,PM10,EEA,0.0367800108,0.0183900054,0.0735600216,Cement,115
3326,-7.333723,-39.305889,2018,PM10,EEA,0.03432659724,0.01716329862,0.06865319448,Cement,115
3327,-7.333723,-39.305889,2019,PM10,EEA,0.03428260524,0.01714130262,0.06856521048,Cement,115
3328,-7.333723,-39.305889,2020,PM10,EEA,0.03706422876,0.01853211438,0.07412845752,Cement,115
3329,-7.333723,-39.305889,2021,PM10,EEA,0.0435298734,0.0217649367,0.0870597468,Cement,115
3330,-7.333723,-39.305889,2022,PM10,EEA,0.02314181532,0.01157090766,0.04628363064,Cement,115
3331,-7.333723,-39.305889,2014,PM2.5,EEA,0.0214373449333333,0.0107186724666667,0.0428746898666667,Cement,115
3332,-7.333723,-39.305889,2015,PM2.5,EEA,0.0225398099333333,0.0112699049666667,0.0450796198666667,Cement,115
3333,-7.333723,-39.305889,2016,PM2.5,EEA,0.0214217518666667,0.0107108759333333,0.0428435037333333,Cement,115
3334,-7.333723,-39.305889,2017,PM2.5,EEA,0.0204333393333333,0.0102166696666667,0.0408666786666667,Cement,115
3335,-7.333723,-39.305889,2018,PM2.5,EEA,0.0190703318,0.0095351659,0.0381406636,Cement,115
3336,-7.333723,-39.305889,2019,PM2.5,EEA,0.0190458918,0.0095229459,0.0380917836,Cement,115
3337,-7.333723,-39.305889,2020,PM2.5,EEA,0.0205912382,0.0102956191,0.0411824764,Cement,115
3338,-7.333723,-39.305889,2021,PM2.5,EEA,0.024183263,0.0120916315,0.048366526,Cement,115
3339,-7.333723,-39.305889,2022,PM2.5,EEA,0.0128565640666667,0.00642828203333333,0.0257131281333333,Cement,115
3340,-7.333723,-39.305889,2014,BC,EEA,0.000643120348,0.000160780087,0.002572481392,Cement,115
3341,-7.333723,-39.305889,2015,BC,EEA,0.000676194298,0.0001690485745,0.002704777192,Cement,115
3342,-7.333723,-39.305889,2016,BC,EEA,0.000642652556,0.000160663139,0.002570610224,Cement,115
3343,-7.333723,-39.305889,2017,BC,EEA,0.00061300018,0.000153250045,0.00245200072,Cement,115
3344,-7.333723,-39.305889,2018,BC,EEA,0.000572109954,0.0001430274885,0.002288439816,Cement,115
3345,-7.333723,-39.305889,2019,BC,EEA,0.000571376754,0.0001428441885,0.002285507016,Cement,115
3346,-7.333723,-39.305889,2020,BC,EEA,0.000617737146,0.0001544342865,0.002470948584,Cement,115
3347,-7.333723,-39.305889,2021,BC,EEA,0.00072549789,0.0001813744725,0.00290199156,Cement,115
3348,-7.333723,-39.305889,2022,BC,EEA,0.000385696922,9.64242305e-05,0.001542787688,Cement,115
3349,-7.333723,-39.305889,2014,NOX,EEA,0.136429461857778,0.0362785837333333,0.513396927377778,Cement,115
3350,-7.333723,-39.305889,2015,NOX,EEA,0.143445662191111,0.0381442937333333,0.539799550711111,Cement,115
3351,-7.333723,-39.305889,2016,NOX,EEA,0.136330225982222,0.0362521954666667,0.513023493422222,Cement,115
3352,-7.333723,-39.305889,2017,NOX,EEA,0.130039867244444,0.0345794973333333,0.489352280444445,Cement,115
3353,-7.333723,-39.305889,2018,NOX,EEA,0.121365547506667,0.0322728692,0.456709997466667,Cement,115
3354,-7.333723,-39.305889,2019,NOX,EEA,0.12121000884,0.0322315092,0.4561246908,Cement,115
3355,-7.333723,-39.305889,2020,NOX,EEA,0.131044751826667,0.0348467108,0.493133755866667,Cement,115
3356,-7.333723,-39.305889,2021,NOX,EEA,0.153904766066667,0.040925522,0.579158144666667,Cement,115
3357,-7.333723,-39.305889,2022,NOX,EEA,0.0818204923422222,0.0217572622666667,0.307898226622222,Cement,115
3358,-7.333723,-39.305889,2014,CO,EEA,0.0159955573733333,0.00505701470222222,0.0505701470222222,Cement,115
3359,-7.333723,-39.305889,2015,CO,EEA,0.0168181658733333,0.00531708336888889,0.0531708336888889,Cement,115
3360,-7.333723,-39.305889,2016,CO,EEA,0.0159839225466667,0.00505333633777778,0.0505333633777778,Cement,115
3361,-7.333723,-39.305889,2017,CO,EEA,0.0152464147333333,0.00482017235555556,0.0482017235555556,Cement,115
3362,-7.333723,-39.305889,2018,CO,EEA,0.01422940142,0.00449864237333333,0.0449864237333333,Cement,115
3363,-7.333723,-39.305889,2019,CO,EEA,0.01421116542,0.00449287704,0.0449287704,Cement,115
3364,-7.333723,-39.305889,2020,CO,EEA,0.01536423158,0.00485742029333333,0.0485742029333333,Cement,115
3365,-7.333723,-39.305889,2021,CO,EEA,0.0180444347,0.00570476973333333,0.0570476973333333,Cement,115
3366,-7.333723,-39.305889,2022,CO,EEA,0.00959297472666667,0.00303283049777778,0.0303283049777778,Cement,115
3367,-7.333723,-39.305889,2014,NMVOCs,EEA,0.0098941592,0.00126425367555556,0.0758552205333333,Cement,115
3368,-7.333723,-39.305889,2015,NMVOCs,EEA,0.0104029892,0.00132927084222222,0.0797562505333333,Cement,115
3369,-7.333723,-39.305889,2016,NMVOCs,EEA,0.0098869624,0.00126333408444444,0.0758000450666667,Cement,115
3370,-7.333723,-39.305889,2017,NMVOCs,EEA,0.009430772,0.00120504308888889,0.0723025853333333,Cement,115
3371,-7.333723,-39.305889,2018,NMVOCs,EEA,0.0088016916,0.00112466059333333,0.0674796356,Cement,115
3372,-7.333723,-39.305889,2019,NMVOCs,EEA,0.0087904116,0.00112321926,0.0673931556,Cement,115
3373,-7.333723,-39.305889,2020,NMVOCs,EEA,0.0095036484,0.00121435507333333,0.0728613044,Cement,115
3374,-7.333723,-39.305889,2021,NMVOCs,EEA,0.011161506,0.00142619243333333,0.085571546,Cement,115
3375,-7.333723,-39.305889,2022,NMVOCs,EEA,0.0059337988,0.000758207624444444,0.0454924574666667,Cement,115
3376,-7.333723,-39.305889,2014,SOX,EEA,0.0616735923466667,0.00329805306666667,1.83371750506667,Cement,115
3377,-7.333723,-39.305889,2015,SOX,EEA,0.0648452993466666,0.00346766306666667,1.92802066506667,Cement,115
3378,-7.333723,-39.305889,2016,SOX,EEA,0.0616287322933333,0.00329565413333333,1.83238369813333,Cement,115
3379,-7.333723,-39.305889,2017,SOX,EEA,0.0587851454666667,0.00314359066666667,1.74783641066667,Cement,115
3380,-7.333723,-39.305889,2018,SOX,EEA,0.05486387764,0.0029338972,1.6312468432,Cement,115
3381,-7.333723,-39.305889,2019,SOX,EEA,0.05479356564,0.0029301372,1.6291562832,Cement,115
3382,-7.333723,-39.305889,2020,SOX,EEA,0.05923940836,0.0031678828,1.7613428368,Cement,115
3383,-7.333723,-39.305889,2021,SOX,EEA,0.0695733874,0.003720502,2.068599112,Cement,115
3384,-7.333723,-39.305889,2022,SOX,EEA,0.0369873458533333,0.00197793293333333,1.09973071093333,Cement,115
3385,-20.786199,-41.117609,2014,TSP,EEA,0.08279466,0.04139733,0.16558932,Cement,115
3386,-20.786199,-41.117609,2015,TSP,EEA,0.080863666,0.040431833,0.161727332,Cement,115
3387,-20.786199,-41.117609,2016,TSP,EEA,0.077534652,0.038767326,0.155069304,Cement,115
3388,-20.786199,-41.117609,2017,TSP,EEA,0.072570394,0.036285197,0.145140788,Cement,115
3389,-20.786199,-41.117609,2018,TSP,EEA,0.048070152,0.024035076,0.096140304,Cement,115
3390,-20.786199,-41.117609,2019,TSP,EEA,0.041723526,0.020861763,0.083447052,Cement,115
3391,-20.786199,-41.117609,2020,TSP,EEA,0.046728578,0.023364289,0.093457156,Cement,115
3392,-20.786199,-41.117609,2021,TSP,EEA,0.051397736,0.025698868,0.102795472,Cement,115
3393,-20.786199,-41.117609,2022,TSP,EEA,0.029106402,0.014553201,0.058212804,Cement,115
3394,-20.786199,-41.117609,2014,PM10,EEA,0.074515194,0.037257597,0.149030388,Cement,115
3395,-20.786199,-41.117609,2015,PM10,EEA,0.0727772994,0.0363886497,0.1455545988,Cement,115
3396,-20.786199,-41.117609,2016,PM10,EEA,0.0697811868,0.0348905934,0.1395623736,Cement,115
3397,-20.786199,-41.117609,2017,PM10,EEA,0.0653133546,0.0326566773,0.1306267092,Cement,115
3398,-20.786199,-41.117609,2018,PM10,EEA,0.0432631368,0.0216315684,0.0865262736,Cement,115
3399,-20.786199,-41.117609,2019,PM10,EEA,0.0375511734,0.0187755867,0.0751023468,Cement,115
3400,-20.786199,-41.117609,2020,PM10,EEA,0.0420557202,0.0210278601,0.0841114404,Cement,115
3401,-20.786199,-41.117609,2021,PM10,EEA,0.0462579624,0.0231289812,0.0925159248,Cement,115
3402,-20.786199,-41.117609,2022,PM10,EEA,0.0261957618,0.0130978809,0.0523915236,Cement,115
3403,-20.786199,-41.117609,2014,PM2.5,EEA,0.04139733,0.020698665,0.08279466,Cement,115
3404,-20.786199,-41.117609,2015,PM2.5,EEA,0.040431833,0.0202159165,0.080863666,Cement,115
3405,-20.786199,-41.117609,2016,PM2.5,EEA,0.038767326,0.019383663,0.077534652,Cement,115
3406,-20.786199,-41.117609,2017,PM2.5,EEA,0.036285197,0.0181425985,0.072570394,Cement,115
3407,-20.786199,-41.117609,2018,PM2.5,EEA,0.024035076,0.012017538,0.048070152,Cement,115
3408,-20.786199,-41.117609,2019,PM2.5,EEA,0.020861763,0.0104308815,0.041723526,Cement,115
3409,-20.786199,-41.117609,2020,PM2.5,EEA,0.023364289,0.0116821445,0.046728578,Cement,115
3410,-20.786199,-41.117609,2021,PM2.5,EEA,0.025698868,0.012849434,0.051397736,Cement,115
3411,-20.786199,-41.117609,2022,PM2.5,EEA,0.014553201,0.0072766005,0.029106402,Cement,115
3412,-20.786199,-41.117609,2014,BC,EEA,0.0012419199,0.000310479975,0.0049676796,Cement,115
3413,-20.786199,-41.117609,2015,BC,EEA,0.00121295499,0.0003032387475,0.00485181996,Cement,115
3414,-20.786199,-41.117609,2016,BC,EEA,0.00116301978,0.000290754945,0.00465207912,Cement,115
3415,-20.786199,-41.117609,2017,BC,EEA,0.00108855591,0.0002721389775,0.00435422364,Cement,115
3416,-20.786199,-41.117609,2018,BC,EEA,0.00072105228,0.00018026307,0.00288420912,Cement,115
3417,-20.786199,-41.117609,2019,BC,EEA,0.00062585289,0.0001564632225,0.00250341156,Cement,115
3418,-20.786199,-41.117609,2020,BC,EEA,0.00070092867,0.0001752321675,0.00280371468,Cement,115
3419,-20.786199,-41.117609,2021,BC,EEA,0.00077096604,0.00019274151,0.00308386416,Cement,115
3420,-20.786199,-41.117609,2022,BC,EEA,0.00043659603,0.0001091490075,0.00174638412,Cement,115
3421,-20.786199,-41.117609,2014,NOX,EEA,0.263456854,0.07005702,0.99141298,Cement,115
3422,-20.786199,-41.117609,2015,NOX,EEA,0.257312332066667,0.068423102,0.968290564666667,Cement,115
3423,-20.786199,-41.117609,2016,NOX,EEA,0.2467192388,0.065606244,0.928427756,Cement,115
3424,-20.786199,-41.117609,2017,NOX,EEA,0.230922715266667,0.061405718,0.868983948666667,Cement,115
3425,-20.786199,-41.117609,2018,NOX,EEA,0.1529616888,0.040674744,0.575609256,Cement,115
3426,-20.786199,-41.117609,2019,NOX,EEA,0.1327663994,0.035304522,0.499612478,Cement,115
3427,-20.786199,-41.117609,2020,NOX,EEA,0.148692731533333,0.039539566,0.559544767333333,Cement,115
3428,-20.786199,-41.117609,2021,NOX,EEA,0.163550231733333,0.043490392,0.615454941333333,Cement,115
3429,-20.786199,-41.117609,2022,NOX,EEA,0.0926180638,0.024628494,0.348530506,Cement,115
3430,-20.786199,-41.117609,2014,CO,EEA,0.030888777,0.009765524,0.09765524,Cement,115
3431,-20.786199,-41.117609,2015,CO,EEA,0.0301683677,0.00953776573333333,0.0953776573333333,Cement,115
3432,-20.786199,-41.117609,2016,CO,EEA,0.0289263894,0.0091451128,0.091451128,Cement,115
3433,-20.786199,-41.117609,2017,CO,EEA,0.0270743393,0.00855958493333333,0.0855958493333333,Cement,115
3434,-20.786199,-41.117609,2018,CO,EEA,0.0179338644,0.0056698128,0.056698128,Cement,115
3435,-20.786199,-41.117609,2019,CO,EEA,0.0155660847,0.0049212364,0.049212364,Cement,115
3436,-20.786199,-41.117609,2020,CO,EEA,0.0174333541,0.00551157586666667,0.0551157586666667,Cement,115
3437,-20.786199,-41.117609,2021,CO,EEA,0.0191753092,0.00606229706666667,0.0606229706666667,Cement,115
3438,-20.786199,-41.117609,2022,CO,EEA,0.0108589269,0.0034330628,0.034330628,Cement,115
3439,-20.786199,-41.117609,2014,NMVOCs,EEA,0.01910646,0.002441381,0.14648286,Cement,115
3440,-20.786199,-41.117609,2015,NMVOCs,EEA,0.018660846,0.00238444143333333,0.143066486,Cement,115
3441,-20.786199,-41.117609,2016,NMVOCs,EEA,0.017892612,0.0022862782,0.137176692,Cement,115
3442,-20.786199,-41.117609,2017,NMVOCs,EEA,0.016747014,0.00213989623333333,0.128393774,Cement,115
3443,-20.786199,-41.117609,2018,NMVOCs,EEA,0.011093112,0.0014174532,0.085047192,Cement,115
3444,-20.786199,-41.117609,2019,NMVOCs,EEA,0.009628506,0.0012303091,0.073818546,Cement,115
3445,-20.786199,-41.117609,2020,NMVOCs,EEA,0.010783518,0.00137789396666667,0.082673638,Cement,115
3446,-20.786199,-41.117609,2021,NMVOCs,EEA,0.011861016,0.00151557426666667,0.090934456,Cement,115
3447,-20.786199,-41.117609,2022,NMVOCs,EEA,0.006716862,0.0008582657,0.051495942,Cement,115
3448,-20.786199,-41.117609,2014,SOX,EEA,0.119096934,0.00636882,3.54106392,Cement,115
3449,-20.786199,-41.117609,2015,SOX,EEA,0.1163192734,0.006220282,3.458476792,Cement,115
3450,-20.786199,-41.117609,2016,SOX,EEA,0.1115306148,0.005964204,3.316097424,Cement,115
3451,-20.786199,-41.117609,2017,SOX,EEA,0.1043897206,0.005582338,3.103779928,Cement,115
3452,-20.786199,-41.117609,2018,SOX,EEA,0.0691470648,0.003697704,2.055923424,Cement,115
3453,-20.786199,-41.117609,2019,SOX,EEA,0.0600176874,0.003209502,1.784483112,Cement,115
3454,-20.786199,-41.117609,2020,SOX,EEA,0.0672172622,0.003594506,1.998545336,Cement,115
3455,-20.786199,-41.117609,2021,SOX,EEA,0.0739336664,0.003953672,2.198241632,Cement,115
3456,-20.786199,-41.117609,2022,SOX,EEA,0.0418684398,0.002238954,1.244858424,Cement,115
3457,-21.182722,-44,2014,TSP,EEA,0.082756201125,0.0413781005625,0.16551240225,Cement,115
3458,-21.182722,-44,2015,TSP,EEA,0.07312660875,0.036563304375,0.1462532175,Cement,115
3459,-21.182722,-44,2016,TSP,EEA,0.064476091875,0.0322380459375,0.12895218375,Cement,115
3460,-21.182722,-44,2017,TSP,EEA,0.06276489375,0.031382446875,0.1255297875,Cement,115
3461,-21.182722,-44,2018,TSP,EEA,0.06725777175,0.033628885875,0.1345155435,Cement,115
3462,-21.182722,-44,2019,TSP,EEA,0.07761114075,0.038805570375,0.1552222815,Cement,115
3463,-21.182722,-44,2020,TSP,EEA,0.077748177,0.0388740885,0.155496354,Cement,115
3464,-21.182722,-44,2021,TSP,EEA,0.08144544525,0.040722722625,0.1628908905,Cement,115
3465,-21.182722,-44,2022,TSP,EEA,0.045064183125,0.0225320915625,0.09012836625,Cement,115
3466,-21.182722,-44,2014,PM10,EEA,0.0744805810125,0.03724029050625,0.148961162025,Cement,115
3467,-21.182722,-44,2015,PM10,EEA,0.065813947875,0.0329069739375,0.13162789575,Cement,115
3468,-21.182722,-44,2016,PM10,EEA,0.0580284826875,0.02901424134375,0.116056965375,Cement,115
3469,-21.182722,-44,2017,PM10,EEA,0.056488404375,0.0282442021875,0.11297680875,Cement,115
3470,-21.182722,-44,2018,PM10,EEA,0.060531994575,0.0302659972875,0.12106398915,Cement,115
3471,-21.182722,-44,2019,PM10,EEA,0.069850026675,0.0349250133375,0.13970005335,Cement,115
3472,-21.182722,-44,2020,PM10,EEA,0.0699733593,0.03498667965,0.1399467186,Cement,115
3473,-21.182722,-44,2021,PM10,EEA,0.073300900725,0.0366504503625,0.14660180145,Cement,115
3474,-21.182722,-44,2022,PM10,EEA,0.0405577648125,0.02027888240625,0.081115529625,Cement,115
3475,-21.182722,-44,2014,PM2.5,EEA,0.0413781005625,0.02068905028125,0.082756201125,Cement,115
3476,-21.182722,-44,2015,PM2.5,EEA,0.036563304375,0.0182816521875,0.07312660875,Cement,115
3477,-21.182722,-44,2016,PM2.5,EEA,0.0322380459375,0.01611902296875,0.064476091875,Cement,115
3478,-21.182722,-44,2017,PM2.5,EEA,0.031382446875,0.0156912234375,0.06276489375,Cement,115
3479,-21.182722,-44,2018,PM2.5,EEA,0.033628885875,0.0168144429375,0.06725777175,Cement,115
3480,-21.182722,-44,2019,PM2.5,EEA,0.038805570375,0.0194027851875,0.07761114075,Cement,115
3481,-21.182722,-44,2020,PM2.5,EEA,0.0388740885,0.01943704425,0.077748177,Cement,115
3482,-21.182722,-44,2021,PM2.5,EEA,0.040722722625,0.0203613613125,0.08144544525,Cement,115
3483,-21.182722,-44,2022,PM2.5,EEA,0.0225320915625,0.01126604578125,0.045064183125,Cement,115
3484,-21.182722,-44,2014,BC,EEA,0.001241343016875,0.00031033575421875,0.0049653720675,Cement,115
3485,-21.182722,-44,2015,BC,EEA,0.00109689913125,0.0002742247828125,0.004387596525,Cement,115
3486,-21.182722,-44,2016,BC,EEA,0.000967141378125,0.00024178534453125,0.0038685655125,Cement,115
3487,-21.182722,-44,2017,BC,EEA,0.00094147340625,0.0002353683515625,0.003765893625,Cement,115
3488,-21.182722,-44,2018,BC,EEA,0.00100886657625,0.0002522166440625,0.004035466305,Cement,115
3489,-21.182722,-44,2019,BC,EEA,0.00116416711125,0.0002910417778125,0.004656668445,Cement,115
3490,-21.182722,-44,2020,BC,EEA,0.001166222655,0.00029155566375,0.00466489062,Cement,115
3491,-21.182722,-44,2021,BC,EEA,0.00122168167875,0.0003054204196875,0.004886726715,Cement,115
3492,-21.182722,-44,2022,BC,EEA,0.000675962746875,0.00016899068671875,0.0027038509875,Cement,115
3493,-21.182722,-44,2014,NOX,EEA,0.2633344758875,0.070024477875,0.990952459625,Cement,115
3494,-21.182722,-44,2015,NOX,EEA,0.232692619125,0.06187636125,0.87564426375,Cement,115
3495,-21.182722,-44,2016,NOX,EEA,0.2051662308125,0.054556693125,0.772059869375,Cement,115
3496,-21.182722,-44,2017,NOX,EEA,0.199721110625,0.05310875625,0.75156936875,Cement,115
3497,-21.182722,-44,2018,NOX,EEA,0.214017678825,0.05691042225,0.80536870275,Cement,115
3498,-21.182722,-44,2019,NOX,EEA,0.246962629925,0.06567096525,0.92934365975,Cement,115
3499,-21.182722,-44,2020,NOX,EEA,0.2473986863,0.065786919,0.930984581,Cement,115
3500,-21.182722,-44,2021,NOX,EEA,0.259163583475,0.06891537675,0.97525699825,Cement,115
3501,-21.182722,-44,2022,NOX,EEA,0.1433965416875,0.038131231875,0.539614705625,Cement,115
3502,-21.182722,-44,2014,CO,EEA,0.03087442888125,0.009760987825,0.09760987825,Cement,115
3503,-21.182722,-44,2015,CO,EEA,0.0272818501875,0.00862518975,0.0862518975,Cement,115
3504,-21.182722,-44,2016,CO,EEA,0.02405454196875,0.007604872375,0.07604872375,Cement,115
3505,-21.182722,-44,2017,CO,EEA,0.0234161334375,0.00740303875,0.0740303875,Cement,115
3506,-21.182722,-44,2018,CO,EEA,0.0250923225375,0.00793296795,0.0793296795,Cement,115
3507,-21.182722,-44,2019,CO,EEA,0.0289549255875,0.00915413455,0.0915413455,Cement,115
3508,-21.182722,-44,2020,CO,EEA,0.02900605065,0.0091702978,0.091702978,Cement,115
3509,-21.182722,-44,2021,CO,EEA,0.0303854161125,0.00960638585,0.0960638585,Cement,115
3510,-21.182722,-44,2022,CO,EEA,0.01681240678125,0.005315262625,0.05315262625,Cement,115
3511,-21.182722,-44,2014,NMVOCs,EEA,0.019097584875,0.00244024695625,0.146414817375,Cement,115
3512,-21.182722,-44,2015,NMVOCs,EEA,0.01687537125,0.0021562974375,0.12937784625,Cement,115
3513,-21.182722,-44,2016,NMVOCs,EEA,0.014879098125,0.00190121809375,0.114073085625,Cement,115
3514,-21.182722,-44,2017,NMVOCs,EEA,0.01448420625,0.0018507596875,0.11104558125,Cement,115
3515,-21.182722,-44,2018,NMVOCs,EEA,0.01552102425,0.0019832419875,0.11899451925,Cement,115
3516,-21.182722,-44,2019,NMVOCs,EEA,0.01791026325,0.0022885336375,0.13731201825,Cement,115
3517,-21.182722,-44,2020,NMVOCs,EEA,0.017941887,0.00229257445,0.137554467,Cement,115
3518,-21.182722,-44,2021,NMVOCs,EEA,0.01879510275,0.0024015964625,0.14409578775,Cement,115
3519,-21.182722,-44,2022,NMVOCs,EEA,0.010399426875,0.00132881565625,0.079728939375,Cement,115
3520,-21.182722,-44,2014,SOX,EEA,0.1190416123875,0.006365861625,3.5394190635,Cement,115
3521,-21.182722,-44,2015,SOX,EEA,0.105189814125,0.00562512375,3.127568805,Cement,115
3522,-21.182722,-44,2016,SOX,EEA,0.0927463783125,0.004959699375,2.7575928525,Cement,115
3523,-21.182722,-44,2017,SOX,EEA,0.090284885625,0.00482806875,2.684406225,Cement,115
3524,-21.182722,-44,2018,SOX,EEA,0.096747717825,0.00517367475,2.876563161,Cement,115
3525,-21.182722,-44,2019,SOX,EEA,0.111640640925,0.00597008775,3.319368789,Cement,115
3526,-21.182722,-44,2020,SOX,EEA,0.1118377623,0.005980629,3.325229724,Cement,115
3527,-21.182722,-44,2021,SOX,EEA,0.117156140475,0.00626503425,3.483359043,Cement,115
3528,-21.182722,-44,2022,SOX,EEA,0.0648230941875,0.003466475625,1.9273604475,Cement,115
3529,-7.523418,-35,2014,TSP,EEA,0.0453024303333333,0.0226512151666667,0.0906048606666667,Cement,115
3530,-7.523418,-35,2015,TSP,EEA,0.0401007208333333,0.0200503604166667,0.0802014416666667,Cement,115
3531,-7.523418,-35,2016,TSP,EEA,0.0483121946666667,0.0241560973333333,0.0966243893333333,Cement,115
3532,-7.523418,-35,2017,TSP,EEA,0.0481356113333333,0.0240678056666667,0.0962712226666667,Cement,115
3533,-7.523418,-35,2018,TSP,EEA,0.049381046,0.024690523,0.098762092,Cement,115
3534,-7.523418,-35,2019,TSP,EEA,0.058776666,0.029388333,0.117553332,Cement,115
3535,-7.523418,-35,2020,TSP,EEA,0.0685582625,0.03427913125,0.137116525,Cement,115
3536,-7.523418,-35,2021,TSP,EEA,0.0726287315,0.03631436575,0.145257463,Cement,115
3537,-7.523418,-35,2022,TSP,EEA,0.0409144601666667,0.0204572300833333,0.0818289203333333,Cement,115
3538,-7.523418,-35,2014,PM10,EEA,0.0407721873,0.02038609365,0.0815443746,Cement,115
3539,-7.523418,-35,2015,PM10,EEA,0.03609064875,0.018045324375,0.0721812975,Cement,115
3540,-7.523418,-35,2016,PM10,EEA,0.0434809752,0.0217404876,0.0869619504,Cement,115
3541,-7.523418,-35,2017,PM10,EEA,0.0433220502,0.0216610251,0.0866441004,Cement,115
3542,-7.523418,-35,2018,PM10,EEA,0.0444429414,0.0222214707,0.0888858828,Cement,115
3543,-7.523418,-35,2019,PM10,EEA,0.0528989994,0.0264494997,0.1057979988,Cement,115
3544,-7.523418,-35,2020,PM10,EEA,0.06170243625,0.030851218125,0.1234048725,Cement,115
3545,-7.523418,-35,2021,PM10,EEA,0.06536585835,0.032682929175,0.1307317167,Cement,115
3546,-7.523418,-35,2022,PM10,EEA,0.03682301415,0.018411507075,0.0736460283,Cement,115
3547,-7.523418,-35,2014,PM2.5,EEA,0.0226512151666667,0.0113256075833333,0.0453024303333333,Cement,115
3548,-7.523418,-35,2015,PM2.5,EEA,0.0200503604166667,0.0100251802083333,0.0401007208333333,Cement,115
3549,-7.523418,-35,2016,PM2.5,EEA,0.0241560973333333,0.0120780486666667,0.0483121946666667,Cement,115
3550,-7.523418,-35,2017,PM2.5,EEA,0.0240678056666667,0.0120339028333333,0.0481356113333333,Cement,115
3551,-7.523418,-35,2018,PM2.5,EEA,0.024690523,0.0123452615,0.049381046,Cement,115
3552,-7.523418,-35,2019,PM2.5,EEA,0.029388333,0.0146941665,0.058776666,Cement,115
3553,-7.523418,-35,2020,PM2.5,EEA,0.03427913125,0.017139565625,0.0685582625,Cement,115
3554,-7.523418,-35,2021,PM2.5,EEA,0.03631436575,0.018157182875,0.0726287315,Cement,115
3555,-7.523418,-35,2022,PM2.5,EEA,0.0204572300833333,0.0102286150416667,0.0409144601666667,Cement,115
3556,-7.523418,-35,2014,BC,EEA,0.000679536455,0.00016988411375,0.00271814582,Cement,115
3557,-7.523418,-35,2015,BC,EEA,0.0006015108125,0.000150377703125,0.00240604325,Cement,115
3558,-7.523418,-35,2016,BC,EEA,0.00072468292,0.00018117073,0.00289873168,Cement,115
3559,-7.523418,-35,2017,BC,EEA,0.00072203417,0.0001805085425,0.00288813668,Cement,115
3560,-7.523418,-35,2018,BC,EEA,0.00074071569,0.0001851789225,0.00296286276,Cement,115
3561,-7.523418,-35,2019,BC,EEA,0.00088164999,0.0002204124975,0.00352659996,Cement,115
3562,-7.523418,-35,2020,BC,EEA,0.0010283739375,0.000257093484375,0.00411349575,Cement,115
3563,-7.523418,-35,2021,BC,EEA,0.0010894309725,0.000272357743125,0.00435772389,Cement,115
3564,-7.523418,-35,2022,BC,EEA,0.0006137169025,0.000153429225625,0.00245486761,Cement,115
3565,-7.523418,-35,2014,NOX,EEA,0.144154656522222,0.0383328256666667,0.542467563222222,Cement,115
3566,-7.523418,-35,2015,NOX,EEA,0.127602550138889,0.0339313791666667,0.480180426388889,Cement,115
3567,-7.523418,-35,2016,NOX,EEA,0.153731880977778,0.0408795493333333,0.578507561777778,Cement,115
3568,-7.523418,-35,2017,NOX,EEA,0.153169983755556,0.0407301326666667,0.576393089555556,Cement,115
3569,-7.523418,-35,2018,NOX,EEA,0.157133020733333,0.041783962,0.591306371333333,Cement,115
3570,-7.523418,-35,2019,NOX,EEA,0.1870303654,0.049734102,0.703812898,Cement,115
3571,-7.523418,-35,2020,NOX,EEA,0.218155907083333,0.0580108375,0.820941245833333,Cement,115
3572,-7.523418,-35,2021,NOX,EEA,0.231108348183333,0.0614550805,0.869682502833333,Cement,115
3573,-7.523418,-35,2022,NOX,EEA,0.130191910427778,0.0346199278333333,0.489924433277778,Cement,115
3574,-7.523418,-35,2014,CO,EEA,0.0169012913166667,0.00534336357777778,0.0534336357777778,Cement,115
3575,-7.523418,-35,2015,CO,EEA,0.0149606535416667,0.00472982861111111,0.0472982861111111,Cement,115
3576,-7.523418,-35,2016,CO,EEA,0.0180241649333333,0.00569836142222222,0.0569836142222222,Cement,115
3577,-7.523418,-35,2017,CO,EEA,0.0179582857666667,0.00567753364444444,0.0567753364444444,Cement,115
3578,-7.523418,-35,2018,CO,EEA,0.0184229287,0.00582443106666667,0.0582443106666667,Cement,115
3579,-7.523418,-35,2019,CO,EEA,0.0219282177,0.0069326324,0.069326324,Cement,115
3580,-7.523418,-35,2020,CO,EEA,0.025577505625,0.00808635916666667,0.0808635916666667,Cement,115
3581,-7.523418,-35,2021,CO,EEA,0.027096103675,0.00856646576666666,0.0856646576666667,Cement,115
3582,-7.523418,-35,2022,CO,EEA,0.0152642409083333,0.00482580812222222,0.0482580812222222,Cement,115
3583,-7.523418,-35,2014,NMVOCs,EEA,0.010454407,0.00133584089444444,0.0801504536666667,Cement,115
3584,-7.523418,-35,2015,NMVOCs,EEA,0.0092540125,0.00118245715277778,0.0709474291666667,Cement,115
3585,-7.523418,-35,2016,NMVOCs,EEA,0.011148968,0.00142459035555556,0.0854754213333333,Cement,115
3586,-7.523418,-35,2017,NMVOCs,EEA,0.011108218,0.00141938341111111,0.0851630046666667,Cement,115
3587,-7.523418,-35,2018,NMVOCs,EEA,0.011395626,0.00145610776666667,0.087366466,Cement,115
3588,-7.523418,-35,2019,NMVOCs,EEA,0.013563846,0.0017331581,0.103989486,Cement,115
3589,-7.523418,-35,2020,NMVOCs,EEA,0.0158211375,0.00202158979166667,0.1212953875,Cement,115
3590,-7.523418,-35,2021,NMVOCs,EEA,0.0167604765,0.00214161644166667,0.1284969865,Cement,115
3591,-7.523418,-35,2022,NMVOCs,EEA,0.0094417985,0.00120645203055556,0.0723871218333333,Cement,115
3592,-7.523418,-35,2014,SOX,EEA,0.0651658036333333,0.00348480233333333,1.93755009733333,Cement,115
3593,-7.523418,-35,2015,SOX,EEA,0.0576833445833333,0.00308467083333333,1.71507698333333,Cement,115
3594,-7.523418,-35,2016,SOX,EEA,0.0694952338666667,0.00371632266666667,2.06627540266667,Cement,115
3595,-7.523418,-35,2017,SOX,EEA,0.0692412255333333,0.00370273933333333,2.05872306933333,Cement,115
3596,-7.523418,-35,2018,SOX,EEA,0.0710327354,0.003798542,2.111989352,Cement,115
3597,-7.523418,-35,2019,SOX,EEA,0.0845479734,0.004521282,2.513832792,Cement,115
3598,-7.523418,-35,2020,SOX,EEA,0.09861842375,0.0052737125,2.93218415,Cement,115
3599,-7.523418,-35,2021,SOX,EEA,0.10447363685,0.0055868255,3.106274978,Cement,115
3600,-7.523418,-35,2022,SOX,EEA,0.0588538773166667,0.00314726616666667,1.74987998866667,Cement,115
3601,-12.718323,-38,2014,TSP,EEA,0.0299847708333333,0.0149923854166667,0.0599695416666667,Cement,115
3602,-12.718323,-38,2015,TSP,EEA,0.0298387873333333,0.0149193936666667,0.0596775746666667,Cement,115
3603,-12.718323,-38,2016,TSP,EEA,0.0254188436666667,0.0127094218333333,0.0508376873333333,Cement,115
3604,-12.718323,-38,2017,TSP,EEA,0.0242650373333333,0.0121325186666667,0.0485300746666667,Cement,115
3605,-12.718323,-38,2018,TSP,EEA,0.0246580295,0.01232901475,0.049316059,Cement,115
3606,-12.718323,-38,2019,TSP,EEA,0.026833833,0.0134169165,0.053667666,Cement,115
3607,-12.718323,-38,2020,TSP,EEA,0.0264526925,0.01322634625,0.052905385,Cement,115
3608,-12.718323,-38,2021,TSP,EEA,0.026917865,0.0134589325,0.05383573,Cement,115
3609,-12.718323,-38,2022,TSP,EEA,0.0155013386666667,0.00775066933333333,0.0310026773333333,Cement,115
3610,-12.718323,-38,2014,PM10,EEA,0.02698629375,0.013493146875,0.0539725875,Cement,115
3611,-12.718323,-38,2015,PM10,EEA,0.0268549086,0.0134274543,0.0537098172,Cement,115
3612,-12.718323,-38,2016,PM10,EEA,0.0228769593,0.01143847965,0.0457539186,Cement,115
3613,-12.718323,-38,2017,PM10,EEA,0.0218385336,0.0109192668,0.0436770672,Cement,115
3614,-12.718323,-38,2018,PM10,EEA,0.02219222655,0.011096113275,0.0443844531,Cement,115
3615,-12.718323,-38,2019,PM10,EEA,0.0241504497,0.01207522485,0.0483008994,Cement,115
3616,-12.718323,-38,2020,PM10,EEA,0.02380742325,0.011903711625,0.0476148465,Cement,115
3617,-12.718323,-38,2021,PM10,EEA,0.0242260785,0.01211303925,0.048452157,Cement,115
3618,-12.718323,-38,2022,PM10,EEA,0.0139512048,0.0069756024,0.0279024096,Cement,115
3619,-12.718323,-38,2014,PM2.5,EEA,0.0149923854166667,0.00749619270833333,0.0299847708333333,Cement,115
3620,-12.718323,-38,2015,PM2.5,EEA,0.0149193936666667,0.00745969683333333,0.0298387873333333,Cement,115
3621,-12.718323,-38,2016,PM2.5,EEA,0.0127094218333333,0.00635471091666667,0.0254188436666667,Cement,115
3622,-12.718323,-38,2017,PM2.5,EEA,0.0121325186666667,0.00606625933333333,0.0242650373333333,Cement,115
3623,-12.718323,-38,2018,PM2.5,EEA,0.01232901475,0.006164507375,0.0246580295,Cement,115
3624,-12.718323,-38,2019,PM2.5,EEA,0.0134169165,0.00670845825,0.026833833,Cement,115
3625,-12.718323,-38,2020,PM2.5,EEA,0.01322634625,0.006613173125,0.0264526925,Cement,115
3626,-12.718323,-38,2021,PM2.5,EEA,0.0134589325,0.00672946625,0.026917865,Cement,115
3627,-12.718323,-38,2022,PM2.5,EEA,0.00775066933333333,0.00387533466666667,0.0155013386666667,Cement,115
3628,-12.718323,-38,2014,BC,EEA,0.0004497715625,0.000112442890625,0.00179908625,Cement,115
3629,-12.718323,-38,2015,BC,EEA,0.00044758181,0.0001118954525,0.00179032724,Cement,115
3630,-12.718323,-38,2016,BC,EEA,0.000381282655,9.532066375e-05,0.00152513062,Cement,115
3631,-12.718323,-38,2017,BC,EEA,0.00036397556,9.099389e-05,0.00145590224,Cement,115
3632,-12.718323,-38,2018,BC,EEA,0.0003698704425,9.2467610625e-05,0.00147948177,Cement,115
3633,-12.718323,-38,2019,BC,EEA,0.000402507495,0.00010062687375,0.00161002998,Cement,115
3634,-12.718323,-38,2020,BC,EEA,0.0003967903875,9.9197596875e-05,0.00158716155,Cement,115
3635,-12.718323,-38,2021,BC,EEA,0.000403767975,0.00010094199375,0.0016150719,Cement,115
3636,-12.718323,-38,2022,BC,EEA,0.00023252008,5.813002e-05,0.00093008032,Cement,115
3637,-12.718323,-38,2014,NOX,EEA,0.0954130784722222,0.0253717291666667,0.359048409722222,Cement,115
3638,-12.718323,-38,2015,NOX,EEA,0.0949485514888889,0.0252482046666667,0.357300350888889,Cement,115
3639,-12.718323,-38,2016,NOX,EEA,0.0808840640777778,0.0215082523333333,0.304374358777778,Cement,115
3640,-12.718323,-38,2017,NOX,EEA,0.0772125931555556,0.0205319546666667,0.290558267555556,Cement,115
3641,-12.718323,-38,2018,NOX,EEA,0.0784631143833333,0.0208644865,0.295264096833333,Cement,115
3642,-12.718323,-38,2019,NOX,EEA,0.0853866327,0.022705551,0.321317949,Cement,115
3643,-12.718323,-38,2020,NOX,EEA,0.0841738240833333,0.0223830475,0.316754035833333,Cement,115
3644,-12.718323,-38,2021,NOX,EEA,0.0856540268333333,0.022776655,0.322324178333333,Cement,115
3645,-12.718323,-38,2022,NOX,EEA,0.0493260545777778,0.0131165173333333,0.185618593777778,Cement,115
3646,-12.718323,-38,2014,CO,EEA,0.0111866260416667,0.00353666527777778,0.0353666527777778,Cement,115
3647,-12.718323,-38,2015,CO,EEA,0.0111321629666667,0.00351944671111111,0.0351944671111111,Cement,115
3648,-12.718323,-38,2016,CO,EEA,0.00948318398333333,0.00299812002222222,0.0299812002222222,Cement,115
3649,-12.718323,-38,2017,CO,EEA,0.00905272546666667,0.00286203004444444,0.0286203004444444,Cement,115
3650,-12.718323,-38,2018,CO,EEA,0.009199341775,0.00290838296666667,0.0290838296666667,Cement,115
3651,-12.718323,-38,2019,CO,EEA,0.01001108385,0.0031650162,0.031650162,Cement,115
3652,-12.718323,-38,2020,CO,EEA,0.009868889125,0.00312006116666667,0.0312006116666667,Cement,115
3653,-12.718323,-38,2021,CO,EEA,0.01004243425,0.00317492766666667,0.0317492766666667,Cement,115
3654,-12.718323,-38,2022,CO,EEA,0.00578319173333333,0.00182836302222222,0.0182836302222222,Cement,115
3655,-12.718323,-38,2014,NMVOCs,EEA,0.0069195625,0.000884166319444444,0.0530499791666667,Cement,115
3656,-12.718323,-38,2015,NMVOCs,EEA,0.006885874,0.000879861677777778,0.0527917006666667,Cement,115
3657,-12.718323,-38,2016,NMVOCs,EEA,0.005865887,0.000749530005555555,0.0449718003333333,Cement,115
3658,-12.718323,-38,2017,NMVOCs,EEA,0.005599624,0.000715507511111111,0.0429304506666667,Cement,115
3659,-12.718323,-38,2018,NMVOCs,EEA,0.0056903145,0.000727095741666667,0.0436257445,Cement,115
3660,-12.718323,-38,2019,NMVOCs,EEA,0.006192423,0.00079125405,0.047475243,Cement,115
3661,-12.718323,-38,2020,NMVOCs,EEA,0.0061044675,0.000780015291666667,0.0468009175,Cement,115
3662,-12.718323,-38,2021,NMVOCs,EEA,0.006211815,0.000793731916666666,0.047623915,Cement,115
3663,-12.718323,-38,2022,NMVOCs,EEA,0.003577232,0.000457090755555556,0.0274254453333333,Cement,115
3664,-12.718323,-38,2014,SOX,EEA,0.0431319395833333,0.00230652083333333,1.28242558333333,Cement,115
3665,-12.718323,-38,2015,SOX,EEA,0.0429219479333333,0.00229529133333333,1.27618198133333,Cement,115
3666,-12.718323,-38,2016,SOX,EEA,0.0365640289666667,0.00195529566666667,1.08714439066667,Cement,115
3667,-12.718323,-38,2017,SOX,EEA,0.0349043229333333,0.00186654133333333,1.03779698133333,Cement,115
3668,-12.718323,-38,2018,SOX,EEA,0.03546962705,0.0018967715,1.054604954,Cement,115
3669,-12.718323,-38,2019,SOX,EEA,0.0385994367,0.002064141,1.147662396,Cement,115
3670,-12.718323,-38,2020,SOX,EEA,0.03805118075,0.0020348225,1.13136131,Cement,115
3671,-12.718323,-38,2021,SOX,EEA,0.0387203135,0.002070605,1.15125638,Cement,115
3672,-12.718323,-38,2022,SOX,EEA,0.0222980794666667,0.00119241066666667,0.662980330666667,Cement,115
3673,-21.941136,-42,2014,TSP,EEA,0.04355335725,0.021776678625,0.0871067145,Cement,115
3674,-21.941136,-42,2015,TSP,EEA,0.042071913,0.0210359565,0.084143826,Cement,115
3675,-21.941136,-42,2016,TSP,EEA,0.036477207,0.0182386035,0.072954414,Cement,115
3676,-21.941136,-42,2017,TSP,EEA,0.03143215725,0.015716078625,0.0628643145,Cement,115
3677,-21.941136,-42,2018,TSP,EEA,0.034064316,0.017032158,0.068128632,Cement,115
3678,-21.941136,-42,2019,TSP,EEA,0.0380047005,0.01900235025,0.076009401,Cement,115
3679,-21.941136,-42,2020,TSP,EEA,0.0362488425,0.01812442125,0.072497685,Cement,115
3680,-21.941136,-42,2021,TSP,EEA,0.0401311365,0.02006556825,0.080262273,Cement,115
3681,-21.941136,-42,2022,TSP,EEA,0.02206490325,0.011032451625,0.0441298065,Cement,115
3682,-21.941136,-42,2014,PM10,EEA,0.039198021525,0.0195990107625,0.07839604305,Cement,115
3683,-21.941136,-42,2015,PM10,EEA,0.0378647217,0.01893236085,0.0757294434,Cement,115
3684,-21.941136,-42,2016,PM10,EEA,0.0328294863,0.01641474315,0.0656589726,Cement,115
3685,-21.941136,-42,2017,PM10,EEA,0.028288941525,0.0141444707625,0.05657788305,Cement,115
3686,-21.941136,-42,2018,PM10,EEA,0.0306578844,0.0153289422,0.0613157688,Cement,115
3687,-21.941136,-42,2019,PM10,EEA,0.03420423045,0.017102115225,0.0684084609,Cement,115
3688,-21.941136,-42,2020,PM10,EEA,0.03262395825,0.016311979125,0.0652479165,Cement,115
3689,-21.941136,-42,2021,PM10,EEA,0.03611802285,0.018059011425,0.0722360457,Cement,115
3690,-21.941136,-42,2022,PM10,EEA,0.019858412925,0.0099292064625,0.03971682585,Cement,115
3691,-21.941136,-42,2014,PM2.5,EEA,0.021776678625,0.0108883393125,0.04355335725,Cement,115
3692,-21.941136,-42,2015,PM2.5,EEA,0.0210359565,0.01051797825,0.042071913,Cement,115
3693,-21.941136,-42,2016,PM2.5,EEA,0.0182386035,0.00911930175,0.036477207,Cement,115
3694,-21.941136,-42,2017,PM2.5,EEA,0.015716078625,0.0078580393125,0.03143215725,Cement,115
3695,-21.941136,-42,2018,PM2.5,EEA,0.017032158,0.008516079,0.034064316,Cement,115
3696,-21.941136,-42,2019,PM2.5,EEA,0.01900235025,0.009501175125,0.0380047005,Cement,115
3697,-21.941136,-42,2020,PM2.5,EEA,0.01812442125,0.009062210625,0.0362488425,Cement,115
3698,-21.941136,-42,2021,PM2.5,EEA,0.02006556825,0.010032784125,0.0401311365,Cement,115
3699,-21.941136,-42,2022,PM2.5,EEA,0.011032451625,0.0055162258125,0.02206490325,Cement,115
3700,-21.941136,-42,2014,BC,EEA,0.00065330035875,0.0001633250896875,0.002613201435,Cement,115
3701,-21.941136,-42,2015,BC,EEA,0.000631078695,0.00015776967375,0.00252431478,Cement,115
3702,-21.941136,-42,2016,BC,EEA,0.000547158105,0.00013678952625,0.00218863242,Cement,115
3703,-21.941136,-42,2017,BC,EEA,0.00047148235875,0.0001178705896875,0.001885929435,Cement,115
3704,-21.941136,-42,2018,BC,EEA,0.00051096474,0.000127741185,0.00204385896,Cement,115
3705,-21.941136,-42,2019,BC,EEA,0.0005700705075,0.000142517626875,0.00228028203,Cement,115
3706,-21.941136,-42,2020,BC,EEA,0.0005437326375,0.000135933159375,0.00217493055,Cement,115
3707,-21.941136,-42,2021,BC,EEA,0.0006019670475,0.000150491761875,0.00240786819,Cement,115
3708,-21.941136,-42,2022,BC,EEA,0.00033097354875,8.27433871875e-05,0.001323894195,Cement,115
3709,-21.941136,-42,2014,NOX,EEA,0.138589016275,0.03685284075,0.52152353425,Cement,115
3710,-21.941136,-42,2015,NOX,EEA,0.1338749847,0.035599311,0.503784189,Cement,115
3711,-21.941136,-42,2016,NOX,EEA,0.1160723433,0.030865329,0.436791171,Cement,115
3712,-21.941136,-42,2017,NOX,EEA,0.100018736275,0.02659644075,0.37637993425,Cement,115
3713,-21.941136,-42,2018,NOX,EEA,0.1083944004,0.028823652,0.407898348,Cement,115
3714,-21.941136,-42,2019,NOX,EEA,0.12093290595,0.0321578235,0.4550819265,Cement,115
3715,-21.941136,-42,2020,NOX,EEA,0.11534567575,0.0306720975,0.4340566525,Cement,115
3716,-21.941136,-42,2021,NOX,EEA,0.12769933435,0.0339571155,0.4805446345,Cement,115
3717,-21.941136,-42,2022,NOX,EEA,0.070211653675,0.01867030275,0.26421307225,Cement,115
3718,-21.941136,-42,2014,CO,EEA,0.0162487525125,0.00513706265,0.0513706265,Cement,115
3719,-21.941136,-42,2015,CO,EEA,0.01569605985,0.0049623282,0.049623282,Cement,115
3720,-21.941136,-42,2016,CO,EEA,0.01360880415,0.0043024398,0.043024398,Cement,115
3721,-21.941136,-42,2017,CO,EEA,0.0117266125125,0.00370738265,0.0370738265,Cement,115
3722,-21.941136,-42,2018,CO,EEA,0.0127086102,0.0040178424,0.040178424,Cement,115
3723,-21.941136,-42,2019,CO,EEA,0.014178676725,0.0044826057,0.044826057,Cement,115
3724,-21.941136,-42,2020,CO,EEA,0.013523606625,0.0042755045,0.042755045,Cement,115
3725,-21.941136,-42,2021,CO,EEA,0.014972000925,0.0047334161,0.047334161,Cement,115
3726,-21.941136,-42,2022,CO,EEA,0.0082319062125,0.00260252705,0.0260252705,Cement,115
3727,-21.941136,-42,2014,NMVOCs,EEA,0.01005077475,0.0012842656625,0.07705593975,Cement,115
3728,-21.941136,-42,2015,NMVOCs,EEA,0.009708903,0.00124058205,0.074434923,Cement,115
3729,-21.941136,-42,2016,NMVOCs,EEA,0.008417817,0.00107560995,0.064536597,Cement,115
3730,-21.941136,-42,2017,NMVOCs,EEA,0.00725357475,0.0009268456625,0.05561073975,Cement,115
3731,-21.941136,-42,2018,NMVOCs,EEA,0.007860996,0.0010044606,0.060267636,Cement,115
3732,-21.941136,-42,2019,NMVOCs,EEA,0.0087703155,0.001120651425,0.0672390855,Cement,115
3733,-21.941136,-42,2020,NMVOCs,EEA,0.0083651175,0.001068876125,0.0641325675,Cement,115
3734,-21.941136,-42,2021,NMVOCs,EEA,0.0092610315,0.001183354025,0.0710012415,Cement,115
3735,-21.941136,-42,2022,NMVOCs,EEA,0.00509190075,0.0006506317625,0.03903790575,Cement,115
3736,-21.941136,-42,2014,SOX,EEA,0.062649829275,0.00335025825,1.862743587,Cement,115
3737,-21.941136,-42,2015,SOX,EEA,0.0605188287,0.003236301,1.799383356,Cement,115
3738,-21.941136,-42,2016,SOX,EEA,0.0524710593,0.002805939,1.560102084,Cement,115
3739,-21.941136,-42,2017,SOX,EEA,0.045213949275,0.00241785825,1.344329187,Cement,115
3740,-21.941136,-42,2018,SOX,EEA,0.0490002084,0.002620332,1.456904592,Cement,115
3741,-21.941136,-42,2019,SOX,EEA,0.05466829995,0.0029234385,1.625431806,Cement,115
3742,-21.941136,-42,2020,SOX,EEA,0.05214256575,0.0027883725,1.55033511,Cement,115
3743,-21.941136,-42,2021,SOX,EEA,0.05772709635,0.0030870105,1.716377838,Cement,115
3744,-21.941136,-42,2022,SOX,EEA,0.031739514675,0.00169730025,0.943698939,Cement,115
3745,-15.787776,-49,2014,TSP,EEA,0.042051178,0.021025589,0.084102356,Cement,115
3746,-15.787776,-49,2015,TSP,EEA,0.034498932,0.017249466,0.068997864,Cement,115
3747,-15.787776,-49,2016,TSP,EEA,0.02781493,0.013907465,0.05562986,Cement,115
3748,-15.787776,-49,2017,TSP,EEA,0.038635636,0.019317818,0.077271272,Cement,115
3749,-15.787776,-49,2018,TSP,EEA,0.044609864,0.022304932,0.089219728,Cement,115
3750,-15.787776,-49,2019,TSP,EEA,0.04991233,0.024956165,0.09982466,Cement,115
3751,-15.787776,-49,2020,TSP,EEA,0.052519116,0.026259558,0.105038232,Cement,115
3752,-15.787776,-49,2021,TSP,EEA,0.05815732,0.02907866,0.11631464,Cement,115
3753,-15.787776,-49,2022,TSP,EEA,0.033263386,0.016631693,0.066526772,Cement,115
3754,-15.787776,-49,2014,PM10,EEA,0.0378460602,0.0189230301,0.0756921204,Cement,115
3755,-15.787776,-49,2015,PM10,EEA,0.0310490388,0.0155245194,0.0620980776,Cement,115
3756,-15.787776,-49,2016,PM10,EEA,0.025033437,0.0125167185,0.050066874,Cement,115
3757,-15.787776,-49,2017,PM10,EEA,0.0347720724,0.0173860362,0.0695441448,Cement,115
3758,-15.787776,-49,2018,PM10,EEA,0.0401488776,0.0200744388,0.0802977552,Cement,115
3759,-15.787776,-49,2019,PM10,EEA,0.044921097,0.0224605485,0.089842194,Cement,115
3760,-15.787776,-49,2020,PM10,EEA,0.0472672044,0.0236336022,0.0945344088,Cement,115
3761,-15.787776,-49,2021,PM10,EEA,0.052341588,0.026170794,0.104683176,Cement,115
3762,-15.787776,-49,2022,PM10,EEA,0.0299370474,0.0149685237,0.0598740948,Cement,115
3763,-15.787776,-49,2014,PM2.5,EEA,0.021025589,0.0105127945,0.042051178,Cement,115
3764,-15.787776,-49,2015,PM2.5,EEA,0.017249466,0.008624733,0.034498932,Cement,115
3765,-15.787776,-49,2016,PM2.5,EEA,0.013907465,0.0069537325,0.02781493,Cement,115
3766,-15.787776,-49,2017,PM2.5,EEA,0.019317818,0.009658909,0.038635636,Cement,115
3767,-15.787776,-49,2018,PM2.5,EEA,0.022304932,0.011152466,0.044609864,Cement,115
3768,-15.787776,-49,2019,PM2.5,EEA,0.024956165,0.0124780825,0.04991233,Cement,115
3769,-15.787776,-49,2020,PM2.5,EEA,0.026259558,0.013129779,0.052519116,Cement,115
3770,-15.787776,-49,2021,PM2.5,EEA,0.02907866,0.01453933,0.05815732,Cement,115
3771,-15.787776,-49,2022,PM2.5,EEA,0.016631693,0.0083158465,0.033263386,Cement,115
3772,-15.787776,-49,2014,BC,EEA,0.00063076767,0.0001576919175,0.00252307068,Cement,115
3773,-15.787776,-49,2015,BC,EEA,0.00051748398,0.000129370995,0.00206993592,Cement,115
3774,-15.787776,-49,2016,BC,EEA,0.00041722395,0.0001043059875,0.0016688958,Cement,115
3775,-15.787776,-49,2017,BC,EEA,0.00057953454,0.000144883635,0.00231813816,Cement,115
3776,-15.787776,-49,2018,BC,EEA,0.00066914796,0.00016728699,0.00267659184,Cement,115
3777,-15.787776,-49,2019,BC,EEA,0.00074868495,0.0001871712375,0.0029947398,Cement,115
3778,-15.787776,-49,2020,BC,EEA,0.00078778674,0.000196946685,0.00315114696,Cement,115
3779,-15.787776,-49,2021,BC,EEA,0.0008723598,0.00021808995,0.0034894392,Cement,115
3780,-15.787776,-49,2022,BC,EEA,0.00049895079,0.0001247376975,0.00199580316,Cement,115
3781,-15.787776,-49,2014,NOX,EEA,0.133809004866667,0.035581766,0.503535900666667,Cement,115
3782,-15.787776,-49,2015,NOX,EEA,0.1097773708,0.029191404,0.413102596,Cement,115
3783,-15.787776,-49,2016,NOX,EEA,0.0885085336666667,0.02353571,0.333065956666667,Cement,115
3784,-15.787776,-49,2017,NOX,EEA,0.122940575066667,0.032691692,0.462636974666667,Cement,115
3785,-15.787776,-49,2018,NOX,EEA,0.141950874933333,0.037746808,0.534174525333333,Cement,115
3786,-15.787776,-49,2019,NOX,EEA,0.158823593666667,0.04223351,0.597668156666667,Cement,115
3787,-15.787776,-49,2020,NOX,EEA,0.1671185204,0.044439252,0.628882748,Cement,115
3788,-15.787776,-49,2021,NOX,EEA,0.185059574666667,0.04921004,0.696396626666667,Cement,115
3789,-15.787776,-49,2022,NOX,EEA,0.105845800066667,0.028145942,0.398307724666667,Cement,115
3790,-15.787776,-49,2014,CO,EEA,0.0156883241,0.00495988253333333,0.0495988253333333,Cement,115
3791,-15.787776,-49,2015,CO,EEA,0.0128707554,0.0040691048,0.040691048,Cement,115
3792,-15.787776,-49,2016,CO,EEA,0.0103771085,0.00328073533333333,0.0328073533333333,Cement,115
3793,-15.787776,-49,2017,CO,EEA,0.0144140642,0.00455702373333333,0.0455702373333333,Cement,115
3794,-15.787776,-49,2018,CO,EEA,0.0166429108,0.00526167626666667,0.0526167626666667,Cement,115
3795,-15.787776,-49,2019,CO,EEA,0.0186211385,0.00588709533333333,0.0588709533333333,Cement,115
3796,-15.787776,-49,2020,CO,EEA,0.0195936702,0.0061945624,0.061945624,Cement,115
3797,-15.787776,-49,2021,CO,EEA,0.021697154,0.00685958133333333,0.0685958133333333,Cement,115
3798,-15.787776,-49,2022,CO,EEA,0.0124098017,0.00392337373333333,0.0392337373333333,Cement,115
3799,-15.787776,-49,2014,NMVOCs,EEA,0.009704118,0.00123997063333333,0.074398238,Cement,115
3800,-15.787776,-49,2015,NMVOCs,EEA,0.007961292,0.0010172762,0.061036572,Cement,115
3801,-15.787776,-49,2016,NMVOCs,EEA,0.00641883,0.000820183833333333,0.04921103,Cement,115
3802,-15.787776,-49,2017,NMVOCs,EEA,0.008915916,0.00113925593333333,0.068355356,Cement,115
3803,-15.787776,-49,2018,NMVOCs,EEA,0.010294584,0.00131541906666667,0.078925144,Cement,115
3804,-15.787776,-49,2019,NMVOCs,EEA,0.01151823,0.00147177383333333,0.08830643,Cement,115
3805,-15.787776,-49,2020,NMVOCs,EEA,0.012119796,0.0015486406,0.092918436,Cement,115
3806,-15.787776,-49,2021,NMVOCs,EEA,0.01342092,0.00171489533333333,0.10289372,Cement,115
3807,-15.787776,-49,2022,NMVOCs,EEA,0.007676166,0.000980843433333333,0.058850606,Cement,115
3808,-15.787776,-49,2014,SOX,EEA,0.0604890022,0.003234706,1.798496536,Cement,115
3809,-15.787776,-49,2015,SOX,EEA,0.0496253868,0.002653764,1.475492784,Cement,115
3810,-15.787776,-49,2016,SOX,EEA,0.040010707,0.00213961,1.18962316,Cement,115
3811,-15.787776,-49,2017,SOX,EEA,0.0555758764,0.002971972,1.652416432,Cement,115
3812,-15.787776,-49,2018,SOX,EEA,0.0641695736,0.003431528,1.907929568,Cement,115
3813,-15.787776,-49,2019,SOX,EEA,0.071796967,0.00383941,2.13471196,Cement,115
3814,-15.787776,-49,2020,SOX,EEA,0.0755467284,0.004039932,2.246202192,Cement,115
3815,-15.787776,-49,2021,SOX,EEA,0.083657068,0.00447364,2.48734384,Cement,115
3816,-15.787776,-49,2022,SOX,EEA,0.0478481014,0.002558722,1.422649432,Cement,115
3817,-23.985412,-49,2014,TSP,EEA,0.0635340745,0.03176703725,0.127068149,Cement,115
3818,-23.985412,-49,2015,TSP,EEA,0.056365998,0.028182999,0.112731996,Cement,115
3819,-23.985412,-49,2016,TSP,EEA,0.046112079,0.0230560395,0.092224158,Cement,115
3820,-23.985412,-49,2017,TSP,EEA,0.04221217,0.021106085,0.08442434,Cement,115
3821,-23.985412,-49,2018,TSP,EEA,0.0408869695,0.02044348475,0.081773939,Cement,115
3822,-23.985412,-49,2019,TSP,EEA,0.0400223785,0.02001118925,0.080044757,Cement,115
3823,-23.985412,-49,2020,TSP,EEA,0.045676982,0.022838491,0.091353964,Cement,115
3824,-23.985412,-49,2021,TSP,EEA,0.0508549275,0.02542746375,0.101709855,Cement,115
3825,-23.985412,-49,2022,TSP,EEA,0.02783014,0.01391507,0.05566028,Cement,115
3826,-23.985412,-49,2014,PM10,EEA,0.05718066705,0.028590333525,0.1143613341,Cement,115
3827,-23.985412,-49,2015,PM10,EEA,0.0507293982,0.0253646991,0.1014587964,Cement,115
3828,-23.985412,-49,2016,PM10,EEA,0.0415008711,0.02075043555,0.0830017422,Cement,115
3829,-23.985412,-49,2017,PM10,EEA,0.037990953,0.0189954765,0.075981906,Cement,115
3830,-23.985412,-49,2018,PM10,EEA,0.03679827255,0.018399136275,0.0735965451,Cement,115
3831,-23.985412,-49,2019,PM10,EEA,0.03602014065,0.018010070325,0.0720402813,Cement,115
3832,-23.985412,-49,2020,PM10,EEA,0.0411092838,0.0205546419,0.0822185676,Cement,115
3833,-23.985412,-49,2021,PM10,EEA,0.04576943475,0.022884717375,0.0915388695,Cement,115
3834,-23.985412,-49,2022,PM10,EEA,0.025047126,0.012523563,0.050094252,Cement,115
3835,-23.985412,-49,2014,PM2.5,EEA,0.03176703725,0.015883518625,0.0635340745,Cement,115
3836,-23.985412,-49,2015,PM2.5,EEA,0.028182999,0.0140914995,0.056365998,Cement,115
3837,-23.985412,-49,2016,PM2.5,EEA,0.0230560395,0.01152801975,0.046112079,Cement,115
3838,-23.985412,-49,2017,PM2.5,EEA,0.021106085,0.0105530425,0.04221217,Cement,115
3839,-23.985412,-49,2018,PM2.5,EEA,0.02044348475,0.010221742375,0.0408869695,Cement,115
3840,-23.985412,-49,2019,PM2.5,EEA,0.02001118925,0.010005594625,0.0400223785,Cement,115
3841,-23.985412,-49,2020,PM2.5,EEA,0.022838491,0.0114192455,0.045676982,Cement,115
3842,-23.985412,-49,2021,PM2.5,EEA,0.02542746375,0.012713731875,0.0508549275,Cement,115
3843,-23.985412,-49,2022,PM2.5,EEA,0.01391507,0.006957535,0.02783014,Cement,115
3844,-23.985412,-49,2014,BC,EEA,0.0009530111175,0.000238252779375,0.00381204447,Cement,115
3845,-23.985412,-49,2015,BC,EEA,0.00084548997,0.0002113724925,0.00338195988,Cement,115
3846,-23.985412,-49,2016,BC,EEA,0.000691681185,0.00017292029625,0.00276672474,Cement,115
3847,-23.985412,-49,2017,BC,EEA,0.00063318255,0.0001582956375,0.0025327302,Cement,115
3848,-23.985412,-49,2018,BC,EEA,0.0006133045425,0.000153326135625,0.00245321817,Cement,115
3849,-23.985412,-49,2019,BC,EEA,0.0006003356775,0.000150083919375,0.00240134271,Cement,115
3850,-23.985412,-49,2020,BC,EEA,0.00068515473,0.0001712886825,0.00274061892,Cement,115
3851,-23.985412,-49,2021,BC,EEA,0.0007628239125,0.000190705978125,0.00305129565,Cement,115
3852,-23.985412,-49,2022,BC,EEA,0.0004174521,0.000104363025,0.0016698084,Cement,115
3853,-23.985412,-49,2014,NOX,EEA,0.202168683216667,0.0537596015,0.760779815166667,Cement,115
3854,-23.985412,-49,2015,NOX,EEA,0.1793594962,0.047694306,0.674946694,Cement,115
3855,-23.985412,-49,2016,NOX,EEA,0.1467310001,0.039017913,0.552162587,Cement,115
3856,-23.985412,-49,2017,NOX,EEA,0.134321289666667,0.03571799,0.505463676666667,Cement,115
3857,-23.985412,-49,2018,NOX,EEA,0.130104433716667,0.0345966665,0.489595250166667,Cement,115
3858,-23.985412,-49,2019,NOX,EEA,0.127353260816667,0.0338650895,0.479242327166667,Cement,115
3859,-23.985412,-49,2020,NOX,EEA,0.145346499133333,0.038649754,0.546952579333333,Cement,115
3860,-23.985412,-49,2021,NOX,EEA,0.16182298725,0.0430310925,0.6089551575,Cement,115
3861,-23.985412,-49,2022,NOX,EEA,0.0885569326666667,0.02354858,0.333248086666667,Cement,115
3862,-23.985412,-49,2014,CO,EEA,0.023703097025,0.00749376263333333,0.0749376263333333,Cement,115
3863,-23.985412,-49,2015,CO,EEA,0.0210288531,0.0066482972,0.066482972,Cement,115
3864,-23.985412,-49,2016,CO,EEA,0.01720335255,0.0054388606,0.054388606,Cement,115
3865,-23.985412,-49,2017,CO,EEA,0.0157483865,0.00497887133333333,0.0497887133333333,Cement,115
3866,-23.985412,-49,2018,CO,EEA,0.015253984775,0.00482256563333333,0.0482256563333333,Cement,115
3867,-23.985412,-49,2019,CO,EEA,0.014931425825,0.00472058823333333,0.0472058823333333,Cement,115
3868,-23.985412,-49,2020,CO,EEA,0.0170410279,0.00538754146666667,0.0538754146666667,Cement,115
3869,-23.985412,-49,2021,CO,EEA,0.018972799875,0.0059982735,0.059982735,Cement,115
3870,-23.985412,-49,2022,CO,EEA,0.010382783,0.00328252933333333,0.0328252933333333,Cement,115
3871,-23.985412,-49,2014,NMVOCs,EEA,0.0146617095,0.00187344065833333,0.1124064395,Cement,115
3872,-23.985412,-49,2015,NMVOCs,EEA,0.013007538,0.0016620743,0.099724458,Cement,115
3873,-23.985412,-49,2016,NMVOCs,EEA,0.010641249,0.00135971515,0.081582909,Cement,115
3874,-23.985412,-49,2017,NMVOCs,EEA,0.00974127,0.00124471783333333,0.07468307,Cement,115
3875,-23.985412,-49,2018,NMVOCs,EEA,0.0094354545,0.00120564140833333,0.0723384845,Cement,115
3876,-23.985412,-49,2019,NMVOCs,EEA,0.0092359335,0.00118014705833333,0.0708088235,Cement,115
3877,-23.985412,-49,2020,NMVOCs,EEA,0.010540842,0.00134688536666667,0.080813122,Cement,115
3878,-23.985412,-49,2021,NMVOCs,EEA,0.0117357525,0.001499568375,0.0899741025,Cement,115
3879,-23.985412,-49,2022,NMVOCs,EEA,0.00642234,0.000820632333333333,0.04923794,Cement,115
3880,-23.985412,-49,2014,SOX,EEA,0.09139132255,0.0048872365,2.717303494,Cement,115
3881,-23.985412,-49,2015,SOX,EEA,0.0810803202,0.004335846,2.410730376,Cement,115
3882,-23.985412,-49,2016,SOX,EEA,0.0663304521,0.003547083,1.972178148,Cement,115
3883,-23.985412,-49,2017,SOX,EEA,0.060720583,0.00324709,1.80538204,Cement,115
3884,-23.985412,-49,2018,SOX,EEA,0.05881433305,0.0031451515,1.748704234,Cement,115
3885,-23.985412,-49,2019,SOX,EEA,0.05757065215,0.0030786445,1.711726342,Cement,115
3886,-23.985412,-49,2020,SOX,EEA,0.0657045818,0.003513614,1.953569384,Cement,115
3887,-23.985412,-49,2021,SOX,EEA,0.07315285725,0.0039119175,2.17502613,Cement,115
3888,-23.985412,-49,2022,SOX,EEA,0.040032586,0.00214078,1.19027368,Cement,115
3889,-16.680796,-44,2014,TSP,EEA,0.082756201125,0.0413781005625,0.16551240225,Cement,115
3890,-16.680796,-44,2015,TSP,EEA,0.07312660875,0.036563304375,0.1462532175,Cement,115
3891,-16.680796,-44,2016,TSP,EEA,0.064476091875,0.0322380459375,0.12895218375,Cement,115
3892,-16.680796,-44,2017,TSP,EEA,0.06276489375,0.031382446875,0.1255297875,Cement,115
3893,-16.680796,-44,2018,TSP,EEA,0.06725777175,0.033628885875,0.1345155435,Cement,115
3894,-16.680796,-44,2019,TSP,EEA,0.07761114075,0.038805570375,0.1552222815,Cement,115
3895,-16.680796,-44,2020,TSP,EEA,0.077748177,0.0388740885,0.155496354,Cement,115
3896,-16.680796,-44,2021,TSP,EEA,0.08144544525,0.040722722625,0.1628908905,Cement,115
3897,-16.680796,-44,2022,TSP,EEA,0.045064183125,0.0225320915625,0.09012836625,Cement,115
3898,-16.680796,-44,2014,PM10,EEA,0.0744805810125,0.03724029050625,0.148961162025,Cement,115
3899,-16.680796,-44,2015,PM10,EEA,0.065813947875,0.0329069739375,0.13162789575,Cement,115
3900,-16.680796,-44,2016,PM10,EEA,0.0580284826875,0.02901424134375,0.116056965375,Cement,115
3901,-16.680796,-44,2017,PM10,EEA,0.056488404375,0.0282442021875,0.11297680875,Cement,115
3902,-16.680796,-44,2018,PM10,EEA,0.060531994575,0.0302659972875,0.12106398915,Cement,115
3903,-16.680796,-44,2019,PM10,EEA,0.069850026675,0.0349250133375,0.13970005335,Cement,115
3904,-16.680796,-44,2020,PM10,EEA,0.0699733593,0.03498667965,0.1399467186,Cement,115
3905,-16.680796,-44,2021,PM10,EEA,0.073300900725,0.0366504503625,0.14660180145,Cement,115
3906,-16.680796,-44,2022,PM10,EEA,0.0405577648125,0.02027888240625,0.081115529625,Cement,115
3907,-16.680796,-44,2014,PM2.5,EEA,0.0413781005625,0.02068905028125,0.082756201125,Cement,115
3908,-16.680796,-44,2015,PM2.5,EEA,0.036563304375,0.0182816521875,0.07312660875,Cement,115
3909,-16.680796,-44,2016,PM2.5,EEA,0.0322380459375,0.01611902296875,0.064476091875,Cement,115
3910,-16.680796,-44,2017,PM2.5,EEA,0.031382446875,0.0156912234375,0.06276489375,Cement,115
3911,-16.680796,-44,2018,PM2.5,EEA,0.033628885875,0.0168144429375,0.06725777175,Cement,115
3912,-16.680796,-44,2019,PM2.5,EEA,0.038805570375,0.0194027851875,0.07761114075,Cement,115
3913,-16.680796,-44,2020,PM2.5,EEA,0.0388740885,0.01943704425,0.077748177,Cement,115
3914,-16.680796,-44,2021,PM2.5,EEA,0.040722722625,0.0203613613125,0.08144544525,Cement,115
3915,-16.680796,-44,2022,PM2.5,EEA,0.0225320915625,0.01126604578125,0.045064183125,Cement,115
3916,-16.680796,-44,2014,BC,EEA,0.001241343016875,0.00031033575421875,0.0049653720675,Cement,115
3917,-16.680796,-44,2015,BC,EEA,0.00109689913125,0.0002742247828125,0.004387596525,Cement,115
3918,-16.680796,-44,2016,BC,EEA,0.000967141378125,0.00024178534453125,0.0038685655125,Cement,115
3919,-16.680796,-44,2017,BC,EEA,0.00094147340625,0.0002353683515625,0.003765893625,Cement,115
3920,-16.680796,-44,2018,BC,EEA,0.00100886657625,0.0002522166440625,0.004035466305,Cement,115
3921,-16.680796,-44,2019,BC,EEA,0.00116416711125,0.0002910417778125,0.004656668445,Cement,115
3922,-16.680796,-44,2020,BC,EEA,0.001166222655,0.00029155566375,0.00466489062,Cement,115
3923,-16.680796,-44,2021,BC,EEA,0.00122168167875,0.0003054204196875,0.004886726715,Cement,115
3924,-16.680796,-44,2022,BC,EEA,0.000675962746875,0.00016899068671875,0.0027038509875,Cement,115
3925,-16.680796,-44,2014,NOX,EEA,0.2633344758875,0.070024477875,0.990952459625,Cement,115
3926,-16.680796,-44,2015,NOX,EEA,0.232692619125,0.06187636125,0.87564426375,Cement,115
3927,-16.680796,-44,2016,NOX,EEA,0.2051662308125,0.054556693125,0.772059869375,Cement,115
3928,-16.680796,-44,2017,NOX,EEA,0.199721110625,0.05310875625,0.75156936875,Cement,115
3929,-16.680796,-44,2018,NOX,EEA,0.214017678825,0.05691042225,0.80536870275,Cement,115
3930,-16.680796,-44,2019,NOX,EEA,0.246962629925,0.06567096525,0.92934365975,Cement,115
3931,-16.680796,-44,2020,NOX,EEA,0.2473986863,0.065786919,0.930984581,Cement,115
3932,-16.680796,-44,2021,NOX,EEA,0.259163583475,0.06891537675,0.97525699825,Cement,115
3933,-16.680796,-44,2022,NOX,EEA,0.1433965416875,0.038131231875,0.539614705625,Cement,115
3934,-16.680796,-44,2014,CO,EEA,0.03087442888125,0.009760987825,0.09760987825,Cement,115
3935,-16.680796,-44,2015,CO,EEA,0.0272818501875,0.00862518975,0.0862518975,Cement,115
3936,-16.680796,-44,2016,CO,EEA,0.02405454196875,0.007604872375,0.07604872375,Cement,115
3937,-16.680796,-44,2017,CO,EEA,0.0234161334375,0.00740303875,0.0740303875,Cement,115
3938,-16.680796,-44,2018,CO,EEA,0.0250923225375,0.00793296795,0.0793296795,Cement,115
3939,-16.680796,-44,2019,CO,EEA,0.0289549255875,0.00915413455,0.0915413455,Cement,115
3940,-16.680796,-44,2020,CO,EEA,0.02900605065,0.0091702978,0.091702978,Cement,115
3941,-16.680796,-44,2021,CO,EEA,0.0303854161125,0.00960638585,0.0960638585,Cement,115
3942,-16.680796,-44,2022,CO,EEA,0.01681240678125,0.005315262625,0.05315262625,Cement,115
3943,-16.680796,-44,2014,NMVOCs,EEA,0.019097584875,0.00244024695625,0.146414817375,Cement,115
3944,-16.680796,-44,2015,NMVOCs,EEA,0.01687537125,0.0021562974375,0.12937784625,Cement,115
3945,-16.680796,-44,2016,NMVOCs,EEA,0.014879098125,0.00190121809375,0.114073085625,Cement,115
3946,-16.680796,-44,2017,NMVOCs,EEA,0.01448420625,0.0018507596875,0.11104558125,Cement,115
3947,-16.680796,-44,2018,NMVOCs,EEA,0.01552102425,0.0019832419875,0.11899451925,Cement,115
3948,-16.680796,-44,2019,NMVOCs,EEA,0.01791026325,0.0022885336375,0.13731201825,Cement,115
3949,-16.680796,-44,2020,NMVOCs,EEA,0.017941887,0.00229257445,0.137554467,Cement,115
3950,-16.680796,-44,2021,NMVOCs,EEA,0.01879510275,0.0024015964625,0.14409578775,Cement,115
3951,-16.680796,-44,2022,NMVOCs,EEA,0.010399426875,0.00132881565625,0.079728939375,Cement,115
3952,-16.680796,-44,2014,SOX,EEA,0.1190416123875,0.006365861625,3.5394190635,Cement,115
3953,-16.680796,-44,2015,SOX,EEA,0.105189814125,0.00562512375,3.127568805,Cement,115
3954,-16.680796,-44,2016,SOX,EEA,0.0927463783125,0.004959699375,2.7575928525,Cement,115
3955,-16.680796,-44,2017,SOX,EEA,0.090284885625,0.00482806875,2.684406225,Cement,115
3956,-16.680796,-44,2018,SOX,EEA,0.096747717825,0.00517367475,2.876563161,Cement,115
3957,-16.680796,-44,2019,SOX,EEA,0.111640640925,0.00597008775,3.319368789,Cement,115
3958,-16.680796,-44,2020,SOX,EEA,0.1118377623,0.005980629,3.325229724,Cement,115
3959,-16.680796,-44,2021,SOX,EEA,0.117156140475,0.00626503425,3.483359043,Cement,115
3960,-16.680796,-44,2022,SOX,EEA,0.0648230941875,0.003466475625,1.9273604475,Cement,115
3961,-19.608196,-44,2014,TSP,EEA,0.082756201125,0.0413781005625,0.16551240225,Cement,115
3962,-19.608196,-44,2015,TSP,EEA,0.07312660875,0.036563304375,0.1462532175,Cement,115
3963,-19.608196,-44,2016,TSP,EEA,0.064476091875,0.0322380459375,0.12895218375,Cement,115
3964,-19.608196,-44,2017,TSP,EEA,0.06276489375,0.031382446875,0.1255297875,Cement,115
3965,-19.608196,-44,2018,TSP,EEA,0.06725777175,0.033628885875,0.1345155435,Cement,115
3966,-19.608196,-44,2019,TSP,EEA,0.07761114075,0.038805570375,0.1552222815,Cement,115
3967,-19.608196,-44,2020,TSP,EEA,0.077748177,0.0388740885,0.155496354,Cement,115
3968,-19.608196,-44,2021,TSP,EEA,0.08144544525,0.040722722625,0.1628908905,Cement,115
3969,-19.608196,-44,2022,TSP,EEA,0.045064183125,0.0225320915625,0.09012836625,Cement,115
3970,-19.608196,-44,2014,PM10,EEA,0.0744805810125,0.03724029050625,0.148961162025,Cement,115
3971,-19.608196,-44,2015,PM10,EEA,0.065813947875,0.0329069739375,0.13162789575,Cement,115
3972,-19.608196,-44,2016,PM10,EEA,0.0580284826875,0.02901424134375,0.116056965375,Cement,115
3973,-19.608196,-44,2017,PM10,EEA,0.056488404375,0.0282442021875,0.11297680875,Cement,115
3974,-19.608196,-44,2018,PM10,EEA,0.060531994575,0.0302659972875,0.12106398915,Cement,115
3975,-19.608196,-44,2019,PM10,EEA,0.069850026675,0.0349250133375,0.13970005335,Cement,115
3976,-19.608196,-44,2020,PM10,EEA,0.0699733593,0.03498667965,0.1399467186,Cement,115
3977,-19.608196,-44,2021,PM10,EEA,0.073300900725,0.0366504503625,0.14660180145,Cement,115
3978,-19.608196,-44,2022,PM10,EEA,0.0405577648125,0.02027888240625,0.081115529625,Cement,115
3979,-19.608196,-44,2014,PM2.5,EEA,0.0413781005625,0.02068905028125,0.082756201125,Cement,115
3980,-19.608196,-44,2015,PM2.5,EEA,0.036563304375,0.0182816521875,0.07312660875,Cement,115
3981,-19.608196,-44,2016,PM2.5,EEA,0.0322380459375,0.01611902296875,0.064476091875,Cement,115
3982,-19.608196,-44,2017,PM2.5,EEA,0.031382446875,0.0156912234375,0.06276489375,Cement,115
3983,-19.608196,-44,2018,PM2.5,EEA,0.033628885875,0.0168144429375,0.06725777175,Cement,115
3984,-19.608196,-44,2019,PM2.5,EEA,0.038805570375,0.0194027851875,0.07761114075,Cement,115
3985,-19.608196,-44,2020,PM2.5,EEA,0.0388740885,0.01943704425,0.077748177,Cement,115
3986,-19.608196,-44,2021,PM2.5,EEA,0.040722722625,0.0203613613125,0.08144544525,Cement,115
3987,-19.608196,-44,2022,PM2.5,EEA,0.0225320915625,0.01126604578125,0.045064183125,Cement,115
3988,-19.608196,-44,2014,BC,EEA,0.001241343016875,0.00031033575421875,0.0049653720675,Cement,115
3989,-19.608196,-44,2015,BC,EEA,0.00109689913125,0.0002742247828125,0.004387596525,Cement,115
3990,-19.608196,-44,2016,BC,EEA,0.000967141378125,0.00024178534453125,0.0038685655125,Cement,115
3991,-19.608196,-44,2017,BC,EEA,0.00094147340625,0.0002353683515625,0.003765893625,Cement,115
3992,-19.608196,-44,2018,BC,EEA,0.00100886657625,0.0002522166440625,0.004035466305,Cement,115
3993,-19.608196,-44,2019,BC,EEA,0.00116416711125,0.0002910417778125,0.004656668445,Cement,115
3994,-19.608196,-44,2020,BC,EEA,0.001166222655,0.00029155566375,0.00466489062,Cement,115
3995,-19.608196,-44,2021,BC,EEA,0.00122168167875,0.0003054204196875,0.004886726715,Cement,115
3996,-19.608196,-44,2022,BC,EEA,0.000675962746875,0.00016899068671875,0.0027038509875,Cement,115
3997,-19.608196,-44,2014,NOX,EEA,0.2633344758875,0.070024477875,0.990952459625,Cement,115
3998,-19.608196,-44,2015,NOX,EEA,0.232692619125,0.06187636125,0.87564426375,Cement,115
3999,-19.608196,-44,2016,NOX,EEA,0.2051662308125,0.054556693125,0.772059869375,Cement,115
4000,-19.608196,-44,2017,NOX,EEA,0.199721110625,0.05310875625,0.75156936875,Cement,115
4001,-19.608196,-44,2018,NOX,EEA,0.214017678825,0.05691042225,0.80536870275,Cement,115
4002,-19.608196,-44,2019,NOX,EEA,0.246962629925,0.06567096525,0.92934365975,Cement,115
4003,-19.608196,-44,2020,NOX,EEA,0.2473986863,0.065786919,0.930984581,Cement,115
4004,-19.608196,-44,2021,NOX,EEA,0.259163583475,0.06891537675,0.97525699825,Cement,115
4005,-19.608196,-44,2022,NOX,EEA,0.1433965416875,0.038131231875,0.539614705625,Cement,115
4006,-19.608196,-44,2014,CO,EEA,0.03087442888125,0.009760987825,0.09760987825,Cement,115
4007,-19.608196,-44,2015,CO,EEA,0.0272818501875,0.00862518975,0.0862518975,Cement,115
4008,-19.608196,-44,2016,CO,EEA,0.02405454196875,0.007604872375,0.07604872375,Cement,115
4009,-19.608196,-44,2017,CO,EEA,0.0234161334375,0.00740303875,0.0740303875,Cement,115
4010,-19.608196,-44,2018,CO,EEA,0.0250923225375,0.00793296795,0.0793296795,Cement,115
4011,-19.608196,-44,2019,CO,EEA,0.0289549255875,0.00915413455,0.0915413455,Cement,115
4012,-19.608196,-44,2020,CO,EEA,0.02900605065,0.0091702978,0.091702978,Cement,115
4013,-19.608196,-44,2021,CO,EEA,0.0303854161125,0.00960638585,0.0960638585,Cement,115
4014,-19.608196,-44,2022,CO,EEA,0.01681240678125,0.005315262625,0.05315262625,Cement,115
4015,-19.608196,-44,2014,NMVOCs,EEA,0.019097584875,0.00244024695625,0.146414817375,Cement,115
4016,-19.608196,-44,2015,NMVOCs,EEA,0.01687537125,0.0021562974375,0.12937784625,Cement,115
4017,-19.608196,-44,2016,NMVOCs,EEA,0.014879098125,0.00190121809375,0.114073085625,Cement,115
4018,-19.608196,-44,2017,NMVOCs,EEA,0.01448420625,0.0018507596875,0.11104558125,Cement,115
4019,-19.608196,-44,2018,NMVOCs,EEA,0.01552102425,0.0019832419875,0.11899451925,Cement,115
4020,-19.608196,-44,2019,NMVOCs,EEA,0.01791026325,0.0022885336375,0.13731201825,Cement,115
4021,-19.608196,-44,2020,NMVOCs,EEA,0.017941887,0.00229257445,0.137554467,Cement,115
4022,-19.608196,-44,2021,NMVOCs,EEA,0.01879510275,0.0024015964625,0.14409578775,Cement,115
4023,-19.608196,-44,2022,NMVOCs,EEA,0.010399426875,0.00132881565625,0.079728939375,Cement,115
4024,-19.608196,-44,2014,SOX,EEA,0.1190416123875,0.006365861625,3.5394190635,Cement,115
4025,-19.608196,-44,2015,SOX,EEA,0.105189814125,0.00562512375,3.127568805,Cement,115
4026,-19.608196,-44,2016,SOX,EEA,0.0927463783125,0.004959699375,2.7575928525,Cement,115
4027,-19.608196,-44,2017,SOX,EEA,0.090284885625,0.00482806875,2.684406225,Cement,115
4028,-19.608196,-44,2018,SOX,EEA,0.096747717825,0.00517367475,2.876563161,Cement,115
4029,-19.608196,-44,2019,SOX,EEA,0.111640640925,0.00597008775,3.319368789,Cement,115
4030,-19.608196,-44,2020,SOX,EEA,0.1118377623,0.005980629,3.325229724,Cement,115
4031,-19.608196,-44,2021,SOX,EEA,0.117156140475,0.00626503425,3.483359043,Cement,115
4032,-19.608196,-44,2022,SOX,EEA,0.0648230941875,0.003466475625,1.9273604475,Cement,115
4033,-22.889338,-44,2014,TSP,EEA,0.04355335725,0.021776678625,0.0871067145,Cement,115
4034,-22.889338,-44,2015,TSP,EEA,0.042071913,0.0210359565,0.084143826,Cement,115
4035,-22.889338,-44,2016,TSP,EEA,0.036477207,0.0182386035,0.072954414,Cement,115
4036,-22.889338,-44,2017,TSP,EEA,0.03143215725,0.015716078625,0.0628643145,Cement,115
4037,-22.889338,-44,2018,TSP,EEA,0.034064316,0.017032158,0.068128632,Cement,115
4038,-22.889338,-44,2019,TSP,EEA,0.0380047005,0.01900235025,0.076009401,Cement,115
4039,-22.889338,-44,2020,TSP,EEA,0.0362488425,0.01812442125,0.072497685,Cement,115
4040,-22.889338,-44,2021,TSP,EEA,0.0401311365,0.02006556825,0.080262273,Cement,115
4041,-22.889338,-44,2022,TSP,EEA,0.02206490325,0.011032451625,0.0441298065,Cement,115
4042,-22.889338,-44,2014,PM10,EEA,0.039198021525,0.0195990107625,0.07839604305,Cement,115
4043,-22.889338,-44,2015,PM10,EEA,0.0378647217,0.01893236085,0.0757294434,Cement,115
4044,-22.889338,-44,2016,PM10,EEA,0.0328294863,0.01641474315,0.0656589726,Cement,115
4045,-22.889338,-44,2017,PM10,EEA,0.028288941525,0.0141444707625,0.05657788305,Cement,115
4046,-22.889338,-44,2018,PM10,EEA,0.0306578844,0.0153289422,0.0613157688,Cement,115
4047,-22.889338,-44,2019,PM10,EEA,0.03420423045,0.017102115225,0.0684084609,Cement,115
4048,-22.889338,-44,2020,PM10,EEA,0.03262395825,0.016311979125,0.0652479165,Cement,115
4049,-22.889338,-44,2021,PM10,EEA,0.03611802285,0.018059011425,0.0722360457,Cement,115
4050,-22.889338,-44,2022,PM10,EEA,0.019858412925,0.0099292064625,0.03971682585,Cement,115
4051,-22.889338,-44,2014,PM2.5,EEA,0.021776678625,0.0108883393125,0.04355335725,Cement,115
4052,-22.889338,-44,2015,PM2.5,EEA,0.0210359565,0.01051797825,0.042071913,Cement,115
4053,-22.889338,-44,2016,PM2.5,EEA,0.0182386035,0.00911930175,0.036477207,Cement,115
4054,-22.889338,-44,2017,PM2.5,EEA,0.015716078625,0.0078580393125,0.03143215725,Cement,115
4055,-22.889338,-44,2018,PM2.5,EEA,0.017032158,0.008516079,0.034064316,Cement,115
4056,-22.889338,-44,2019,PM2.5,EEA,0.01900235025,0.009501175125,0.0380047005,Cement,115
4057,-22.889338,-44,2020,PM2.5,EEA,0.01812442125,0.009062210625,0.0362488425,Cement,115
4058,-22.889338,-44,2021,PM2.5,EEA,0.02006556825,0.010032784125,0.0401311365,Cement,115
4059,-22.889338,-44,2022,PM2.5,EEA,0.011032451625,0.0055162258125,0.02206490325,Cement,115
4060,-22.889338,-44,2014,BC,EEA,0.00065330035875,0.0001633250896875,0.002613201435,Cement,115
4061,-22.889338,-44,2015,BC,EEA,0.000631078695,0.00015776967375,0.00252431478,Cement,115
4062,-22.889338,-44,2016,BC,EEA,0.000547158105,0.00013678952625,0.00218863242,Cement,115
4063,-22.889338,-44,2017,BC,EEA,0.00047148235875,0.0001178705896875,0.001885929435,Cement,115
4064,-22.889338,-44,2018,BC,EEA,0.00051096474,0.000127741185,0.00204385896,Cement,115
4065,-22.889338,-44,2019,BC,EEA,0.0005700705075,0.000142517626875,0.00228028203,Cement,115
4066,-22.889338,-44,2020,BC,EEA,0.0005437326375,0.000135933159375,0.00217493055,Cement,115
4067,-22.889338,-44,2021,BC,EEA,0.0006019670475,0.000150491761875,0.00240786819,Cement,115
4068,-22.889338,-44,2022,BC,EEA,0.00033097354875,8.27433871875e-05,0.001323894195,Cement,115
4069,-22.889338,-44,2014,NOX,EEA,0.138589016275,0.03685284075,0.52152353425,Cement,115
4070,-22.889338,-44,2015,NOX,EEA,0.1338749847,0.035599311,0.503784189,Cement,115
4071,-22.889338,-44,2016,NOX,EEA,0.1160723433,0.030865329,0.436791171,Cement,115
4072,-22.889338,-44,2017,NOX,EEA,0.100018736275,0.02659644075,0.37637993425,Cement,115
4073,-22.889338,-44,2018,NOX,EEA,0.1083944004,0.028823652,0.407898348,Cement,115
4074,-22.889338,-44,2019,NOX,EEA,0.12093290595,0.0321578235,0.4550819265,Cement,115
4075,-22.889338,-44,2020,NOX,EEA,0.11534567575,0.0306720975,0.4340566525,Cement,115
4076,-22.889338,-44,2021,NOX,EEA,0.12769933435,0.0339571155,0.4805446345,Cement,115
4077,-22.889338,-44,2022,NOX,EEA,0.070211653675,0.01867030275,0.26421307225,Cement,115
4078,-22.889338,-44,2014,CO,EEA,0.0162487525125,0.00513706265,0.0513706265,Cement,115
4079,-22.889338,-44,2015,CO,EEA,0.01569605985,0.0049623282,0.049623282,Cement,115
4080,-22.889338,-44,2016,CO,EEA,0.01360880415,0.0043024398,0.043024398,Cement,115
4081,-22.889338,-44,2017,CO,EEA,0.0117266125125,0.00370738265,0.0370738265,Cement,115
4082,-22.889338,-44,2018,CO,EEA,0.0127086102,0.0040178424,0.040178424,Cement,115
4083,-22.889338,-44,2019,CO,EEA,0.014178676725,0.0044826057,0.044826057,Cement,115
4084,-22.889338,-44,2020,CO,EEA,0.013523606625,0.0042755045,0.042755045,Cement,115
4085,-22.889338,-44,2021,CO,EEA,0.014972000925,0.0047334161,0.047334161,Cement,115
4086,-22.889338,-44,2022,CO,EEA,0.0082319062125,0.00260252705,0.0260252705,Cement,115
4087,-22.889338,-44,2014,NMVOCs,EEA,0.01005077475,0.0012842656625,0.07705593975,Cement,115
4088,-22.889338,-44,2015,NMVOCs,EEA,0.009708903,0.00124058205,0.074434923,Cement,115
4089,-22.889338,-44,2016,NMVOCs,EEA,0.008417817,0.00107560995,0.064536597,Cement,115
4090,-22.889338,-44,2017,NMVOCs,EEA,0.00725357475,0.0009268456625,0.05561073975,Cement,115
4091,-22.889338,-44,2018,NMVOCs,EEA,0.007860996,0.0010044606,0.060267636,Cement,115
4092,-22.889338,-44,2019,NMVOCs,EEA,0.0087703155,0.001120651425,0.0672390855,Cement,115
4093,-22.889338,-44,2020,NMVOCs,EEA,0.0083651175,0.001068876125,0.0641325675,Cement,115
4094,-22.889338,-44,2021,NMVOCs,EEA,0.0092610315,0.001183354025,0.0710012415,Cement,115
4095,-22.889338,-44,2022,NMVOCs,EEA,0.00509190075,0.0006506317625,0.03903790575,Cement,115
4096,-22.889338,-44,2014,SOX,EEA,0.062649829275,0.00335025825,1.862743587,Cement,115
4097,-22.889338,-44,2015,SOX,EEA,0.0605188287,0.003236301,1.799383356,Cement,115
4098,-22.889338,-44,2016,SOX,EEA,0.0524710593,0.002805939,1.560102084,Cement,115
4099,-22.889338,-44,2017,SOX,EEA,0.045213949275,0.00241785825,1.344329187,Cement,115
4100,-22.889338,-44,2018,SOX,EEA,0.0490002084,0.002620332,1.456904592,Cement,115
4101,-22.889338,-44,2019,SOX,EEA,0.05466829995,0.0029234385,1.625431806,Cement,115
4102,-22.889338,-44,2020,SOX,EEA,0.05214256575,0.0027883725,1.55033511,Cement,115
4103,-22.889338,-44,2021,SOX,EEA,0.05772709635,0.0030870105,1.716377838,Cement,115
4104,-22.889338,-44,2022,SOX,EEA,0.031739514675,0.00169730025,0.943698939,Cement,115
4105,-19.810343,-44,2014,TSP,EEA,0.082756201125,0.0413781005625,0.16551240225,Cement,115
4106,-19.810343,-44,2015,TSP,EEA,0.07312660875,0.036563304375,0.1462532175,Cement,115
4107,-19.810343,-44,2016,TSP,EEA,0.064476091875,0.0322380459375,0.12895218375,Cement,115
4108,-19.810343,-44,2017,TSP,EEA,0.06276489375,0.031382446875,0.1255297875,Cement,115
4109,-19.810343,-44,2018,TSP,EEA,0.06725777175,0.033628885875,0.1345155435,Cement,115
4110,-19.810343,-44,2019,TSP,EEA,0.07761114075,0.038805570375,0.1552222815,Cement,115
4111,-19.810343,-44,2020,TSP,EEA,0.077748177,0.0388740885,0.155496354,Cement,115
4112,-19.810343,-44,2021,TSP,EEA,0.08144544525,0.040722722625,0.1628908905,Cement,115
4113,-19.810343,-44,2022,TSP,EEA,0.045064183125,0.0225320915625,0.09012836625,Cement,115
4114,-19.810343,-44,2014,PM10,EEA,0.0744805810125,0.03724029050625,0.148961162025,Cement,115
4115,-19.810343,-44,2015,PM10,EEA,0.065813947875,0.0329069739375,0.13162789575,Cement,115
4116,-19.810343,-44,2016,PM10,EEA,0.0580284826875,0.02901424134375,0.116056965375,Cement,115
4117,-19.810343,-44,2017,PM10,EEA,0.056488404375,0.0282442021875,0.11297680875,Cement,115
4118,-19.810343,-44,2018,PM10,EEA,0.060531994575,0.0302659972875,0.12106398915,Cement,115
4119,-19.810343,-44,2019,PM10,EEA,0.069850026675,0.0349250133375,0.13970005335,Cement,115
4120,-19.810343,-44,2020,PM10,EEA,0.0699733593,0.03498667965,0.1399467186,Cement,115
4121,-19.810343,-44,2021,PM10,EEA,0.073300900725,0.0366504503625,0.14660180145,Cement,115
4122,-19.810343,-44,2022,PM10,EEA,0.0405577648125,0.02027888240625,0.081115529625,Cement,115
4123,-19.810343,-44,2014,PM2.5,EEA,0.0413781005625,0.02068905028125,0.082756201125,Cement,115
4124,-19.810343,-44,2015,PM2.5,EEA,0.036563304375,0.0182816521875,0.07312660875,Cement,115
4125,-19.810343,-44,2016,PM2.5,EEA,0.0322380459375,0.01611902296875,0.064476091875,Cement,115
4126,-19.810343,-44,2017,PM2.5,EEA,0.031382446875,0.0156912234375,0.06276489375,Cement,115
4127,-19.810343,-44,2018,PM2.5,EEA,0.033628885875,0.0168144429375,0.06725777175,Cement,115
4128,-19.810343,-44,2019,PM2.5,EEA,0.038805570375,0.0194027851875,0.07761114075,Cement,115
4129,-19.810343,-44,2020,PM2.5,EEA,0.0388740885,0.01943704425,0.077748177,Cement,115
4130,-19.810343,-44,2021,PM2.5,EEA,0.040722722625,0.0203613613125,0.08144544525,Cement,115
4131,-19.810343,-44,2022,PM2.5,EEA,0.0225320915625,0.01126604578125,0.045064183125,Cement,115
4132,-19.810343,-44,2014,BC,EEA,0.001241343016875,0.00031033575421875,0.0049653720675,Cement,115
4133,-19.810343,-44,2015,BC,EEA,0.00109689913125,0.0002742247828125,0.004387596525,Cement,115
4134,-19.810343,-44,2016,BC,EEA,0.000967141378125,0.00024178534453125,0.0038685655125,Cement,115
4135,-19.810343,-44,2017,BC,EEA,0.00094147340625,0.0002353683515625,0.003765893625,Cement,115
4136,-19.810343,-44,2018,BC,EEA,0.00100886657625,0.0002522166440625,0.004035466305,Cement,115
4137,-19.810343,-44,2019,BC,EEA,0.00116416711125,0.0002910417778125,0.004656668445,Cement,115
4138,-19.810343,-44,2020,BC,EEA,0.001166222655,0.00029155566375,0.00466489062,Cement,115
4139,-19.810343,-44,2021,BC,EEA,0.00122168167875,0.0003054204196875,0.004886726715,Cement,115
4140,-19.810343,-44,2022,BC,EEA,0.000675962746875,0.00016899068671875,0.0027038509875,Cement,115
4141,-19.810343,-44,2014,NOX,EEA,0.2633344758875,0.070024477875,0.990952459625,Cement,115
4142,-19.810343,-44,2015,NOX,EEA,0.232692619125,0.06187636125,0.87564426375,Cement,115
4143,-19.810343,-44,2016,NOX,EEA,0.2051662308125,0.054556693125,0.772059869375,Cement,115
4144,-19.810343,-44,2017,NOX,EEA,0.199721110625,0.05310875625,0.75156936875,Cement,115
4145,-19.810343,-44,2018,NOX,EEA,0.214017678825,0.05691042225,0.80536870275,Cement,115
4146,-19.810343,-44,2019,NOX,EEA,0.246962629925,0.06567096525,0.92934365975,Cement,115
4147,-19.810343,-44,2020,NOX,EEA,0.2473986863,0.065786919,0.930984581,Cement,115
4148,-19.810343,-44,2021,NOX,EEA,0.259163583475,0.06891537675,0.97525699825,Cement,115
4149,-19.810343,-44,2022,NOX,EEA,0.1433965416875,0.038131231875,0.539614705625,Cement,115
4150,-19.810343,-44,2014,CO,EEA,0.03087442888125,0.009760987825,0.09760987825,Cement,115
4151,-19.810343,-44,2015,CO,EEA,0.0272818501875,0.00862518975,0.0862518975,Cement,115
4152,-19.810343,-44,2016,CO,EEA,0.02405454196875,0.007604872375,0.07604872375,Cement,115
4153,-19.810343,-44,2017,CO,EEA,0.0234161334375,0.00740303875,0.0740303875,Cement,115
4154,-19.810343,-44,2018,CO,EEA,0.0250923225375,0.00793296795,0.0793296795,Cement,115
4155,-19.810343,-44,2019,CO,EEA,0.0289549255875,0.00915413455,0.0915413455,Cement,115
4156,-19.810343,-44,2020,CO,EEA,0.02900605065,0.0091702978,0.091702978,Cement,115
4157,-19.810343,-44,2021,CO,EEA,0.0303854161125,0.00960638585,0.0960638585,Cement,115
4158,-19.810343,-44,2022,CO,EEA,0.01681240678125,0.005315262625,0.05315262625,Cement,115
4159,-19.810343,-44,2014,NMVOCs,EEA,0.019097584875,0.00244024695625,0.146414817375,Cement,115
4160,-19.810343,-44,2015,NMVOCs,EEA,0.01687537125,0.0021562974375,0.12937784625,Cement,115
4161,-19.810343,-44,2016,NMVOCs,EEA,0.014879098125,0.00190121809375,0.114073085625,Cement,115
4162,-19.810343,-44,2017,NMVOCs,EEA,0.01448420625,0.0018507596875,0.11104558125,Cement,115
4163,-19.810343,-44,2018,NMVOCs,EEA,0.01552102425,0.0019832419875,0.11899451925,Cement,115
4164,-19.810343,-44,2019,NMVOCs,EEA,0.01791026325,0.0022885336375,0.13731201825,Cement,115
4165,-19.810343,-44,2020,NMVOCs,EEA,0.017941887,0.00229257445,0.137554467,Cement,115
4166,-19.810343,-44,2021,NMVOCs,EEA,0.01879510275,0.0024015964625,0.14409578775,Cement,115
4167,-19.810343,-44,2022,NMVOCs,EEA,0.010399426875,0.00132881565625,0.079728939375,Cement,115
4168,-19.810343,-44,2014,SOX,EEA,0.1190416123875,0.006365861625,3.5394190635,Cement,115
4169,-19.810343,-44,2015,SOX,EEA,0.105189814125,0.00562512375,3.127568805,Cement,115
4170,-19.810343,-44,2016,SOX,EEA,0.0927463783125,0.004959699375,2.7575928525,Cement,115
4171,-19.810343,-44,2017,SOX,EEA,0.090284885625,0.00482806875,2.684406225,Cement,115
4172,-19.810343,-44,2018,SOX,EEA,0.096747717825,0.00517367475,2.876563161,Cement,115
4173,-19.810343,-44,2019,SOX,EEA,0.111640640925,0.00597008775,3.319368789,Cement,115
4174,-19.810343,-44,2020,SOX,EEA,0.1118377623,0.005980629,3.325229724,Cement,115
4175,-19.810343,-44,2021,SOX,EEA,0.117156140475,0.00626503425,3.483359043,Cement,115
4176,-19.810343,-44,2022,SOX,EEA,0.0648230941875,0.003466475625,1.9273604475,Cement,115
4177,-20.189102,-40,2014,TSP,EEA,0.08279466,0.04139733,0.16558932,Cement,115
4178,-20.189102,-40,2015,TSP,EEA,0.080863666,0.040431833,0.161727332,Cement,115
4179,-20.189102,-40,2016,TSP,EEA,0.077534652,0.038767326,0.155069304,Cement,115
4180,-20.189102,-40,2017,TSP,EEA,0.072570394,0.036285197,0.145140788,Cement,115
4181,-20.189102,-40,2018,TSP,EEA,0.048070152,0.024035076,0.096140304,Cement,115
4182,-20.189102,-40,2019,TSP,EEA,0.041723526,0.020861763,0.083447052,Cement,115
4183,-20.189102,-40,2020,TSP,EEA,0.046728578,0.023364289,0.093457156,Cement,115
4184,-20.189102,-40,2021,TSP,EEA,0.051397736,0.025698868,0.102795472,Cement,115
4185,-20.189102,-40,2022,TSP,EEA,0.029106402,0.014553201,0.058212804,Cement,115
4186,-20.189102,-40,2014,PM10,EEA,0.074515194,0.037257597,0.149030388,Cement,115
4187,-20.189102,-40,2015,PM10,EEA,0.0727772994,0.0363886497,0.1455545988,Cement,115
4188,-20.189102,-40,2016,PM10,EEA,0.0697811868,0.0348905934,0.1395623736,Cement,115
4189,-20.189102,-40,2017,PM10,EEA,0.0653133546,0.0326566773,0.1306267092,Cement,115
4190,-20.189102,-40,2018,PM10,EEA,0.0432631368,0.0216315684,0.0865262736,Cement,115
4191,-20.189102,-40,2019,PM10,EEA,0.0375511734,0.0187755867,0.0751023468,Cement,115
4192,-20.189102,-40,2020,PM10,EEA,0.0420557202,0.0210278601,0.0841114404,Cement,115
4193,-20.189102,-40,2021,PM10,EEA,0.0462579624,0.0231289812,0.0925159248,Cement,115
4194,-20.189102,-40,2022,PM10,EEA,0.0261957618,0.0130978809,0.0523915236,Cement,115
4195,-20.189102,-40,2014,PM2.5,EEA,0.04139733,0.020698665,0.08279466,Cement,115
4196,-20.189102,-40,2015,PM2.5,EEA,0.040431833,0.0202159165,0.080863666,Cement,115
4197,-20.189102,-40,2016,PM2.5,EEA,0.038767326,0.019383663,0.077534652,Cement,115
4198,-20.189102,-40,2017,PM2.5,EEA,0.036285197,0.0181425985,0.072570394,Cement,115
4199,-20.189102,-40,2018,PM2.5,EEA,0.024035076,0.012017538,0.048070152,Cement,115
4200,-20.189102,-40,2019,PM2.5,EEA,0.020861763,0.0104308815,0.041723526,Cement,115
4201,-20.189102,-40,2020,PM2.5,EEA,0.023364289,0.0116821445,0.046728578,Cement,115
4202,-20.189102,-40,2021,PM2.5,EEA,0.025698868,0.012849434,0.051397736,Cement,115
4203,-20.189102,-40,2022,PM2.5,EEA,0.014553201,0.0072766005,0.029106402,Cement,115
4204,-20.189102,-40,2014,BC,EEA,0.0012419199,0.000310479975,0.0049676796,Cement,115
4205,-20.189102,-40,2015,BC,EEA,0.00121295499,0.0003032387475,0.00485181996,Cement,115
4206,-20.189102,-40,2016,BC,EEA,0.00116301978,0.000290754945,0.00465207912,Cement,115
4207,-20.189102,-40,2017,BC,EEA,0.00108855591,0.0002721389775,0.00435422364,Cement,115
4208,-20.189102,-40,2018,BC,EEA,0.00072105228,0.00018026307,0.00288420912,Cement,115
4209,-20.189102,-40,2019,BC,EEA,0.00062585289,0.0001564632225,0.00250341156,Cement,115
4210,-20.189102,-40,2020,BC,EEA,0.00070092867,0.0001752321675,0.00280371468,Cement,115
4211,-20.189102,-40,2021,BC,EEA,0.00077096604,0.00019274151,0.00308386416,Cement,115
4212,-20.189102,-40,2022,BC,EEA,0.00043659603,0.0001091490075,0.00174638412,Cement,115
4213,-20.189102,-40,2014,NOX,EEA,0.263456854,0.07005702,0.99141298,Cement,115
4214,-20.189102,-40,2015,NOX,EEA,0.257312332066667,0.068423102,0.968290564666667,Cement,115
4215,-20.189102,-40,2016,NOX,EEA,0.2467192388,0.065606244,0.928427756,Cement,115
4216,-20.189102,-40,2017,NOX,EEA,0.230922715266667,0.061405718,0.868983948666667,Cement,115
4217,-20.189102,-40,2018,NOX,EEA,0.1529616888,0.040674744,0.575609256,Cement,115
4218,-20.189102,-40,2019,NOX,EEA,0.1327663994,0.035304522,0.499612478,Cement,115
4219,-20.189102,-40,2020,NOX,EEA,0.148692731533333,0.039539566,0.559544767333333,Cement,115
4220,-20.189102,-40,2021,NOX,EEA,0.163550231733333,0.043490392,0.615454941333333,Cement,115
4221,-20.189102,-40,2022,NOX,EEA,0.0926180638,0.024628494,0.348530506,Cement,115
4222,-20.189102,-40,2014,CO,EEA,0.030888777,0.009765524,0.09765524,Cement,115
4223,-20.189102,-40,2015,CO,EEA,0.0301683677,0.00953776573333333,0.0953776573333333,Cement,115
4224,-20.189102,-40,2016,CO,EEA,0.0289263894,0.0091451128,0.091451128,Cement,115
4225,-20.189102,-40,2017,CO,EEA,0.0270743393,0.00855958493333333,0.0855958493333333,Cement,115
4226,-20.189102,-40,2018,CO,EEA,0.0179338644,0.0056698128,0.056698128,Cement,115
4227,-20.189102,-40,2019,CO,EEA,0.0155660847,0.0049212364,0.049212364,Cement,115
4228,-20.189102,-40,2020,CO,EEA,0.0174333541,0.00551157586666667,0.0551157586666667,Cement,115
4229,-20.189102,-40,2021,CO,EEA,0.0191753092,0.00606229706666667,0.0606229706666667,Cement,115
4230,-20.189102,-40,2022,CO,EEA,0.0108589269,0.0034330628,0.034330628,Cement,115
4231,-20.189102,-40,2014,NMVOCs,EEA,0.01910646,0.002441381,0.14648286,Cement,115
4232,-20.189102,-40,2015,NMVOCs,EEA,0.018660846,0.00238444143333333,0.143066486,Cement,115
4233,-20.189102,-40,2016,NMVOCs,EEA,0.017892612,0.0022862782,0.137176692,Cement,115
4234,-20.189102,-40,2017,NMVOCs,EEA,0.016747014,0.00213989623333333,0.128393774,Cement,115
4235,-20.189102,-40,2018,NMVOCs,EEA,0.011093112,0.0014174532,0.085047192,Cement,115
4236,-20.189102,-40,2019,NMVOCs,EEA,0.009628506,0.0012303091,0.073818546,Cement,115
4237,-20.189102,-40,2020,NMVOCs,EEA,0.010783518,0.00137789396666667,0.082673638,Cement,115
4238,-20.189102,-40,2021,NMVOCs,EEA,0.011861016,0.00151557426666667,0.090934456,Cement,115
4239,-20.189102,-40,2022,NMVOCs,EEA,0.006716862,0.0008582657,0.051495942,Cement,115
4240,-20.189102,-40,2014,SOX,EEA,0.119096934,0.00636882,3.54106392,Cement,115
4241,-20.189102,-40,2015,SOX,EEA,0.1163192734,0.006220282,3.458476792,Cement,115
4242,-20.189102,-40,2016,SOX,EEA,0.1115306148,0.005964204,3.316097424,Cement,115
4243,-20.189102,-40,2017,SOX,EEA,0.1043897206,0.005582338,3.103779928,Cement,115
4244,-20.189102,-40,2018,SOX,EEA,0.0691470648,0.003697704,2.055923424,Cement,115
4245,-20.189102,-40,2019,SOX,EEA,0.0600176874,0.003209502,1.784483112,Cement,115
4246,-20.189102,-40,2020,SOX,EEA,0.0672172622,0.003594506,1.998545336,Cement,115
4247,-20.189102,-40,2021,SOX,EEA,0.0739336664,0.003953672,2.198241632,Cement,115
4248,-20.189102,-40,2022,SOX,EEA,0.0418684398,0.002238954,1.244858424,Cement,115
4249,-23.518181,-47,2014,TSP,EEA,0.0635340745,0.03176703725,0.127068149,Cement,115
4250,-23.518181,-47,2015,TSP,EEA,0.056365998,0.028182999,0.112731996,Cement,115
4251,-23.518181,-47,2016,TSP,EEA,0.046112079,0.0230560395,0.092224158,Cement,115
4252,-23.518181,-47,2017,TSP,EEA,0.04221217,0.021106085,0.08442434,Cement,115
4253,-23.518181,-47,2018,TSP,EEA,0.0408869695,0.02044348475,0.081773939,Cement,115
4254,-23.518181,-47,2019,TSP,EEA,0.0400223785,0.02001118925,0.080044757,Cement,115
4255,-23.518181,-47,2020,TSP,EEA,0.045676982,0.022838491,0.091353964,Cement,115
4256,-23.518181,-47,2021,TSP,EEA,0.0508549275,0.02542746375,0.101709855,Cement,115
4257,-23.518181,-47,2022,TSP,EEA,0.02783014,0.01391507,0.05566028,Cement,115
4258,-23.518181,-47,2014,PM10,EEA,0.05718066705,0.028590333525,0.1143613341,Cement,115
4259,-23.518181,-47,2015,PM10,EEA,0.0507293982,0.0253646991,0.1014587964,Cement,115
4260,-23.518181,-47,2016,PM10,EEA,0.0415008711,0.02075043555,0.0830017422,Cement,115
4261,-23.518181,-47,2017,PM10,EEA,0.037990953,0.0189954765,0.075981906,Cement,115
4262,-23.518181,-47,2018,PM10,EEA,0.03679827255,0.018399136275,0.0735965451,Cement,115
4263,-23.518181,-47,2019,PM10,EEA,0.03602014065,0.018010070325,0.0720402813,Cement,115
4264,-23.518181,-47,2020,PM10,EEA,0.0411092838,0.0205546419,0.0822185676,Cement,115
4265,-23.518181,-47,2021,PM10,EEA,0.04576943475,0.022884717375,0.0915388695,Cement,115
4266,-23.518181,-47,2022,PM10,EEA,0.025047126,0.012523563,0.050094252,Cement,115
4267,-23.518181,-47,2014,PM2.5,EEA,0.03176703725,0.015883518625,0.0635340745,Cement,115
4268,-23.518181,-47,2015,PM2.5,EEA,0.028182999,0.0140914995,0.056365998,Cement,115
4269,-23.518181,-47,2016,PM2.5,EEA,0.0230560395,0.01152801975,0.046112079,Cement,115
4270,-23.518181,-47,2017,PM2.5,EEA,0.021106085,0.0105530425,0.04221217,Cement,115
4271,-23.518181,-47,2018,PM2.5,EEA,0.02044348475,0.010221742375,0.0408869695,Cement,115
4272,-23.518181,-47,2019,PM2.5,EEA,0.02001118925,0.010005594625,0.0400223785,Cement,115
4273,-23.518181,-47,2020,PM2.5,EEA,0.022838491,0.0114192455,0.045676982,Cement,115
4274,-23.518181,-47,2021,PM2.5,EEA,0.02542746375,0.012713731875,0.0508549275,Cement,115
4275,-23.518181,-47,2022,PM2.5,EEA,0.01391507,0.006957535,0.02783014,Cement,115
4276,-23.518181,-47,2014,BC,EEA,0.0009530111175,0.000238252779375,0.00381204447,Cement,115
4277,-23.518181,-47,2015,BC,EEA,0.00084548997,0.0002113724925,0.00338195988,Cement,115
4278,-23.518181,-47,2016,BC,EEA,0.000691681185,0.00017292029625,0.00276672474,Cement,115
4279,-23.518181,-47,2017,BC,EEA,0.00063318255,0.0001582956375,0.0025327302,Cement,115
4280,-23.518181,-47,2018,BC,EEA,0.0006133045425,0.000153326135625,0.00245321817,Cement,115
4281,-23.518181,-47,2019,BC,EEA,0.0006003356775,0.000150083919375,0.00240134271,Cement,115
4282,-23.518181,-47,2020,BC,EEA,0.00068515473,0.0001712886825,0.00274061892,Cement,115
4283,-23.518181,-47,2021,BC,EEA,0.0007628239125,0.000190705978125,0.00305129565,Cement,115
4284,-23.518181,-47,2022,BC,EEA,0.0004174521,0.000104363025,0.0016698084,Cement,115
4285,-23.518181,-47,2014,NOX,EEA,0.202168683216667,0.0537596015,0.760779815166667,Cement,115
4286,-23.518181,-47,2015,NOX,EEA,0.1793594962,0.047694306,0.674946694,Cement,115
4287,-23.518181,-47,2016,NOX,EEA,0.1467310001,0.039017913,0.552162587,Cement,115
4288,-23.518181,-47,2017,NOX,EEA,0.134321289666667,0.03571799,0.505463676666667,Cement,115
4289,-23.518181,-47,2018,NOX,EEA,0.130104433716667,0.0345966665,0.489595250166667,Cement,115
4290,-23.518181,-47,2019,NOX,EEA,0.127353260816667,0.0338650895,0.479242327166667,Cement,115
4291,-23.518181,-47,2020,NOX,EEA,0.145346499133333,0.038649754,0.546952579333333,Cement,115
4292,-23.518181,-47,2021,NOX,EEA,0.16182298725,0.0430310925,0.6089551575,Cement,115
4293,-23.518181,-47,2022,NOX,EEA,0.0885569326666667,0.02354858,0.333248086666667,Cement,115
4294,-23.518181,-47,2014,CO,EEA,0.023703097025,0.00749376263333333,0.0749376263333333,Cement,115
4295,-23.518181,-47,2015,CO,EEA,0.0210288531,0.0066482972,0.066482972,Cement,115
4296,-23.518181,-47,2016,CO,EEA,0.01720335255,0.0054388606,0.054388606,Cement,115
4297,-23.518181,-47,2017,CO,EEA,0.0157483865,0.00497887133333333,0.0497887133333333,Cement,115
4298,-23.518181,-47,2018,CO,EEA,0.015253984775,0.00482256563333333,0.0482256563333333,Cement,115
4299,-23.518181,-47,2019,CO,EEA,0.014931425825,0.00472058823333333,0.0472058823333333,Cement,115
4300,-23.518181,-47,2020,CO,EEA,0.0170410279,0.00538754146666667,0.0538754146666667,Cement,115
4301,-23.518181,-47,2021,CO,EEA,0.018972799875,0.0059982735,0.059982735,Cement,115
4302,-23.518181,-47,2022,CO,EEA,0.010382783,0.00328252933333333,0.0328252933333333,Cement,115
4303,-23.518181,-47,2014,NMVOCs,EEA,0.0146617095,0.00187344065833333,0.1124064395,Cement,115
4304,-23.518181,-47,2015,NMVOCs,EEA,0.013007538,0.0016620743,0.099724458,Cement,115
4305,-23.518181,-47,2016,NMVOCs,EEA,0.010641249,0.00135971515,0.081582909,Cement,115
4306,-23.518181,-47,2017,NMVOCs,EEA,0.00974127,0.00124471783333333,0.07468307,Cement,115
4307,-23.518181,-47,2018,NMVOCs,EEA,0.0094354545,0.00120564140833333,0.0723384845,Cement,115
4308,-23.518181,-47,2019,NMVOCs,EEA,0.0092359335,0.00118014705833333,0.0708088235,Cement,115
4309,-23.518181,-47,2020,NMVOCs,EEA,0.010540842,0.00134688536666667,0.080813122,Cement,115
4310,-23.518181,-47,2021,NMVOCs,EEA,0.0117357525,0.001499568375,0.0899741025,Cement,115
4311,-23.518181,-47,2022,NMVOCs,EEA,0.00642234,0.000820632333333333,0.04923794,Cement,115
4312,-23.518181,-47,2014,SOX,EEA,0.09139132255,0.0048872365,2.717303494,Cement,115
4313,-23.518181,-47,2015,SOX,EEA,0.0810803202,0.004335846,2.410730376,Cement,115
4314,-23.518181,-47,2016,SOX,EEA,0.0663304521,0.003547083,1.972178148,Cement,115
4315,-23.518181,-47,2017,SOX,EEA,0.060720583,0.00324709,1.80538204,Cement,115
4316,-23.518181,-47,2018,SOX,EEA,0.05881433305,0.0031451515,1.748704234,Cement,115
4317,-23.518181,-47,2019,SOX,EEA,0.05757065215,0.0030786445,1.711726342,Cement,115
4318,-23.518181,-47,2020,SOX,EEA,0.0657045818,0.003513614,1.953569384,Cement,115
4319,-23.518181,-47,2021,SOX,EEA,0.07315285725,0.0039119175,2.17502613,Cement,115
4320,-23.518181,-47,2022,SOX,EEA,0.040032586,0.00214078,1.19027368,Cement,115
4321,-5.073479,-38,2014,TSP,EEA,0.0501699784444445,0.0250849892222222,0.100339956888889,Cement,115
4322,-5.073479,-38,2015,TSP,EEA,0.0512472277777778,0.0256236138888889,0.102494455555556,Cement,115
4323,-5.073479,-38,2016,TSP,EEA,0.0392156815555556,0.0196078407777778,0.0784313631111111,Cement,115
4324,-5.073479,-38,2017,TSP,EEA,0.0307034491111111,0.0153517245555556,0.0614068982222222,Cement,115
4325,-5.073479,-38,2018,TSP,EEA,0.0270309606666667,0.0135154803333333,0.0540619213333333,Cement,115
4326,-5.073479,-38,2019,TSP,EEA,0.025934038,0.012967019,0.051868076,Cement,115
4327,-5.073479,-38,2020,TSP,EEA,0.0318319906666667,0.0159159953333333,0.0636639813333333,Cement,115
4328,-5.073479,-38,2021,TSP,EEA,0.0359597766666667,0.0179798883333333,0.0719195533333333,Cement,115
4329,-5.073479,-38,2022,TSP,EEA,0.0178894155555556,0.00894470777777778,0.0357788311111111,Cement,115
4330,-5.073479,-38,2014,PM10,EEA,0.0451529806,0.0225764903,0.0903059612,Cement,115
4331,-5.073479,-38,2015,PM10,EEA,0.046122505,0.0230612525,0.09224501,Cement,115
4332,-5.073479,-38,2016,PM10,EEA,0.0352941134,0.0176470567,0.0705882268,Cement,115
4333,-5.073479,-38,2017,PM10,EEA,0.0276331042,0.0138165521,0.0552662084,Cement,115
4334,-5.073479,-38,2018,PM10,EEA,0.0243278646,0.0121639323,0.0486557292,Cement,115
4335,-5.073479,-38,2019,PM10,EEA,0.0233406342,0.0116703171,0.0466812684,Cement,115
4336,-5.073479,-38,2020,PM10,EEA,0.0286487916,0.0143243958,0.0572975832,Cement,115
4337,-5.073479,-38,2021,PM10,EEA,0.032363799,0.0161818995,0.064727598,Cement,115
4338,-5.073479,-38,2022,PM10,EEA,0.016100474,0.008050237,0.032200948,Cement,115
4339,-5.073479,-38,2014,PM2.5,EEA,0.0250849892222222,0.0125424946111111,0.0501699784444445,Cement,115
4340,-5.073479,-38,2015,PM2.5,EEA,0.0256236138888889,0.0128118069444444,0.0512472277777778,Cement,115
4341,-5.073479,-38,2016,PM2.5,EEA,0.0196078407777778,0.00980392038888889,0.0392156815555556,Cement,115
4342,-5.073479,-38,2017,PM2.5,EEA,0.0153517245555556,0.00767586227777778,0.0307034491111111,Cement,115
4343,-5.073479,-38,2018,PM2.5,EEA,0.0135154803333333,0.00675774016666667,0.0270309606666667,Cement,115
4344,-5.073479,-38,2019,PM2.5,EEA,0.012967019,0.0064835095,0.025934038,Cement,115
4345,-5.073479,-38,2020,PM2.5,EEA,0.0159159953333333,0.00795799766666667,0.0318319906666667,Cement,115
4346,-5.073479,-38,2021,PM2.5,EEA,0.0179798883333333,0.00898994416666667,0.0359597766666667,Cement,115
4347,-5.073479,-38,2022,PM2.5,EEA,0.00894470777777778,0.00447235388888889,0.0178894155555556,Cement,115
4348,-5.073479,-38,2014,BC,EEA,0.000752549676666667,0.000188137419166667,0.00301019870666667,Cement,115
4349,-5.073479,-38,2015,BC,EEA,0.000768708416666667,0.000192177104166667,0.00307483366666667,Cement,115
4350,-5.073479,-38,2016,BC,EEA,0.000588235223333333,0.000147058805833333,0.00235294089333333,Cement,115
4351,-5.073479,-38,2017,BC,EEA,0.000460551736666667,0.000115137934166667,0.00184220694666667,Cement,115
4352,-5.073479,-38,2018,BC,EEA,0.00040546441,0.0001013661025,0.00162185764,Cement,115
4353,-5.073479,-38,2019,BC,EEA,0.00038901057,9.72526425e-05,0.00155604228,Cement,115
4354,-5.073479,-38,2020,BC,EEA,0.00047747986,0.000119369965,0.00190991944,Cement,115
4355,-5.073479,-38,2021,BC,EEA,0.00053939665,0.0001348491625,0.0021575866,Cement,115
4356,-5.073479,-38,2022,BC,EEA,0.000268341233333333,6.70853083333333e-05,0.00107336493333333,Cement,115
4357,-5.073479,-38,2014,NOX,EEA,0.15964344422963,0.0424515202222222,0.60075333162963,Cement,115
4358,-5.073479,-38,2015,NOX,EEA,0.163071306851852,0.0433630388888889,0.613652701851852,Cement,115
4359,-5.073479,-38,2016,NOX,EEA,0.12478630977037,0.0331824997777778,0.46958264837037,Cement,115
4360,-5.073479,-38,2017,NOX,EEA,0.0976999496074074,0.0259798415555556,0.367654121407407,Cement,115
4361,-5.073479,-38,2018,NOX,EEA,0.0860139030444444,0.0228723513333333,0.323678426444444,Cement,115
4362,-5.073479,-38,2019,NOX,EEA,0.0825234388666667,0.021944186,0.310543480666667,Cement,115
4363,-5.073479,-38,2020,NOX,EEA,0.101291026711111,0.0269347613333333,0.381167683111111,Cement,115
4364,-5.073479,-38,2021,NOX,EEA,0.114425853444444,0.0304275033333333,0.430595274444444,Cement,115
4365,-5.073479,-38,2022,NOX,EEA,0.0569250377037037,0.0151371977777778,0.214214283703704,Cement,115
4366,-5.073479,-38,2014,CO,EEA,0.0187172611888889,0.00591748463703704,0.0591748463703704,Cement,115
4367,-5.073479,-38,2015,CO,EEA,0.0191191580555556,0.00604454481481481,0.0604454481481481,Cement,115
4368,-5.073479,-38,2016,CO,EEA,0.0146304658111111,0.00462543936296296,0.0462543936296296,Cement,115
4369,-5.073479,-38,2017,CO,EEA,0.0114547483222222,0.00362143245925926,0.0362143245925926,Cement,115
4370,-5.073479,-38,2018,CO,EEA,0.0100846276333333,0.00318826715555556,0.0318826715555556,Cement,115
4371,-5.073479,-38,2019,CO,EEA,0.0096753911,0.00305888653333333,0.0305888653333333,Cement,115
4372,-5.073479,-38,2020,CO,EEA,0.0118757811333333,0.00375454248888889,0.0375454248888889,Cement,115
4373,-5.073479,-38,2021,CO,EEA,0.0134157628333333,0.00424140955555555,0.0424140955555556,Cement,115
4374,-5.073479,-38,2022,CO,EEA,0.00667412811111111,0.00211003362962963,0.0211003362962963,Cement,115
4375,-5.073479,-38,2014,NMVOCs,EEA,0.0115776873333333,0.00147937115925926,0.0887622695555556,Cement,115
4376,-5.073479,-38,2015,NMVOCs,EEA,0.0118262833333333,0.0015111362037037,0.0906681722222222,Cement,115
4377,-5.073479,-38,2016,NMVOCs,EEA,0.00904977266666667,0.00115635984074074,0.0693815904444444,Cement,115
4378,-5.073479,-38,2017,NMVOCs,EEA,0.00708541133333333,0.000905358114814815,0.0543214868888889,Cement,115
4379,-5.073479,-38,2018,NMVOCs,EEA,0.006237914,0.000797066788888889,0.0478240073333333,Cement,115
4380,-5.073479,-38,2019,NMVOCs,EEA,0.005984778,0.000764721633333333,0.045883298,Cement,115
4381,-5.073479,-38,2020,NMVOCs,EEA,0.007345844,0.000938635622222222,0.0563181373333333,Cement,115
4382,-5.073479,-38,2021,NMVOCs,EEA,0.00829841,0.00106035238888889,0.0636211433333333,Cement,115
4383,-5.073479,-38,2022,NMVOCs,EEA,0.00412832666666667,0.000527508407407407,0.0316505044444444,Cement,115
4384,-5.073479,-38,2014,SOX,EEA,0.0721675843777778,0.00385922911111111,2.14573138577778,Cement,115
4385,-5.073479,-38,2015,SOX,EEA,0.0737171661111111,0.00394209444444444,2.19180451111111,Cement,115
4386,-5.073479,-38,2016,SOX,EEA,0.0564102496222222,0.00301659088888889,1.67722453422222,Cement,115
4387,-5.073479,-38,2017,SOX,EEA,0.0441657306444444,0.00236180377777778,1.31316290044444,Cement,115
4388,-5.073479,-38,2018,SOX,EEA,0.0388829972666667,0.00207930466666667,1.15609339466667,Cement,115
4389,-5.073479,-38,2019,SOX,EEA,0.0373051162,0.001994926,1.109178856,Cement,115
4390,-5.073479,-38,2020,SOX,EEA,0.0457890942666667,0.00244861466666667,1.36142975466667,Cement,115
4391,-5.073479,-38,2021,SOX,EEA,0.0517267556666667,0.00276613666666667,1.53797198666667,Cement,115
4392,-5.073479,-38,2022,SOX,EEA,0.0257332362222222,0.00137610888888889,0.765116542222222,Cement,115
4393,-3.14782,-60,2014,TSP,EEA,0.024904659,0.0124523295,0.049809318,Cement,115
4394,-3.14782,-60,2015,TSP,EEA,0.026012142,0.013006071,0.052024284,Cement,115
4395,-3.14782,-60,2016,TSP,EEA,0.024999195,0.0124995975,0.04999839,Cement,115
4396,-3.14782,-60,2017,TSP,EEA,0.021809892,0.010904946,0.043619784,Cement,115
4397,-3.14782,-60,2018,TSP,EEA,0.0134479187142857,0.00672395935714286,0.0268958374285714,Cement,115
4398,-3.14782,-60,2019,TSP,EEA,0.0144060818571429,0.00720304092857143,0.0288121637142857,Cement,115
4399,-3.14782,-60,2020,TSP,EEA,0.024450816,0.012225408,0.048901632,Cement,115
4400,-3.14782,-60,2021,TSP,EEA,0.018630534,0.009315267,0.037261068,Cement,115
4401,-3.14782,-60,2022,TSP,EEA,0.0109709562857143,0.00548547814285714,0.0219419125714286,Cement,115
4402,-3.14782,-60,2014,PM10,EEA,0.0224141931,0.01120709655,0.0448283862,Cement,115
4403,-3.14782,-60,2015,PM10,EEA,0.0234109278,0.0117054639,0.0468218556,Cement,115
4404,-3.14782,-60,2016,PM10,EEA,0.0224992755,0.01124963775,0.044998551,Cement,115
4405,-3.14782,-60,2017,PM10,EEA,0.0196289028,0.0098144514,0.0392578056,Cement,115
4406,-3.14782,-60,2018,PM10,EEA,0.0121031268428571,0.00605156342142857,0.0242062536857143,Cement,115
4407,-3.14782,-60,2019,PM10,EEA,0.0129654736714286,0.00648273683571429,0.0259309473428571,Cement,115
4408,-3.14782,-60,2020,PM10,EEA,0.0220057344,0.0110028672,0.0440114688,Cement,115
4409,-3.14782,-60,2021,PM10,EEA,0.0167674806,0.0083837403,0.0335349612,Cement,115
4410,-3.14782,-60,2022,PM10,EEA,0.00987386065714286,0.00493693032857143,0.0197477213142857,Cement,115
4411,-3.14782,-60,2014,PM2.5,EEA,0.0124523295,0.00622616475,0.024904659,Cement,115
4412,-3.14782,-60,2015,PM2.5,EEA,0.013006071,0.0065030355,0.026012142,Cement,115
4413,-3.14782,-60,2016,PM2.5,EEA,0.0124995975,0.00624979875,0.024999195,Cement,115
4414,-3.14782,-60,2017,PM2.5,EEA,0.010904946,0.005452473,0.021809892,Cement,115
4415,-3.14782,-60,2018,PM2.5,EEA,0.00672395935714286,0.00336197967857143,0.0134479187142857,Cement,115
4416,-3.14782,-60,2019,PM2.5,EEA,0.00720304092857143,0.00360152046428571,0.0144060818571429,Cement,115
4417,-3.14782,-60,2020,PM2.5,EEA,0.012225408,0.006112704,0.024450816,Cement,115
4418,-3.14782,-60,2021,PM2.5,EEA,0.009315267,0.0046576335,0.018630534,Cement,115
4419,-3.14782,-60,2022,PM2.5,EEA,0.00548547814285714,0.00274273907142857,0.0109709562857143,Cement,115
4420,-3.14782,-60,2014,BC,EEA,0.000373569885,9.339247125e-05,0.00149427954,Cement,115
4421,-3.14782,-60,2015,BC,EEA,0.00039018213,9.75455325e-05,0.00156072852,Cement,115
4422,-3.14782,-60,2016,BC,EEA,0.000374987925,9.374698125e-05,0.0014999517,Cement,115
4423,-3.14782,-60,2017,BC,EEA,0.00032714838,8.1787095e-05,0.00130859352,Cement,115
4424,-3.14782,-60,2018,BC,EEA,0.000201718780714286,5.04296951785714e-05,0.000806875122857143,Cement,115
4425,-3.14782,-60,2019,BC,EEA,0.000216091227857143,5.40228069642857e-05,0.000864364911428571,Cement,115
4426,-3.14782,-60,2020,BC,EEA,0.00036676224,9.169056e-05,0.00146704896,Cement,115
4427,-3.14782,-60,2021,BC,EEA,0.00027945801,6.98645025e-05,0.00111783204,Cement,115
4428,-3.14782,-60,2022,BC,EEA,0.000164564344285714,4.11410860714286e-05,0.000658257377142857,Cement,115
4429,-3.14782,-60,2014,NOX,EEA,0.0792479021,0.021073173,0.298217327,Cement,115
4430,-3.14782,-60,2015,NOX,EEA,0.0827719698,0.022010274,0.311478726,Cement,115
4431,-3.14782,-60,2016,NOX,EEA,0.0795487205,0.021153165,0.299349335,Cement,115
4432,-3.14782,-60,2017,NOX,EEA,0.0694001948,0.018454524,0.261159476,Cement,115
4433,-3.14782,-60,2018,NOX,EEA,0.0427919669857143,0.0113790081428571,0.161030206142857,Cement,115
4434,-3.14782,-60,2019,NOX,EEA,0.0458408912428571,0.0121897615714286,0.172503595571429,Cement,115
4435,-3.14782,-60,2020,NOX,EEA,0.0778037504,0.020689152,0.292782848,Cement,115
4436,-3.14782,-60,2021,NOX,EEA,0.0592833146,0.015764298,0.223088702,Cement,115
4437,-3.14782,-60,2022,NOX,EEA,0.0349101455142857,0.00928311685714286,0.131370168857143,Cement,115
4438,-3.14782,-60,2014,CO,EEA,0.00929135355,0.0029374726,0.029374726,Cement,115
4439,-3.14782,-60,2015,CO,EEA,0.0097045299,0.0030680988,0.030680988,Cement,115
4440,-3.14782,-60,2016,CO,EEA,0.00932662275,0.002948623,0.02948623,Cement,115
4441,-3.14782,-60,2017,CO,EEA,0.0081367674,0.0025724488,0.025724488,Cement,115
4442,-3.14782,-60,2018,CO,EEA,0.00501710813571429,0.00158616477142857,0.0158616477142857,Cement,115
4443,-3.14782,-60,2019,CO,EEA,0.00537457669285714,0.00169917888571429,0.0169917888571429,Cement,115
4444,-3.14782,-60,2020,CO,EEA,0.0091220352,0.0028839424,0.028839424,Cement,115
4445,-3.14782,-60,2021,CO,EEA,0.0069506223,0.0021974476,0.021974476,Cement,115
4446,-3.14782,-60,2022,CO,EEA,0.00409301061428571,0.00129401022857143,0.0129401022857143,Cement,115
4447,-3.14782,-60,2014,NMVOCs,EEA,0.005747229,0.00073436815,0.044062089,Cement,115
4448,-3.14782,-60,2015,NMVOCs,EEA,0.006002802,0.0007670247,0.046021482,Cement,115
4449,-3.14782,-60,2016,NMVOCs,EEA,0.005769045,0.00073715575,0.044229345,Cement,115
4450,-3.14782,-60,2017,NMVOCs,EEA,0.005033052,0.0006431122,0.038586732,Cement,115
4451,-3.14782,-60,2018,NMVOCs,EEA,0.00310336585714286,0.000396541192857143,0.0237924715714286,Cement,115
4452,-3.14782,-60,2019,NMVOCs,EEA,0.00332448042857143,0.000424794721428571,0.0254876832857143,Cement,115
4453,-3.14782,-60,2020,NMVOCs,EEA,0.005642496,0.0007209856,0.043259136,Cement,115
4454,-3.14782,-60,2021,NMVOCs,EEA,0.004299354,0.0005493619,0.032961714,Cement,115
4455,-3.14782,-60,2022,NMVOCs,EEA,0.00253175914285714,0.000323502557142857,0.0194101534285714,Cement,115
4456,-3.14782,-60,2014,SOX,EEA,0.0358243941,0.001915743,1.065153108,Cement,115
4457,-3.14782,-60,2015,SOX,EEA,0.0374174658,0.002000934,1.112519304,Cement,115
4458,-3.14782,-60,2016,SOX,EEA,0.0359603805,0.001923015,1.06919634,Cement,115
4459,-3.14782,-60,2017,SOX,EEA,0.0313726908,0.001677684,0.932792304,Cement,115
4460,-3.14782,-60,2018,SOX,EEA,0.0193443138428571,0.00103445528571429,0.575157138857143,Cement,115
4461,-3.14782,-60,2019,SOX,EEA,0.0207225946714286,0.00110816014285714,0.616137039428571,Cement,115
4462,-3.14782,-60,2020,SOX,EEA,0.0351715584,0.001880832,1.045742592,Cement,115
4463,-3.14782,-60,2021,SOX,EEA,0.0267993066,0.001433118,0.796813608,Cement,115
4464,-3.14782,-60,2022,SOX,EEA,0.0157812986571429,0.000843919714285714,0.469219361142857,Cement,115
4465,-23.449839,-46,2014,TSP,EEA,0.0635340745,0.03176703725,0.127068149,Cement,115
4466,-23.449839,-46,2015,TSP,EEA,0.056365998,0.028182999,0.112731996,Cement,115
4467,-23.449839,-46,2016,TSP,EEA,0.046112079,0.0230560395,0.092224158,Cement,115
4468,-23.449839,-46,2017,TSP,EEA,0.04221217,0.021106085,0.08442434,Cement,115
4469,-23.449839,-46,2018,TSP,EEA,0.0408869695,0.02044348475,0.081773939,Cement,115
4470,-23.449839,-46,2019,TSP,EEA,0.0400223785,0.02001118925,0.080044757,Cement,115
4471,-23.449839,-46,2020,TSP,EEA,0.045676982,0.022838491,0.091353964,Cement,115
4472,-23.449839,-46,2021,TSP,EEA,0.0508549275,0.02542746375,0.101709855,Cement,115
4473,-23.449839,-46,2022,TSP,EEA,0.02783014,0.01391507,0.05566028,Cement,115
4474,-23.449839,-46,2014,PM10,EEA,0.05718066705,0.028590333525,0.1143613341,Cement,115
4475,-23.449839,-46,2015,PM10,EEA,0.0507293982,0.0253646991,0.1014587964,Cement,115
4476,-23.449839,-46,2016,PM10,EEA,0.0415008711,0.02075043555,0.0830017422,Cement,115
4477,-23.449839,-46,2017,PM10,EEA,0.037990953,0.0189954765,0.075981906,Cement,115
4478,-23.449839,-46,2018,PM10,EEA,0.03679827255,0.018399136275,0.0735965451,Cement,115
4479,-23.449839,-46,2019,PM10,EEA,0.03602014065,0.018010070325,0.0720402813,Cement,115
4480,-23.449839,-46,2020,PM10,EEA,0.0411092838,0.0205546419,0.0822185676,Cement,115
4481,-23.449839,-46,2021,PM10,EEA,0.04576943475,0.022884717375,0.0915388695,Cement,115
4482,-23.449839,-46,2022,PM10,EEA,0.025047126,0.012523563,0.050094252,Cement,115
4483,-23.449839,-46,2014,PM2.5,EEA,0.03176703725,0.015883518625,0.0635340745,Cement,115
4484,-23.449839,-46,2015,PM2.5,EEA,0.028182999,0.0140914995,0.056365998,Cement,115
4485,-23.449839,-46,2016,PM2.5,EEA,0.0230560395,0.01152801975,0.046112079,Cement,115
4486,-23.449839,-46,2017,PM2.5,EEA,0.021106085,0.0105530425,0.04221217,Cement,115
4487,-23.449839,-46,2018,PM2.5,EEA,0.02044348475,0.010221742375,0.0408869695,Cement,115
4488,-23.449839,-46,2019,PM2.5,EEA,0.02001118925,0.010005594625,0.0400223785,Cement,115
4489,-23.449839,-46,2020,PM2.5,EEA,0.022838491,0.0114192455,0.045676982,Cement,115
4490,-23.449839,-46,2021,PM2.5,EEA,0.02542746375,0.012713731875,0.0508549275,Cement,115
4491,-23.449839,-46,2022,PM2.5,EEA,0.01391507,0.006957535,0.02783014,Cement,115
4492,-23.449839,-46,2014,BC,EEA,0.0009530111175,0.000238252779375,0.00381204447,Cement,115
4493,-23.449839,-46,2015,BC,EEA,0.00084548997,0.0002113724925,0.00338195988,Cement,115
4494,-23.449839,-46,2016,BC,EEA,0.000691681185,0.00017292029625,0.00276672474,Cement,115
4495,-23.449839,-46,2017,BC,EEA,0.00063318255,0.0001582956375,0.0025327302,Cement,115
4496,-23.449839,-46,2018,BC,EEA,0.0006133045425,0.000153326135625,0.00245321817,Cement,115
4497,-23.449839,-46,2019,BC,EEA,0.0006003356775,0.000150083919375,0.00240134271,Cement,115
4498,-23.449839,-46,2020,BC,EEA,0.00068515473,0.0001712886825,0.00274061892,Cement,115
4499,-23.449839,-46,2021,BC,EEA,0.0007628239125,0.000190705978125,0.00305129565,Cement,115
4500,-23.449839,-46,2022,BC,EEA,0.0004174521,0.000104363025,0.0016698084,Cement,115
4501,-23.449839,-46,2014,NOX,EEA,0.202168683216667,0.0537596015,0.760779815166667,Cement,115
4502,-23.449839,-46,2015,NOX,EEA,0.1793594962,0.047694306,0.674946694,Cement,115
4503,-23.449839,-46,2016,NOX,EEA,0.1467310001,0.039017913,0.552162587,Cement,115
4504,-23.449839,-46,2017,NOX,EEA,0.134321289666667,0.03571799,0.505463676666667,Cement,115
4505,-23.449839,-46,2018,NOX,EEA,0.130104433716667,0.0345966665,0.489595250166667,Cement,115
4506,-23.449839,-46,2019,NOX,EEA,0.127353260816667,0.0338650895,0.479242327166667,Cement,115
4507,-23.449839,-46,2020,NOX,EEA,0.145346499133333,0.038649754,0.546952579333333,Cement,115
4508,-23.449839,-46,2021,NOX,EEA,0.16182298725,0.0430310925,0.6089551575,Cement,115
4509,-23.449839,-46,2022,NOX,EEA,0.0885569326666667,0.02354858,0.333248086666667,Cement,115
4510,-23.449839,-46,2014,CO,EEA,0.023703097025,0.00749376263333333,0.0749376263333333,Cement,115
4511,-23.449839,-46,2015,CO,EEA,0.0210288531,0.0066482972,0.066482972,Cement,115
4512,-23.449839,-46,2016,CO,EEA,0.01720335255,0.0054388606,0.054388606,Cement,115
4513,-23.449839,-46,2017,CO,EEA,0.0157483865,0.00497887133333333,0.0497887133333333,Cement,115
4514,-23.449839,-46,2018,CO,EEA,0.015253984775,0.00482256563333333,0.0482256563333333,Cement,115
4515,-23.449839,-46,2019,CO,EEA,0.014931425825,0.00472058823333333,0.0472058823333333,Cement,115
4516,-23.449839,-46,2020,CO,EEA,0.0170410279,0.00538754146666667,0.0538754146666667,Cement,115
4517,-23.449839,-46,2021,CO,EEA,0.018972799875,0.0059982735,0.059982735,Cement,115
4518,-23.449839,-46,2022,CO,EEA,0.010382783,0.00328252933333333,0.0328252933333333,Cement,115
4519,-23.449839,-46,2014,NMVOCs,EEA,0.0146617095,0.00187344065833333,0.1124064395,Cement,115
4520,-23.449839,-46,2015,NMVOCs,EEA,0.013007538,0.0016620743,0.099724458,Cement,115
4521,-23.449839,-46,2016,NMVOCs,EEA,0.010641249,0.00135971515,0.081582909,Cement,115
4522,-23.449839,-46,2017,NMVOCs,EEA,0.00974127,0.00124471783333333,0.07468307,Cement,115
4523,-23.449839,-46,2018,NMVOCs,EEA,0.0094354545,0.00120564140833333,0.0723384845,Cement,115
4524,-23.449839,-46,2019,NMVOCs,EEA,0.0092359335,0.00118014705833333,0.0708088235,Cement,115
4525,-23.449839,-46,2020,NMVOCs,EEA,0.010540842,0.00134688536666667,0.080813122,Cement,115
4526,-23.449839,-46,2021,NMVOCs,EEA,0.0117357525,0.001499568375,0.0899741025,Cement,115
4527,-23.449839,-46,2022,NMVOCs,EEA,0.00642234,0.000820632333333333,0.04923794,Cement,115
4528,-23.449839,-46,2014,SOX,EEA,0.09139132255,0.0048872365,2.717303494,Cement,115
4529,-23.449839,-46,2015,SOX,EEA,0.0810803202,0.004335846,2.410730376,Cement,115
4530,-23.449839,-46,2016,SOX,EEA,0.0663304521,0.003547083,1.972178148,Cement,115
4531,-23.449839,-46,2017,SOX,EEA,0.060720583,0.00324709,1.80538204,Cement,115
4532,-23.449839,-46,2018,SOX,EEA,0.05881433305,0.0031451515,1.748704234,Cement,115
4533,-23.449839,-46,2019,SOX,EEA,0.05757065215,0.0030786445,1.711726342,Cement,115
4534,-23.449839,-46,2020,SOX,EEA,0.0657045818,0.003513614,1.953569384,Cement,115
4535,-23.449839,-46,2021,SOX,EEA,0.07315285725,0.0039119175,2.17502613,Cement,115
4536,-23.449839,-46,2022,SOX,EEA,0.040032586,0.00214078,1.19027368,Cement,115
4537,-10.416466,-37,2014,TSP,EEA,0.0886835704444444,0.0443417852222222,0.177367140888889,Cement,115
4538,-10.416466,-37,2015,TSP,EEA,0.0804254677777778,0.0402127338888889,0.160850935555556,Cement,115
4539,-10.416466,-37,2016,TSP,EEA,0.0574491175555555,0.0287245587777778,0.114898235111111,Cement,115
4540,-10.416466,-37,2017,TSP,EEA,0.0541833211111111,0.0270916605555556,0.108366642222222,Cement,115
4541,-10.416466,-37,2018,TSP,EEA,0.0536562086666667,0.0268281043333333,0.107312417333333,Cement,115
4542,-10.416466,-37,2019,TSP,EEA,0.05440422,0.02720211,0.10880844,Cement,115
4543,-10.416466,-37,2020,TSP,EEA,0.0626439926666667,0.0313219963333333,0.125287985333333,Cement,115
4544,-10.416466,-37,2021,TSP,EEA,0.0594152086666667,0.0297076043333333,0.118830417333333,Cement,115
4545,-10.416466,-37,2022,TSP,EEA,0.0324863615555556,0.0162431807777778,0.0649727231111111,Cement,115
4546,-10.416466,-37,2014,PM10,EEA,0.0798152134,0.0399076067,0.1596304268,Cement,115
4547,-10.416466,-37,2015,PM10,EEA,0.072382921,0.0361914605,0.144765842,Cement,115
4548,-10.416466,-37,2016,PM10,EEA,0.0517042058,0.0258521029,0.1034084116,Cement,115
4549,-10.416466,-37,2017,PM10,EEA,0.048764989,0.0243824945,0.097529978,Cement,115
4550,-10.416466,-37,2018,PM10,EEA,0.0482905878,0.0241452939,0.0965811756,Cement,115
4551,-10.416466,-37,2019,PM10,EEA,0.048963798,0.024481899,0.097927596,Cement,115
4552,-10.416466,-37,2020,PM10,EEA,0.0563795934,0.0281897967,0.1127591868,Cement,115
4553,-10.416466,-37,2021,PM10,EEA,0.0534736878,0.0267368439,0.1069473756,Cement,115
4554,-10.416466,-37,2022,PM10,EEA,0.0292377254,0.0146188627,0.0584754508,Cement,115
4555,-10.416466,-37,2014,PM2.5,EEA,0.0443417852222222,0.0221708926111111,0.0886835704444444,Cement,115
4556,-10.416466,-37,2015,PM2.5,EEA,0.0402127338888889,0.0201063669444444,0.0804254677777778,Cement,115
4557,-10.416466,-37,2016,PM2.5,EEA,0.0287245587777778,0.0143622793888889,0.0574491175555555,Cement,115
4558,-10.416466,-37,2017,PM2.5,EEA,0.0270916605555556,0.0135458302777778,0.0541833211111111,Cement,115
4559,-10.416466,-37,2018,PM2.5,EEA,0.0268281043333333,0.0134140521666667,0.0536562086666667,Cement,115
4560,-10.416466,-37,2019,PM2.5,EEA,0.02720211,0.013601055,0.05440422,Cement,115
4561,-10.416466,-37,2020,PM2.5,EEA,0.0313219963333333,0.0156609981666667,0.0626439926666667,Cement,115
4562,-10.416466,-37,2021,PM2.5,EEA,0.0297076043333333,0.0148538021666667,0.0594152086666667,Cement,115
4563,-10.416466,-37,2022,PM2.5,EEA,0.0162431807777778,0.00812159038888889,0.0324863615555556,Cement,115
4564,-10.416466,-37,2014,BC,EEA,0.00133025355666667,0.000332563389166667,0.00532101422666667,Cement,115
4565,-10.416466,-37,2015,BC,EEA,0.00120638201666667,0.000301595504166667,0.00482552806666667,Cement,115
4566,-10.416466,-37,2016,BC,EEA,0.000861736763333333,0.000215434190833333,0.00344694705333333,Cement,115
4567,-10.416466,-37,2017,BC,EEA,0.000812749816666667,0.000203187454166667,0.00325099926666667,Cement,115
4568,-10.416466,-37,2018,BC,EEA,0.00080484313,0.0002012107825,0.00321937252,Cement,115
4569,-10.416466,-37,2019,BC,EEA,0.0008160633,0.000204015825,0.0032642532,Cement,115
4570,-10.416466,-37,2020,BC,EEA,0.00093965989,0.0002349149725,0.00375863956,Cement,115
4571,-10.416466,-37,2021,BC,EEA,0.00089122813,0.0002228070325,0.00356491252,Cement,115
4572,-10.416466,-37,2022,BC,EEA,0.000487295423333333,0.000121823855833333,0.00194918169333333,Cement,115
4573,-10.416466,-37,2014,NOX,EEA,0.28219566902963,0.0750399442222222,1.06192890762963,Cement,115
4574,-10.416466,-37,2015,NOX,EEA,0.255917962851852,0.0680523188888889,0.963043421851852,Cement,115
4575,-10.416466,-37,2016,NOX,EEA,0.18280603817037,0.0486107917777778,0.68791635637037,Cement,115
4576,-10.416466,-37,2017,NOX,EEA,0.172414106407407,0.0458474255555556,0.648810537407407,Cement,115
4577,-10.416466,-37,2018,NOX,EEA,0.170736807577778,0.0454014073333333,0.642498703777778,Cement,115
4578,-10.416466,-37,2019,NOX,EEA,0.173117018,0.04603434,0.65145566,Cement,115
4579,-10.416466,-37,2020,NOX,EEA,0.199336397177778,0.0530064553333333,0.750121655777778,Cement,115
4580,-10.416466,-37,2021,NOX,EEA,0.189062240911111,0.0502744073333333,0.711459037111111,Cement,115
4581,-10.416466,-37,2022,NOX,EEA,0.103373268437037,0.0274884597777778,0.389003355037037,Cement,115
4582,-10.416466,-37,2014,CO,EEA,0.0330857935888889,0.010460113437037,0.10460113437037,Cement,115
4583,-10.416466,-37,2015,CO,EEA,0.0300048860555556,0.00948608081481481,0.0948608081481481,Cement,115
4584,-10.416466,-37,2016,CO,EEA,0.0214329400111111,0.00677604976296296,0.0677604976296296,Cement,115
4585,-10.416466,-37,2017,CO,EEA,0.0202145467222222,0.00639085325925926,0.0639085325925926,Cement,115
4586,-10.416466,-37,2018,CO,EEA,0.0200178932333333,0.00632868102222222,0.0632868102222222,Cement,115
4587,-10.416466,-37,2019,CO,EEA,0.020296959,0.006416908,0.06416908,Cement,115
4588,-10.416466,-37,2020,CO,EEA,0.0233710280333333,0.00738877862222222,0.0738877862222222,Cement,115
4589,-10.416466,-37,2021,CO,EEA,0.0221664432333333,0.00700794768888889,0.0700794768888889,Cement,115
4590,-10.416466,-37,2022,CO,EEA,0.0121199118111111,0.0038317246962963,0.038317246962963,Cement,115
4591,-10.416466,-37,2014,NMVOCs,EEA,0.0204654393333333,0.00261502835925926,0.156901701555556,Cement,115
4592,-10.416466,-37,2015,NMVOCs,EEA,0.0185597233333333,0.0023715202037037,0.142291212222222,Cement,115
4593,-10.416466,-37,2016,NMVOCs,EEA,0.0132574886666667,0.00169401244074074,0.101640746444444,Cement,115
4594,-10.416466,-37,2017,NMVOCs,EEA,0.0125038433333333,0.00159771331481481,0.0958627988888889,Cement,115
4595,-10.416466,-37,2018,NMVOCs,EEA,0.012382202,0.00158217025555555,0.0949302153333333,Cement,115
4596,-10.416466,-37,2019,NMVOCs,EEA,0.01255482,0.001604227,0.09625362,Cement,115
4597,-10.416466,-37,2020,NMVOCs,EEA,0.014456306,0.00184719465555556,0.110831679333333,Cement,115
4598,-10.416466,-37,2021,NMVOCs,EEA,0.013711202,0.00175198692222222,0.105119215333333,Cement,115
4599,-10.416466,-37,2022,NMVOCs,EEA,0.00749685266666667,0.000957931174074074,0.0574758704444444,Cement,115
4600,-10.416466,-37,2014,SOX,EEA,0.127567905177778,0.00682181311111111,3.79292808977778,Cement,115
4601,-10.416466,-37,2015,SOX,EEA,0.115688942111111,0.00618657444444444,3.43973539111111,Cement,115
4602,-10.416466,-37,2016,SOX,EEA,0.0826383460222222,0.00441916288888889,2.45705456622222,Cement,115
4603,-10.416466,-37,2017,SOX,EEA,0.0779406234444444,0.00416794777777778,2.31737896444444,Cement,115
4604,-10.416466,-37,2018,SOX,EEA,0.0771823924666667,0.00412740066666667,2.29483477066667,Cement,115
4605,-10.416466,-37,2019,SOX,EEA,0.078258378,0.00418494,2.32682664,Cement,115
4606,-10.416466,-37,2020,SOX,EEA,0.0901109740666667,0.00481876866666667,2.67923537866667,Cement,115
4607,-10.416466,-37,2021,SOX,EEA,0.0854664924666667,0.00457040066666667,2.54114277066667,Cement,115
4608,-10.416466,-37,2022,SOX,EEA,0.0467303816222222,0.00249895088888889,1.38941669422222,Cement,115
4609,-22.860007,-44,2014,TSP,EEA,0.04355335725,0.021776678625,0.0871067145,Cement,115
4610,-22.860007,-44,2015,TSP,EEA,0.042071913,0.0210359565,0.084143826,Cement,115
4611,-22.860007,-44,2016,TSP,EEA,0.036477207,0.0182386035,0.072954414,Cement,115
4612,-22.860007,-44,2017,TSP,EEA,0.03143215725,0.015716078625,0.0628643145,Cement,115
4613,-22.860007,-44,2018,TSP,EEA,0.034064316,0.017032158,0.068128632,Cement,115
4614,-22.860007,-44,2019,TSP,EEA,0.0380047005,0.01900235025,0.076009401,Cement,115
4615,-22.860007,-44,2020,TSP,EEA,0.0362488425,0.01812442125,0.072497685,Cement,115
4616,-22.860007,-44,2021,TSP,EEA,0.0401311365,0.02006556825,0.080262273,Cement,115
4617,-22.860007,-44,2022,TSP,EEA,0.02206490325,0.011032451625,0.0441298065,Cement,115
4618,-22.860007,-44,2014,PM10,EEA,0.039198021525,0.0195990107625,0.07839604305,Cement,115
4619,-22.860007,-44,2015,PM10,EEA,0.0378647217,0.01893236085,0.0757294434,Cement,115
4620,-22.860007,-44,2016,PM10,EEA,0.0328294863,0.01641474315,0.0656589726,Cement,115
4621,-22.860007,-44,2017,PM10,EEA,0.028288941525,0.0141444707625,0.05657788305,Cement,115
4622,-22.860007,-44,2018,PM10,EEA,0.0306578844,0.0153289422,0.0613157688,Cement,115
4623,-22.860007,-44,2019,PM10,EEA,0.03420423045,0.017102115225,0.0684084609,Cement,115
4624,-22.860007,-44,2020,PM10,EEA,0.03262395825,0.016311979125,0.0652479165,Cement,115
4625,-22.860007,-44,2021,PM10,EEA,0.03611802285,0.018059011425,0.0722360457,Cement,115
4626,-22.860007,-44,2022,PM10,EEA,0.019858412925,0.0099292064625,0.03971682585,Cement,115
4627,-22.860007,-44,2014,PM2.5,EEA,0.021776678625,0.0108883393125,0.04355335725,Cement,115
4628,-22.860007,-44,2015,PM2.5,EEA,0.0210359565,0.01051797825,0.042071913,Cement,115
4629,-22.860007,-44,2016,PM2.5,EEA,0.0182386035,0.00911930175,0.036477207,Cement,115
4630,-22.860007,-44,2017,PM2.5,EEA,0.015716078625,0.0078580393125,0.03143215725,Cement,115
4631,-22.860007,-44,2018,PM2.5,EEA,0.017032158,0.008516079,0.034064316,Cement,115
4632,-22.860007,-44,2019,PM2.5,EEA,0.01900235025,0.009501175125,0.0380047005,Cement,115
4633,-22.860007,-44,2020,PM2.5,EEA,0.01812442125,0.009062210625,0.0362488425,Cement,115
4634,-22.860007,-44,2021,PM2.5,EEA,0.02006556825,0.010032784125,0.0401311365,Cement,115
4635,-22.860007,-44,2022,PM2.5,EEA,0.011032451625,0.0055162258125,0.02206490325,Cement,115
4636,-22.860007,-44,2014,BC,EEA,0.00065330035875,0.0001633250896875,0.002613201435,Cement,115
4637,-22.860007,-44,2015,BC,EEA,0.000631078695,0.00015776967375,0.00252431478,Cement,115
4638,-22.860007,-44,2016,BC,EEA,0.000547158105,0.00013678952625,0.00218863242,Cement,115
4639,-22.860007,-44,2017,BC,EEA,0.00047148235875,0.0001178705896875,0.001885929435,Cement,115
4640,-22.860007,-44,2018,BC,EEA,0.00051096474,0.000127741185,0.00204385896,Cement,115
4641,-22.860007,-44,2019,BC,EEA,0.0005700705075,0.000142517626875,0.00228028203,Cement,115
4642,-22.860007,-44,2020,BC,EEA,0.0005437326375,0.000135933159375,0.00217493055,Cement,115
4643,-22.860007,-44,2021,BC,EEA,0.0006019670475,0.000150491761875,0.00240786819,Cement,115
4644,-22.860007,-44,2022,BC,EEA,0.00033097354875,8.27433871875e-05,0.001323894195,Cement,115
4645,-22.860007,-44,2014,NOX,EEA,0.138589016275,0.03685284075,0.52152353425,Cement,115
4646,-22.860007,-44,2015,NOX,EEA,0.1338749847,0.035599311,0.503784189,Cement,115
4647,-22.860007,-44,2016,NOX,EEA,0.1160723433,0.030865329,0.436791171,Cement,115
4648,-22.860007,-44,2017,NOX,EEA,0.100018736275,0.02659644075,0.37637993425,Cement,115
4649,-22.860007,-44,2018,NOX,EEA,0.1083944004,0.028823652,0.407898348,Cement,115
4650,-22.860007,-44,2019,NOX,EEA,0.12093290595,0.0321578235,0.4550819265,Cement,115
4651,-22.860007,-44,2020,NOX,EEA,0.11534567575,0.0306720975,0.4340566525,Cement,115
4652,-22.860007,-44,2021,NOX,EEA,0.12769933435,0.0339571155,0.4805446345,Cement,115
4653,-22.860007,-44,2022,NOX,EEA,0.070211653675,0.01867030275,0.26421307225,Cement,115
4654,-22.860007,-44,2014,CO,EEA,0.0162487525125,0.00513706265,0.0513706265,Cement,115
4655,-22.860007,-44,2015,CO,EEA,0.01569605985,0.0049623282,0.049623282,Cement,115
4656,-22.860007,-44,2016,CO,EEA,0.01360880415,0.0043024398,0.043024398,Cement,115
4657,-22.860007,-44,2017,CO,EEA,0.0117266125125,0.00370738265,0.0370738265,Cement,115
4658,-22.860007,-44,2018,CO,EEA,0.0127086102,0.0040178424,0.040178424,Cement,115
4659,-22.860007,-44,2019,CO,EEA,0.014178676725,0.0044826057,0.044826057,Cement,115
4660,-22.860007,-44,2020,CO,EEA,0.013523606625,0.0042755045,0.042755045,Cement,115
4661,-22.860007,-44,2021,CO,EEA,0.014972000925,0.0047334161,0.047334161,Cement,115
4662,-22.860007,-44,2022,CO,EEA,0.0082319062125,0.00260252705,0.0260252705,Cement,115
4663,-22.860007,-44,2014,NMVOCs,EEA,0.01005077475,0.0012842656625,0.07705593975,Cement,115
4664,-22.860007,-44,2015,NMVOCs,EEA,0.009708903,0.00124058205,0.074434923,Cement,115
4665,-22.860007,-44,2016,NMVOCs,EEA,0.008417817,0.00107560995,0.064536597,Cement,115
4666,-22.860007,-44,2017,NMVOCs,EEA,0.00725357475,0.0009268456625,0.05561073975,Cement,115
4667,-22.860007,-44,2018,NMVOCs,EEA,0.007860996,0.0010044606,0.060267636,Cement,115
4668,-22.860007,-44,2019,NMVOCs,EEA,0.0087703155,0.001120651425,0.0672390855,Cement,115
4669,-22.860007,-44,2020,NMVOCs,EEA,0.0083651175,0.001068876125,0.0641325675,Cement,115
4670,-22.860007,-44,2021,NMVOCs,EEA,0.0092610315,0.001183354025,0.0710012415,Cement,115
4671,-22.860007,-44,2022,NMVOCs,EEA,0.00509190075,0.0006506317625,0.03903790575,Cement,115
4672,-22.860007,-44,2014,SOX,EEA,0.062649829275,0.00335025825,1.862743587,Cement,115
4673,-22.860007,-44,2015,SOX,EEA,0.0605188287,0.003236301,1.799383356,Cement,115
4674,-22.860007,-44,2016,SOX,EEA,0.0524710593,0.002805939,1.560102084,Cement,115
4675,-22.860007,-44,2017,SOX,EEA,0.045213949275,0.00241785825,1.344329187,Cement,115
4676,-22.860007,-44,2018,SOX,EEA,0.0490002084,0.002620332,1.456904592,Cement,115
4677,-22.860007,-44,2019,SOX,EEA,0.05466829995,0.0029234385,1.625431806,Cement,115
4678,-22.860007,-44,2020,SOX,EEA,0.05214256575,0.0027883725,1.55033511,Cement,115
4679,-22.860007,-44,2021,SOX,EEA,0.05772709635,0.0030870105,1.716377838,Cement,115
4680,-22.860007,-44,2022,SOX,EEA,0.031739514675,0.00169730025,0.943698939,Cement,115
4681,-20.261634,-40,2014,TSP,EEA,0.08279466,0.04139733,0.16558932,Cement,115
4682,-20.261634,-40,2015,TSP,EEA,0.080863666,0.040431833,0.161727332,Cement,115
4683,-20.261634,-40,2016,TSP,EEA,0.077534652,0.038767326,0.155069304,Cement,115
4684,-20.261634,-40,2017,TSP,EEA,0.072570394,0.036285197,0.145140788,Cement,115
4685,-20.261634,-40,2018,TSP,EEA,0.048070152,0.024035076,0.096140304,Cement,115
4686,-20.261634,-40,2019,TSP,EEA,0.041723526,0.020861763,0.083447052,Cement,115
4687,-20.261634,-40,2020,TSP,EEA,0.046728578,0.023364289,0.093457156,Cement,115
4688,-20.261634,-40,2021,TSP,EEA,0.051397736,0.025698868,0.102795472,Cement,115
4689,-20.261634,-40,2022,TSP,EEA,0.029106402,0.014553201,0.058212804,Cement,115
4690,-20.261634,-40,2014,PM10,EEA,0.074515194,0.037257597,0.149030388,Cement,115
4691,-20.261634,-40,2015,PM10,EEA,0.0727772994,0.0363886497,0.1455545988,Cement,115
4692,-20.261634,-40,2016,PM10,EEA,0.0697811868,0.0348905934,0.1395623736,Cement,115
4693,-20.261634,-40,2017,PM10,EEA,0.0653133546,0.0326566773,0.1306267092,Cement,115
4694,-20.261634,-40,2018,PM10,EEA,0.0432631368,0.0216315684,0.0865262736,Cement,115
4695,-20.261634,-40,2019,PM10,EEA,0.0375511734,0.0187755867,0.0751023468,Cement,115
4696,-20.261634,-40,2020,PM10,EEA,0.0420557202,0.0210278601,0.0841114404,Cement,115
4697,-20.261634,-40,2021,PM10,EEA,0.0462579624,0.0231289812,0.0925159248,Cement,115
4698,-20.261634,-40,2022,PM10,EEA,0.0261957618,0.0130978809,0.0523915236,Cement,115
4699,-20.261634,-40,2014,PM2.5,EEA,0.04139733,0.020698665,0.08279466,Cement,115
4700,-20.261634,-40,2015,PM2.5,EEA,0.040431833,0.0202159165,0.080863666,Cement,115
4701,-20.261634,-40,2016,PM2.5,EEA,0.038767326,0.019383663,0.077534652,Cement,115
4702,-20.261634,-40,2017,PM2.5,EEA,0.036285197,0.0181425985,0.072570394,Cement,115
4703,-20.261634,-40,2018,PM2.5,EEA,0.024035076,0.012017538,0.048070152,Cement,115
4704,-20.261634,-40,2019,PM2.5,EEA,0.020861763,0.0104308815,0.041723526,Cement,115
4705,-20.261634,-40,2020,PM2.5,EEA,0.023364289,0.0116821445,0.046728578,Cement,115
4706,-20.261634,-40,2021,PM2.5,EEA,0.025698868,0.012849434,0.051397736,Cement,115
4707,-20.261634,-40,2022,PM2.5,EEA,0.014553201,0.0072766005,0.029106402,Cement,115
4708,-20.261634,-40,2014,BC,EEA,0.0012419199,0.000310479975,0.0049676796,Cement,115
4709,-20.261634,-40,2015,BC,EEA,0.00121295499,0.0003032387475,0.00485181996,Cement,115
4710,-20.261634,-40,2016,BC,EEA,0.00116301978,0.000290754945,0.00465207912,Cement,115
4711,-20.261634,-40,2017,BC,EEA,0.00108855591,0.0002721389775,0.00435422364,Cement,115
4712,-20.261634,-40,2018,BC,EEA,0.00072105228,0.00018026307,0.00288420912,Cement,115
4713,-20.261634,-40,2019,BC,EEA,0.00062585289,0.0001564632225,0.00250341156,Cement,115
4714,-20.261634,-40,2020,BC,EEA,0.00070092867,0.0001752321675,0.00280371468,Cement,115
4715,-20.261634,-40,2021,BC,EEA,0.00077096604,0.00019274151,0.00308386416,Cement,115
4716,-20.261634,-40,2022,BC,EEA,0.00043659603,0.0001091490075,0.00174638412,Cement,115
4717,-20.261634,-40,2014,NOX,EEA,0.263456854,0.07005702,0.99141298,Cement,115
4718,-20.261634,-40,2015,NOX,EEA,0.257312332066667,0.068423102,0.968290564666667,Cement,115
4719,-20.261634,-40,2016,NOX,EEA,0.2467192388,0.065606244,0.928427756,Cement,115
4720,-20.261634,-40,2017,NOX,EEA,0.230922715266667,0.061405718,0.868983948666667,Cement,115
4721,-20.261634,-40,2018,NOX,EEA,0.1529616888,0.040674744,0.575609256,Cement,115
4722,-20.261634,-40,2019,NOX,EEA,0.1327663994,0.035304522,0.499612478,Cement,115
4723,-20.261634,-40,2020,NOX,EEA,0.148692731533333,0.039539566,0.559544767333333,Cement,115
4724,-20.261634,-40,2021,NOX,EEA,0.163550231733333,0.043490392,0.615454941333333,Cement,115
4725,-20.261634,-40,2022,NOX,EEA,0.0926180638,0.024628494,0.348530506,Cement,115
4726,-20.261634,-40,2014,CO,EEA,0.030888777,0.009765524,0.09765524,Cement,115
4727,-20.261634,-40,2015,CO,EEA,0.0301683677,0.00953776573333333,0.0953776573333333,Cement,115
4728,-20.261634,-40,2016,CO,EEA,0.0289263894,0.0091451128,0.091451128,Cement,115
4729,-20.261634,-40,2017,CO,EEA,0.0270743393,0.00855958493333333,0.0855958493333333,Cement,115
4730,-20.261634,-40,2018,CO,EEA,0.0179338644,0.0056698128,0.056698128,Cement,115
4731,-20.261634,-40,2019,CO,EEA,0.0155660847,0.0049212364,0.049212364,Cement,115
4732,-20.261634,-40,2020,CO,EEA,0.0174333541,0.00551157586666667,0.0551157586666667,Cement,115
4733,-20.261634,-40,2021,CO,EEA,0.0191753092,0.00606229706666667,0.0606229706666667,Cement,115
4734,-20.261634,-40,2022,CO,EEA,0.0108589269,0.0034330628,0.034330628,Cement,115
4735,-20.261634,-40,2014,NMVOCs,EEA,0.01910646,0.002441381,0.14648286,Cement,115
4736,-20.261634,-40,2015,NMVOCs,EEA,0.018660846,0.00238444143333333,0.143066486,Cement,115
4737,-20.261634,-40,2016,NMVOCs,EEA,0.017892612,0.0022862782,0.137176692,Cement,115
4738,-20.261634,-40,2017,NMVOCs,EEA,0.016747014,0.00213989623333333,0.128393774,Cement,115
4739,-20.261634,-40,2018,NMVOCs,EEA,0.011093112,0.0014174532,0.085047192,Cement,115
4740,-20.261634,-40,2019,NMVOCs,EEA,0.009628506,0.0012303091,0.073818546,Cement,115
4741,-20.261634,-40,2020,NMVOCs,EEA,0.010783518,0.00137789396666667,0.082673638,Cement,115
4742,-20.261634,-40,2021,NMVOCs,EEA,0.011861016,0.00151557426666667,0.090934456,Cement,115
4743,-20.261634,-40,2022,NMVOCs,EEA,0.006716862,0.0008582657,0.051495942,Cement,115
4744,-20.261634,-40,2014,SOX,EEA,0.119096934,0.00636882,3.54106392,Cement,115
4745,-20.261634,-40,2015,SOX,EEA,0.1163192734,0.006220282,3.458476792,Cement,115
4746,-20.261634,-40,2016,SOX,EEA,0.1115306148,0.005964204,3.316097424,Cement,115
4747,-20.261634,-40,2017,SOX,EEA,0.1043897206,0.005582338,3.103779928,Cement,115
4748,-20.261634,-40,2018,SOX,EEA,0.0691470648,0.003697704,2.055923424,Cement,115
4749,-20.261634,-40,2019,SOX,EEA,0.0600176874,0.003209502,1.784483112,Cement,115
4750,-20.261634,-40,2020,SOX,EEA,0.0672172622,0.003594506,1.998545336,Cement,115
4751,-20.261634,-40,2021,SOX,EEA,0.0739336664,0.003953672,2.198241632,Cement,115
4752,-20.261634,-40,2022,SOX,EEA,0.0418684398,0.002238954,1.244858424,Cement,115
4753,-7.802184,-38,2014,TSP,EEA,0.0194879654666667,0.00974398273333333,0.0389759309333333,Cement,115
4754,-7.802184,-38,2015,TSP,EEA,0.0153820090666667,0.00769100453333333,0.0307640181333333,Cement,115
4755,-7.802184,-38,2016,TSP,EEA,0.0106523109333333,0.00532615546666667,0.0213046218666667,Cement,115
4756,-7.802184,-38,2017,TSP,EEA,0.00843994146666667,0.00421997073333333,0.0168798829333333,Cement,115
4757,-7.802184,-38,2018,TSP,EEA,0.006906484,0.003453242,0.013812968,Cement,115
4758,-7.802184,-38,2019,TSP,EEA,0.0080670408,0.0040335204,0.0161340816,Cement,115
4759,-7.802184,-38,2020,TSP,EEA,0.00889759,0.004448795,0.01779518,Cement,115
4760,-7.802184,-38,2021,TSP,EEA,0.0073824868,0.0036912434,0.0147649736,Cement,115
4761,-7.802184,-38,2022,TSP,EEA,0.00332319693333333,0.00166159846666667,0.00664639386666667,Cement,115
4762,-7.802184,-38,2014,PM10,EEA,0.01753916892,0.00876958446,0.03507833784,Cement,115
4763,-7.802184,-38,2015,PM10,EEA,0.01384380816,0.00692190408,0.02768761632,Cement,115
4764,-7.802184,-38,2016,PM10,EEA,0.00958707984,0.00479353992,0.01917415968,Cement,115
4765,-7.802184,-38,2017,PM10,EEA,0.00759594732,0.00379797366,0.01519189464,Cement,115
4766,-7.802184,-38,2018,PM10,EEA,0.0062158356,0.0031079178,0.0124316712,Cement,115
4767,-7.802184,-38,2019,PM10,EEA,0.00726033672,0.00363016836,0.01452067344,Cement,115
4768,-7.802184,-38,2020,PM10,EEA,0.008007831,0.0040039155,0.016015662,Cement,115
4769,-7.802184,-38,2021,PM10,EEA,0.00664423812,0.00332211906,0.01328847624,Cement,115
4770,-7.802184,-38,2022,PM10,EEA,0.00299087724,0.00149543862,0.00598175448,Cement,115
4771,-7.802184,-38,2014,PM2.5,EEA,0.00974398273333333,0.00487199136666667,0.0194879654666667,Cement,115
4772,-7.802184,-38,2015,PM2.5,EEA,0.00769100453333333,0.00384550226666667,0.0153820090666667,Cement,115
4773,-7.802184,-38,2016,PM2.5,EEA,0.00532615546666667,0.00266307773333333,0.0106523109333333,Cement,115
4774,-7.802184,-38,2017,PM2.5,EEA,0.00421997073333333,0.00210998536666667,0.00843994146666667,Cement,115
4775,-7.802184,-38,2018,PM2.5,EEA,0.003453242,0.001726621,0.006906484,Cement,115
4776,-7.802184,-38,2019,PM2.5,EEA,0.0040335204,0.0020167602,0.0080670408,Cement,115
4777,-7.802184,-38,2020,PM2.5,EEA,0.004448795,0.0022243975,0.00889759,Cement,115
4778,-7.802184,-38,2021,PM2.5,EEA,0.0036912434,0.0018456217,0.0073824868,Cement,115
4779,-7.802184,-38,2022,PM2.5,EEA,0.00166159846666667,0.000830799233333333,0.00332319693333333,Cement,115
4780,-7.802184,-38,2014,BC,EEA,0.000292319482,7.30798705e-05,0.001169277928,Cement,115
4781,-7.802184,-38,2015,BC,EEA,0.000230730136,5.7682534e-05,0.000922920544,Cement,115
4782,-7.802184,-38,2016,BC,EEA,0.000159784664,3.9946166e-05,0.000639138656,Cement,115
4783,-7.802184,-38,2017,BC,EEA,0.000126599122,3.16497805e-05,0.000506396488,Cement,115
4784,-7.802184,-38,2018,BC,EEA,0.00010359726,2.5899315e-05,0.00041438904,Cement,115
4785,-7.802184,-38,2019,BC,EEA,0.000121005612,3.0251403e-05,0.000484022448,Cement,115
4786,-7.802184,-38,2020,BC,EEA,0.00013346385,3.33659625e-05,0.0005338554,Cement,115
4787,-7.802184,-38,2021,BC,EEA,0.000110737302,2.76843255e-05,0.000442949208,Cement,115
4788,-7.802184,-38,2022,BC,EEA,4.9847954e-05,1.24619885e-05,0.000199391816,Cement,115
4789,-7.802184,-38,2014,NOX,EEA,0.0620117054977778,0.0164898169333333,0.233355894177778,Cement,115
4790,-7.802184,-38,2015,NOX,EEA,0.0489463416711111,0.0130155461333333,0.184189698311111,Cement,115
4791,-7.802184,-38,2016,NOX,EEA,0.0338961996622222,0.00901349386666667,0.127554595022222,Cement,115
4792,-7.802184,-38,2017,NOX,EEA,0.0268563265644444,0.00714148893333333,0.101062888844444,Cement,115
4793,-7.802184,-38,2018,NOX,EEA,0.0219767862666667,0.005843948,0.0827007186666667,Cement,115
4794,-7.802184,-38,2019,NOX,EEA,0.02566973752,0.0068259576,0.0965976424,Cement,115
4795,-7.802184,-38,2020,NOX,EEA,0.0283125876666667,0.00752873,0.106542936666667,Cement,115
4796,-7.802184,-38,2021,NOX,EEA,0.0234914515866667,0.0062467196,0.0884005470666667,Cement,115
4797,-7.802184,-38,2022,NOX,EEA,0.0105745830622222,0.00281193586666667,0.0397931530222222,Cement,115
4798,-7.802184,-38,2014,CO,EEA,0.00727051019333333,0.00229858054222222,0.0229858054222222,Cement,115
4799,-7.802184,-38,2015,CO,EEA,0.00573867261333333,0.00181428824888889,0.0181428824888889,Cement,115
4800,-7.802184,-38,2016,CO,EEA,0.00397413138666667,0.00125642641777778,0.0125642641777778,Cement,115
4801,-7.802184,-38,2017,CO,EEA,0.00314874739333333,0.000995480275555555,0.00995480275555555,Cement,115
4802,-7.802184,-38,2018,CO,EEA,0.0025766498,0.000814610933333333,0.00814610933333333,Cement,115
4803,-7.802184,-38,2019,CO,EEA,0.00300962676,0.00095149712,0.0095149712,Cement,115
4804,-7.802184,-38,2020,CO,EEA,0.0033194855,0.00104945933333333,0.0104945933333333,Cement,115
4805,-7.802184,-38,2021,CO,EEA,0.00275423546,0.000870754853333333,0.00870754853333333,Cement,115
4806,-7.802184,-38,2022,CO,EEA,0.00123980808666667,0.000391966817777778,0.00391966817777778,Cement,115
4807,-7.802184,-38,2014,NMVOCs,EEA,0.0044972228,0.000574645135555555,0.0344787081333333,Cement,115
4808,-7.802184,-38,2015,NMVOCs,EEA,0.0035496944,0.000453572062222222,0.0272143237333333,Cement,115
4809,-7.802184,-38,2016,NMVOCs,EEA,0.0024582256,0.000314106604444444,0.0188463962666667,Cement,115
4810,-7.802184,-38,2017,NMVOCs,EEA,0.0019476788,0.000248870068888889,0.0149322041333333,Cement,115
4811,-7.802184,-38,2018,NMVOCs,EEA,0.001593804,0.000203652733333333,0.012219164,Cement,115
4812,-7.802184,-38,2019,NMVOCs,EEA,0.0018616248,0.00023787428,0.0142724568,Cement,115
4813,-7.802184,-38,2020,NMVOCs,EEA,0.00205329,0.000262364833333333,0.01574189,Cement,115
4814,-7.802184,-38,2021,NMVOCs,EEA,0.0017036508,0.000217688713333333,0.0130613228,Cement,115
4815,-7.802184,-38,2022,NMVOCs,EEA,0.0007668916,9.79917044444444e-05,0.00587950226666667,Cement,115
4816,-7.802184,-38,2014,SOX,EEA,0.0280326887866667,0.00149907426666667,0.833485292266666,Cement,115
4817,-7.802184,-38,2015,SOX,EEA,0.0221264284266667,0.00118323146666667,0.657876695466667,Cement,115
4818,-7.802184,-38,2016,SOX,EEA,0.0153229395733333,0.000819408533333333,0.455591144533333,Cement,115
4819,-7.802184,-38,2017,SOX,EEA,0.0121405311866667,0.000649226266666667,0.360969804266667,Cement,115
4820,-7.802184,-38,2018,SOX,EEA,0.0099347116,0.000531268,0.295385008,Cement,115
4821,-7.802184,-38,2019,SOX,EEA,0.01160412792,0.0006205416,0.3450211296,Cement,115
4822,-7.802184,-38,2020,SOX,EEA,0.012798841,0.00068443,0.38054308,Cement,115
4823,-7.802184,-38,2021,SOX,EEA,0.01061942332,0.0005678836,0.3157432816,Cement,115
4824,-7.802184,-38,2022,SOX,EEA,0.00478029097333333,0.000255630533333333,0.142130576533333,Cement,115
4825,-28.42847,-49,2014,TSP,EEA,0.0355186364,0.0177593182,0.0710372728,Cement,115
4826,-28.42847,-49,2015,TSP,EEA,0.0294553012,0.0147276506,0.0589106024,Cement,115
4827,-28.42847,-49,2016,TSP,EEA,0.0229875776,0.0114937888,0.0459751552,Cement,115
4828,-28.42847,-49,2017,TSP,EEA,0.0224297268,0.0112148634,0.0448594536,Cement,115
4829,-28.42847,-49,2018,TSP,EEA,0.0223878824,0.0111939412,0.0447757648,Cement,115
4830,-28.42847,-49,2019,TSP,EEA,0.023778456,0.011889228,0.047556912,Cement,115
4831,-28.42847,-49,2020,TSP,EEA,0.0267778316,0.0133889158,0.0535556632,Cement,115
4832,-28.42847,-49,2021,TSP,EEA,0.0312659256,0.0156329628,0.0625318512,Cement,115
4833,-28.42847,-49,2022,TSP,EEA,0.018286866,0.009143433,0.036573732,Cement,115
4834,-28.42847,-49,2014,PM10,EEA,0.03196677276,0.01598338638,0.06393354552,Cement,115
4835,-28.42847,-49,2015,PM10,EEA,0.02650977108,0.01325488554,0.05301954216,Cement,115
4836,-28.42847,-49,2016,PM10,EEA,0.02068881984,0.01034440992,0.04137763968,Cement,115
4837,-28.42847,-49,2017,PM10,EEA,0.02018675412,0.01009337706,0.04037350824,Cement,115
4838,-28.42847,-49,2018,PM10,EEA,0.02014909416,0.01007454708,0.04029818832,Cement,115
4839,-28.42847,-49,2019,PM10,EEA,0.0214006104,0.0107003052,0.0428012208,Cement,115
4840,-28.42847,-49,2020,PM10,EEA,0.02410004844,0.01205002422,0.04820009688,Cement,115
4841,-28.42847,-49,2021,PM10,EEA,0.02813933304,0.01406966652,0.05627866608,Cement,115
4842,-28.42847,-49,2022,PM10,EEA,0.0164581794,0.0082290897,0.0329163588,Cement,115
4843,-28.42847,-49,2014,PM2.5,EEA,0.0177593182,0.0088796591,0.0355186364,Cement,115
4844,-28.42847,-49,2015,PM2.5,EEA,0.0147276506,0.0073638253,0.0294553012,Cement,115
4845,-28.42847,-49,2016,PM2.5,EEA,0.0114937888,0.0057468944,0.0229875776,Cement,115
4846,-28.42847,-49,2017,PM2.5,EEA,0.0112148634,0.0056074317,0.0224297268,Cement,115
4847,-28.42847,-49,2018,PM2.5,EEA,0.0111939412,0.0055969706,0.0223878824,Cement,115
4848,-28.42847,-49,2019,PM2.5,EEA,0.011889228,0.005944614,0.023778456,Cement,115
4849,-28.42847,-49,2020,PM2.5,EEA,0.0133889158,0.0066944579,0.0267778316,Cement,115
4850,-28.42847,-49,2021,PM2.5,EEA,0.0156329628,0.0078164814,0.0312659256,Cement,115
4851,-28.42847,-49,2022,PM2.5,EEA,0.009143433,0.0045717165,0.018286866,Cement,115
4852,-28.42847,-49,2014,BC,EEA,0.000532779546,0.0001331948865,0.002131118184,Cement,115
4853,-28.42847,-49,2015,BC,EEA,0.000441829518,0.0001104573795,0.001767318072,Cement,115
4854,-28.42847,-49,2016,BC,EEA,0.000344813664,8.6203416e-05,0.001379254656,Cement,115
4855,-28.42847,-49,2017,BC,EEA,0.000336445902,8.41114755e-05,0.001345783608,Cement,115
4856,-28.42847,-49,2018,BC,EEA,0.000335818236,8.3954559e-05,0.001343272944,Cement,115
4857,-28.42847,-49,2019,BC,EEA,0.00035667684,8.916921e-05,0.00142670736,Cement,115
4858,-28.42847,-49,2020,BC,EEA,0.000401667474,0.0001004168685,0.001606669896,Cement,115
4859,-28.42847,-49,2021,BC,EEA,0.000468988884,0.000117247221,0.001875955536,Cement,115
4860,-28.42847,-49,2022,BC,EEA,0.00027430299,6.85757475e-05,0.00109721196,Cement,115
4861,-28.42847,-49,2014,NOX,EEA,0.113022122493333,0.0300542308,0.425312902533333,Cement,115
4862,-28.42847,-49,2015,NOX,EEA,0.0937282789466666,0.0249237164,0.352708350266667,Cement,115
4863,-28.42847,-49,2016,NOX,EEA,0.0731476507733333,0.0194510272,0.275261506133333,Cement,115
4864,-28.42847,-49,2017,NOX,EEA,0.07137254092,0.0189789996,0.2685816004,Cement,115
4865,-28.42847,-49,2018,NOX,EEA,0.0712393898933333,0.0189435928,0.268080540533333,Cement,115
4866,-28.42847,-49,2019,NOX,EEA,0.0756642664,0.020120232,0.284731768,Cement,115
4867,-28.42847,-49,2020,NOX,EEA,0.0852084333733333,0.0226581652,0.320647368133333,Cement,115
4868,-28.42847,-49,2021,NOX,EEA,0.09948977864,0.0264557832,0.3743894168,Cement,115
4869,-28.42847,-49,2022,NOX,EEA,0.0581897454,0.015473502,0.218973498,Cement,115
4870,-28.42847,-49,2014,CO,EEA,0.01325118358,0.00418937762666667,0.0418937762666667,Cement,115
4871,-28.42847,-49,2015,CO,EEA,0.01098909314,0.00347421501333333,0.0347421501333333,Cement,115
4872,-28.42847,-49,2016,CO,EEA,0.00857613472,0.00271135530666667,0.0271135530666667,Cement,115
4873,-28.42847,-49,2017,CO,EEA,0.00836801346,0.00264555752,0.0264555752,Cement,115
4874,-28.42847,-49,2018,CO,EEA,0.00835240228,0.00264062202666667,0.0264062202666667,Cement,115
4875,-28.42847,-49,2019,CO,EEA,0.0088711932,0.0028046384,0.028046384,Cement,115
4876,-28.42847,-49,2020,CO,EEA,0.00999019102,0.00315841090666667,0.0315841090666667,Cement,115
4877,-28.42847,-49,2021,CO,EEA,0.01166459532,0.00368777584,0.0368777584,Cement,115
4878,-28.42847,-49,2022,CO,EEA,0.0068224077,0.0021569124,0.021569124,Cement,115
4879,-28.42847,-49,2014,NMVOCs,EEA,0.0081966084,0.00104734440666667,0.0628406644,Cement,115
4880,-28.42847,-49,2015,NMVOCs,EEA,0.0067973772,0.000868553753333333,0.0521132252,Cement,115
4881,-28.42847,-49,2016,NMVOCs,EEA,0.0053048256,0.000677838826666667,0.0406703296,Cement,115
4882,-28.42847,-49,2017,NMVOCs,EEA,0.0051760908,0.00066138938,0.0396833628,Cement,115
4883,-28.42847,-49,2018,NMVOCs,EEA,0.0051664344,0.000660155506666667,0.0396093304,Cement,115
4884,-28.42847,-49,2019,NMVOCs,EEA,0.005487336,0.0007011596,0.042069576,Cement,115
4885,-28.42847,-49,2020,NMVOCs,EEA,0.0061794996,0.000789602726666667,0.0473761636,Cement,115
4886,-28.42847,-49,2021,NMVOCs,EEA,0.0072152136,0.00092194396,0.0553166376,Cement,115
4887,-28.42847,-49,2022,NMVOCs,EEA,0.004220046,0.0005392281,0.032353686,Cement,115
4888,-28.42847,-49,2014,SOX,EEA,0.05109219236,0.0027322028,1.5191047568,Cement,115
4889,-28.42847,-49,2015,SOX,EEA,0.04237031788,0.0022657924,1.2597805744,Cement,115
4890,-28.42847,-49,2016,SOX,EEA,0.03306674624,0.0017682752,0.9831610112,Cement,115
4891,-28.42847,-49,2017,SOX,EEA,0.03226429932,0.0017253636,0.9593021616,Cement,115
4892,-28.42847,-49,2018,SOX,EEA,0.03220410776,0.0017221448,0.9575125088,Cement,115
4893,-28.42847,-49,2019,SOX,EEA,0.0342043944,0.001829112,1.016986272,Cement,115
4894,-28.42847,-49,2020,SOX,EEA,0.03851888084,0.0020598332,1.1452672592,Cement,115
4895,-28.42847,-49,2021,SOX,EEA,0.04497483144,0.0024050712,1.3372195872,Cement,115
4896,-28.42847,-49,2022,SOX,EEA,0.0263049534,0.001406682,0.782115192,Cement,115
4897,-24.66823,-49,2014,TSP,EEA,0.161263639333333,0.0806318196666667,0.322527278666667,Cement,115
4898,-24.66823,-49,2015,TSP,EEA,0.156735626666667,0.0783678133333333,0.313471253333333,Cement,115
4899,-24.66823,-49,2016,TSP,EEA,0.164076085333333,0.0820380426666667,0.328152170666667,Cement,115
4900,-24.66823,-49,2017,TSP,EEA,0.152242792,0.076121396,0.304485584,Cement,115
4901,-24.66823,-49,2018,TSP,EEA,0.156362171333333,0.0781810856666667,0.312724342666667,Cement,115
4902,-24.66823,-49,2019,TSP,EEA,0.160486326,0.080243163,0.320972652,Cement,115
4903,-24.66823,-49,2020,TSP,EEA,0.179122675333333,0.0895613376666667,0.358245350666667,Cement,115
4904,-24.66823,-49,2021,TSP,EEA,0.20486232,0.10243116,0.40972464,Cement,115
4905,-24.66823,-49,2022,TSP,EEA,0.115615136,0.057807568,0.231230272,Cement,115
4906,-24.66823,-49,2014,PM10,EEA,0.1451372754,0.0725686377,0.2902745508,Cement,115
4907,-24.66823,-49,2015,PM10,EEA,0.141062064,0.070531032,0.282124128,Cement,115
4908,-24.66823,-49,2016,PM10,EEA,0.1476684768,0.0738342384,0.2953369536,Cement,115
4909,-24.66823,-49,2017,PM10,EEA,0.1370185128,0.0685092564,0.2740370256,Cement,115
4910,-24.66823,-49,2018,PM10,EEA,0.1407259542,0.0703629771,0.2814519084,Cement,115
4911,-24.66823,-49,2019,PM10,EEA,0.1444376934,0.0722188467,0.2888753868,Cement,115
4912,-24.66823,-49,2020,PM10,EEA,0.1612104078,0.0806052039,0.3224208156,Cement,115
4913,-24.66823,-49,2021,PM10,EEA,0.184376088,0.092188044,0.368752176,Cement,115
4914,-24.66823,-49,2022,PM10,EEA,0.1040536224,0.0520268112,0.2081072448,Cement,115
4915,-24.66823,-49,2014,PM2.5,EEA,0.0806318196666667,0.0403159098333333,0.161263639333333,Cement,115
4916,-24.66823,-49,2015,PM2.5,EEA,0.0783678133333333,0.0391839066666667,0.156735626666667,Cement,115
4917,-24.66823,-49,2016,PM2.5,EEA,0.0820380426666667,0.0410190213333333,0.164076085333333,Cement,115
4918,-24.66823,-49,2017,PM2.5,EEA,0.076121396,0.038060698,0.152242792,Cement,115
4919,-24.66823,-49,2018,PM2.5,EEA,0.0781810856666667,0.0390905428333333,0.156362171333333,Cement,115
4920,-24.66823,-49,2019,PM2.5,EEA,0.080243163,0.0401215815,0.160486326,Cement,115
4921,-24.66823,-49,2020,PM2.5,EEA,0.0895613376666667,0.0447806688333333,0.179122675333333,Cement,115
4922,-24.66823,-49,2021,PM2.5,EEA,0.10243116,0.05121558,0.20486232,Cement,115
4923,-24.66823,-49,2022,PM2.5,EEA,0.057807568,0.028903784,0.115615136,Cement,115
4924,-24.66823,-49,2014,BC,EEA,0.00241895459,0.0006047386475,0.00967581836,Cement,115
4925,-24.66823,-49,2015,BC,EEA,0.0023510344,0.0005877586,0.0094041376,Cement,115
4926,-24.66823,-49,2016,BC,EEA,0.00246114128,0.00061528532,0.00984456512,Cement,115
4927,-24.66823,-49,2017,BC,EEA,0.00228364188,0.00057091047,0.00913456752,Cement,115
4928,-24.66823,-49,2018,BC,EEA,0.00234543257,0.0005863581425,0.00938173028,Cement,115
4929,-24.66823,-49,2019,BC,EEA,0.00240729489,0.0006018237225,0.00962917956,Cement,115
4930,-24.66823,-49,2020,BC,EEA,0.00268684013,0.0006717100325,0.01074736052,Cement,115
4931,-24.66823,-49,2021,BC,EEA,0.0030729348,0.0007682337,0.0122917392,Cement,115
4932,-24.66823,-49,2022,BC,EEA,0.00173422704,0.00043355676,0.00693690816,Cement,115
4933,-24.66823,-49,2014,NOX,EEA,0.513149170288889,0.136453848666667,1.93102870688889,Cement,115
4934,-24.66823,-49,2015,NOX,EEA,0.498740801777778,0.132622453333333,1.87680865777778,Cement,115
4935,-24.66823,-49,2016,NOX,EEA,0.522098517688889,0.138833610666667,1.96470594488889,Cement,115
4936,-24.66823,-49,2017,NOX,EEA,0.484444371466667,0.128820824,1.82300984266667,Cement,115
4937,-24.66823,-49,2018,NOX,EEA,0.497552447755556,0.132306452666667,1.87233676955556,Cement,115
4938,-24.66823,-49,2019,NOX,EEA,0.5106757194,0.135796122,1.921720878,Cement,115
4939,-24.66823,-49,2020,NOX,EEA,0.569977538688889,0.151565340666667,2.14487921488889,Cement,115
4940,-24.66823,-49,2021,NOX,EEA,0.651882408,0.17334504,2.45309496,Cement,115
4941,-24.66823,-49,2022,NOX,EEA,0.367893291733333,0.097828192,1.38441714133333,Cement,115
4942,-24.66823,-49,2014,CO,EEA,0.0601637423666667,0.0190208395111111,0.190208395111111,Cement,115
4943,-24.66823,-49,2015,CO,EEA,0.0584744453333333,0.0184867662222222,0.184867662222222,Cement,115
4944,-24.66823,-49,2016,CO,EEA,0.0612130010666667,0.0193525639111111,0.193525639111111,Cement,115
4945,-24.66823,-49,2017,CO,EEA,0.0567982724,0.0179568421333333,0.179568421333333,Cement,115
4946,-24.66823,-49,2018,CO,EEA,0.0583351177666667,0.0184427176444444,0.184427176444444,Cement,115
4947,-24.66823,-49,2019,CO,EEA,0.0598737447,0.0189291564,0.189291564,Cement,115
4948,-24.66823,-49,2020,CO,EEA,0.0668265365666667,0.0211272899111111,0.211272899111111,Cement,115
4949,-24.66823,-49,2021,CO,EEA,0.076429404,0.024163248,0.24163248,Cement,115
4950,-24.66823,-49,2022,CO,EEA,0.0431333392,0.0136366570666667,0.136366570666667,Cement,115
4951,-24.66823,-49,2014,NMVOCs,EEA,0.037214686,0.00475520987777778,0.285312592666667,Cement,115
4952,-24.66823,-49,2015,NMVOCs,EEA,0.03616976,0.00462169155555555,0.277301493333333,Cement,115
4953,-24.66823,-49,2016,NMVOCs,EEA,0.037863712,0.00483814097777778,0.290288458666667,Cement,115
4954,-24.66823,-49,2017,NMVOCs,EEA,0.035132952,0.00448921053333333,0.269352632,Cement,115
4955,-24.66823,-49,2018,NMVOCs,EEA,0.036083578,0.00461067941111111,0.276640764666667,Cement,115
4956,-24.66823,-49,2019,NMVOCs,EEA,0.037035306,0.0047322891,0.283937346,Cement,115
4957,-24.66823,-49,2020,NMVOCs,EEA,0.041336002,0.00528182247777778,0.316909348666667,Cement,115
4958,-24.66823,-49,2021,NMVOCs,EEA,0.04727592,0.006040812,0.36244872,Cement,115
4959,-24.66823,-49,2022,NMVOCs,EEA,0.026680416,0.00340916426666667,0.204549856,Cement,115
4960,-24.66823,-49,2014,SOX,EEA,0.231971542733333,0.0124048953333333,6.89712180533333,Cement,115
4961,-24.66823,-49,2015,SOX,EEA,0.225458170666667,0.0120565866666667,6.70346218666667,Cement,115
4962,-24.66823,-49,2016,SOX,EEA,0.236017138133333,0.0126212373333333,7.01740795733333,Cement,115
4963,-24.66823,-49,2017,SOX,EEA,0.2189954008,0.011710984,6.511307104,Cement,115
4964,-24.66823,-49,2018,SOX,EEA,0.224920969533333,0.0120278593333333,6.68748978933333,Cement,115
4965,-24.66823,-49,2019,SOX,EEA,0.2308534074,0.012345102,6.863876712,Cement,115
4966,-24.66823,-49,2020,SOX,EEA,0.257661079133333,0.0137786673333333,7.66093903733333,Cement,115
4967,-24.66823,-49,2021,SOX,EEA,0.294686568,0.01575864,8.76180384,Cement,115
4968,-24.66823,-49,2022,SOX,EEA,0.1663079264,0.008893472,4.944770432,Cement,115
4969,-26.818808,-49,2014,TSP,EEA,0.0355186364,0.0177593182,0.0710372728,Cement,115
4970,-26.818808,-49,2015,TSP,EEA,0.0294553012,0.0147276506,0.0589106024,Cement,115
4971,-26.818808,-49,2016,TSP,EEA,0.0229875776,0.0114937888,0.0459751552,Cement,115
4972,-26.818808,-49,2017,TSP,EEA,0.0224297268,0.0112148634,0.0448594536,Cement,115
4973,-26.818808,-49,2018,TSP,EEA,0.0223878824,0.0111939412,0.0447757648,Cement,115
4974,-26.818808,-49,2019,TSP,EEA,0.023778456,0.011889228,0.047556912,Cement,115
4975,-26.818808,-49,2020,TSP,EEA,0.0267778316,0.0133889158,0.0535556632,Cement,115
4976,-26.818808,-49,2021,TSP,EEA,0.0312659256,0.0156329628,0.0625318512,Cement,115
4977,-26.818808,-49,2022,TSP,EEA,0.018286866,0.009143433,0.036573732,Cement,115
4978,-26.818808,-49,2014,PM10,EEA,0.03196677276,0.01598338638,0.06393354552,Cement,115
4979,-26.818808,-49,2015,PM10,EEA,0.02650977108,0.01325488554,0.05301954216,Cement,115
4980,-26.818808,-49,2016,PM10,EEA,0.02068881984,0.01034440992,0.04137763968,Cement,115
4981,-26.818808,-49,2017,PM10,EEA,0.02018675412,0.01009337706,0.04037350824,Cement,115
4982,-26.818808,-49,2018,PM10,EEA,0.02014909416,0.01007454708,0.04029818832,Cement,115
4983,-26.818808,-49,2019,PM10,EEA,0.0214006104,0.0107003052,0.0428012208,Cement,115
4984,-26.818808,-49,2020,PM10,EEA,0.02410004844,0.01205002422,0.04820009688,Cement,115
4985,-26.818808,-49,2021,PM10,EEA,0.02813933304,0.01406966652,0.05627866608,Cement,115
4986,-26.818808,-49,2022,PM10,EEA,0.0164581794,0.0082290897,0.0329163588,Cement,115
4987,-26.818808,-49,2014,PM2.5,EEA,0.0177593182,0.0088796591,0.0355186364,Cement,115
4988,-26.818808,-49,2015,PM2.5,EEA,0.0147276506,0.0073638253,0.0294553012,Cement,115
4989,-26.818808,-49,2016,PM2.5,EEA,0.0114937888,0.0057468944,0.0229875776,Cement,115
4990,-26.818808,-49,2017,PM2.5,EEA,0.0112148634,0.0056074317,0.0224297268,Cement,115
4991,-26.818808,-49,2018,PM2.5,EEA,0.0111939412,0.0055969706,0.0223878824,Cement,115
4992,-26.818808,-49,2019,PM2.5,EEA,0.011889228,0.005944614,0.023778456,Cement,115
4993,-26.818808,-49,2020,PM2.5,EEA,0.0133889158,0.0066944579,0.0267778316,Cement,115
4994,-26.818808,-49,2021,PM2.5,EEA,0.0156329628,0.0078164814,0.0312659256,Cement,115
4995,-26.818808,-49,2022,PM2.5,EEA,0.009143433,0.0045717165,0.018286866,Cement,115
4996,-26.818808,-49,2014,BC,EEA,0.000532779546,0.0001331948865,0.002131118184,Cement,115
4997,-26.818808,-49,2015,BC,EEA,0.000441829518,0.0001104573795,0.001767318072,Cement,115
4998,-26.818808,-49,2016,BC,EEA,0.000344813664,8.6203416e-05,0.001379254656,Cement,115
4999,-26.818808,-49,2017,BC,EEA,0.000336445902,8.41114755e-05,0.001345783608,Cement,115
5000,-26.818808,-49,2018,BC,EEA,0.000335818236,8.3954559e-05,0.001343272944,Cement,115
5001,-26.818808,-49,2019,BC,EEA,0.00035667684,8.916921e-05,0.00142670736,Cement,115
5002,-26.818808,-49,2020,BC,EEA,0.000401667474,0.0001004168685,0.001606669896,Cement,115
5003,-26.818808,-49,2021,BC,EEA,0.000468988884,0.000117247221,0.001875955536,Cement,115
5004,-26.818808,-49,2022,BC,EEA,0.00027430299,6.85757475e-05,0.00109721196,Cement,115
5005,-26.818808,-49,2014,NOX,EEA,0.113022122493333,0.0300542308,0.425312902533333,Cement,115
5006,-26.818808,-49,2015,NOX,EEA,0.0937282789466666,0.0249237164,0.352708350266667,Cement,115
5007,-26.818808,-49,2016,NOX,EEA,0.0731476507733333,0.0194510272,0.275261506133333,Cement,115
5008,-26.818808,-49,2017,NOX,EEA,0.07137254092,0.0189789996,0.2685816004,Cement,115
5009,-26.818808,-49,2018,NOX,EEA,0.0712393898933333,0.0189435928,0.268080540533333,Cement,115
5010,-26.818808,-49,2019,NOX,EEA,0.0756642664,0.020120232,0.284731768,Cement,115
5011,-26.818808,-49,2020,NOX,EEA,0.0852084333733333,0.0226581652,0.320647368133333,Cement,115
5012,-26.818808,-49,2021,NOX,EEA,0.09948977864,0.0264557832,0.3743894168,Cement,115
5013,-26.818808,-49,2022,NOX,EEA,0.0581897454,0.015473502,0.218973498,Cement,115
5014,-26.818808,-49,2014,CO,EEA,0.01325118358,0.00418937762666667,0.0418937762666667,Cement,115
5015,-26.818808,-49,2015,CO,EEA,0.01098909314,0.00347421501333333,0.0347421501333333,Cement,115
5016,-26.818808,-49,2016,CO,EEA,0.00857613472,0.00271135530666667,0.0271135530666667,Cement,115
5017,-26.818808,-49,2017,CO,EEA,0.00836801346,0.00264555752,0.0264555752,Cement,115
5018,-26.818808,-49,2018,CO,EEA,0.00835240228,0.00264062202666667,0.0264062202666667,Cement,115
5019,-26.818808,-49,2019,CO,EEA,0.0088711932,0.0028046384,0.028046384,Cement,115
5020,-26.818808,-49,2020,CO,EEA,0.00999019102,0.00315841090666667,0.0315841090666667,Cement,115
5021,-26.818808,-49,2021,CO,EEA,0.01166459532,0.00368777584,0.0368777584,Cement,115
5022,-26.818808,-49,2022,CO,EEA,0.0068224077,0.0021569124,0.021569124,Cement,115
5023,-26.818808,-49,2014,NMVOCs,EEA,0.0081966084,0.00104734440666667,0.0628406644,Cement,115
5024,-26.818808,-49,2015,NMVOCs,EEA,0.0067973772,0.000868553753333333,0.0521132252,Cement,115
5025,-26.818808,-49,2016,NMVOCs,EEA,0.0053048256,0.000677838826666667,0.0406703296,Cement,115
5026,-26.818808,-49,2017,NMVOCs,EEA,0.0051760908,0.00066138938,0.0396833628,Cement,115
5027,-26.818808,-49,2018,NMVOCs,EEA,0.0051664344,0.000660155506666667,0.0396093304,Cement,115
5028,-26.818808,-49,2019,NMVOCs,EEA,0.005487336,0.0007011596,0.042069576,Cement,115
5029,-26.818808,-49,2020,NMVOCs,EEA,0.0061794996,0.000789602726666667,0.0473761636,Cement,115
5030,-26.818808,-49,2021,NMVOCs,EEA,0.0072152136,0.00092194396,0.0553166376,Cement,115
5031,-26.818808,-49,2022,NMVOCs,EEA,0.004220046,0.0005392281,0.032353686,Cement,115
5032,-26.818808,-49,2014,SOX,EEA,0.05109219236,0.0027322028,1.5191047568,Cement,115
5033,-26.818808,-49,2015,SOX,EEA,0.04237031788,0.0022657924,1.2597805744,Cement,115
5034,-26.818808,-49,2016,SOX,EEA,0.03306674624,0.0017682752,0.9831610112,Cement,115
5035,-26.818808,-49,2017,SOX,EEA,0.03226429932,0.0017253636,0.9593021616,Cement,115
5036,-26.818808,-49,2018,SOX,EEA,0.03220410776,0.0017221448,0.9575125088,Cement,115
5037,-26.818808,-49,2019,SOX,EEA,0.0342043944,0.001829112,1.016986272,Cement,115
5038,-26.818808,-49,2020,SOX,EEA,0.03851888084,0.0020598332,1.1452672592,Cement,115
5039,-26.818808,-49,2021,SOX,EEA,0.04497483144,0.0024050712,1.3372195872,Cement,115
5040,-26.818808,-49,2022,SOX,EEA,0.0263049534,0.001406682,0.782115192,Cement,115
5041,-20.899453,-44,2014,TSP,EEA,0.082756201125,0.0413781005625,0.16551240225,Cement,115
5042,-20.899453,-44,2015,TSP,EEA,0.07312660875,0.036563304375,0.1462532175,Cement,115
5043,-20.899453,-44,2016,TSP,EEA,0.064476091875,0.0322380459375,0.12895218375,Cement,115
5044,-20.899453,-44,2017,TSP,EEA,0.06276489375,0.031382446875,0.1255297875,Cement,115
5045,-20.899453,-44,2018,TSP,EEA,0.06725777175,0.033628885875,0.1345155435,Cement,115
5046,-20.899453,-44,2019,TSP,EEA,0.07761114075,0.038805570375,0.1552222815,Cement,115
5047,-20.899453,-44,2020,TSP,EEA,0.077748177,0.0388740885,0.155496354,Cement,115
5048,-20.899453,-44,2021,TSP,EEA,0.08144544525,0.040722722625,0.1628908905,Cement,115
5049,-20.899453,-44,2022,TSP,EEA,0.045064183125,0.0225320915625,0.09012836625,Cement,115
5050,-20.899453,-44,2014,PM10,EEA,0.0744805810125,0.03724029050625,0.148961162025,Cement,115
5051,-20.899453,-44,2015,PM10,EEA,0.065813947875,0.0329069739375,0.13162789575,Cement,115
5052,-20.899453,-44,2016,PM10,EEA,0.0580284826875,0.02901424134375,0.116056965375,Cement,115
5053,-20.899453,-44,2017,PM10,EEA,0.056488404375,0.0282442021875,0.11297680875,Cement,115
5054,-20.899453,-44,2018,PM10,EEA,0.060531994575,0.0302659972875,0.12106398915,Cement,115
5055,-20.899453,-44,2019,PM10,EEA,0.069850026675,0.0349250133375,0.13970005335,Cement,115
5056,-20.899453,-44,2020,PM10,EEA,0.0699733593,0.03498667965,0.1399467186,Cement,115
5057,-20.899453,-44,2021,PM10,EEA,0.073300900725,0.0366504503625,0.14660180145,Cement,115
5058,-20.899453,-44,2022,PM10,EEA,0.0405577648125,0.02027888240625,0.081115529625,Cement,115
5059,-20.899453,-44,2014,PM2.5,EEA,0.0413781005625,0.02068905028125,0.082756201125,Cement,115
5060,-20.899453,-44,2015,PM2.5,EEA,0.036563304375,0.0182816521875,0.07312660875,Cement,115
5061,-20.899453,-44,2016,PM2.5,EEA,0.0322380459375,0.01611902296875,0.064476091875,Cement,115
5062,-20.899453,-44,2017,PM2.5,EEA,0.031382446875,0.0156912234375,0.06276489375,Cement,115
5063,-20.899453,-44,2018,PM2.5,EEA,0.033628885875,0.0168144429375,0.06725777175,Cement,115
5064,-20.899453,-44,2019,PM2.5,EEA,0.038805570375,0.0194027851875,0.07761114075,Cement,115
5065,-20.899453,-44,2020,PM2.5,EEA,0.0388740885,0.01943704425,0.077748177,Cement,115
5066,-20.899453,-44,2021,PM2.5,EEA,0.040722722625,0.0203613613125,0.08144544525,Cement,115
5067,-20.899453,-44,2022,PM2.5,EEA,0.0225320915625,0.01126604578125,0.045064183125,Cement,115
5068,-20.899453,-44,2014,BC,EEA,0.001241343016875,0.00031033575421875,0.0049653720675,Cement,115
5069,-20.899453,-44,2015,BC,EEA,0.00109689913125,0.0002742247828125,0.004387596525,Cement,115
5070,-20.899453,-44,2016,BC,EEA,0.000967141378125,0.00024178534453125,0.0038685655125,Cement,115
5071,-20.899453,-44,2017,BC,EEA,0.00094147340625,0.0002353683515625,0.003765893625,Cement,115
5072,-20.899453,-44,2018,BC,EEA,0.00100886657625,0.0002522166440625,0.004035466305,Cement,115
5073,-20.899453,-44,2019,BC,EEA,0.00116416711125,0.0002910417778125,0.004656668445,Cement,115
5074,-20.899453,-44,2020,BC,EEA,0.001166222655,0.00029155566375,0.00466489062,Cement,115
5075,-20.899453,-44,2021,BC,EEA,0.00122168167875,0.0003054204196875,0.004886726715,Cement,115
5076,-20.899453,-44,2022,BC,EEA,0.000675962746875,0.00016899068671875,0.0027038509875,Cement,115
5077,-20.899453,-44,2014,NOX,EEA,0.2633344758875,0.070024477875,0.990952459625,Cement,115
5078,-20.899453,-44,2015,NOX,EEA,0.232692619125,0.06187636125,0.87564426375,Cement,115
5079,-20.899453,-44,2016,NOX,EEA,0.2051662308125,0.054556693125,0.772059869375,Cement,115
5080,-20.899453,-44,2017,NOX,EEA,0.199721110625,0.05310875625,0.75156936875,Cement,115
5081,-20.899453,-44,2018,NOX,EEA,0.214017678825,0.05691042225,0.80536870275,Cement,115
5082,-20.899453,-44,2019,NOX,EEA,0.246962629925,0.06567096525,0.92934365975,Cement,115
5083,-20.899453,-44,2020,NOX,EEA,0.2473986863,0.065786919,0.930984581,Cement,115
5084,-20.899453,-44,2021,NOX,EEA,0.259163583475,0.06891537675,0.97525699825,Cement,115
5085,-20.899453,-44,2022,NOX,EEA,0.1433965416875,0.038131231875,0.539614705625,Cement,115
5086,-20.899453,-44,2014,CO,EEA,0.03087442888125,0.009760987825,0.09760987825,Cement,115
5087,-20.899453,-44,2015,CO,EEA,0.0272818501875,0.00862518975,0.0862518975,Cement,115
5088,-20.899453,-44,2016,CO,EEA,0.02405454196875,0.007604872375,0.07604872375,Cement,115
5089,-20.899453,-44,2017,CO,EEA,0.0234161334375,0.00740303875,0.0740303875,Cement,115
5090,-20.899453,-44,2018,CO,EEA,0.0250923225375,0.00793296795,0.0793296795,Cement,115
5091,-20.899453,-44,2019,CO,EEA,0.0289549255875,0.00915413455,0.0915413455,Cement,115
5092,-20.899453,-44,2020,CO,EEA,0.02900605065,0.0091702978,0.091702978,Cement,115
5093,-20.899453,-44,2021,CO,EEA,0.0303854161125,0.00960638585,0.0960638585,Cement,115
5094,-20.899453,-44,2022,CO,EEA,0.01681240678125,0.005315262625,0.05315262625,Cement,115
5095,-20.899453,-44,2014,NMVOCs,EEA,0.019097584875,0.00244024695625,0.146414817375,Cement,115
5096,-20.899453,-44,2015,NMVOCs,EEA,0.01687537125,0.0021562974375,0.12937784625,Cement,115
5097,-20.899453,-44,2016,NMVOCs,EEA,0.014879098125,0.00190121809375,0.114073085625,Cement,115
5098,-20.899453,-44,2017,NMVOCs,EEA,0.01448420625,0.0018507596875,0.11104558125,Cement,115
5099,-20.899453,-44,2018,NMVOCs,EEA,0.01552102425,0.0019832419875,0.11899451925,Cement,115
5100,-20.899453,-44,2019,NMVOCs,EEA,0.01791026325,0.0022885336375,0.13731201825,Cement,115
5101,-20.899453,-44,2020,NMVOCs,EEA,0.017941887,0.00229257445,0.137554467,Cement,115
5102,-20.899453,-44,2021,NMVOCs,EEA,0.01879510275,0.0024015964625,0.14409578775,Cement,115
5103,-20.899453,-44,2022,NMVOCs,EEA,0.010399426875,0.00132881565625,0.079728939375,Cement,115
5104,-20.899453,-44,2014,SOX,EEA,0.1190416123875,0.006365861625,3.5394190635,Cement,115
5105,-20.899453,-44,2015,SOX,EEA,0.105189814125,0.00562512375,3.127568805,Cement,115
5106,-20.899453,-44,2016,SOX,EEA,0.0927463783125,0.004959699375,2.7575928525,Cement,115
5107,-20.899453,-44,2017,SOX,EEA,0.090284885625,0.00482806875,2.684406225,Cement,115
5108,-20.899453,-44,2018,SOX,EEA,0.096747717825,0.00517367475,2.876563161,Cement,115
5109,-20.899453,-44,2019,SOX,EEA,0.111640640925,0.00597008775,3.319368789,Cement,115
5110,-20.899453,-44,2020,SOX,EEA,0.1118377623,0.005980629,3.325229724,Cement,115
5111,-20.899453,-44,2021,SOX,EEA,0.117156140475,0.00626503425,3.483359043,Cement,115
5112,-20.899453,-44,2022,SOX,EEA,0.0648230941875,0.003466475625,1.9273604475,Cement,115
5113,-23.431076,-46,2014,TSP,EEA,0.0635340745,0.03176703725,0.127068149,Cement,115
5114,-23.431076,-46,2015,TSP,EEA,0.056365998,0.028182999,0.112731996,Cement,115
5115,-23.431076,-46,2016,TSP,EEA,0.046112079,0.0230560395,0.092224158,Cement,115
5116,-23.431076,-46,2017,TSP,EEA,0.04221217,0.021106085,0.08442434,Cement,115
5117,-23.431076,-46,2018,TSP,EEA,0.0408869695,0.02044348475,0.081773939,Cement,115
5118,-23.431076,-46,2019,TSP,EEA,0.0400223785,0.02001118925,0.080044757,Cement,115
5119,-23.431076,-46,2020,TSP,EEA,0.045676982,0.022838491,0.091353964,Cement,115
5120,-23.431076,-46,2021,TSP,EEA,0.0508549275,0.02542746375,0.101709855,Cement,115
5121,-23.431076,-46,2022,TSP,EEA,0.02783014,0.01391507,0.05566028,Cement,115
5122,-23.431076,-46,2014,PM10,EEA,0.05718066705,0.028590333525,0.1143613341,Cement,115
5123,-23.431076,-46,2015,PM10,EEA,0.0507293982,0.0253646991,0.1014587964,Cement,115
5124,-23.431076,-46,2016,PM10,EEA,0.0415008711,0.02075043555,0.0830017422,Cement,115
5125,-23.431076,-46,2017,PM10,EEA,0.037990953,0.0189954765,0.075981906,Cement,115
5126,-23.431076,-46,2018,PM10,EEA,0.03679827255,0.018399136275,0.0735965451,Cement,115
5127,-23.431076,-46,2019,PM10,EEA,0.03602014065,0.018010070325,0.0720402813,Cement,115
5128,-23.431076,-46,2020,PM10,EEA,0.0411092838,0.0205546419,0.0822185676,Cement,115
5129,-23.431076,-46,2021,PM10,EEA,0.04576943475,0.022884717375,0.0915388695,Cement,115
5130,-23.431076,-46,2022,PM10,EEA,0.025047126,0.012523563,0.050094252,Cement,115
5131,-23.431076,-46,2014,PM2.5,EEA,0.03176703725,0.015883518625,0.0635340745,Cement,115
5132,-23.431076,-46,2015,PM2.5,EEA,0.028182999,0.0140914995,0.056365998,Cement,115
5133,-23.431076,-46,2016,PM2.5,EEA,0.0230560395,0.01152801975,0.046112079,Cement,115
5134,-23.431076,-46,2017,PM2.5,EEA,0.021106085,0.0105530425,0.04221217,Cement,115
5135,-23.431076,-46,2018,PM2.5,EEA,0.02044348475,0.010221742375,0.0408869695,Cement,115
5136,-23.431076,-46,2019,PM2.5,EEA,0.02001118925,0.010005594625,0.0400223785,Cement,115
5137,-23.431076,-46,2020,PM2.5,EEA,0.022838491,0.0114192455,0.045676982,Cement,115
5138,-23.431076,-46,2021,PM2.5,EEA,0.02542746375,0.012713731875,0.0508549275,Cement,115
5139,-23.431076,-46,2022,PM2.5,EEA,0.01391507,0.006957535,0.02783014,Cement,115
5140,-23.431076,-46,2014,BC,EEA,0.0009530111175,0.000238252779375,0.00381204447,Cement,115
5141,-23.431076,-46,2015,BC,EEA,0.00084548997,0.0002113724925,0.00338195988,Cement,115
5142,-23.431076,-46,2016,BC,EEA,0.000691681185,0.00017292029625,0.00276672474,Cement,115
5143,-23.431076,-46,2017,BC,EEA,0.00063318255,0.0001582956375,0.0025327302,Cement,115
5144,-23.431076,-46,2018,BC,EEA,0.0006133045425,0.000153326135625,0.00245321817,Cement,115
5145,-23.431076,-46,2019,BC,EEA,0.0006003356775,0.000150083919375,0.00240134271,Cement,115
5146,-23.431076,-46,2020,BC,EEA,0.00068515473,0.0001712886825,0.00274061892,Cement,115
5147,-23.431076,-46,2021,BC,EEA,0.0007628239125,0.000190705978125,0.00305129565,Cement,115
5148,-23.431076,-46,2022,BC,EEA,0.0004174521,0.000104363025,0.0016698084,Cement,115
5149,-23.431076,-46,2014,NOX,EEA,0.202168683216667,0.0537596015,0.760779815166667,Cement,115
5150,-23.431076,-46,2015,NOX,EEA,0.1793594962,0.047694306,0.674946694,Cement,115
5151,-23.431076,-46,2016,NOX,EEA,0.1467310001,0.039017913,0.552162587,Cement,115
5152,-23.431076,-46,2017,NOX,EEA,0.134321289666667,0.03571799,0.505463676666667,Cement,115
5153,-23.431076,-46,2018,NOX,EEA,0.130104433716667,0.0345966665,0.489595250166667,Cement,115
5154,-23.431076,-46,2019,NOX,EEA,0.127353260816667,0.0338650895,0.479242327166667,Cement,115
5155,-23.431076,-46,2020,NOX,EEA,0.145346499133333,0.038649754,0.546952579333333,Cement,115
5156,-23.431076,-46,2021,NOX,EEA,0.16182298725,0.0430310925,0.6089551575,Cement,115
5157,-23.431076,-46,2022,NOX,EEA,0.0885569326666667,0.02354858,0.333248086666667,Cement,115
5158,-23.431076,-46,2014,CO,EEA,0.023703097025,0.00749376263333333,0.0749376263333333,Cement,115
5159,-23.431076,-46,2015,CO,EEA,0.0210288531,0.0066482972,0.066482972,Cement,115
5160,-23.431076,-46,2016,CO,EEA,0.01720335255,0.0054388606,0.054388606,Cement,115
5161,-23.431076,-46,2017,CO,EEA,0.0157483865,0.00497887133333333,0.0497887133333333,Cement,115
5162,-23.431076,-46,2018,CO,EEA,0.015253984775,0.00482256563333333,0.0482256563333333,Cement,115
5163,-23.431076,-46,2019,CO,EEA,0.014931425825,0.00472058823333333,0.0472058823333333,Cement,115
5164,-23.431076,-46,2020,CO,EEA,0.0170410279,0.00538754146666667,0.0538754146666667,Cement,115
5165,-23.431076,-46,2021,CO,EEA,0.018972799875,0.0059982735,0.059982735,Cement,115
5166,-23.431076,-46,2022,CO,EEA,0.010382783,0.00328252933333333,0.0328252933333333,Cement,115
5167,-23.431076,-46,2014,NMVOCs,EEA,0.0146617095,0.00187344065833333,0.1124064395,Cement,115
5168,-23.431076,-46,2015,NMVOCs,EEA,0.013007538,0.0016620743,0.099724458,Cement,115
5169,-23.431076,-46,2016,NMVOCs,EEA,0.010641249,0.00135971515,0.081582909,Cement,115
5170,-23.431076,-46,2017,NMVOCs,EEA,0.00974127,0.00124471783333333,0.07468307,Cement,115
5171,-23.431076,-46,2018,NMVOCs,EEA,0.0094354545,0.00120564140833333,0.0723384845,Cement,115
5172,-23.431076,-46,2019,NMVOCs,EEA,0.0092359335,0.00118014705833333,0.0708088235,Cement,115
5173,-23.431076,-46,2020,NMVOCs,EEA,0.010540842,0.00134688536666667,0.080813122,Cement,115
5174,-23.431076,-46,2021,NMVOCs,EEA,0.0117357525,0.001499568375,0.0899741025,Cement,115
5175,-23.431076,-46,2022,NMVOCs,EEA,0.00642234,0.000820632333333333,0.04923794,Cement,115
5176,-23.431076,-46,2014,SOX,EEA,0.09139132255,0.0048872365,2.717303494,Cement,115
5177,-23.431076,-46,2015,SOX,EEA,0.0810803202,0.004335846,2.410730376,Cement,115
5178,-23.431076,-46,2016,SOX,EEA,0.0663304521,0.003547083,1.972178148,Cement,115
5179,-23.431076,-46,2017,SOX,EEA,0.060720583,0.00324709,1.80538204,Cement,115
5180,-23.431076,-46,2018,SOX,EEA,0.05881433305,0.0031451515,1.748704234,Cement,115
5181,-23.431076,-46,2019,SOX,EEA,0.05757065215,0.0030786445,1.711726342,Cement,115
5182,-23.431076,-46,2020,SOX,EEA,0.0657045818,0.003513614,1.953569384,Cement,115
5183,-23.431076,-46,2021,SOX,EEA,0.07315285725,0.0039119175,2.17502613,Cement,115
5184,-23.431076,-46,2022,SOX,EEA,0.040032586,0.00214078,1.19027368,Cement,115
5185,-22.521602,-44,2014,TSP,EEA,0.04355335725,0.021776678625,0.0871067145,Cement,115
5186,-22.521602,-44,2015,TSP,EEA,0.042071913,0.0210359565,0.084143826,Cement,115
5187,-22.521602,-44,2016,TSP,EEA,0.036477207,0.0182386035,0.072954414,Cement,115
5188,-22.521602,-44,2017,TSP,EEA,0.03143215725,0.015716078625,0.0628643145,Cement,115
5189,-22.521602,-44,2018,TSP,EEA,0.034064316,0.017032158,0.068128632,Cement,115
5190,-22.521602,-44,2019,TSP,EEA,0.0380047005,0.01900235025,0.076009401,Cement,115
5191,-22.521602,-44,2020,TSP,EEA,0.0362488425,0.01812442125,0.072497685,Cement,115
5192,-22.521602,-44,2021,TSP,EEA,0.0401311365,0.02006556825,0.080262273,Cement,115
5193,-22.521602,-44,2022,TSP,EEA,0.02206490325,0.011032451625,0.0441298065,Cement,115
5194,-22.521602,-44,2014,PM10,EEA,0.039198021525,0.0195990107625,0.07839604305,Cement,115
5195,-22.521602,-44,2015,PM10,EEA,0.0378647217,0.01893236085,0.0757294434,Cement,115
5196,-22.521602,-44,2016,PM10,EEA,0.0328294863,0.01641474315,0.0656589726,Cement,115
5197,-22.521602,-44,2017,PM10,EEA,0.028288941525,0.0141444707625,0.05657788305,Cement,115
5198,-22.521602,-44,2018,PM10,EEA,0.0306578844,0.0153289422,0.0613157688,Cement,115
5199,-22.521602,-44,2019,PM10,EEA,0.03420423045,0.017102115225,0.0684084609,Cement,115
5200,-22.521602,-44,2020,PM10,EEA,0.03262395825,0.016311979125,0.0652479165,Cement,115
5201,-22.521602,-44,2021,PM10,EEA,0.03611802285,0.018059011425,0.0722360457,Cement,115
5202,-22.521602,-44,2022,PM10,EEA,0.019858412925,0.0099292064625,0.03971682585,Cement,115
5203,-22.521602,-44,2014,PM2.5,EEA,0.021776678625,0.0108883393125,0.04355335725,Cement,115
5204,-22.521602,-44,2015,PM2.5,EEA,0.0210359565,0.01051797825,0.042071913,Cement,115
5205,-22.521602,-44,2016,PM2.5,EEA,0.0182386035,0.00911930175,0.036477207,Cement,115
5206,-22.521602,-44,2017,PM2.5,EEA,0.015716078625,0.0078580393125,0.03143215725,Cement,115
5207,-22.521602,-44,2018,PM2.5,EEA,0.017032158,0.008516079,0.034064316,Cement,115
5208,-22.521602,-44,2019,PM2.5,EEA,0.01900235025,0.009501175125,0.0380047005,Cement,115
5209,-22.521602,-44,2020,PM2.5,EEA,0.01812442125,0.009062210625,0.0362488425,Cement,115
5210,-22.521602,-44,2021,PM2.5,EEA,0.02006556825,0.010032784125,0.0401311365,Cement,115
5211,-22.521602,-44,2022,PM2.5,EEA,0.011032451625,0.0055162258125,0.02206490325,Cement,115
5212,-22.521602,-44,2014,BC,EEA,0.00065330035875,0.0001633250896875,0.002613201435,Cement,115
5213,-22.521602,-44,2015,BC,EEA,0.000631078695,0.00015776967375,0.00252431478,Cement,115
5214,-22.521602,-44,2016,BC,EEA,0.000547158105,0.00013678952625,0.00218863242,Cement,115
5215,-22.521602,-44,2017,BC,EEA,0.00047148235875,0.0001178705896875,0.001885929435,Cement,115
5216,-22.521602,-44,2018,BC,EEA,0.00051096474,0.000127741185,0.00204385896,Cement,115
5217,-22.521602,-44,2019,BC,EEA,0.0005700705075,0.000142517626875,0.00228028203,Cement,115
5218,-22.521602,-44,2020,BC,EEA,0.0005437326375,0.000135933159375,0.00217493055,Cement,115
5219,-22.521602,-44,2021,BC,EEA,0.0006019670475,0.000150491761875,0.00240786819,Cement,115
5220,-22.521602,-44,2022,BC,EEA,0.00033097354875,8.27433871875e-05,0.001323894195,Cement,115
5221,-22.521602,-44,2014,NOX,EEA,0.138589016275,0.03685284075,0.52152353425,Cement,115
5222,-22.521602,-44,2015,NOX,EEA,0.1338749847,0.035599311,0.503784189,Cement,115
5223,-22.521602,-44,2016,NOX,EEA,0.1160723433,0.030865329,0.436791171,Cement,115
5224,-22.521602,-44,2017,NOX,EEA,0.100018736275,0.02659644075,0.37637993425,Cement,115
5225,-22.521602,-44,2018,NOX,EEA,0.1083944004,0.028823652,0.407898348,Cement,115
5226,-22.521602,-44,2019,NOX,EEA,0.12093290595,0.0321578235,0.4550819265,Cement,115
5227,-22.521602,-44,2020,NOX,EEA,0.11534567575,0.0306720975,0.4340566525,Cement,115
5228,-22.521602,-44,2021,NOX,EEA,0.12769933435,0.0339571155,0.4805446345,Cement,115
5229,-22.521602,-44,2022,NOX,EEA,0.070211653675,0.01867030275,0.26421307225,Cement,115
5230,-22.521602,-44,2014,CO,EEA,0.0162487525125,0.00513706265,0.0513706265,Cement,115
5231,-22.521602,-44,2015,CO,EEA,0.01569605985,0.0049623282,0.049623282,Cement,115
5232,-22.521602,-44,2016,CO,EEA,0.01360880415,0.0043024398,0.043024398,Cement,115
5233,-22.521602,-44,2017,CO,EEA,0.0117266125125,0.00370738265,0.0370738265,Cement,115
5234,-22.521602,-44,2018,CO,EEA,0.0127086102,0.0040178424,0.040178424,Cement,115
5235,-22.521602,-44,2019,CO,EEA,0.014178676725,0.0044826057,0.044826057,Cement,115
5236,-22.521602,-44,2020,CO,EEA,0.013523606625,0.0042755045,0.042755045,Cement,115
5237,-22.521602,-44,2021,CO,EEA,0.014972000925,0.0047334161,0.047334161,Cement,115
5238,-22.521602,-44,2022,CO,EEA,0.0082319062125,0.00260252705,0.0260252705,Cement,115
5239,-22.521602,-44,2014,NMVOCs,EEA,0.01005077475,0.0012842656625,0.07705593975,Cement,115
5240,-22.521602,-44,2015,NMVOCs,EEA,0.009708903,0.00124058205,0.074434923,Cement,115
5241,-22.521602,-44,2016,NMVOCs,EEA,0.008417817,0.00107560995,0.064536597,Cement,115
5242,-22.521602,-44,2017,NMVOCs,EEA,0.00725357475,0.0009268456625,0.05561073975,Cement,115
5243,-22.521602,-44,2018,NMVOCs,EEA,0.007860996,0.0010044606,0.060267636,Cement,115
5244,-22.521602,-44,2019,NMVOCs,EEA,0.0087703155,0.001120651425,0.0672390855,Cement,115
5245,-22.521602,-44,2020,NMVOCs,EEA,0.0083651175,0.001068876125,0.0641325675,Cement,115
5246,-22.521602,-44,2021,NMVOCs,EEA,0.0092610315,0.001183354025,0.0710012415,Cement,115
5247,-22.521602,-44,2022,NMVOCs,EEA,0.00509190075,0.0006506317625,0.03903790575,Cement,115
5248,-22.521602,-44,2014,SOX,EEA,0.062649829275,0.00335025825,1.862743587,Cement,115
5249,-22.521602,-44,2015,SOX,EEA,0.0605188287,0.003236301,1.799383356,Cement,115
5250,-22.521602,-44,2016,SOX,EEA,0.0524710593,0.002805939,1.560102084,Cement,115
5251,-22.521602,-44,2017,SOX,EEA,0.045213949275,0.00241785825,1.344329187,Cement,115
5252,-22.521602,-44,2018,SOX,EEA,0.0490002084,0.002620332,1.456904592,Cement,115
5253,-22.521602,-44,2019,SOX,EEA,0.05466829995,0.0029234385,1.625431806,Cement,115
5254,-22.521602,-44,2020,SOX,EEA,0.05214256575,0.0027883725,1.55033511,Cement,115
5255,-22.521602,-44,2021,SOX,EEA,0.05772709635,0.0030870105,1.716377838,Cement,115
5256,-22.521602,-44,2022,SOX,EEA,0.031739514675,0.00169730025,0.943698939,Cement,115
5257,-21.912439,-42,2014,TSP,EEA,0.04355335725,0.021776678625,0.0871067145,Cement,115
5258,-21.912439,-42,2015,TSP,EEA,0.042071913,0.0210359565,0.084143826,Cement,115
5259,-21.912439,-42,2016,TSP,EEA,0.036477207,0.0182386035,0.072954414,Cement,115
5260,-21.912439,-42,2017,TSP,EEA,0.03143215725,0.015716078625,0.0628643145,Cement,115
5261,-21.912439,-42,2018,TSP,EEA,0.034064316,0.017032158,0.068128632,Cement,115
5262,-21.912439,-42,2019,TSP,EEA,0.0380047005,0.01900235025,0.076009401,Cement,115
5263,-21.912439,-42,2020,TSP,EEA,0.0362488425,0.01812442125,0.072497685,Cement,115
5264,-21.912439,-42,2021,TSP,EEA,0.0401311365,0.02006556825,0.080262273,Cement,115
5265,-21.912439,-42,2022,TSP,EEA,0.02206490325,0.011032451625,0.0441298065,Cement,115
5266,-21.912439,-42,2014,PM10,EEA,0.039198021525,0.0195990107625,0.07839604305,Cement,115
5267,-21.912439,-42,2015,PM10,EEA,0.0378647217,0.01893236085,0.0757294434,Cement,115
5268,-21.912439,-42,2016,PM10,EEA,0.0328294863,0.01641474315,0.0656589726,Cement,115
5269,-21.912439,-42,2017,PM10,EEA,0.028288941525,0.0141444707625,0.05657788305,Cement,115
5270,-21.912439,-42,2018,PM10,EEA,0.0306578844,0.0153289422,0.0613157688,Cement,115
5271,-21.912439,-42,2019,PM10,EEA,0.03420423045,0.017102115225,0.0684084609,Cement,115
5272,-21.912439,-42,2020,PM10,EEA,0.03262395825,0.016311979125,0.0652479165,Cement,115
5273,-21.912439,-42,2021,PM10,EEA,0.03611802285,0.018059011425,0.0722360457,Cement,115
5274,-21.912439,-42,2022,PM10,EEA,0.019858412925,0.0099292064625,0.03971682585,Cement,115
5275,-21.912439,-42,2014,PM2.5,EEA,0.021776678625,0.0108883393125,0.04355335725,Cement,115
5276,-21.912439,-42,2015,PM2.5,EEA,0.0210359565,0.01051797825,0.042071913,Cement,115
5277,-21.912439,-42,2016,PM2.5,EEA,0.0182386035,0.00911930175,0.036477207,Cement,115
5278,-21.912439,-42,2017,PM2.5,EEA,0.015716078625,0.0078580393125,0.03143215725,Cement,115
5279,-21.912439,-42,2018,PM2.5,EEA,0.017032158,0.008516079,0.034064316,Cement,115
5280,-21.912439,-42,2019,PM2.5,EEA,0.01900235025,0.009501175125,0.0380047005,Cement,115
5281,-21.912439,-42,2020,PM2.5,EEA,0.01812442125,0.009062210625,0.0362488425,Cement,115
5282,-21.912439,-42,2021,PM2.5,EEA,0.02006556825,0.010032784125,0.0401311365,Cement,115
5283,-21.912439,-42,2022,PM2.5,EEA,0.011032451625,0.0055162258125,0.02206490325,Cement,115
5284,-21.912439,-42,2014,BC,EEA,0.00065330035875,0.0001633250896875,0.002613201435,Cement,115
5285,-21.912439,-42,2015,BC,EEA,0.000631078695,0.00015776967375,0.00252431478,Cement,115
5286,-21.912439,-42,2016,BC,EEA,0.000547158105,0.00013678952625,0.00218863242,Cement,115
5287,-21.912439,-42,2017,BC,EEA,0.00047148235875,0.0001178705896875,0.001885929435,Cement,115
5288,-21.912439,-42,2018,BC,EEA,0.00051096474,0.000127741185,0.00204385896,Cement,115
5289,-21.912439,-42,2019,BC,EEA,0.0005700705075,0.000142517626875,0.00228028203,Cement,115
5290,-21.912439,-42,2020,BC,EEA,0.0005437326375,0.000135933159375,0.00217493055,Cement,115
5291,-21.912439,-42,2021,BC,EEA,0.0006019670475,0.000150491761875,0.00240786819,Cement,115
5292,-21.912439,-42,2022,BC,EEA,0.00033097354875,8.27433871875e-05,0.001323894195,Cement,115
5293,-21.912439,-42,2014,NOX,EEA,0.138589016275,0.03685284075,0.52152353425,Cement,115
5294,-21.912439,-42,2015,NOX,EEA,0.1338749847,0.035599311,0.503784189,Cement,115
5295,-21.912439,-42,2016,NOX,EEA,0.1160723433,0.030865329,0.436791171,Cement,115
5296,-21.912439,-42,2017,NOX,EEA,0.100018736275,0.02659644075,0.37637993425,Cement,115
5297,-21.912439,-42,2018,NOX,EEA,0.1083944004,0.028823652,0.407898348,Cement,115
5298,-21.912439,-42,2019,NOX,EEA,0.12093290595,0.0321578235,0.4550819265,Cement,115
5299,-21.912439,-42,2020,NOX,EEA,0.11534567575,0.0306720975,0.4340566525,Cement,115
5300,-21.912439,-42,2021,NOX,EEA,0.12769933435,0.0339571155,0.4805446345,Cement,115
5301,-21.912439,-42,2022,NOX,EEA,0.070211653675,0.01867030275,0.26421307225,Cement,115
5302,-21.912439,-42,2014,CO,EEA,0.0162487525125,0.00513706265,0.0513706265,Cement,115
5303,-21.912439,-42,2015,CO,EEA,0.01569605985,0.0049623282,0.049623282,Cement,115
5304,-21.912439,-42,2016,CO,EEA,0.01360880415,0.0043024398,0.043024398,Cement,115
5305,-21.912439,-42,2017,CO,EEA,0.0117266125125,0.00370738265,0.0370738265,Cement,115
5306,-21.912439,-42,2018,CO,EEA,0.0127086102,0.0040178424,0.040178424,Cement,115
5307,-21.912439,-42,2019,CO,EEA,0.014178676725,0.0044826057,0.044826057,Cement,115
5308,-21.912439,-42,2020,CO,EEA,0.013523606625,0.0042755045,0.042755045,Cement,115
5309,-21.912439,-42,2021,CO,EEA,0.014972000925,0.0047334161,0.047334161,Cement,115
5310,-21.912439,-42,2022,CO,EEA,0.0082319062125,0.00260252705,0.0260252705,Cement,115
5311,-21.912439,-42,2014,NMVOCs,EEA,0.01005077475,0.0012842656625,0.07705593975,Cement,115
5312,-21.912439,-42,2015,NMVOCs,EEA,0.009708903,0.00124058205,0.074434923,Cement,115
5313,-21.912439,-42,2016,NMVOCs,EEA,0.008417817,0.00107560995,0.064536597,Cement,115
5314,-21.912439,-42,2017,NMVOCs,EEA,0.00725357475,0.0009268456625,0.05561073975,Cement,115
5315,-21.912439,-42,2018,NMVOCs,EEA,0.007860996,0.0010044606,0.060267636,Cement,115
5316,-21.912439,-42,2019,NMVOCs,EEA,0.0087703155,0.001120651425,0.0672390855,Cement,115
5317,-21.912439,-42,2020,NMVOCs,EEA,0.0083651175,0.001068876125,0.0641325675,Cement,115
5318,-21.912439,-42,2021,NMVOCs,EEA,0.0092610315,0.001183354025,0.0710012415,Cement,115
5319,-21.912439,-42,2022,NMVOCs,EEA,0.00509190075,0.0006506317625,0.03903790575,Cement,115
5320,-21.912439,-42,2014,SOX,EEA,0.062649829275,0.00335025825,1.862743587,Cement,115
5321,-21.912439,-42,2015,SOX,EEA,0.0605188287,0.003236301,1.799383356,Cement,115
5322,-21.912439,-42,2016,SOX,EEA,0.0524710593,0.002805939,1.560102084,Cement,115
5323,-21.912439,-42,2017,SOX,EEA,0.045213949275,0.00241785825,1.344329187,Cement,115
5324,-21.912439,-42,2018,SOX,EEA,0.0490002084,0.002620332,1.456904592,Cement,115
5325,-21.912439,-42,2019,SOX,EEA,0.05466829995,0.0029234385,1.625431806,Cement,115
5326,-21.912439,-42,2020,SOX,EEA,0.05214256575,0.0027883725,1.55033511,Cement,115
5327,-21.912439,-42,2021,SOX,EEA,0.05772709635,0.0030870105,1.716377838,Cement,115
5328,-21.912439,-42,2022,SOX,EEA,0.031739514675,0.00169730025,0.943698939,Cement,115
5329,-19.004609,-58,2014,TSP,EEA,0.034249683,0.0171248415,0.068499366,Cement,115
5330,-19.004609,-58,2015,TSP,EEA,0.033178899,0.0165894495,0.066357798,Cement,115
5331,-19.004609,-58,2016,TSP,EEA,0.028640079,0.0143200395,0.057280158,Cement,115
5332,-19.004609,-58,2017,TSP,EEA,0.024844092,0.012422046,0.049688184,Cement,115
5333,-19.004609,-58,2018,TSP,EEA,0.024055278,0.012027639,0.048110556,Cement,115
5334,-19.004609,-58,2019,TSP,EEA,0.027322737,0.0136613685,0.054645474,Cement,115
5335,-19.004609,-58,2020,TSP,EEA,0.032466681,0.0162333405,0.064933362,Cement,115
5336,-19.004609,-58,2021,TSP,EEA,0.035383101,0.0176915505,0.070766202,Cement,115
5337,-19.004609,-58,2022,TSP,EEA,0.02108457,0.010542285,0.04216914,Cement,115
5338,-19.004609,-58,2014,PM10,EEA,0.0308247147,0.01541235735,0.0616494294,Cement,115
5339,-19.004609,-58,2015,PM10,EEA,0.0298610091,0.01493050455,0.0597220182,Cement,115
5340,-19.004609,-58,2016,PM10,EEA,0.0257760711,0.01288803555,0.0515521422,Cement,115
5341,-19.004609,-58,2017,PM10,EEA,0.0223596828,0.0111798414,0.0447193656,Cement,115
5342,-19.004609,-58,2018,PM10,EEA,0.0216497502,0.0108248751,0.0432995004,Cement,115
5343,-19.004609,-58,2019,PM10,EEA,0.0245904633,0.01229523165,0.0491809266,Cement,115
5344,-19.004609,-58,2020,PM10,EEA,0.0292200129,0.01461000645,0.0584400258,Cement,115
5345,-19.004609,-58,2021,PM10,EEA,0.0318447909,0.01592239545,0.0636895818,Cement,115
5346,-19.004609,-58,2022,PM10,EEA,0.018976113,0.0094880565,0.037952226,Cement,115
5347,-19.004609,-58,2014,PM2.5,EEA,0.0171248415,0.00856242075,0.034249683,Cement,115
5348,-19.004609,-58,2015,PM2.5,EEA,0.0165894495,0.00829472475,0.033178899,Cement,115
5349,-19.004609,-58,2016,PM2.5,EEA,0.0143200395,0.00716001975,0.028640079,Cement,115
5350,-19.004609,-58,2017,PM2.5,EEA,0.012422046,0.006211023,0.024844092,Cement,115
5351,-19.004609,-58,2018,PM2.5,EEA,0.012027639,0.0060138195,0.024055278,Cement,115
5352,-19.004609,-58,2019,PM2.5,EEA,0.0136613685,0.00683068425,0.027322737,Cement,115
5353,-19.004609,-58,2020,PM2.5,EEA,0.0162333405,0.00811667025,0.032466681,Cement,115
5354,-19.004609,-58,2021,PM2.5,EEA,0.0176915505,0.00884577525,0.035383101,Cement,115
5355,-19.004609,-58,2022,PM2.5,EEA,0.010542285,0.0052711425,0.02108457,Cement,115
5356,-19.004609,-58,2014,BC,EEA,0.000513745245,0.00012843631125,0.00205498098,Cement,115
5357,-19.004609,-58,2015,BC,EEA,0.000497683485,0.00012442087125,0.00199073394,Cement,115
5358,-19.004609,-58,2016,BC,EEA,0.000429601185,0.00010740029625,0.00171840474,Cement,115
5359,-19.004609,-58,2017,BC,EEA,0.00037266138,9.3165345e-05,0.00149064552,Cement,115
5360,-19.004609,-58,2018,BC,EEA,0.00036082917,9.02072925e-05,0.00144331668,Cement,115
5361,-19.004609,-58,2019,BC,EEA,0.000409841055,0.00010246026375,0.00163936422,Cement,115
5362,-19.004609,-58,2020,BC,EEA,0.000487000215,0.00012175005375,0.00194800086,Cement,115
5363,-19.004609,-58,2021,BC,EEA,0.000530746515,0.00013268662875,0.00212298606,Cement,115
5364,-19.004609,-58,2022,BC,EEA,0.00031626855,7.90671375e-05,0.0012650742,Cement,115
5365,-19.004609,-58,2014,NOX,EEA,0.1089842477,0.028980501,0.410117999,Cement,115
5366,-19.004609,-58,2015,NOX,EEA,0.1055769581,0.028074453,0.397296047,Cement,115
5367,-19.004609,-58,2016,NOX,EEA,0.0911342001,0.024233913,0.342946587,Cement,115
5368,-19.004609,-58,2017,NOX,EEA,0.0790551748,0.021021924,0.297492076,Cement,115
5369,-19.004609,-58,2018,NOX,EEA,0.0765451282,0.020354466,0.288046534,Cement,115
5370,-19.004609,-58,2019,NOX,EEA,0.0869423503,0.023119239,0.327172261,Cement,115
5371,-19.004609,-58,2020,NOX,EEA,0.1033106439,0.027471807,0.388767693,Cement,115
5372,-19.004609,-58,2021,NOX,EEA,0.1125908419,0.029939547,0.423689953,Cement,115
5373,-19.004609,-58,2022,NOX,EEA,0.067092183,0.01784079,0.25247421,Cement,115
5374,-19.004609,-58,2014,CO,EEA,0.01277776635,0.0040397062,0.040397062,Cement,115
5375,-19.004609,-58,2015,CO,EEA,0.01237828155,0.0039134086,0.039134086,Cement,115
5376,-19.004609,-58,2016,CO,EEA,0.01068495255,0.0033780606,0.033780606,Cement,115
5377,-19.004609,-58,2017,CO,EEA,0.0092687574,0.0029303288,0.029303288,Cement,115
5378,-19.004609,-58,2018,CO,EEA,0.0089744691,0.0028372892,0.028372892,Cement,115
5379,-19.004609,-58,2019,CO,EEA,0.01019348265,0.0032226818,0.032226818,Cement,115
5380,-19.004609,-58,2020,CO,EEA,0.01211256945,0.0038294034,0.038294034,Cement,115
5381,-19.004609,-58,2021,CO,EEA,0.01320061845,0.0041733914,0.041733914,Cement,115
5382,-19.004609,-58,2022,CO,EEA,0.0078661665,0.002486898,0.02486898,Cement,115
5383,-19.004609,-58,2014,NMVOCs,EEA,0.007903773,0.00100992655,0.060595593,Cement,115
5384,-19.004609,-58,2015,NMVOCs,EEA,0.007656669,0.00097835215,0.058701129,Cement,115
5385,-19.004609,-58,2016,NMVOCs,EEA,0.006609249,0.00084451515,0.050670909,Cement,115
5386,-19.004609,-58,2017,NMVOCs,EEA,0.005733252,0.0007325822,0.043954932,Cement,115
5387,-19.004609,-58,2018,NMVOCs,EEA,0.005551218,0.0007093223,0.042559338,Cement,115
5388,-19.004609,-58,2019,NMVOCs,EEA,0.006305247,0.00080567045,0.048340227,Cement,115
5389,-19.004609,-58,2020,NMVOCs,EEA,0.007492311,0.00095735085,0.057441051,Cement,115
5390,-19.004609,-58,2021,NMVOCs,EEA,0.008165331,0.00104334785,0.062600871,Cement,115
5391,-19.004609,-58,2022,NMVOCs,EEA,0.00486567,0.0006217245,0.03730347,Cement,115
5392,-19.004609,-58,2014,SOX,EEA,0.0492668517,0.002634591,1.464832596,Cement,115
5393,-19.004609,-58,2015,SOX,EEA,0.0477265701,0.002552223,1.419035988,Cement,115
5394,-19.004609,-58,2016,SOX,EEA,0.0411976521,0.002203083,1.224914148,Cement,115
5395,-19.004609,-58,2017,SOX,EEA,0.0357372708,0.001911084,1.062562704,Cement,115
5396,-19.004609,-58,2018,SOX,EEA,0.0346025922,0.001850406,1.028825736,Cement,115
5397,-19.004609,-58,2019,SOX,EEA,0.0393027063,0.002101749,1.168572444,Cement,115
5398,-19.004609,-58,2020,SOX,EEA,0.0467020719,0.002497437,1.388574972,Cement,115
5399,-19.004609,-58,2021,SOX,EEA,0.0508972299,0.002721777,1.513308012,Cement,115
5400,-19.004609,-58,2022,SOX,EEA,0.030329343,0.00162189,0.90177084,Cement,115
5401,-23.857266,-46,2014,TSP,EEA,0.0635340745,0.03176703725,0.127068149,Cement,115
5402,-23.857266,-46,2015,TSP,EEA,0.056365998,0.028182999,0.112731996,Cement,115
5403,-23.857266,-46,2016,TSP,EEA,0.046112079,0.0230560395,0.092224158,Cement,115
5404,-23.857266,-46,2017,TSP,EEA,0.04221217,0.021106085,0.08442434,Cement,115
5405,-23.857266,-46,2018,TSP,EEA,0.0408869695,0.02044348475,0.081773939,Cement,115
5406,-23.857266,-46,2019,TSP,EEA,0.0400223785,0.02001118925,0.080044757,Cement,115
5407,-23.857266,-46,2020,TSP,EEA,0.045676982,0.022838491,0.091353964,Cement,115
5408,-23.857266,-46,2021,TSP,EEA,0.0508549275,0.02542746375,0.101709855,Cement,115
5409,-23.857266,-46,2022,TSP,EEA,0.02783014,0.01391507,0.05566028,Cement,115
5410,-23.857266,-46,2014,PM10,EEA,0.05718066705,0.028590333525,0.1143613341,Cement,115
5411,-23.857266,-46,2015,PM10,EEA,0.0507293982,0.0253646991,0.1014587964,Cement,115
5412,-23.857266,-46,2016,PM10,EEA,0.0415008711,0.02075043555,0.0830017422,Cement,115
5413,-23.857266,-46,2017,PM10,EEA,0.037990953,0.0189954765,0.075981906,Cement,115
5414,-23.857266,-46,2018,PM10,EEA,0.03679827255,0.018399136275,0.0735965451,Cement,115
5415,-23.857266,-46,2019,PM10,EEA,0.03602014065,0.018010070325,0.0720402813,Cement,115
5416,-23.857266,-46,2020,PM10,EEA,0.0411092838,0.0205546419,0.0822185676,Cement,115
5417,-23.857266,-46,2021,PM10,EEA,0.04576943475,0.022884717375,0.0915388695,Cement,115
5418,-23.857266,-46,2022,PM10,EEA,0.025047126,0.012523563,0.050094252,Cement,115
5419,-23.857266,-46,2014,PM2.5,EEA,0.03176703725,0.015883518625,0.0635340745,Cement,115
5420,-23.857266,-46,2015,PM2.5,EEA,0.028182999,0.0140914995,0.056365998,Cement,115
5421,-23.857266,-46,2016,PM2.5,EEA,0.0230560395,0.01152801975,0.046112079,Cement,115
5422,-23.857266,-46,2017,PM2.5,EEA,0.021106085,0.0105530425,0.04221217,Cement,115
5423,-23.857266,-46,2018,PM2.5,EEA,0.02044348475,0.010221742375,0.0408869695,Cement,115
5424,-23.857266,-46,2019,PM2.5,EEA,0.02001118925,0.010005594625,0.0400223785,Cement,115
5425,-23.857266,-46,2020,PM2.5,EEA,0.022838491,0.0114192455,0.045676982,Cement,115
5426,-23.857266,-46,2021,PM2.5,EEA,0.02542746375,0.012713731875,0.0508549275,Cement,115
5427,-23.857266,-46,2022,PM2.5,EEA,0.01391507,0.006957535,0.02783014,Cement,115
5428,-23.857266,-46,2014,BC,EEA,0.0009530111175,0.000238252779375,0.00381204447,Cement,115
5429,-23.857266,-46,2015,BC,EEA,0.00084548997,0.0002113724925,0.00338195988,Cement,115
5430,-23.857266,-46,2016,BC,EEA,0.000691681185,0.00017292029625,0.00276672474,Cement,115
5431,-23.857266,-46,2017,BC,EEA,0.00063318255,0.0001582956375,0.0025327302,Cement,115
5432,-23.857266,-46,2018,BC,EEA,0.0006133045425,0.000153326135625,0.00245321817,Cement,115
5433,-23.857266,-46,2019,BC,EEA,0.0006003356775,0.000150083919375,0.00240134271,Cement,115
5434,-23.857266,-46,2020,BC,EEA,0.00068515473,0.0001712886825,0.00274061892,Cement,115
5435,-23.857266,-46,2021,BC,EEA,0.0007628239125,0.000190705978125,0.00305129565,Cement,115
5436,-23.857266,-46,2022,BC,EEA,0.0004174521,0.000104363025,0.0016698084,Cement,115
5437,-23.857266,-46,2014,NOX,EEA,0.202168683216667,0.0537596015,0.760779815166667,Cement,115
5438,-23.857266,-46,2015,NOX,EEA,0.1793594962,0.047694306,0.674946694,Cement,115
5439,-23.857266,-46,2016,NOX,EEA,0.1467310001,0.039017913,0.552162587,Cement,115
5440,-23.857266,-46,2017,NOX,EEA,0.134321289666667,0.03571799,0.505463676666667,Cement,115
5441,-23.857266,-46,2018,NOX,EEA,0.130104433716667,0.0345966665,0.489595250166667,Cement,115
5442,-23.857266,-46,2019,NOX,EEA,0.127353260816667,0.0338650895,0.479242327166667,Cement,115
5443,-23.857266,-46,2020,NOX,EEA,0.145346499133333,0.038649754,0.546952579333333,Cement,115
5444,-23.857266,-46,2021,NOX,EEA,0.16182298725,0.0430310925,0.6089551575,Cement,115
5445,-23.857266,-46,2022,NOX,EEA,0.0885569326666667,0.02354858,0.333248086666667,Cement,115
5446,-23.857266,-46,2014,CO,EEA,0.023703097025,0.00749376263333333,0.0749376263333333,Cement,115
5447,-23.857266,-46,2015,CO,EEA,0.0210288531,0.0066482972,0.066482972,Cement,115
5448,-23.857266,-46,2016,CO,EEA,0.01720335255,0.0054388606,0.054388606,Cement,115
5449,-23.857266,-46,2017,CO,EEA,0.0157483865,0.00497887133333333,0.0497887133333333,Cement,115
5450,-23.857266,-46,2018,CO,EEA,0.015253984775,0.00482256563333333,0.0482256563333333,Cement,115
5451,-23.857266,-46,2019,CO,EEA,0.014931425825,0.00472058823333333,0.0472058823333333,Cement,115
5452,-23.857266,-46,2020,CO,EEA,0.0170410279,0.00538754146666667,0.0538754146666667,Cement,115
5453,-23.857266,-46,2021,CO,EEA,0.018972799875,0.0059982735,0.059982735,Cement,115
5454,-23.857266,-46,2022,CO,EEA,0.010382783,0.00328252933333333,0.0328252933333333,Cement,115
5455,-23.857266,-46,2014,NMVOCs,EEA,0.0146617095,0.00187344065833333,0.1124064395,Cement,115
5456,-23.857266,-46,2015,NMVOCs,EEA,0.013007538,0.0016620743,0.099724458,Cement,115
5457,-23.857266,-46,2016,NMVOCs,EEA,0.010641249,0.00135971515,0.081582909,Cement,115
5458,-23.857266,-46,2017,NMVOCs,EEA,0.00974127,0.00124471783333333,0.07468307,Cement,115
5459,-23.857266,-46,2018,NMVOCs,EEA,0.0094354545,0.00120564140833333,0.0723384845,Cement,115
5460,-23.857266,-46,2019,NMVOCs,EEA,0.0092359335,0.00118014705833333,0.0708088235,Cement,115
5461,-23.857266,-46,2020,NMVOCs,EEA,0.010540842,0.00134688536666667,0.080813122,Cement,115
5462,-23.857266,-46,2021,NMVOCs,EEA,0.0117357525,0.001499568375,0.0899741025,Cement,115
5463,-23.857266,-46,2022,NMVOCs,EEA,0.00642234,0.000820632333333333,0.04923794,Cement,115
5464,-23.857266,-46,2014,SOX,EEA,0.09139132255,0.0048872365,2.717303494,Cement,115
5465,-23.857266,-46,2015,SOX,EEA,0.0810803202,0.004335846,2.410730376,Cement,115
5466,-23.857266,-46,2016,SOX,EEA,0.0663304521,0.003547083,1.972178148,Cement,115
5467,-23.857266,-46,2017,SOX,EEA,0.060720583,0.00324709,1.80538204,Cement,115
5468,-23.857266,-46,2018,SOX,EEA,0.05881433305,0.0031451515,1.748704234,Cement,115
5469,-23.857266,-46,2019,SOX,EEA,0.05757065215,0.0030786445,1.711726342,Cement,115
5470,-23.857266,-46,2020,SOX,EEA,0.0657045818,0.003513614,1.953569384,Cement,115
5471,-23.857266,-46,2021,SOX,EEA,0.07315285725,0.0039119175,2.17502613,Cement,115
5472,-23.857266,-46,2022,SOX,EEA,0.040032586,0.00214078,1.19027368,Cement,115
5473,-15.332621,-56,2014,TSP,EEA,0.066969552,0.033484776,0.133939104,Cement,115
5474,-15.332621,-56,2015,TSP,EEA,0.053013168,0.026506584,0.106026336,Cement,115
5475,-15.332621,-56,2016,TSP,EEA,0.040607892,0.020303946,0.081215784,Cement,115
5476,-15.332621,-56,2017,TSP,EEA,0.040327482,0.020163741,0.080654964,Cement,115
5477,-15.332621,-56,2018,TSP,EEA,0.045855849,0.0229279245,0.091711698,Cement,115
5478,-15.332621,-56,2019,TSP,EEA,0.043998357,0.0219991785,0.087996714,Cement,115
5479,-15.332621,-56,2020,TSP,EEA,0.049695867,0.0248479335,0.099391734,Cement,115
5480,-15.332621,-56,2021,TSP,EEA,0.054687126,0.027343563,0.109374252,Cement,115
5481,-15.332621,-56,2022,TSP,EEA,0.032938074,0.016469037,0.065876148,Cement,115
5482,-15.332621,-56,2014,PM10,EEA,0.0602725968,0.0301362984,0.1205451936,Cement,115
5483,-15.332621,-56,2015,PM10,EEA,0.0477118512,0.0238559256,0.0954237024,Cement,115
5484,-15.332621,-56,2016,PM10,EEA,0.0365471028,0.0182735514,0.0730942056,Cement,115
5485,-15.332621,-56,2017,PM10,EEA,0.0362947338,0.0181473669,0.0725894676,Cement,115
5486,-15.332621,-56,2018,PM10,EEA,0.0412702641,0.02063513205,0.0825405282,Cement,115
5487,-15.332621,-56,2019,PM10,EEA,0.0395985213,0.01979926065,0.0791970426,Cement,115
5488,-15.332621,-56,2020,PM10,EEA,0.0447262803,0.02236314015,0.0894525606,Cement,115
5489,-15.332621,-56,2021,PM10,EEA,0.0492184134,0.0246092067,0.0984368268,Cement,115
5490,-15.332621,-56,2022,PM10,EEA,0.0296442666,0.0148221333,0.0592885332,Cement,115
5491,-15.332621,-56,2014,PM2.5,EEA,0.033484776,0.016742388,0.066969552,Cement,115
5492,-15.332621,-56,2015,PM2.5,EEA,0.026506584,0.013253292,0.053013168,Cement,115
5493,-15.332621,-56,2016,PM2.5,EEA,0.020303946,0.010151973,0.040607892,Cement,115
5494,-15.332621,-56,2017,PM2.5,EEA,0.020163741,0.0100818705,0.040327482,Cement,115
5495,-15.332621,-56,2018,PM2.5,EEA,0.0229279245,0.01146396225,0.045855849,Cement,115
5496,-15.332621,-56,2019,PM2.5,EEA,0.0219991785,0.01099958925,0.043998357,Cement,115
5497,-15.332621,-56,2020,PM2.5,EEA,0.0248479335,0.01242396675,0.049695867,Cement,115
5498,-15.332621,-56,2021,PM2.5,EEA,0.027343563,0.0136717815,0.054687126,Cement,115
5499,-15.332621,-56,2022,PM2.5,EEA,0.016469037,0.0082345185,0.032938074,Cement,115
5500,-15.332621,-56,2014,BC,EEA,0.00100454328,0.00025113582,0.00401817312,Cement,115
5501,-15.332621,-56,2015,BC,EEA,0.00079519752,0.00019879938,0.00318079008,Cement,115
5502,-15.332621,-56,2016,BC,EEA,0.00060911838,0.000152279595,0.00243647352,Cement,115
5503,-15.332621,-56,2017,BC,EEA,0.00060491223,0.0001512280575,0.00241964892,Cement,115
5504,-15.332621,-56,2018,BC,EEA,0.000687837735,0.00017195943375,0.00275135094,Cement,115
5505,-15.332621,-56,2019,BC,EEA,0.000659975355,0.00016499383875,0.00263990142,Cement,115
5506,-15.332621,-56,2020,BC,EEA,0.000745438005,0.00018635950125,0.00298175202,Cement,115
5507,-15.332621,-56,2021,BC,EEA,0.00082030689,0.0002050767225,0.00328122756,Cement,115
5508,-15.332621,-56,2022,BC,EEA,0.00049407111,0.0001235177775,0.00197628444,Cement,115
5509,-15.332621,-56,2014,NOX,EEA,0.2131005488,0.056666544,0.801917456,Cement,115
5510,-15.332621,-56,2015,NOX,EEA,0.1686906192,0.044857296,0.634798704,Cement,115
5511,-15.332621,-56,2016,NOX,EEA,0.1292163948,0.034360524,0.486253476,Cement,115
5512,-15.332621,-56,2017,NOX,EEA,0.1283241158,0.034123254,0.482895746,Cement,115
5513,-15.332621,-56,2018,NOX,EEA,0.1459156631,0.038801103,0.549094397,Cement,115
5514,-15.332621,-56,2019,NOX,EEA,0.1400050283,0.037229379,0.526852121,Cement,115
5515,-15.332621,-56,2020,NOX,EEA,0.1581347973,0.042050349,0.595076151,Cement,115
5516,-15.332621,-56,2021,NOX,EEA,0.1740172394,0.046273722,0.654843278,Cement,115
5517,-15.332621,-56,2022,NOX,EEA,0.1048106406,0.027870678,0.394412322,Cement,115
5518,-15.332621,-56,2014,CO,EEA,0.0249847944,0.0078989728,0.078989728,Cement,115
5519,-15.332621,-56,2015,CO,EEA,0.0197779896,0.0062528352,0.062528352,Cement,115
5520,-15.332621,-56,2016,CO,EEA,0.0151498674,0.0047896488,0.047896488,Cement,115
5521,-15.332621,-56,2017,CO,EEA,0.0150452529,0.0047565748,0.047565748,Cement,115
5522,-15.332621,-56,2018,CO,EEA,0.01710775905,0.0054086386,0.054086386,Cement,115
5523,-15.332621,-56,2019,CO,EEA,0.01641477165,0.0051895498,0.051895498,Cement,115
5524,-15.332621,-56,2020,CO,EEA,0.01854038115,0.0058615638,0.058615638,Cement,115
5525,-15.332621,-56,2021,CO,EEA,0.0204025047,0.0064502764,0.064502764,Cement,115
5526,-15.332621,-56,2022,CO,EEA,0.0122884353,0.0038850036,0.038850036,Cement,115
5527,-15.332621,-56,2014,NMVOCs,EEA,0.015454512,0.0019747432,0.118484592,Cement,115
5528,-15.332621,-56,2015,NMVOCs,EEA,0.012233808,0.0015632088,0.093792528,Cement,115
5529,-15.332621,-56,2016,NMVOCs,EEA,0.009371052,0.0011974122,0.071844732,Cement,115
5530,-15.332621,-56,2017,NMVOCs,EEA,0.009306342,0.0011891437,0.071348622,Cement,115
5531,-15.332621,-56,2018,NMVOCs,EEA,0.010582119,0.00135215965,0.081129579,Cement,115
5532,-15.332621,-56,2019,NMVOCs,EEA,0.010153467,0.00129738745,0.077843247,Cement,115
5533,-15.332621,-56,2020,NMVOCs,EEA,0.011468277,0.00146539095,0.087923457,Cement,115
5534,-15.332621,-56,2021,NMVOCs,EEA,0.012620106,0.0016125691,0.096754146,Cement,115
5535,-15.332621,-56,2022,NMVOCs,EEA,0.007601094,0.0009712509,0.058275054,Cement,115
5536,-15.332621,-56,2014,SOX,EEA,0.0963331248,0.005151504,2.864236224,Cement,115
5537,-15.332621,-56,2015,SOX,EEA,0.0762574032,0.004077936,2.267332416,Cement,115
5538,-15.332621,-56,2016,SOX,EEA,0.0584128908,0.003123684,1.736768304,Cement,115
5539,-15.332621,-56,2017,SOX,EEA,0.0580095318,0.003102114,1.724775384,Cement,115
5540,-15.332621,-56,2018,SOX,EEA,0.0659618751,0.003527373,1.961219388,Cement,115
5541,-15.332621,-56,2019,SOX,EEA,0.0632899443,0.003384489,1.881775884,Cement,115
5542,-15.332621,-56,2020,SOX,EEA,0.0714855933,0.003822759,2.125454004,Cement,115
5543,-15.332621,-56,2021,SOX,EEA,0.0786653274,0.004206702,2.338926312,Cement,115
5544,-15.332621,-56,2022,SOX,EEA,0.0473801526,0.002533698,1.408736088,Cement,115
5545,-17.260086,-50,2014,TSP,EEA,0.042051178,0.021025589,0.084102356,Cement,115
5546,-17.260086,-50,2015,TSP,EEA,0.034498932,0.017249466,0.068997864,Cement,115
5547,-17.260086,-50,2016,TSP,EEA,0.02781493,0.013907465,0.05562986,Cement,115
5548,-17.260086,-50,2017,TSP,EEA,0.038635636,0.019317818,0.077271272,Cement,115
5549,-17.260086,-50,2018,TSP,EEA,0.044609864,0.022304932,0.089219728,Cement,115
5550,-17.260086,-50,2019,TSP,EEA,0.04991233,0.024956165,0.09982466,Cement,115
5551,-17.260086,-50,2020,TSP,EEA,0.052519116,0.026259558,0.105038232,Cement,115
5552,-17.260086,-50,2021,TSP,EEA,0.05815732,0.02907866,0.11631464,Cement,115
5553,-17.260086,-50,2022,TSP,EEA,0.033263386,0.016631693,0.066526772,Cement,115
5554,-17.260086,-50,2014,PM10,EEA,0.0378460602,0.0189230301,0.0756921204,Cement,115
5555,-17.260086,-50,2015,PM10,EEA,0.0310490388,0.0155245194,0.0620980776,Cement,115
5556,-17.260086,-50,2016,PM10,EEA,0.025033437,0.0125167185,0.050066874,Cement,115
5557,-17.260086,-50,2017,PM10,EEA,0.0347720724,0.0173860362,0.0695441448,Cement,115
5558,-17.260086,-50,2018,PM10,EEA,0.0401488776,0.0200744388,0.0802977552,Cement,115
5559,-17.260086,-50,2019,PM10,EEA,0.044921097,0.0224605485,0.089842194,Cement,115
5560,-17.260086,-50,2020,PM10,EEA,0.0472672044,0.0236336022,0.0945344088,Cement,115
5561,-17.260086,-50,2021,PM10,EEA,0.052341588,0.026170794,0.104683176,Cement,115
5562,-17.260086,-50,2022,PM10,EEA,0.0299370474,0.0149685237,0.0598740948,Cement,115
5563,-17.260086,-50,2014,PM2.5,EEA,0.021025589,0.0105127945,0.042051178,Cement,115
5564,-17.260086,-50,2015,PM2.5,EEA,0.017249466,0.008624733,0.034498932,Cement,115
5565,-17.260086,-50,2016,PM2.5,EEA,0.013907465,0.0069537325,0.02781493,Cement,115
5566,-17.260086,-50,2017,PM2.5,EEA,0.019317818,0.009658909,0.038635636,Cement,115
5567,-17.260086,-50,2018,PM2.5,EEA,0.022304932,0.011152466,0.044609864,Cement,115
5568,-17.260086,-50,2019,PM2.5,EEA,0.024956165,0.0124780825,0.04991233,Cement,115
5569,-17.260086,-50,2020,PM2.5,EEA,0.026259558,0.013129779,0.052519116,Cement,115
5570,-17.260086,-50,2021,PM2.5,EEA,0.02907866,0.01453933,0.05815732,Cement,115
5571,-17.260086,-50,2022,PM2.5,EEA,0.016631693,0.0083158465,0.033263386,Cement,115
5572,-17.260086,-50,2014,BC,EEA,0.00063076767,0.0001576919175,0.00252307068,Cement,115
5573,-17.260086,-50,2015,BC,EEA,0.00051748398,0.000129370995,0.00206993592,Cement,115
5574,-17.260086,-50,2016,BC,EEA,0.00041722395,0.0001043059875,0.0016688958,Cement,115
5575,-17.260086,-50,2017,BC,EEA,0.00057953454,0.000144883635,0.00231813816,Cement,115
5576,-17.260086,-50,2018,BC,EEA,0.00066914796,0.00016728699,0.00267659184,Cement,115
5577,-17.260086,-50,2019,BC,EEA,0.00074868495,0.0001871712375,0.0029947398,Cement,115
5578,-17.260086,-50,2020,BC,EEA,0.00078778674,0.000196946685,0.00315114696,Cement,115
5579,-17.260086,-50,2021,BC,EEA,0.0008723598,0.00021808995,0.0034894392,Cement,115
5580,-17.260086,-50,2022,BC,EEA,0.00049895079,0.0001247376975,0.00199580316,Cement,115
5581,-17.260086,-50,2014,NOX,EEA,0.133809004866667,0.035581766,0.503535900666667,Cement,115
5582,-17.260086,-50,2015,NOX,EEA,0.1097773708,0.029191404,0.413102596,Cement,115
5583,-17.260086,-50,2016,NOX,EEA,0.0885085336666667,0.02353571,0.333065956666667,Cement,115
5584,-17.260086,-50,2017,NOX,EEA,0.122940575066667,0.032691692,0.462636974666667,Cement,115
5585,-17.260086,-50,2018,NOX,EEA,0.141950874933333,0.037746808,0.534174525333333,Cement,115
5586,-17.260086,-50,2019,NOX,EEA,0.158823593666667,0.04223351,0.597668156666667,Cement,115
5587,-17.260086,-50,2020,NOX,EEA,0.1671185204,0.044439252,0.628882748,Cement,115
5588,-17.260086,-50,2021,NOX,EEA,0.185059574666667,0.04921004,0.696396626666667,Cement,115
5589,-17.260086,-50,2022,NOX,EEA,0.105845800066667,0.028145942,0.398307724666667,Cement,115
5590,-17.260086,-50,2014,CO,EEA,0.0156883241,0.00495988253333333,0.0495988253333333,Cement,115
5591,-17.260086,-50,2015,CO,EEA,0.0128707554,0.0040691048,0.040691048,Cement,115
5592,-17.260086,-50,2016,CO,EEA,0.0103771085,0.00328073533333333,0.0328073533333333,Cement,115
5593,-17.260086,-50,2017,CO,EEA,0.0144140642,0.00455702373333333,0.0455702373333333,Cement,115
5594,-17.260086,-50,2018,CO,EEA,0.0166429108,0.00526167626666667,0.0526167626666667,Cement,115
5595,-17.260086,-50,2019,CO,EEA,0.0186211385,0.00588709533333333,0.0588709533333333,Cement,115
5596,-17.260086,-50,2020,CO,EEA,0.0195936702,0.0061945624,0.061945624,Cement,115
5597,-17.260086,-50,2021,CO,EEA,0.021697154,0.00685958133333333,0.0685958133333333,Cement,115
5598,-17.260086,-50,2022,CO,EEA,0.0124098017,0.00392337373333333,0.0392337373333333,Cement,115
5599,-17.260086,-50,2014,NMVOCs,EEA,0.009704118,0.00123997063333333,0.074398238,Cement,115
5600,-17.260086,-50,2015,NMVOCs,EEA,0.007961292,0.0010172762,0.061036572,Cement,115
5601,-17.260086,-50,2016,NMVOCs,EEA,0.00641883,0.000820183833333333,0.04921103,Cement,115
5602,-17.260086,-50,2017,NMVOCs,EEA,0.008915916,0.00113925593333333,0.068355356,Cement,115
5603,-17.260086,-50,2018,NMVOCs,EEA,0.010294584,0.00131541906666667,0.078925144,Cement,115
5604,-17.260086,-50,2019,NMVOCs,EEA,0.01151823,0.00147177383333333,0.08830643,Cement,115
5605,-17.260086,-50,2020,NMVOCs,EEA,0.012119796,0.0015486406,0.092918436,Cement,115
5606,-17.260086,-50,2021,NMVOCs,EEA,0.01342092,0.00171489533333333,0.10289372,Cement,115
5607,-17.260086,-50,2022,NMVOCs,EEA,0.007676166,0.000980843433333333,0.058850606,Cement,115
5608,-17.260086,-50,2014,SOX,EEA,0.0604890022,0.003234706,1.798496536,Cement,115
5609,-17.260086,-50,2015,SOX,EEA,0.0496253868,0.002653764,1.475492784,Cement,115
5610,-17.260086,-50,2016,SOX,EEA,0.040010707,0.00213961,1.18962316,Cement,115
5611,-17.260086,-50,2017,SOX,EEA,0.0555758764,0.002971972,1.652416432,Cement,115
5612,-17.260086,-50,2018,SOX,EEA,0.0641695736,0.003431528,1.907929568,Cement,115
5613,-17.260086,-50,2019,SOX,EEA,0.071796967,0.00383941,2.13471196,Cement,115
5614,-17.260086,-50,2020,SOX,EEA,0.0755467284,0.004039932,2.246202192,Cement,115
5615,-17.260086,-50,2021,SOX,EEA,0.083657068,0.00447364,2.48734384,Cement,115
5616,-17.260086,-50,2022,SOX,EEA,0.0478481014,0.002558722,1.422649432,Cement,115
5617,-29.842838,-51,2014,TSP,EEA,0.0406544125,0.02032720625,0.081308825,Cement,115
5618,-29.842838,-51,2015,TSP,EEA,0.0360545315,0.01802726575,0.072109063,Cement,115
5619,-29.842838,-51,2016,TSP,EEA,0.029779399,0.0148896995,0.059558798,Cement,115
5620,-29.842838,-51,2017,TSP,EEA,0.0276924375,0.01384621875,0.055384875,Cement,115
5621,-29.842838,-51,2018,TSP,EEA,0.0266483035,0.01332415175,0.053296607,Cement,115
5622,-29.842838,-51,2019,TSP,EEA,0.026874237,0.0134371185,0.053748474,Cement,115
5623,-29.842838,-51,2020,TSP,EEA,0.029519776,0.014759888,0.059039552,Cement,115
5624,-29.842838,-51,2021,TSP,EEA,0.032919744,0.016459872,0.065839488,Cement,115
5625,-29.842838,-51,2022,TSP,EEA,0.017906967,0.0089534835,0.035813934,Cement,115
5626,-29.842838,-51,2014,PM10,EEA,0.03658897125,0.018294485625,0.0731779425,Cement,115
5627,-29.842838,-51,2015,PM10,EEA,0.03244907835,0.016224539175,0.0648981567,Cement,115
5628,-29.842838,-51,2016,PM10,EEA,0.0268014591,0.01340072955,0.0536029182,Cement,115
5629,-29.842838,-51,2017,PM10,EEA,0.02492319375,0.012461596875,0.0498463875,Cement,115
5630,-29.842838,-51,2018,PM10,EEA,0.02398347315,0.011991736575,0.0479669463,Cement,115
5631,-29.842838,-51,2019,PM10,EEA,0.0241868133,0.01209340665,0.0483736266,Cement,115
5632,-29.842838,-51,2020,PM10,EEA,0.0265677984,0.0132838992,0.0531355968,Cement,115
5633,-29.842838,-51,2021,PM10,EEA,0.0296277696,0.0148138848,0.0592555392,Cement,115
5634,-29.842838,-51,2022,PM10,EEA,0.0161162703,0.00805813515,0.0322325406,Cement,115
5635,-29.842838,-51,2014,PM2.5,EEA,0.02032720625,0.010163603125,0.0406544125,Cement,115
5636,-29.842838,-51,2015,PM2.5,EEA,0.01802726575,0.009013632875,0.0360545315,Cement,115
5637,-29.842838,-51,2016,PM2.5,EEA,0.0148896995,0.00744484975,0.029779399,Cement,115
5638,-29.842838,-51,2017,PM2.5,EEA,0.01384621875,0.006923109375,0.0276924375,Cement,115
5639,-29.842838,-51,2018,PM2.5,EEA,0.01332415175,0.006662075875,0.0266483035,Cement,115
5640,-29.842838,-51,2019,PM2.5,EEA,0.0134371185,0.00671855925,0.026874237,Cement,115
5641,-29.842838,-51,2020,PM2.5,EEA,0.014759888,0.007379944,0.029519776,Cement,115
5642,-29.842838,-51,2021,PM2.5,EEA,0.016459872,0.008229936,0.032919744,Cement,115
5643,-29.842838,-51,2022,PM2.5,EEA,0.0089534835,0.00447674175,0.017906967,Cement,115
5644,-29.842838,-51,2014,BC,EEA,0.0006098161875,0.000152454046875,0.00243926475,Cement,115
5645,-29.842838,-51,2015,BC,EEA,0.0005408179725,0.000135204493125,0.00216327189,Cement,115
5646,-29.842838,-51,2016,BC,EEA,0.000446690985,0.00011167274625,0.00178676394,Cement,115
5647,-29.842838,-51,2017,BC,EEA,0.0004153865625,0.000103846640625,0.00166154625,Cement,115
5648,-29.842838,-51,2018,BC,EEA,0.0003997245525,9.9931138125e-05,0.00159889821,Cement,115
5649,-29.842838,-51,2019,BC,EEA,0.000403113555,0.00010077838875,0.00161245422,Cement,115
5650,-29.842838,-51,2020,BC,EEA,0.00044279664,0.00011069916,0.00177118656,Cement,115
5651,-29.842838,-51,2021,BC,EEA,0.00049379616,0.00012344904,0.00197518464,Cement,115
5652,-29.842838,-51,2022,BC,EEA,0.000268604505,6.715112625e-05,0.00107441802,Cement,115
5653,-29.842838,-51,2014,NOX,EEA,0.129364425416667,0.0343998875,0.486810529166667,Cement,115
5654,-29.842838,-51,2015,NOX,EEA,0.114727368183333,0.0305076805,0.431729902833333,Cement,115
5655,-29.842838,-51,2016,NOX,EEA,0.0947595747666667,0.025197953,0.356589213666667,Cement,115
5656,-29.842838,-51,2017,NOX,EEA,0.08811875625,0.0234320625,0.3315991875,Cement,115
5657,-29.842838,-51,2018,NOX,EEA,0.0847962683166667,0.0225485645,0.319096352166667,Cement,115
5658,-29.842838,-51,2019,NOX,EEA,0.0855152003,0.022739739,0.321801761,Cement,115
5659,-29.842838,-51,2020,NOX,EEA,0.0939334410666667,0.024978272,0.353480394666667,Cement,115
5660,-29.842838,-51,2021,NOX,EEA,0.1047523136,0.027855168,0.394192832,Cement,115
5661,-29.842838,-51,2022,NOX,EEA,0.0569808873,0.015152049,0.214424451,Cement,115
5662,-29.842838,-51,2014,CO,EEA,0.015167223125,0.00479513583333333,0.0479513583333333,Cement,115
5663,-29.842838,-51,2015,CO,EEA,0.013451113675,0.00425258576666667,0.0425258576666667,Cement,115
5664,-29.842838,-51,2016,CO,EEA,0.01111000655,0.00351244193333333,0.0351244193333333,Cement,115
5665,-29.842838,-51,2017,CO,EEA,0.010331409375,0.0032662875,0.032662875,Cement,115
5666,-29.842838,-51,2018,CO,EEA,0.009941867075,0.00314313323333333,0.0314313323333333,Cement,115
5667,-29.842838,-51,2019,CO,EEA,0.01002615765,0.0031697818,0.031697818,Cement,115
5668,-29.842838,-51,2020,CO,EEA,0.0110131472,0.00348181973333333,0.0348181973333333,Cement,115
5669,-29.842838,-51,2021,CO,EEA,0.0122815968,0.0038828416,0.038828416,Cement,115
5670,-29.842838,-51,2022,CO,EEA,0.00668067615,0.0021121038,0.021121038,Cement,115
5671,-29.842838,-51,2014,NMVOCs,EEA,0.0093817875,0.00119878395833333,0.0719270375,Cement,115
5672,-29.842838,-51,2015,NMVOCs,EEA,0.0083202765,0.00106314644166667,0.0637887865,Cement,115
5673,-29.842838,-51,2016,NMVOCs,EEA,0.006872169,0.000878110483333333,0.052686629,Cement,115
5674,-29.842838,-51,2017,NMVOCs,EEA,0.0063905625,0.000816571875,0.0489943125,Cement,115
5675,-29.842838,-51,2018,NMVOCs,EEA,0.0061496085,0.000785783308333333,0.0471469985,Cement,115
5676,-29.842838,-51,2019,NMVOCs,EEA,0.006201747,0.00079244545,0.047546727,Cement,115
5677,-29.842838,-51,2020,NMVOCs,EEA,0.006812256,0.000870454933333333,0.052227296,Cement,115
5678,-29.842838,-51,2021,NMVOCs,EEA,0.007596864,0.0009707104,0.058242624,Cement,115
5679,-29.842838,-51,2022,NMVOCs,EEA,0.004132377,0.00052802595,0.031681557,Cement,115
5680,-29.842838,-51,2014,SOX,EEA,0.05847980875,0.0031272625,1.73875795,Cement,115
5681,-29.842838,-51,2015,SOX,EEA,0.05186305685,0.0027734255,1.542024578,Cement,115
5682,-29.842838,-51,2016,SOX,EEA,0.0428365201,0.002290723,1.273641988,Cement,115
5683,-29.842838,-51,2017,SOX,EEA,0.03983450625,0.0021301875,1.18438425,Cement,115
5684,-29.842838,-51,2018,SOX,EEA,0.03833255965,0.0020498695,1.139727442,Cement,115
5685,-29.842838,-51,2019,SOX,EEA,0.0386575563,0.002067249,1.149390444,Cement,115
5686,-29.842838,-51,2020,SOX,EEA,0.0424630624,0.002270752,1.262538112,Cement,115
5687,-29.842838,-51,2021,SOX,EEA,0.0473537856,0.002532288,1.407952128,Cement,115
5688,-29.842838,-51,2022,SOX,EEA,0.0257584833,0.001377459,0.765867204,Cement,115
5689,-28.211588,-49,2014,TSP,EEA,0.0355186364,0.0177593182,0.0710372728,Cement,115
5690,-28.211588,-49,2015,TSP,EEA,0.0294553012,0.0147276506,0.0589106024,Cement,115
5691,-28.211588,-49,2016,TSP,EEA,0.0229875776,0.0114937888,0.0459751552,Cement,115
5692,-28.211588,-49,2017,TSP,EEA,0.0224297268,0.0112148634,0.0448594536,Cement,115
5693,-28.211588,-49,2018,TSP,EEA,0.0223878824,0.0111939412,0.0447757648,Cement,115
5694,-28.211588,-49,2019,TSP,EEA,0.023778456,0.011889228,0.047556912,Cement,115
5695,-28.211588,-49,2020,TSP,EEA,0.0267778316,0.0133889158,0.0535556632,Cement,115
5696,-28.211588,-49,2021,TSP,EEA,0.0312659256,0.0156329628,0.0625318512,Cement,115
5697,-28.211588,-49,2022,TSP,EEA,0.018286866,0.009143433,0.036573732,Cement,115
5698,-28.211588,-49,2014,PM10,EEA,0.03196677276,0.01598338638,0.06393354552,Cement,115
5699,-28.211588,-49,2015,PM10,EEA,0.02650977108,0.01325488554,0.05301954216,Cement,115
5700,-28.211588,-49,2016,PM10,EEA,0.02068881984,0.01034440992,0.04137763968,Cement,115
5701,-28.211588,-49,2017,PM10,EEA,0.02018675412,0.01009337706,0.04037350824,Cement,115
5702,-28.211588,-49,2018,PM10,EEA,0.02014909416,0.01007454708,0.04029818832,Cement,115
5703,-28.211588,-49,2019,PM10,EEA,0.0214006104,0.0107003052,0.0428012208,Cement,115
5704,-28.211588,-49,2020,PM10,EEA,0.02410004844,0.01205002422,0.04820009688,Cement,115
5705,-28.211588,-49,2021,PM10,EEA,0.02813933304,0.01406966652,0.05627866608,Cement,115
5706,-28.211588,-49,2022,PM10,EEA,0.0164581794,0.0082290897,0.0329163588,Cement,115
5707,-28.211588,-49,2014,PM2.5,EEA,0.0177593182,0.0088796591,0.0355186364,Cement,115
5708,-28.211588,-49,2015,PM2.5,EEA,0.0147276506,0.0073638253,0.0294553012,Cement,115
5709,-28.211588,-49,2016,PM2.5,EEA,0.0114937888,0.0057468944,0.0229875776,Cement,115
5710,-28.211588,-49,2017,PM2.5,EEA,0.0112148634,0.0056074317,0.0224297268,Cement,115
5711,-28.211588,-49,2018,PM2.5,EEA,0.0111939412,0.0055969706,0.0223878824,Cement,115
5712,-28.211588,-49,2019,PM2.5,EEA,0.011889228,0.005944614,0.023778456,Cement,115
5713,-28.211588,-49,2020,PM2.5,EEA,0.0133889158,0.0066944579,0.0267778316,Cement,115
5714,-28.211588,-49,2021,PM2.5,EEA,0.0156329628,0.0078164814,0.0312659256,Cement,115
5715,-28.211588,-49,2022,PM2.5,EEA,0.009143433,0.0045717165,0.018286866,Cement,115
5716,-28.211588,-49,2014,BC,EEA,0.000532779546,0.0001331948865,0.002131118184,Cement,115
5717,-28.211588,-49,2015,BC,EEA,0.000441829518,0.0001104573795,0.001767318072,Cement,115
5718,-28.211588,-49,2016,BC,EEA,0.000344813664,8.6203416e-05,0.001379254656,Cement,115
5719,-28.211588,-49,2017,BC,EEA,0.000336445902,8.41114755e-05,0.001345783608,Cement,115
5720,-28.211588,-49,2018,BC,EEA,0.000335818236,8.3954559e-05,0.001343272944,Cement,115
5721,-28.211588,-49,2019,BC,EEA,0.00035667684,8.916921e-05,0.00142670736,Cement,115
5722,-28.211588,-49,2020,BC,EEA,0.000401667474,0.0001004168685,0.001606669896,Cement,115
5723,-28.211588,-49,2021,BC,EEA,0.000468988884,0.000117247221,0.001875955536,Cement,115
5724,-28.211588,-49,2022,BC,EEA,0.00027430299,6.85757475e-05,0.00109721196,Cement,115
5725,-28.211588,-49,2014,NOX,EEA,0.113022122493333,0.0300542308,0.425312902533333,Cement,115
5726,-28.211588,-49,2015,NOX,EEA,0.0937282789466666,0.0249237164,0.352708350266667,Cement,115
5727,-28.211588,-49,2016,NOX,EEA,0.0731476507733333,0.0194510272,0.275261506133333,Cement,115
5728,-28.211588,-49,2017,NOX,EEA,0.07137254092,0.0189789996,0.2685816004,Cement,115
5729,-28.211588,-49,2018,NOX,EEA,0.0712393898933333,0.0189435928,0.268080540533333,Cement,115
5730,-28.211588,-49,2019,NOX,EEA,0.0756642664,0.020120232,0.284731768,Cement,115
5731,-28.211588,-49,2020,NOX,EEA,0.0852084333733333,0.0226581652,0.320647368133333,Cement,115
5732,-28.211588,-49,2021,NOX,EEA,0.09948977864,0.0264557832,0.3743894168,Cement,115
5733,-28.211588,-49,2022,NOX,EEA,0.0581897454,0.015473502,0.218973498,Cement,115
5734,-28.211588,-49,2014,CO,EEA,0.01325118358,0.00418937762666667,0.0418937762666667,Cement,115
5735,-28.211588,-49,2015,CO,EEA,0.01098909314,0.00347421501333333,0.0347421501333333,Cement,115
5736,-28.211588,-49,2016,CO,EEA,0.00857613472,0.00271135530666667,0.0271135530666667,Cement,115
5737,-28.211588,-49,2017,CO,EEA,0.00836801346,0.00264555752,0.0264555752,Cement,115
5738,-28.211588,-49,2018,CO,EEA,0.00835240228,0.00264062202666667,0.0264062202666667,Cement,115
5739,-28.211588,-49,2019,CO,EEA,0.0088711932,0.0028046384,0.028046384,Cement,115
5740,-28.211588,-49,2020,CO,EEA,0.00999019102,0.00315841090666667,0.0315841090666667,Cement,115
5741,-28.211588,-49,2021,CO,EEA,0.01166459532,0.00368777584,0.0368777584,Cement,115
5742,-28.211588,-49,2022,CO,EEA,0.0068224077,0.0021569124,0.021569124,Cement,115
5743,-28.211588,-49,2014,NMVOCs,EEA,0.0081966084,0.00104734440666667,0.0628406644,Cement,115
5744,-28.211588,-49,2015,NMVOCs,EEA,0.0067973772,0.000868553753333333,0.0521132252,Cement,115
5745,-28.211588,-49,2016,NMVOCs,EEA,0.0053048256,0.000677838826666667,0.0406703296,Cement,115
5746,-28.211588,-49,2017,NMVOCs,EEA,0.0051760908,0.00066138938,0.0396833628,Cement,115
5747,-28.211588,-49,2018,NMVOCs,EEA,0.0051664344,0.000660155506666667,0.0396093304,Cement,115
5748,-28.211588,-49,2019,NMVOCs,EEA,0.005487336,0.0007011596,0.042069576,Cement,115
5749,-28.211588,-49,2020,NMVOCs,EEA,0.0061794996,0.000789602726666667,0.0473761636,Cement,115
5750,-28.211588,-49,2021,NMVOCs,EEA,0.0072152136,0.00092194396,0.0553166376,Cement,115
5751,-28.211588,-49,2022,NMVOCs,EEA,0.004220046,0.0005392281,0.032353686,Cement,115
5752,-28.211588,-49,2014,SOX,EEA,0.05109219236,0.0027322028,1.5191047568,Cement,115
5753,-28.211588,-49,2015,SOX,EEA,0.04237031788,0.0022657924,1.2597805744,Cement,115
5754,-28.211588,-49,2016,SOX,EEA,0.03306674624,0.0017682752,0.9831610112,Cement,115
5755,-28.211588,-49,2017,SOX,EEA,0.03226429932,0.0017253636,0.9593021616,Cement,115
5756,-28.211588,-49,2018,SOX,EEA,0.03220410776,0.0017221448,0.9575125088,Cement,115
5757,-28.211588,-49,2019,SOX,EEA,0.0342043944,0.001829112,1.016986272,Cement,115
5758,-28.211588,-49,2020,SOX,EEA,0.03851888084,0.0020598332,1.1452672592,Cement,115
5759,-28.211588,-49,2021,SOX,EEA,0.04497483144,0.0024050712,1.3372195872,Cement,115
5760,-28.211588,-49,2022,SOX,EEA,0.0263049534,0.001406682,0.782115192,Cement,115
5761,-26.879973,-49,2014,TSP,EEA,0.0355186364,0.0177593182,0.0710372728,Cement,115
5762,-26.879973,-49,2015,TSP,EEA,0.0294553012,0.0147276506,0.0589106024,Cement,115
5763,-26.879973,-49,2016,TSP,EEA,0.0229875776,0.0114937888,0.0459751552,Cement,115
5764,-26.879973,-49,2017,TSP,EEA,0.0224297268,0.0112148634,0.0448594536,Cement,115
5765,-26.879973,-49,2018,TSP,EEA,0.0223878824,0.0111939412,0.0447757648,Cement,115
5766,-26.879973,-49,2019,TSP,EEA,0.023778456,0.011889228,0.047556912,Cement,115
5767,-26.879973,-49,2020,TSP,EEA,0.0267778316,0.0133889158,0.0535556632,Cement,115
5768,-26.879973,-49,2021,TSP,EEA,0.0312659256,0.0156329628,0.0625318512,Cement,115
5769,-26.879973,-49,2022,TSP,EEA,0.018286866,0.009143433,0.036573732,Cement,115
5770,-26.879973,-49,2014,PM10,EEA,0.03196677276,0.01598338638,0.06393354552,Cement,115
5771,-26.879973,-49,2015,PM10,EEA,0.02650977108,0.01325488554,0.05301954216,Cement,115
5772,-26.879973,-49,2016,PM10,EEA,0.02068881984,0.01034440992,0.04137763968,Cement,115
5773,-26.879973,-49,2017,PM10,EEA,0.02018675412,0.01009337706,0.04037350824,Cement,115
5774,-26.879973,-49,2018,PM10,EEA,0.02014909416,0.01007454708,0.04029818832,Cement,115
5775,-26.879973,-49,2019,PM10,EEA,0.0214006104,0.0107003052,0.0428012208,Cement,115
5776,-26.879973,-49,2020,PM10,EEA,0.02410004844,0.01205002422,0.04820009688,Cement,115
5777,-26.879973,-49,2021,PM10,EEA,0.02813933304,0.01406966652,0.05627866608,Cement,115
5778,-26.879973,-49,2022,PM10,EEA,0.0164581794,0.0082290897,0.0329163588,Cement,115
5779,-26.879973,-49,2014,PM2.5,EEA,0.0177593182,0.0088796591,0.0355186364,Cement,115
5780,-26.879973,-49,2015,PM2.5,EEA,0.0147276506,0.0073638253,0.0294553012,Cement,115
5781,-26.879973,-49,2016,PM2.5,EEA,0.0114937888,0.0057468944,0.0229875776,Cement,115
5782,-26.879973,-49,2017,PM2.5,EEA,0.0112148634,0.0056074317,0.0224297268,Cement,115
5783,-26.879973,-49,2018,PM2.5,EEA,0.0111939412,0.0055969706,0.0223878824,Cement,115
5784,-26.879973,-49,2019,PM2.5,EEA,0.011889228,0.005944614,0.023778456,Cement,115
5785,-26.879973,-49,2020,PM2.5,EEA,0.0133889158,0.0066944579,0.0267778316,Cement,115
5786,-26.879973,-49,2021,PM2.5,EEA,0.0156329628,0.0078164814,0.0312659256,Cement,115
5787,-26.879973,-49,2022,PM2.5,EEA,0.009143433,0.0045717165,0.018286866,Cement,115
5788,-26.879973,-49,2014,BC,EEA,0.000532779546,0.0001331948865,0.002131118184,Cement,115
5789,-26.879973,-49,2015,BC,EEA,0.000441829518,0.0001104573795,0.001767318072,Cement,115
5790,-26.879973,-49,2016,BC,EEA,0.000344813664,8.6203416e-05,0.001379254656,Cement,115
5791,-26.879973,-49,2017,BC,EEA,0.000336445902,8.41114755e-05,0.001345783608,Cement,115
5792,-26.879973,-49,2018,BC,EEA,0.000335818236,8.3954559e-05,0.001343272944,Cement,115
5793,-26.879973,-49,2019,BC,EEA,0.00035667684,8.916921e-05,0.00142670736,Cement,115
5794,-26.879973,-49,2020,BC,EEA,0.000401667474,0.0001004168685,0.001606669896,Cement,115
5795,-26.879973,-49,2021,BC,EEA,0.000468988884,0.000117247221,0.001875955536,Cement,115
5796,-26.879973,-49,2022,BC,EEA,0.00027430299,6.85757475e-05,0.00109721196,Cement,115
5797,-26.879973,-49,2014,NOX,EEA,0.113022122493333,0.0300542308,0.425312902533333,Cement,115
5798,-26.879973,-49,2015,NOX,EEA,0.0937282789466666,0.0249237164,0.352708350266667,Cement,115
5799,-26.879973,-49,2016,NOX,EEA,0.0731476507733333,0.0194510272,0.275261506133333,Cement,115
5800,-26.879973,-49,2017,NOX,EEA,0.07137254092,0.0189789996,0.2685816004,Cement,115
5801,-26.879973,-49,2018,NOX,EEA,0.0712393898933333,0.0189435928,0.268080540533333,Cement,115
5802,-26.879973,-49,2019,NOX,EEA,0.0756642664,0.020120232,0.284731768,Cement,115
5803,-26.879973,-49,2020,NOX,EEA,0.0852084333733333,0.0226581652,0.320647368133333,Cement,115
5804,-26.879973,-49,2021,NOX,EEA,0.09948977864,0.0264557832,0.3743894168,Cement,115
5805,-26.879973,-49,2022,NOX,EEA,0.0581897454,0.015473502,0.218973498,Cement,115
5806,-26.879973,-49,2014,CO,EEA,0.01325118358,0.00418937762666667,0.0418937762666667,Cement,115
5807,-26.879973,-49,2015,CO,EEA,0.01098909314,0.00347421501333333,0.0347421501333333,Cement,115
5808,-26.879973,-49,2016,CO,EEA,0.00857613472,0.00271135530666667,0.0271135530666667,Cement,115
5809,-26.879973,-49,2017,CO,EEA,0.00836801346,0.00264555752,0.0264555752,Cement,115
5810,-26.879973,-49,2018,CO,EEA,0.00835240228,0.00264062202666667,0.0264062202666667,Cement,115
5811,-26.879973,-49,2019,CO,EEA,0.0088711932,0.0028046384,0.028046384,Cement,115
5812,-26.879973,-49,2020,CO,EEA,0.00999019102,0.00315841090666667,0.0315841090666667,Cement,115
5813,-26.879973,-49,2021,CO,EEA,0.01166459532,0.00368777584,0.0368777584,Cement,115
5814,-26.879973,-49,2022,CO,EEA,0.0068224077,0.0021569124,0.021569124,Cement,115
5815,-26.879973,-49,2014,NMVOCs,EEA,0.0081966084,0.00104734440666667,0.0628406644,Cement,115
5816,-26.879973,-49,2015,NMVOCs,EEA,0.0067973772,0.000868553753333333,0.0521132252,Cement,115
5817,-26.879973,-49,2016,NMVOCs,EEA,0.0053048256,0.000677838826666667,0.0406703296,Cement,115
5818,-26.879973,-49,2017,NMVOCs,EEA,0.0051760908,0.00066138938,0.0396833628,Cement,115
5819,-26.879973,-49,2018,NMVOCs,EEA,0.0051664344,0.000660155506666667,0.0396093304,Cement,115
5820,-26.879973,-49,2019,NMVOCs,EEA,0.005487336,0.0007011596,0.042069576,Cement,115
5821,-26.879973,-49,2020,NMVOCs,EEA,0.0061794996,0.000789602726666667,0.0473761636,Cement,115
5822,-26.879973,-49,2021,NMVOCs,EEA,0.0072152136,0.00092194396,0.0553166376,Cement,115
5823,-26.879973,-49,2022,NMVOCs,EEA,0.004220046,0.0005392281,0.032353686,Cement,115
5824,-26.879973,-49,2014,SOX,EEA,0.05109219236,0.0027322028,1.5191047568,Cement,115
5825,-26.879973,-49,2015,SOX,EEA,0.04237031788,0.0022657924,1.2597805744,Cement,115
5826,-26.879973,-49,2016,SOX,EEA,0.03306674624,0.0017682752,0.9831610112,Cement,115
5827,-26.879973,-49,2017,SOX,EEA,0.03226429932,0.0017253636,0.9593021616,Cement,115
5828,-26.879973,-49,2018,SOX,EEA,0.03220410776,0.0017221448,0.9575125088,Cement,115
5829,-26.879973,-49,2019,SOX,EEA,0.0342043944,0.001829112,1.016986272,Cement,115
5830,-26.879973,-49,2020,SOX,EEA,0.03851888084,0.0020598332,1.1452672592,Cement,115
5831,-26.879973,-49,2021,SOX,EEA,0.04497483144,0.0024050712,1.3372195872,Cement,115
5832,-26.879973,-49,2022,SOX,EEA,0.0263049534,0.001406682,0.782115192,Cement,115
5833,-20.761326,-47,2014,TSP,EEA,0.082756201125,0.0413781005625,0.16551240225,Cement,115
5834,-20.761326,-47,2015,TSP,EEA,0.07312660875,0.036563304375,0.1462532175,Cement,115
5835,-20.761326,-47,2016,TSP,EEA,0.064476091875,0.0322380459375,0.12895218375,Cement,115
5836,-20.761326,-47,2017,TSP,EEA,0.06276489375,0.031382446875,0.1255297875,Cement,115
5837,-20.761326,-47,2018,TSP,EEA,0.06725777175,0.033628885875,0.1345155435,Cement,115
5838,-20.761326,-47,2019,TSP,EEA,0.07761114075,0.038805570375,0.1552222815,Cement,115
5839,-20.761326,-47,2020,TSP,EEA,0.077748177,0.0388740885,0.155496354,Cement,115
5840,-20.761326,-47,2021,TSP,EEA,0.08144544525,0.040722722625,0.1628908905,Cement,115
5841,-20.761326,-47,2022,TSP,EEA,0.045064183125,0.0225320915625,0.09012836625,Cement,115
5842,-20.761326,-47,2014,PM10,EEA,0.0744805810125,0.03724029050625,0.148961162025,Cement,115
5843,-20.761326,-47,2015,PM10,EEA,0.065813947875,0.0329069739375,0.13162789575,Cement,115
5844,-20.761326,-47,2016,PM10,EEA,0.0580284826875,0.02901424134375,0.116056965375,Cement,115
5845,-20.761326,-47,2017,PM10,EEA,0.056488404375,0.0282442021875,0.11297680875,Cement,115
5846,-20.761326,-47,2018,PM10,EEA,0.060531994575,0.0302659972875,0.12106398915,Cement,115
5847,-20.761326,-47,2019,PM10,EEA,0.069850026675,0.0349250133375,0.13970005335,Cement,115
5848,-20.761326,-47,2020,PM10,EEA,0.0699733593,0.03498667965,0.1399467186,Cement,115
5849,-20.761326,-47,2021,PM10,EEA,0.073300900725,0.0366504503625,0.14660180145,Cement,115
5850,-20.761326,-47,2022,PM10,EEA,0.0405577648125,0.02027888240625,0.081115529625,Cement,115
5851,-20.761326,-47,2014,PM2.5,EEA,0.0413781005625,0.02068905028125,0.082756201125,Cement,115
5852,-20.761326,-47,2015,PM2.5,EEA,0.036563304375,0.0182816521875,0.07312660875,Cement,115
5853,-20.761326,-47,2016,PM2.5,EEA,0.0322380459375,0.01611902296875,0.064476091875,Cement,115
5854,-20.761326,-47,2017,PM2.5,EEA,0.031382446875,0.0156912234375,0.06276489375,Cement,115
5855,-20.761326,-47,2018,PM2.5,EEA,0.033628885875,0.0168144429375,0.06725777175,Cement,115
5856,-20.761326,-47,2019,PM2.5,EEA,0.038805570375,0.0194027851875,0.07761114075,Cement,115
5857,-20.761326,-47,2020,PM2.5,EEA,0.0388740885,0.01943704425,0.077748177,Cement,115
5858,-20.761326,-47,2021,PM2.5,EEA,0.040722722625,0.0203613613125,0.08144544525,Cement,115
5859,-20.761326,-47,2022,PM2.5,EEA,0.0225320915625,0.01126604578125,0.045064183125,Cement,115
5860,-20.761326,-47,2014,BC,EEA,0.001241343016875,0.00031033575421875,0.0049653720675,Cement,115
5861,-20.761326,-47,2015,BC,EEA,0.00109689913125,0.0002742247828125,0.004387596525,Cement,115
5862,-20.761326,-47,2016,BC,EEA,0.000967141378125,0.00024178534453125,0.0038685655125,Cement,115
5863,-20.761326,-47,2017,BC,EEA,0.00094147340625,0.0002353683515625,0.003765893625,Cement,115
5864,-20.761326,-47,2018,BC,EEA,0.00100886657625,0.0002522166440625,0.004035466305,Cement,115
5865,-20.761326,-47,2019,BC,EEA,0.00116416711125,0.0002910417778125,0.004656668445,Cement,115
5866,-20.761326,-47,2020,BC,EEA,0.001166222655,0.00029155566375,0.00466489062,Cement,115
5867,-20.761326,-47,2021,BC,EEA,0.00122168167875,0.0003054204196875,0.004886726715,Cement,115
5868,-20.761326,-47,2022,BC,EEA,0.000675962746875,0.00016899068671875,0.0027038509875,Cement,115
5869,-20.761326,-47,2014,NOX,EEA,0.2633344758875,0.070024477875,0.990952459625,Cement,115
5870,-20.761326,-47,2015,NOX,EEA,0.232692619125,0.06187636125,0.87564426375,Cement,115
5871,-20.761326,-47,2016,NOX,EEA,0.2051662308125,0.054556693125,0.772059869375,Cement,115
5872,-20.761326,-47,2017,NOX,EEA,0.199721110625,0.05310875625,0.75156936875,Cement,115
5873,-20.761326,-47,2018,NOX,EEA,0.214017678825,0.05691042225,0.80536870275,Cement,115
5874,-20.761326,-47,2019,NOX,EEA,0.246962629925,0.06567096525,0.92934365975,Cement,115
5875,-20.761326,-47,2020,NOX,EEA,0.2473986863,0.065786919,0.930984581,Cement,115
5876,-20.761326,-47,2021,NOX,EEA,0.259163583475,0.06891537675,0.97525699825,Cement,115
5877,-20.761326,-47,2022,NOX,EEA,0.1433965416875,0.038131231875,0.539614705625,Cement,115
5878,-20.761326,-47,2014,CO,EEA,0.03087442888125,0.009760987825,0.09760987825,Cement,115
5879,-20.761326,-47,2015,CO,EEA,0.0272818501875,0.00862518975,0.0862518975,Cement,115
5880,-20.761326,-47,2016,CO,EEA,0.02405454196875,0.007604872375,0.07604872375,Cement,115
5881,-20.761326,-47,2017,CO,EEA,0.0234161334375,0.00740303875,0.0740303875,Cement,115
5882,-20.761326,-47,2018,CO,EEA,0.0250923225375,0.00793296795,0.0793296795,Cement,115
5883,-20.761326,-47,2019,CO,EEA,0.0289549255875,0.00915413455,0.0915413455,Cement,115
5884,-20.761326,-47,2020,CO,EEA,0.02900605065,0.0091702978,0.091702978,Cement,115
5885,-20.761326,-47,2021,CO,EEA,0.0303854161125,0.00960638585,0.0960638585,Cement,115
5886,-20.761326,-47,2022,CO,EEA,0.01681240678125,0.005315262625,0.05315262625,Cement,115
5887,-20.761326,-47,2014,NMVOCs,EEA,0.019097584875,0.00244024695625,0.146414817375,Cement,115
5888,-20.761326,-47,2015,NMVOCs,EEA,0.01687537125,0.0021562974375,0.12937784625,Cement,115
5889,-20.761326,-47,2016,NMVOCs,EEA,0.014879098125,0.00190121809375,0.114073085625,Cement,115
5890,-20.761326,-47,2017,NMVOCs,EEA,0.01448420625,0.0018507596875,0.11104558125,Cement,115
5891,-20.761326,-47,2018,NMVOCs,EEA,0.01552102425,0.0019832419875,0.11899451925,Cement,115
5892,-20.761326,-47,2019,NMVOCs,EEA,0.01791026325,0.0022885336375,0.13731201825,Cement,115
5893,-20.761326,-47,2020,NMVOCs,EEA,0.017941887,0.00229257445,0.137554467,Cement,115
5894,-20.761326,-47,2021,NMVOCs,EEA,0.01879510275,0.0024015964625,0.14409578775,Cement,115
5895,-20.761326,-47,2022,NMVOCs,EEA,0.010399426875,0.00132881565625,0.079728939375,Cement,115
5896,-20.761326,-47,2014,SOX,EEA,0.1190416123875,0.006365861625,3.5394190635,Cement,115
5897,-20.761326,-47,2015,SOX,EEA,0.105189814125,0.00562512375,3.127568805,Cement,115
5898,-20.761326,-47,2016,SOX,EEA,0.0927463783125,0.004959699375,2.7575928525,Cement,115
5899,-20.761326,-47,2017,SOX,EEA,0.090284885625,0.00482806875,2.684406225,Cement,115
5900,-20.761326,-47,2018,SOX,EEA,0.096747717825,0.00517367475,2.876563161,Cement,115
5901,-20.761326,-47,2019,SOX,EEA,0.111640640925,0.00597008775,3.319368789,Cement,115
5902,-20.761326,-47,2020,SOX,EEA,0.1118377623,0.005980629,3.325229724,Cement,115
5903,-20.761326,-47,2021,SOX,EEA,0.117156140475,0.00626503425,3.483359043,Cement,115
5904,-20.761326,-47,2022,SOX,EEA,0.0648230941875,0.003466475625,1.9273604475,Cement,115
5905,-10.826338,-37,2014,TSP,EEA,0.0886835704444444,0.0443417852222222,0.177367140888889,Cement,115
5906,-10.826338,-37,2015,TSP,EEA,0.0804254677777778,0.0402127338888889,0.160850935555556,Cement,115
5907,-10.826338,-37,2016,TSP,EEA,0.0574491175555555,0.0287245587777778,0.114898235111111,Cement,115
5908,-10.826338,-37,2017,TSP,EEA,0.0541833211111111,0.0270916605555556,0.108366642222222,Cement,115
5909,-10.826338,-37,2018,TSP,EEA,0.0536562086666667,0.0268281043333333,0.107312417333333,Cement,115
5910,-10.826338,-37,2019,TSP,EEA,0.05440422,0.02720211,0.10880844,Cement,115
5911,-10.826338,-37,2020,TSP,EEA,0.0626439926666667,0.0313219963333333,0.125287985333333,Cement,115
5912,-10.826338,-37,2021,TSP,EEA,0.0594152086666667,0.0297076043333333,0.118830417333333,Cement,115
5913,-10.826338,-37,2022,TSP,EEA,0.0324863615555556,0.0162431807777778,0.0649727231111111,Cement,115
5914,-10.826338,-37,2014,PM10,EEA,0.0798152134,0.0399076067,0.1596304268,Cement,115
5915,-10.826338,-37,2015,PM10,EEA,0.072382921,0.0361914605,0.144765842,Cement,115
5916,-10.826338,-37,2016,PM10,EEA,0.0517042058,0.0258521029,0.1034084116,Cement,115
5917,-10.826338,-37,2017,PM10,EEA,0.048764989,0.0243824945,0.097529978,Cement,115
5918,-10.826338,-37,2018,PM10,EEA,0.0482905878,0.0241452939,0.0965811756,Cement,115
5919,-10.826338,-37,2019,PM10,EEA,0.048963798,0.024481899,0.097927596,Cement,115
5920,-10.826338,-37,2020,PM10,EEA,0.0563795934,0.0281897967,0.1127591868,Cement,115
5921,-10.826338,-37,2021,PM10,EEA,0.0534736878,0.0267368439,0.1069473756,Cement,115
5922,-10.826338,-37,2022,PM10,EEA,0.0292377254,0.0146188627,0.0584754508,Cement,115
5923,-10.826338,-37,2014,PM2.5,EEA,0.0443417852222222,0.0221708926111111,0.0886835704444444,Cement,115
5924,-10.826338,-37,2015,PM2.5,EEA,0.0402127338888889,0.0201063669444444,0.0804254677777778,Cement,115
5925,-10.826338,-37,2016,PM2.5,EEA,0.0287245587777778,0.0143622793888889,0.0574491175555555,Cement,115
5926,-10.826338,-37,2017,PM2.5,EEA,0.0270916605555556,0.0135458302777778,0.0541833211111111,Cement,115
5927,-10.826338,-37,2018,PM2.5,EEA,0.0268281043333333,0.0134140521666667,0.0536562086666667,Cement,115
5928,-10.826338,-37,2019,PM2.5,EEA,0.02720211,0.013601055,0.05440422,Cement,115
5929,-10.826338,-37,2020,PM2.5,EEA,0.0313219963333333,0.0156609981666667,0.0626439926666667,Cement,115
5930,-10.826338,-37,2021,PM2.5,EEA,0.0297076043333333,0.0148538021666667,0.0594152086666667,Cement,115
5931,-10.826338,-37,2022,PM2.5,EEA,0.0162431807777778,0.00812159038888889,0.0324863615555556,Cement,115
5932,-10.826338,-37,2014,BC,EEA,0.00133025355666667,0.000332563389166667,0.00532101422666667,Cement,115
5933,-10.826338,-37,2015,BC,EEA,0.00120638201666667,0.000301595504166667,0.00482552806666667,Cement,115
5934,-10.826338,-37,2016,BC,EEA,0.000861736763333333,0.000215434190833333,0.00344694705333333,Cement,115
5935,-10.826338,-37,2017,BC,EEA,0.000812749816666667,0.000203187454166667,0.00325099926666667,Cement,115
5936,-10.826338,-37,2018,BC,EEA,0.00080484313,0.0002012107825,0.00321937252,Cement,115
5937,-10.826338,-37,2019,BC,EEA,0.0008160633,0.000204015825,0.0032642532,Cement,115
5938,-10.826338,-37,2020,BC,EEA,0.00093965989,0.0002349149725,0.00375863956,Cement,115
5939,-10.826338,-37,2021,BC,EEA,0.00089122813,0.0002228070325,0.00356491252,Cement,115
5940,-10.826338,-37,2022,BC,EEA,0.000487295423333333,0.000121823855833333,0.00194918169333333,Cement,115
5941,-10.826338,-37,2014,NOX,EEA,0.28219566902963,0.0750399442222222,1.06192890762963,Cement,115
5942,-10.826338,-37,2015,NOX,EEA,0.255917962851852,0.0680523188888889,0.963043421851852,Cement,115
5943,-10.826338,-37,2016,NOX,EEA,0.18280603817037,0.0486107917777778,0.68791635637037,Cement,115
5944,-10.826338,-37,2017,NOX,EEA,0.172414106407407,0.0458474255555556,0.648810537407407,Cement,115
5945,-10.826338,-37,2018,NOX,EEA,0.170736807577778,0.0454014073333333,0.642498703777778,Cement,115
5946,-10.826338,-37,2019,NOX,EEA,0.173117018,0.04603434,0.65145566,Cement,115
5947,-10.826338,-37,2020,NOX,EEA,0.199336397177778,0.0530064553333333,0.750121655777778,Cement,115
5948,-10.826338,-37,2021,NOX,EEA,0.189062240911111,0.0502744073333333,0.711459037111111,Cement,115
5949,-10.826338,-37,2022,NOX,EEA,0.103373268437037,0.0274884597777778,0.389003355037037,Cement,115
5950,-10.826338,-37,2014,CO,EEA,0.0330857935888889,0.010460113437037,0.10460113437037,Cement,115
5951,-10.826338,-37,2015,CO,EEA,0.0300048860555556,0.00948608081481481,0.0948608081481481,Cement,115
5952,-10.826338,-37,2016,CO,EEA,0.0214329400111111,0.00677604976296296,0.0677604976296296,Cement,115
5953,-10.826338,-37,2017,CO,EEA,0.0202145467222222,0.00639085325925926,0.0639085325925926,Cement,115
5954,-10.826338,-37,2018,CO,EEA,0.0200178932333333,0.00632868102222222,0.0632868102222222,Cement,115
5955,-10.826338,-37,2019,CO,EEA,0.020296959,0.006416908,0.06416908,Cement,115
5956,-10.826338,-37,2020,CO,EEA,0.0233710280333333,0.00738877862222222,0.0738877862222222,Cement,115
5957,-10.826338,-37,2021,CO,EEA,0.0221664432333333,0.00700794768888889,0.0700794768888889,Cement,115
5958,-10.826338,-37,2022,CO,EEA,0.0121199118111111,0.0038317246962963,0.038317246962963,Cement,115
5959,-10.826338,-37,2014,NMVOCs,EEA,0.0204654393333333,0.00261502835925926,0.156901701555556,Cement,115
5960,-10.826338,-37,2015,NMVOCs,EEA,0.0185597233333333,0.0023715202037037,0.142291212222222,Cement,115
5961,-10.826338,-37,2016,NMVOCs,EEA,0.0132574886666667,0.00169401244074074,0.101640746444444,Cement,115
5962,-10.826338,-37,2017,NMVOCs,EEA,0.0125038433333333,0.00159771331481481,0.0958627988888889,Cement,115
5963,-10.826338,-37,2018,NMVOCs,EEA,0.012382202,0.00158217025555555,0.0949302153333333,Cement,115
5964,-10.826338,-37,2019,NMVOCs,EEA,0.01255482,0.001604227,0.09625362,Cement,115
5965,-10.826338,-37,2020,NMVOCs,EEA,0.014456306,0.00184719465555556,0.110831679333333,Cement,115
5966,-10.826338,-37,2021,NMVOCs,EEA,0.013711202,0.00175198692222222,0.105119215333333,Cement,115
5967,-10.826338,-37,2022,NMVOCs,EEA,0.00749685266666667,0.000957931174074074,0.0574758704444444,Cement,115
5968,-10.826338,-37,2014,SOX,EEA,0.127567905177778,0.00682181311111111,3.79292808977778,Cement,115
5969,-10.826338,-37,2015,SOX,EEA,0.115688942111111,0.00618657444444444,3.43973539111111,Cement,115
5970,-10.826338,-37,2016,SOX,EEA,0.0826383460222222,0.00441916288888889,2.45705456622222,Cement,115
5971,-10.826338,-37,2017,SOX,EEA,0.0779406234444444,0.00416794777777778,2.31737896444444,Cement,115
5972,-10.826338,-37,2018,SOX,EEA,0.0771823924666667,0.00412740066666667,2.29483477066667,Cement,115
5973,-10.826338,-37,2019,SOX,EEA,0.078258378,0.00418494,2.32682664,Cement,115
5974,-10.826338,-37,2020,SOX,EEA,0.0901109740666667,0.00481876866666667,2.67923537866667,Cement,115
5975,-10.826338,-37,2021,SOX,EEA,0.0854664924666667,0.00457040066666667,2.54114277066667,Cement,115
5976,-10.826338,-37,2022,SOX,EEA,0.0467303816222222,0.00249895088888889,1.38941669422222,Cement,115
5977,-14.64112,-56,2014,TSP,EEA,0.066969552,0.033484776,0.133939104,Cement,115
5978,-14.64112,-56,2015,TSP,EEA,0.053013168,0.026506584,0.106026336,Cement,115
5979,-14.64112,-56,2016,TSP,EEA,0.040607892,0.020303946,0.081215784,Cement,115
5980,-14.64112,-56,2017,TSP,EEA,0.040327482,0.020163741,0.080654964,Cement,115
5981,-14.64112,-56,2018,TSP,EEA,0.045855849,0.0229279245,0.091711698,Cement,115
5982,-14.64112,-56,2019,TSP,EEA,0.043998357,0.0219991785,0.087996714,Cement,115
5983,-14.64112,-56,2020,TSP,EEA,0.049695867,0.0248479335,0.099391734,Cement,115
5984,-14.64112,-56,2021,TSP,EEA,0.054687126,0.027343563,0.109374252,Cement,115
5985,-14.64112,-56,2022,TSP,EEA,0.032938074,0.016469037,0.065876148,Cement,115
5986,-14.64112,-56,2014,PM10,EEA,0.0602725968,0.0301362984,0.1205451936,Cement,115
5987,-14.64112,-56,2015,PM10,EEA,0.0477118512,0.0238559256,0.0954237024,Cement,115
5988,-14.64112,-56,2016,PM10,EEA,0.0365471028,0.0182735514,0.0730942056,Cement,115
5989,-14.64112,-56,2017,PM10,EEA,0.0362947338,0.0181473669,0.0725894676,Cement,115
5990,-14.64112,-56,2018,PM10,EEA,0.0412702641,0.02063513205,0.0825405282,Cement,115
5991,-14.64112,-56,2019,PM10,EEA,0.0395985213,0.01979926065,0.0791970426,Cement,115
5992,-14.64112,-56,2020,PM10,EEA,0.0447262803,0.02236314015,0.0894525606,Cement,115
5993,-14.64112,-56,2021,PM10,EEA,0.0492184134,0.0246092067,0.0984368268,Cement,115
5994,-14.64112,-56,2022,PM10,EEA,0.0296442666,0.0148221333,0.0592885332,Cement,115
5995,-14.64112,-56,2014,PM2.5,EEA,0.033484776,0.016742388,0.066969552,Cement,115
5996,-14.64112,-56,2015,PM2.5,EEA,0.026506584,0.013253292,0.053013168,Cement,115
5997,-14.64112,-56,2016,PM2.5,EEA,0.020303946,0.010151973,0.040607892,Cement,115
5998,-14.64112,-56,2017,PM2.5,EEA,0.020163741,0.0100818705,0.040327482,Cement,115
5999,-14.64112,-56,2018,PM2.5,EEA,0.0229279245,0.01146396225,0.045855849,Cement,115
6000,-14.64112,-56,2019,PM2.5,EEA,0.0219991785,0.01099958925,0.043998357,Cement,115
6001,-14.64112,-56,2020,PM2.5,EEA,0.0248479335,0.01242396675,0.049695867,Cement,115
6002,-14.64112,-56,2021,PM2.5,EEA,0.027343563,0.0136717815,0.054687126,Cement,115
6003,-14.64112,-56,2022,PM2.5,EEA,0.016469037,0.0082345185,0.032938074,Cement,115
6004,-14.64112,-56,2014,BC,EEA,0.00100454328,0.00025113582,0.00401817312,Cement,115
6005,-14.64112,-56,2015,BC,EEA,0.00079519752,0.00019879938,0.00318079008,Cement,115
6006,-14.64112,-56,2016,BC,EEA,0.00060911838,0.000152279595,0.00243647352,Cement,115
6007,-14.64112,-56,2017,BC,EEA,0.00060491223,0.0001512280575,0.00241964892,Cement,115
6008,-14.64112,-56,2018,BC,EEA,0.000687837735,0.00017195943375,0.00275135094,Cement,115
6009,-14.64112,-56,2019,BC,EEA,0.000659975355,0.00016499383875,0.00263990142,Cement,115
6010,-14.64112,-56,2020,BC,EEA,0.000745438005,0.00018635950125,0.00298175202,Cement,115
6011,-14.64112,-56,2021,BC,EEA,0.00082030689,0.0002050767225,0.00328122756,Cement,115
6012,-14.64112,-56,2022,BC,EEA,0.00049407111,0.0001235177775,0.00197628444,Cement,115
6013,-14.64112,-56,2014,NOX,EEA,0.2131005488,0.056666544,0.801917456,Cement,115
6014,-14.64112,-56,2015,NOX,EEA,0.1686906192,0.044857296,0.634798704,Cement,115
6015,-14.64112,-56,2016,NOX,EEA,0.1292163948,0.034360524,0.486253476,Cement,115
6016,-14.64112,-56,2017,NOX,EEA,0.1283241158,0.034123254,0.482895746,Cement,115
6017,-14.64112,-56,2018,NOX,EEA,0.1459156631,0.038801103,0.549094397,Cement,115
6018,-14.64112,-56,2019,NOX,EEA,0.1400050283,0.037229379,0.526852121,Cement,115
6019,-14.64112,-56,2020,NOX,EEA,0.1581347973,0.042050349,0.595076151,Cement,115
6020,-14.64112,-56,2021,NOX,EEA,0.1740172394,0.046273722,0.654843278,Cement,115
6021,-14.64112,-56,2022,NOX,EEA,0.1048106406,0.027870678,0.394412322,Cement,115
6022,-14.64112,-56,2014,CO,EEA,0.0249847944,0.0078989728,0.078989728,Cement,115
6023,-14.64112,-56,2015,CO,EEA,0.0197779896,0.0062528352,0.062528352,Cement,115
6024,-14.64112,-56,2016,CO,EEA,0.0151498674,0.0047896488,0.047896488,Cement,115
6025,-14.64112,-56,2017,CO,EEA,0.0150452529,0.0047565748,0.047565748,Cement,115
6026,-14.64112,-56,2018,CO,EEA,0.01710775905,0.0054086386,0.054086386,Cement,115
6027,-14.64112,-56,2019,CO,EEA,0.01641477165,0.0051895498,0.051895498,Cement,115
6028,-14.64112,-56,2020,CO,EEA,0.01854038115,0.0058615638,0.058615638,Cement,115
6029,-14.64112,-56,2021,CO,EEA,0.0204025047,0.0064502764,0.064502764,Cement,115
6030,-14.64112,-56,2022,CO,EEA,0.0122884353,0.0038850036,0.038850036,Cement,115
6031,-14.64112,-56,2014,NMVOCs,EEA,0.015454512,0.0019747432,0.118484592,Cement,115
6032,-14.64112,-56,2015,NMVOCs,EEA,0.012233808,0.0015632088,0.093792528,Cement,115
6033,-14.64112,-56,2016,NMVOCs,EEA,0.009371052,0.0011974122,0.071844732,Cement,115
6034,-14.64112,-56,2017,NMVOCs,EEA,0.009306342,0.0011891437,0.071348622,Cement,115
6035,-14.64112,-56,2018,NMVOCs,EEA,0.010582119,0.00135215965,0.081129579,Cement,115
6036,-14.64112,-56,2019,NMVOCs,EEA,0.010153467,0.00129738745,0.077843247,Cement,115
6037,-14.64112,-56,2020,NMVOCs,EEA,0.011468277,0.00146539095,0.087923457,Cement,115
6038,-14.64112,-56,2021,NMVOCs,EEA,0.012620106,0.0016125691,0.096754146,Cement,115
6039,-14.64112,-56,2022,NMVOCs,EEA,0.007601094,0.0009712509,0.058275054,Cement,115
6040,-14.64112,-56,2014,SOX,EEA,0.0963331248,0.005151504,2.864236224,Cement,115
6041,-14.64112,-56,2015,SOX,EEA,0.0762574032,0.004077936,2.267332416,Cement,115
6042,-14.64112,-56,2016,SOX,EEA,0.0584128908,0.003123684,1.736768304,Cement,115
6043,-14.64112,-56,2017,SOX,EEA,0.0580095318,0.003102114,1.724775384,Cement,115
6044,-14.64112,-56,2018,SOX,EEA,0.0659618751,0.003527373,1.961219388,Cement,115
6045,-14.64112,-56,2019,SOX,EEA,0.0632899443,0.003384489,1.881775884,Cement,115
6046,-14.64112,-56,2020,SOX,EEA,0.0714855933,0.003822759,2.125454004,Cement,115
6047,-14.64112,-56,2021,SOX,EEA,0.0786653274,0.004206702,2.338926312,Cement,115
6048,-14.64112,-56,2022,SOX,EEA,0.0473801526,0.002533698,1.408736088,Cement,115
6049,-7.874628,-35,2014,TSP,EEA,0.0194879654666667,0.00974398273333333,0.0389759309333333,Cement,115
6050,-7.874628,-35,2015,TSP,EEA,0.0153820090666667,0.00769100453333333,0.0307640181333333,Cement,115
6051,-7.874628,-35,2016,TSP,EEA,0.0106523109333333,0.00532615546666667,0.0213046218666667,Cement,115
6052,-7.874628,-35,2017,TSP,EEA,0.00843994146666667,0.00421997073333333,0.0168798829333333,Cement,115
6053,-7.874628,-35,2018,TSP,EEA,0.006906484,0.003453242,0.013812968,Cement,115
6054,-7.874628,-35,2019,TSP,EEA,0.0080670408,0.0040335204,0.0161340816,Cement,115
6055,-7.874628,-35,2020,TSP,EEA,0.00889759,0.004448795,0.01779518,Cement,115
6056,-7.874628,-35,2021,TSP,EEA,0.0073824868,0.0036912434,0.0147649736,Cement,115
6057,-7.874628,-35,2022,TSP,EEA,0.00332319693333333,0.00166159846666667,0.00664639386666667,Cement,115
6058,-7.874628,-35,2014,PM10,EEA,0.01753916892,0.00876958446,0.03507833784,Cement,115
6059,-7.874628,-35,2015,PM10,EEA,0.01384380816,0.00692190408,0.02768761632,Cement,115
6060,-7.874628,-35,2016,PM10,EEA,0.00958707984,0.00479353992,0.01917415968,Cement,115
6061,-7.874628,-35,2017,PM10,EEA,0.00759594732,0.00379797366,0.01519189464,Cement,115
6062,-7.874628,-35,2018,PM10,EEA,0.0062158356,0.0031079178,0.0124316712,Cement,115
6063,-7.874628,-35,2019,PM10,EEA,0.00726033672,0.00363016836,0.01452067344,Cement,115
6064,-7.874628,-35,2020,PM10,EEA,0.008007831,0.0040039155,0.016015662,Cement,115
6065,-7.874628,-35,2021,PM10,EEA,0.00664423812,0.00332211906,0.01328847624,Cement,115
6066,-7.874628,-35,2022,PM10,EEA,0.00299087724,0.00149543862,0.00598175448,Cement,115
6067,-7.874628,-35,2014,PM2.5,EEA,0.00974398273333333,0.00487199136666667,0.0194879654666667,Cement,115
6068,-7.874628,-35,2015,PM2.5,EEA,0.00769100453333333,0.00384550226666667,0.0153820090666667,Cement,115
6069,-7.874628,-35,2016,PM2.5,EEA,0.00532615546666667,0.00266307773333333,0.0106523109333333,Cement,115
6070,-7.874628,-35,2017,PM2.5,EEA,0.00421997073333333,0.00210998536666667,0.00843994146666667,Cement,115
6071,-7.874628,-35,2018,PM2.5,EEA,0.003453242,0.001726621,0.006906484,Cement,115
6072,-7.874628,-35,2019,PM2.5,EEA,0.0040335204,0.0020167602,0.0080670408,Cement,115
6073,-7.874628,-35,2020,PM2.5,EEA,0.004448795,0.0022243975,0.00889759,Cement,115
6074,-7.874628,-35,2021,PM2.5,EEA,0.0036912434,0.0018456217,0.0073824868,Cement,115
6075,-7.874628,-35,2022,PM2.5,EEA,0.00166159846666667,0.000830799233333333,0.00332319693333333,Cement,115
6076,-7.874628,-35,2014,BC,EEA,0.000292319482,7.30798705e-05,0.001169277928,Cement,115
6077,-7.874628,-35,2015,BC,EEA,0.000230730136,5.7682534e-05,0.000922920544,Cement,115
6078,-7.874628,-35,2016,BC,EEA,0.000159784664,3.9946166e-05,0.000639138656,Cement,115
6079,-7.874628,-35,2017,BC,EEA,0.000126599122,3.16497805e-05,0.000506396488,Cement,115
6080,-7.874628,-35,2018,BC,EEA,0.00010359726,2.5899315e-05,0.00041438904,Cement,115
6081,-7.874628,-35,2019,BC,EEA,0.000121005612,3.0251403e-05,0.000484022448,Cement,115
6082,-7.874628,-35,2020,BC,EEA,0.00013346385,3.33659625e-05,0.0005338554,Cement,115
6083,-7.874628,-35,2021,BC,EEA,0.000110737302,2.76843255e-05,0.000442949208,Cement,115
6084,-7.874628,-35,2022,BC,EEA,4.9847954e-05,1.24619885e-05,0.000199391816,Cement,115
6085,-7.874628,-35,2014,NOX,EEA,0.0620117054977778,0.0164898169333333,0.233355894177778,Cement,115
6086,-7.874628,-35,2015,NOX,EEA,0.0489463416711111,0.0130155461333333,0.184189698311111,Cement,115
6087,-7.874628,-35,2016,NOX,EEA,0.0338961996622222,0.00901349386666667,0.127554595022222,Cement,115
6088,-7.874628,-35,2017,NOX,EEA,0.0268563265644444,0.00714148893333333,0.101062888844444,Cement,115
6089,-7.874628,-35,2018,NOX,EEA,0.0219767862666667,0.005843948,0.0827007186666667,Cement,115
6090,-7.874628,-35,2019,NOX,EEA,0.02566973752,0.0068259576,0.0965976424,Cement,115
6091,-7.874628,-35,2020,NOX,EEA,0.0283125876666667,0.00752873,0.106542936666667,Cement,115
6092,-7.874628,-35,2021,NOX,EEA,0.0234914515866667,0.0062467196,0.0884005470666667,Cement,115
6093,-7.874628,-35,2022,NOX,EEA,0.0105745830622222,0.00281193586666667,0.0397931530222222,Cement,115
6094,-7.874628,-35,2014,CO,EEA,0.00727051019333333,0.00229858054222222,0.0229858054222222,Cement,115
6095,-7.874628,-35,2015,CO,EEA,0.00573867261333333,0.00181428824888889,0.0181428824888889,Cement,115
6096,-7.874628,-35,2016,CO,EEA,0.00397413138666667,0.00125642641777778,0.0125642641777778,Cement,115
6097,-7.874628,-35,2017,CO,EEA,0.00314874739333333,0.000995480275555555,0.00995480275555555,Cement,115
6098,-7.874628,-35,2018,CO,EEA,0.0025766498,0.000814610933333333,0.00814610933333333,Cement,115
6099,-7.874628,-35,2019,CO,EEA,0.00300962676,0.00095149712,0.0095149712,Cement,115
6100,-7.874628,-35,2020,CO,EEA,0.0033194855,0.00104945933333333,0.0104945933333333,Cement,115
6101,-7.874628,-35,2021,CO,EEA,0.00275423546,0.000870754853333333,0.00870754853333333,Cement,115
6102,-7.874628,-35,2022,CO,EEA,0.00123980808666667,0.000391966817777778,0.00391966817777778,Cement,115
6103,-7.874628,-35,2014,NMVOCs,EEA,0.0044972228,0.000574645135555555,0.0344787081333333,Cement,115
6104,-7.874628,-35,2015,NMVOCs,EEA,0.0035496944,0.000453572062222222,0.0272143237333333,Cement,115
6105,-7.874628,-35,2016,NMVOCs,EEA,0.0024582256,0.000314106604444444,0.0188463962666667,Cement,115
6106,-7.874628,-35,2017,NMVOCs,EEA,0.0019476788,0.000248870068888889,0.0149322041333333,Cement,115
6107,-7.874628,-35,2018,NMVOCs,EEA,0.001593804,0.000203652733333333,0.012219164,Cement,115
6108,-7.874628,-35,2019,NMVOCs,EEA,0.0018616248,0.00023787428,0.0142724568,Cement,115
6109,-7.874628,-35,2020,NMVOCs,EEA,0.00205329,0.000262364833333333,0.01574189,Cement,115
6110,-7.874628,-35,2021,NMVOCs,EEA,0.0017036508,0.000217688713333333,0.0130613228,Cement,115
6111,-7.874628,-35,2022,NMVOCs,EEA,0.0007668916,9.79917044444444e-05,0.00587950226666667,Cement,115
6112,-7.874628,-35,2014,SOX,EEA,0.0280326887866667,0.00149907426666667,0.833485292266666,Cement,115
6113,-7.874628,-35,2015,SOX,EEA,0.0221264284266667,0.00118323146666667,0.657876695466667,Cement,115
6114,-7.874628,-35,2016,SOX,EEA,0.0153229395733333,0.000819408533333333,0.455591144533333,Cement,115
6115,-7.874628,-35,2017,SOX,EEA,0.0121405311866667,0.000649226266666667,0.360969804266667,Cement,115
6116,-7.874628,-35,2018,SOX,EEA,0.0099347116,0.000531268,0.295385008,Cement,115
6117,-7.874628,-35,2019,SOX,EEA,0.01160412792,0.0006205416,0.3450211296,Cement,115
6118,-7.874628,-35,2020,SOX,EEA,0.012798841,0.00068443,0.38054308,Cement,115
6119,-7.874628,-35,2021,SOX,EEA,0.01061942332,0.0005678836,0.3157432816,Cement,115
6120,-7.874628,-35,2022,SOX,EEA,0.00478029097333333,0.000255630533333333,0.142130576533333,Cement,115
6121,-3.653844,-39,2014,TSP,EEA,0.0428746898666667,0.0214373449333333,0.0857493797333333,Cement,115
6122,-3.653844,-39,2015,TSP,EEA,0.0450796198666667,0.0225398099333333,0.0901592397333333,Cement,115
6123,-3.653844,-39,2016,TSP,EEA,0.0428435037333333,0.0214217518666667,0.0856870074666667,Cement,115
6124,-3.653844,-39,2017,TSP,EEA,0.0408666786666667,0.0204333393333333,0.0817333573333333,Cement,115
6125,-3.653844,-39,2018,TSP,EEA,0.0381406636,0.0190703318,0.0762813272,Cement,115
6126,-3.653844,-39,2019,TSP,EEA,0.0380917836,0.0190458918,0.0761835672,Cement,115
6127,-3.653844,-39,2020,TSP,EEA,0.0411824764,0.0205912382,0.0823649528,Cement,115
6128,-3.653844,-39,2021,TSP,EEA,0.048366526,0.024183263,0.096733052,Cement,115
6129,-3.653844,-39,2022,TSP,EEA,0.0257131281333333,0.0128565640666667,0.0514262562666667,Cement,115
6130,-3.653844,-39,2014,PM10,EEA,0.03858722088,0.01929361044,0.07717444176,Cement,115
6131,-3.653844,-39,2015,PM10,EEA,0.04057165788,0.02028582894,0.08114331576,Cement,115
6132,-3.653844,-39,2016,PM10,EEA,0.03855915336,0.01927957668,0.07711830672,Cement,115
6133,-3.653844,-39,2017,PM10,EEA,0.0367800108,0.0183900054,0.0735600216,Cement,115
6134,-3.653844,-39,2018,PM10,EEA,0.03432659724,0.01716329862,0.06865319448,Cement,115
6135,-3.653844,-39,2019,PM10,EEA,0.03428260524,0.01714130262,0.06856521048,Cement,115
6136,-3.653844,-39,2020,PM10,EEA,0.03706422876,0.01853211438,0.07412845752,Cement,115
6137,-3.653844,-39,2021,PM10,EEA,0.0435298734,0.0217649367,0.0870597468,Cement,115
6138,-3.653844,-39,2022,PM10,EEA,0.02314181532,0.01157090766,0.04628363064,Cement,115
6139,-3.653844,-39,2014,PM2.5,EEA,0.0214373449333333,0.0107186724666667,0.0428746898666667,Cement,115
6140,-3.653844,-39,2015,PM2.5,EEA,0.0225398099333333,0.0112699049666667,0.0450796198666667,Cement,115
6141,-3.653844,-39,2016,PM2.5,EEA,0.0214217518666667,0.0107108759333333,0.0428435037333333,Cement,115
6142,-3.653844,-39,2017,PM2.5,EEA,0.0204333393333333,0.0102166696666667,0.0408666786666667,Cement,115
6143,-3.653844,-39,2018,PM2.5,EEA,0.0190703318,0.0095351659,0.0381406636,Cement,115
6144,-3.653844,-39,2019,PM2.5,EEA,0.0190458918,0.0095229459,0.0380917836,Cement,115
6145,-3.653844,-39,2020,PM2.5,EEA,0.0205912382,0.0102956191,0.0411824764,Cement,115
6146,-3.653844,-39,2021,PM2.5,EEA,0.024183263,0.0120916315,0.048366526,Cement,115
6147,-3.653844,-39,2022,PM2.5,EEA,0.0128565640666667,0.00642828203333333,0.0257131281333333,Cement,115
6148,-3.653844,-39,2014,BC,EEA,0.000643120348,0.000160780087,0.002572481392,Cement,115
6149,-3.653844,-39,2015,BC,EEA,0.000676194298,0.0001690485745,0.002704777192,Cement,115
6150,-3.653844,-39,2016,BC,EEA,0.000642652556,0.000160663139,0.002570610224,Cement,115
6151,-3.653844,-39,2017,BC,EEA,0.00061300018,0.000153250045,0.00245200072,Cement,115
6152,-3.653844,-39,2018,BC,EEA,0.000572109954,0.0001430274885,0.002288439816,Cement,115
6153,-3.653844,-39,2019,BC,EEA,0.000571376754,0.0001428441885,0.002285507016,Cement,115
6154,-3.653844,-39,2020,BC,EEA,0.000617737146,0.0001544342865,0.002470948584,Cement,115
6155,-3.653844,-39,2021,BC,EEA,0.00072549789,0.0001813744725,0.00290199156,Cement,115
6156,-3.653844,-39,2022,BC,EEA,0.000385696922,9.64242305e-05,0.001542787688,Cement,115
6157,-3.653844,-39,2014,NOX,EEA,0.136429461857778,0.0362785837333333,0.513396927377778,Cement,115
6158,-3.653844,-39,2015,NOX,EEA,0.143445662191111,0.0381442937333333,0.539799550711111,Cement,115
6159,-3.653844,-39,2016,NOX,EEA,0.136330225982222,0.0362521954666667,0.513023493422222,Cement,115
6160,-3.653844,-39,2017,NOX,EEA,0.130039867244444,0.0345794973333333,0.489352280444445,Cement,115
6161,-3.653844,-39,2018,NOX,EEA,0.121365547506667,0.0322728692,0.456709997466667,Cement,115
6162,-3.653844,-39,2019,NOX,EEA,0.12121000884,0.0322315092,0.4561246908,Cement,115
6163,-3.653844,-39,2020,NOX,EEA,0.131044751826667,0.0348467108,0.493133755866667,Cement,115
6164,-3.653844,-39,2021,NOX,EEA,0.153904766066667,0.040925522,0.579158144666667,Cement,115
6165,-3.653844,-39,2022,NOX,EEA,0.0818204923422222,0.0217572622666667,0.307898226622222,Cement,115
6166,-3.653844,-39,2014,CO,EEA,0.0159955573733333,0.00505701470222222,0.0505701470222222,Cement,115
6167,-3.653844,-39,2015,CO,EEA,0.0168181658733333,0.00531708336888889,0.0531708336888889,Cement,115
6168,-3.653844,-39,2016,CO,EEA,0.0159839225466667,0.00505333633777778,0.0505333633777778,Cement,115
6169,-3.653844,-39,2017,CO,EEA,0.0152464147333333,0.00482017235555556,0.0482017235555556,Cement,115
6170,-3.653844,-39,2018,CO,EEA,0.01422940142,0.00449864237333333,0.0449864237333333,Cement,115
6171,-3.653844,-39,2019,CO,EEA,0.01421116542,0.00449287704,0.0449287704,Cement,115
6172,-3.653844,-39,2020,CO,EEA,0.01536423158,0.00485742029333333,0.0485742029333333,Cement,115
6173,-3.653844,-39,2021,CO,EEA,0.0180444347,0.00570476973333333,0.0570476973333333,Cement,115
6174,-3.653844,-39,2022,CO,EEA,0.00959297472666667,0.00303283049777778,0.0303283049777778,Cement,115
6175,-3.653844,-39,2014,NMVOCs,EEA,0.0098941592,0.00126425367555556,0.0758552205333333,Cement,115
6176,-3.653844,-39,2015,NMVOCs,EEA,0.0104029892,0.00132927084222222,0.0797562505333333,Cement,115
6177,-3.653844,-39,2016,NMVOCs,EEA,0.0098869624,0.00126333408444444,0.0758000450666667,Cement,115
6178,-3.653844,-39,2017,NMVOCs,EEA,0.009430772,0.00120504308888889,0.0723025853333333,Cement,115
6179,-3.653844,-39,2018,NMVOCs,EEA,0.0088016916,0.00112466059333333,0.0674796356,Cement,115
6180,-3.653844,-39,2019,NMVOCs,EEA,0.0087904116,0.00112321926,0.0673931556,Cement,115
6181,-3.653844,-39,2020,NMVOCs,EEA,0.0095036484,0.00121435507333333,0.0728613044,Cement,115
6182,-3.653844,-39,2021,NMVOCs,EEA,0.011161506,0.00142619243333333,0.085571546,Cement,115
6183,-3.653844,-39,2022,NMVOCs,EEA,0.0059337988,0.000758207624444444,0.0454924574666667,Cement,115
6184,-3.653844,-39,2014,SOX,EEA,0.0616735923466667,0.00329805306666667,1.83371750506667,Cement,115
6185,-3.653844,-39,2015,SOX,EEA,0.0648452993466666,0.00346766306666667,1.92802066506667,Cement,115
6186,-3.653844,-39,2016,SOX,EEA,0.0616287322933333,0.00329565413333333,1.83238369813333,Cement,115
6187,-3.653844,-39,2017,SOX,EEA,0.0587851454666667,0.00314359066666667,1.74783641066667,Cement,115
6188,-3.653844,-39,2018,SOX,EEA,0.05486387764,0.0029338972,1.6312468432,Cement,115
6189,-3.653844,-39,2019,SOX,EEA,0.05479356564,0.0029301372,1.6291562832,Cement,115
6190,-3.653844,-39,2020,SOX,EEA,0.05923940836,0.0031678828,1.7613428368,Cement,115
6191,-3.653844,-39,2021,SOX,EEA,0.0695733874,0.003720502,2.068599112,Cement,115
6192,-3.653844,-39,2022,SOX,EEA,0.0369873458533333,0.00197793293333333,1.09973071093333,Cement,115
6193,-31.513336,-54,2014,TSP,EEA,0.0406544125,0.02032720625,0.081308825,Cement,115
6194,-31.513336,-54,2015,TSP,EEA,0.0360545315,0.01802726575,0.072109063,Cement,115
6195,-31.513336,-54,2016,TSP,EEA,0.029779399,0.0148896995,0.059558798,Cement,115
6196,-31.513336,-54,2017,TSP,EEA,0.0276924375,0.01384621875,0.055384875,Cement,115
6197,-31.513336,-54,2018,TSP,EEA,0.0266483035,0.01332415175,0.053296607,Cement,115
6198,-31.513336,-54,2019,TSP,EEA,0.026874237,0.0134371185,0.053748474,Cement,115
6199,-31.513336,-54,2020,TSP,EEA,0.029519776,0.014759888,0.059039552,Cement,115
6200,-31.513336,-54,2021,TSP,EEA,0.032919744,0.016459872,0.065839488,Cement,115
6201,-31.513336,-54,2022,TSP,EEA,0.017906967,0.0089534835,0.035813934,Cement,115
6202,-31.513336,-54,2014,PM10,EEA,0.03658897125,0.018294485625,0.0731779425,Cement,115
6203,-31.513336,-54,2015,PM10,EEA,0.03244907835,0.016224539175,0.0648981567,Cement,115
6204,-31.513336,-54,2016,PM10,EEA,0.0268014591,0.01340072955,0.0536029182,Cement,115
6205,-31.513336,-54,2017,PM10,EEA,0.02492319375,0.012461596875,0.0498463875,Cement,115
6206,-31.513336,-54,2018,PM10,EEA,0.02398347315,0.011991736575,0.0479669463,Cement,115
6207,-31.513336,-54,2019,PM10,EEA,0.0241868133,0.01209340665,0.0483736266,Cement,115
6208,-31.513336,-54,2020,PM10,EEA,0.0265677984,0.0132838992,0.0531355968,Cement,115
6209,-31.513336,-54,2021,PM10,EEA,0.0296277696,0.0148138848,0.0592555392,Cement,115
6210,-31.513336,-54,2022,PM10,EEA,0.0161162703,0.00805813515,0.0322325406,Cement,115
6211,-31.513336,-54,2014,PM2.5,EEA,0.02032720625,0.010163603125,0.0406544125,Cement,115
6212,-31.513336,-54,2015,PM2.5,EEA,0.01802726575,0.009013632875,0.0360545315,Cement,115
6213,-31.513336,-54,2016,PM2.5,EEA,0.0148896995,0.00744484975,0.029779399,Cement,115
6214,-31.513336,-54,2017,PM2.5,EEA,0.01384621875,0.006923109375,0.0276924375,Cement,115
6215,-31.513336,-54,2018,PM2.5,EEA,0.01332415175,0.006662075875,0.0266483035,Cement,115
6216,-31.513336,-54,2019,PM2.5,EEA,0.0134371185,0.00671855925,0.026874237,Cement,115
6217,-31.513336,-54,2020,PM2.5,EEA,0.014759888,0.007379944,0.029519776,Cement,115
6218,-31.513336,-54,2021,PM2.5,EEA,0.016459872,0.008229936,0.032919744,Cement,115
6219,-31.513336,-54,2022,PM2.5,EEA,0.0089534835,0.00447674175,0.017906967,Cement,115
6220,-31.513336,-54,2014,BC,EEA,0.0006098161875,0.000152454046875,0.00243926475,Cement,115
6221,-31.513336,-54,2015,BC,EEA,0.0005408179725,0.000135204493125,0.00216327189,Cement,115
6222,-31.513336,-54,2016,BC,EEA,0.000446690985,0.00011167274625,0.00178676394,Cement,115
6223,-31.513336,-54,2017,BC,EEA,0.0004153865625,0.000103846640625,0.00166154625,Cement,115
6224,-31.513336,-54,2018,BC,EEA,0.0003997245525,9.9931138125e-05,0.00159889821,Cement,115
6225,-31.513336,-54,2019,BC,EEA,0.000403113555,0.00010077838875,0.00161245422,Cement,115
6226,-31.513336,-54,2020,BC,EEA,0.00044279664,0.00011069916,0.00177118656,Cement,115
6227,-31.513336,-54,2021,BC,EEA,0.00049379616,0.00012344904,0.00197518464,Cement,115
6228,-31.513336,-54,2022,BC,EEA,0.000268604505,6.715112625e-05,0.00107441802,Cement,115
6229,-31.513336,-54,2014,NOX,EEA,0.129364425416667,0.0343998875,0.486810529166667,Cement,115
6230,-31.513336,-54,2015,NOX,EEA,0.114727368183333,0.0305076805,0.431729902833333,Cement,115
6231,-31.513336,-54,2016,NOX,EEA,0.0947595747666667,0.025197953,0.356589213666667,Cement,115
6232,-31.513336,-54,2017,NOX,EEA,0.08811875625,0.0234320625,0.3315991875,Cement,115
6233,-31.513336,-54,2018,NOX,EEA,0.0847962683166667,0.0225485645,0.319096352166667,Cement,115
6234,-31.513336,-54,2019,NOX,EEA,0.0855152003,0.022739739,0.321801761,Cement,115
6235,-31.513336,-54,2020,NOX,EEA,0.0939334410666667,0.024978272,0.353480394666667,Cement,115
6236,-31.513336,-54,2021,NOX,EEA,0.1047523136,0.027855168,0.394192832,Cement,115
6237,-31.513336,-54,2022,NOX,EEA,0.0569808873,0.015152049,0.214424451,Cement,115
6238,-31.513336,-54,2014,CO,EEA,0.015167223125,0.00479513583333333,0.0479513583333333,Cement,115
6239,-31.513336,-54,2015,CO,EEA,0.013451113675,0.00425258576666667,0.0425258576666667,Cement,115
6240,-31.513336,-54,2016,CO,EEA,0.01111000655,0.00351244193333333,0.0351244193333333,Cement,115
6241,-31.513336,-54,2017,CO,EEA,0.010331409375,0.0032662875,0.032662875,Cement,115
6242,-31.513336,-54,2018,CO,EEA,0.009941867075,0.00314313323333333,0.0314313323333333,Cement,115
6243,-31.513336,-54,2019,CO,EEA,0.01002615765,0.0031697818,0.031697818,Cement,115
6244,-31.513336,-54,2020,CO,EEA,0.0110131472,0.00348181973333333,0.0348181973333333,Cement,115
6245,-31.513336,-54,2021,CO,EEA,0.0122815968,0.0038828416,0.038828416,Cement,115
6246,-31.513336,-54,2022,CO,EEA,0.00668067615,0.0021121038,0.021121038,Cement,115
6247,-31.513336,-54,2014,NMVOCs,EEA,0.0093817875,0.00119878395833333,0.0719270375,Cement,115
6248,-31.513336,-54,2015,NMVOCs,EEA,0.0083202765,0.00106314644166667,0.0637887865,Cement,115
6249,-31.513336,-54,2016,NMVOCs,EEA,0.006872169,0.000878110483333333,0.052686629,Cement,115
6250,-31.513336,-54,2017,NMVOCs,EEA,0.0063905625,0.000816571875,0.0489943125,Cement,115
6251,-31.513336,-54,2018,NMVOCs,EEA,0.0061496085,0.000785783308333333,0.0471469985,Cement,115
6252,-31.513336,-54,2019,NMVOCs,EEA,0.006201747,0.00079244545,0.047546727,Cement,115
6253,-31.513336,-54,2020,NMVOCs,EEA,0.006812256,0.000870454933333333,0.052227296,Cement,115
6254,-31.513336,-54,2021,NMVOCs,EEA,0.007596864,0.0009707104,0.058242624,Cement,115
6255,-31.513336,-54,2022,NMVOCs,EEA,0.004132377,0.00052802595,0.031681557,Cement,115
6256,-31.513336,-54,2014,SOX,EEA,0.05847980875,0.0031272625,1.73875795,Cement,115
6257,-31.513336,-54,2015,SOX,EEA,0.05186305685,0.0027734255,1.542024578,Cement,115
6258,-31.513336,-54,2016,SOX,EEA,0.0428365201,0.002290723,1.273641988,Cement,115
6259,-31.513336,-54,2017,SOX,EEA,0.03983450625,0.0021301875,1.18438425,Cement,115
6260,-31.513336,-54,2018,SOX,EEA,0.03833255965,0.0020498695,1.139727442,Cement,115
6261,-31.513336,-54,2019,SOX,EEA,0.0386575563,0.002067249,1.149390444,Cement,115
6262,-31.513336,-54,2020,SOX,EEA,0.0424630624,0.002270752,1.262538112,Cement,115
6263,-31.513336,-54,2021,SOX,EEA,0.0473537856,0.002532288,1.407952128,Cement,115
6264,-31.513336,-54,2022,SOX,EEA,0.0257584833,0.001377459,0.765867204,Cement,115
6265,-8.800253,-64,2014,TSP,EEA,0.032090682,0.016045341,0.064181364,Cement,115
6266,-8.800253,-64,2015,TSP,EEA,0.035702472,0.017851236,0.071404944,Cement,115
6267,-8.800253,-64,2016,TSP,EEA,0.019980168,0.009990084,0.039960336,Cement,115
6268,-8.800253,-64,2017,TSP,EEA,0.01610271,0.008051355,0.03220542,Cement,115
6269,-8.800253,-64,2018,TSP,EEA,0.0218373814285714,0.0109186907142857,0.0436747628571429,Cement,115
6270,-8.800253,-64,2019,TSP,EEA,0.0167126477142857,0.00835632385714286,0.0334252954285714,Cement,115
6271,-8.800253,-64,2020,TSP,EEA,0.023763012,0.011881506,0.047526024,Cement,115
6272,-8.800253,-64,2021,TSP,EEA,0.021756228,0.010878114,0.043512456,Cement,115
6273,-8.800253,-64,2022,TSP,EEA,0.0112065385714286,0.00560326928571428,0.0224130771428571,Cement,115
6274,-8.800253,-64,2014,PM10,EEA,0.0288816138,0.0144408069,0.0577632276,Cement,115
6275,-8.800253,-64,2015,PM10,EEA,0.0321322248,0.0160661124,0.0642644496,Cement,115
6276,-8.800253,-64,2016,PM10,EEA,0.0179821512,0.0089910756,0.0359643024,Cement,115
6277,-8.800253,-64,2017,PM10,EEA,0.014492439,0.0072462195,0.028984878,Cement,115
6278,-8.800253,-64,2018,PM10,EEA,0.0196536432857143,0.00982682164285714,0.0393072865714286,Cement,115
6279,-8.800253,-64,2019,PM10,EEA,0.0150413829428571,0.00752069147142857,0.0300827658857143,Cement,115
6280,-8.800253,-64,2020,PM10,EEA,0.0213867108,0.0106933554,0.0427734216,Cement,115
6281,-8.800253,-64,2021,PM10,EEA,0.0195806052,0.0097903026,0.0391612104,Cement,115
6282,-8.800253,-64,2022,PM10,EEA,0.0100858847142857,0.00504294235714286,0.0201717694285714,Cement,115
6283,-8.800253,-64,2014,PM2.5,EEA,0.016045341,0.0080226705,0.032090682,Cement,115
6284,-8.800253,-64,2015,PM2.5,EEA,0.017851236,0.008925618,0.035702472,Cement,115
6285,-8.800253,-64,2016,PM2.5,EEA,0.009990084,0.004995042,0.019980168,Cement,115
6286,-8.800253,-64,2017,PM2.5,EEA,0.008051355,0.0040256775,0.01610271,Cement,115
6287,-8.800253,-64,2018,PM2.5,EEA,0.0109186907142857,0.00545934535714286,0.0218373814285714,Cement,115
6288,-8.800253,-64,2019,PM2.5,EEA,0.00835632385714286,0.00417816192857143,0.0167126477142857,Cement,115
6289,-8.800253,-64,2020,PM2.5,EEA,0.011881506,0.005940753,0.023763012,Cement,115
6290,-8.800253,-64,2021,PM2.5,EEA,0.010878114,0.005439057,0.021756228,Cement,115
6291,-8.800253,-64,2022,PM2.5,EEA,0.00560326928571428,0.00280163464285714,0.0112065385714286,Cement,115
6292,-8.800253,-64,2014,BC,EEA,0.00048136023,0.0001203400575,0.00192544092,Cement,115
6293,-8.800253,-64,2015,BC,EEA,0.00053553708,0.00013388427,0.00214214832,Cement,115
6294,-8.800253,-64,2016,BC,EEA,0.00029970252,7.492563e-05,0.00119881008,Cement,115
6295,-8.800253,-64,2017,BC,EEA,0.00024154065,6.03851625e-05,0.0009661626,Cement,115
6296,-8.800253,-64,2018,BC,EEA,0.000327560721428571,8.18901803571429e-05,0.00131024288571429,Cement,115
6297,-8.800253,-64,2019,BC,EEA,0.000250689715714286,6.26724289285714e-05,0.00100275886285714,Cement,115
6298,-8.800253,-64,2020,BC,EEA,0.00035644518,8.9111295e-05,0.00142578072,Cement,115
6299,-8.800253,-64,2021,BC,EEA,0.00032634342,8.1585855e-05,0.00130537368,Cement,115
6300,-8.800253,-64,2022,BC,EEA,0.000168098078571429,4.20245196428571e-05,0.000672392314285714,Cement,115
6301,-8.800253,-64,2014,NOX,EEA,0.1021141958,0.027153654,0.384265346,Cement,115
6302,-8.800253,-64,2015,NOX,EEA,0.1136070968,0.030209784,0.427514216,Cement,115
6303,-8.800253,-64,2016,NOX,EEA,0.0635779192,0.016906296,0.239249704,Cement,115
6304,-8.800253,-64,2017,NOX,EEA,0.051239649,0.01362537,0.19281963,Cement,115
6305,-8.800253,-64,2018,NOX,EEA,0.0694876675714286,0.0184777842857143,0.261488644285714,Cement,115
6306,-8.800253,-64,2019,NOX,EEA,0.0531805020857143,0.0141414711428571,0.200123243142857,Cement,115
6307,-8.800253,-64,2020,NOX,EEA,0.0756151228,0.020107164,0.284546836,Cement,115
6308,-8.800253,-64,2021,NOX,EEA,0.0692294332,0.018409116,0.260516884,Cement,115
6309,-8.800253,-64,2022,NOX,EEA,0.0356597804285714,0.00948245571428571,0.134191115714286,Cement,115
6310,-8.800253,-64,2014,CO,EEA,0.0119722929,0.0037850548,0.037850548,Cement,115
6311,-8.800253,-64,2015,CO,EEA,0.0133197684,0.0042110608,0.042110608,Cement,115
6312,-8.800253,-64,2016,CO,EEA,0.0074541396,0.0023566352,0.023566352,Cement,115
6313,-8.800253,-64,2017,CO,EEA,0.0060075495,0.001899294,0.01899294,Cement,115
6314,-8.800253,-64,2018,CO,EEA,0.00814702307142857,0.00257569114285714,0.0257569114285714,Cement,115
6315,-8.800253,-64,2019,CO,EEA,0.00623510318571429,0.00197123537142857,0.0197123537142857,Cement,115
6316,-8.800253,-64,2020,CO,EEA,0.0088654314,0.0028028168,0.028028168,Cement,115
6317,-8.800253,-64,2021,CO,EEA,0.0081167466,0.0025661192,0.025661192,Cement,115
6318,-8.800253,-64,2022,CO,EEA,0.00418090092857143,0.00132179685714286,0.0132179685714286,Cement,115
6319,-8.800253,-64,2014,NMVOCs,EEA,0.007405542,0.0009462637,0.056775822,Cement,115
6320,-8.800253,-64,2015,NMVOCs,EEA,0.008239032,0.0010527652,0.063165912,Cement,115
6321,-8.800253,-64,2016,NMVOCs,EEA,0.004610808,0.0005891588,0.035349528,Cement,115
6322,-8.800253,-64,2017,NMVOCs,EEA,0.00371601,0.0004748235,0.02848941,Cement,115
6323,-8.800253,-64,2018,NMVOCs,EEA,0.00503939571428571,0.000643922785714286,0.0386353671428571,Cement,115
6324,-8.800253,-64,2019,NMVOCs,EEA,0.00385676485714286,0.000492808842857143,0.0295685305714286,Cement,115
6325,-8.800253,-64,2020,NMVOCs,EEA,0.005483772,0.0007007042,0.042042252,Cement,115
6326,-8.800253,-64,2021,NMVOCs,EEA,0.005020668,0.0006415298,0.038491788,Cement,115
6327,-8.800253,-64,2022,NMVOCs,EEA,0.00258612428571429,0.000330449214285714,0.0198269528571429,Cement,115
6328,-8.800253,-64,2014,SOX,EEA,0.0461612118,0.002468514,1.372493784,Cement,115
6329,-8.800253,-64,2015,SOX,EEA,0.0513566328,0.002746344,1.526967264,Cement,115
6330,-8.800253,-64,2016,SOX,EEA,0.0287407032,0.001536936,0.854536416,Cement,115
6331,-8.800253,-64,2017,SOX,EEA,0.023163129,0.00123867,0.68870052,Cement,115
6332,-8.800253,-64,2018,SOX,EEA,0.0314122332857143,0.00167979857142857,0.933968005714286,Cement,115
6333,-8.800253,-64,2019,SOX,EEA,0.0240405009428571,0.00128558828571429,0.714787086857143,Cement,115
6334,-8.800253,-64,2020,SOX,EEA,0.0341821788,0.001827924,1.016325744,Cement,115
6335,-8.800253,-64,2021,SOX,EEA,0.0312954972,0.001673556,0.930497136,Cement,115
6336,-8.800253,-64,2022,SOX,EEA,0.0161201747142857,0.000862041428571428,0.479295034285714,Cement,115
6337,-0.981969,-47,2014,TSP,EEA,0.041519972,0.020759986,0.083039944,Cement,115
6338,-0.981969,-47,2015,TSP,EEA,0.033078266,0.016539133,0.066156532,Cement,115
6339,-0.981969,-47,2016,TSP,EEA,0.038646374,0.019323187,0.077292748,Cement,115
6340,-0.981969,-47,2017,TSP,EEA,0.034659664,0.017329832,0.069319328,Cement,115
6341,-0.981969,-47,2018,TSP,EEA,0.0247196671428571,0.0123598335714286,0.0494393342857143,Cement,115
6342,-0.981969,-47,2019,TSP,EEA,0.0218772505714286,0.0109386252857143,0.0437545011428571,Cement,115
6343,-0.981969,-47,2020,TSP,EEA,0.021151052,0.010575526,0.042302104,Cement,115
6344,-0.981969,-47,2021,TSP,EEA,0.023026666,0.011513333,0.046053332,Cement,115
6345,-0.981969,-47,2022,TSP,EEA,0.0135076128571429,0.00675380642857143,0.0270152257142857,Cement,115
6346,-0.981969,-47,2014,PM10,EEA,0.0373679748,0.0186839874,0.0747359496,Cement,115
6347,-0.981969,-47,2015,PM10,EEA,0.0297704394,0.0148852197,0.0595408788,Cement,115
6348,-0.981969,-47,2016,PM10,EEA,0.0347817366,0.0173908683,0.0695634732,Cement,115
6349,-0.981969,-47,2017,PM10,EEA,0.0311936976,0.0155968488,0.0623873952,Cement,115
6350,-0.981969,-47,2018,PM10,EEA,0.0222477004285714,0.0111238502142857,0.0444954008571428,Cement,115
6351,-0.981969,-47,2019,PM10,EEA,0.0196895255142857,0.00984476275714286,0.0393790510285714,Cement,115
6352,-0.981969,-47,2020,PM10,EEA,0.0190359468,0.0095179734,0.0380718936,Cement,115
6353,-0.981969,-47,2021,PM10,EEA,0.0207239994,0.0103619997,0.0414479988,Cement,115
6354,-0.981969,-47,2022,PM10,EEA,0.0121568515714286,0.00607842578571428,0.0243137031428571,Cement,115
6355,-0.981969,-47,2014,PM2.5,EEA,0.020759986,0.010379993,0.041519972,Cement,115
6356,-0.981969,-47,2015,PM2.5,EEA,0.016539133,0.0082695665,0.033078266,Cement,115
6357,-0.981969,-47,2016,PM2.5,EEA,0.019323187,0.0096615935,0.038646374,Cement,115
6358,-0.981969,-47,2017,PM2.5,EEA,0.017329832,0.008664916,0.034659664,Cement,115
6359,-0.981969,-47,2018,PM2.5,EEA,0.0123598335714286,0.00617991678571429,0.0247196671428571,Cement,115
6360,-0.981969,-47,2019,PM2.5,EEA,0.0109386252857143,0.00546931264285714,0.0218772505714286,Cement,115
6361,-0.981969,-47,2020,PM2.5,EEA,0.010575526,0.005287763,0.021151052,Cement,115
6362,-0.981969,-47,2021,PM2.5,EEA,0.011513333,0.0057566665,0.023026666,Cement,115
6363,-0.981969,-47,2022,PM2.5,EEA,0.00675380642857143,0.00337690321428571,0.0135076128571429,Cement,115
6364,-0.981969,-47,2014,BC,EEA,0.00062279958,0.000155699895,0.00249119832,Cement,115
6365,-0.981969,-47,2015,BC,EEA,0.00049617399,0.0001240434975,0.00198469596,Cement,115
6366,-0.981969,-47,2016,BC,EEA,0.00057969561,0.0001449239025,0.00231878244,Cement,115
6367,-0.981969,-47,2017,BC,EEA,0.00051989496,0.00012997374,0.00207957984,Cement,115
6368,-0.981969,-47,2018,BC,EEA,0.000370795007142857,9.26987517857143e-05,0.00148318002857143,Cement,115
6369,-0.981969,-47,2019,BC,EEA,0.000328158758571429,8.20396896428571e-05,0.00131263503428571,Cement,115
6370,-0.981969,-47,2020,BC,EEA,0.00031726578,7.9316445e-05,0.00126906312,Cement,115
6371,-0.981969,-47,2021,BC,EEA,0.00034539999,8.63499975e-05,0.00138159996,Cement,115
6372,-0.981969,-47,2022,BC,EEA,0.000202614192857143,5.06535482142857e-05,0.000810456771428571,Cement,115
6373,-0.981969,-47,2014,NOX,EEA,0.132118680133333,0.035132284,0.497175049333333,Cement,115
6374,-0.981969,-47,2015,NOX,EEA,0.105256738733333,0.027989302,0.396091031333333,Cement,115
6375,-0.981969,-47,2016,NOX,EEA,0.122974743933333,0.032700778,0.462765555333333,Cement,115
6376,-0.981969,-47,2017,NOX,EEA,0.110288828266667,0.029327408,0.415027258666667,Cement,115
6377,-0.981969,-47,2018,NOX,EEA,0.0786592485238095,0.0209166414285714,0.296002168095238,Cement,115
6378,-0.981969,-47,2019,NOX,EEA,0.0696145332285714,0.0185115197142857,0.261966051714286,Cement,115
6379,-0.981969,-47,2020,NOX,EEA,0.0673037321333333,0.017897044,0.253270289333333,Cement,115
6380,-0.981969,-47,2021,NOX,EEA,0.0732720320666667,0.019484102,0.275729564666667,Cement,115
6381,-0.981969,-47,2022,NOX,EEA,0.0429819168095238,0.0114295185714286,0.161745005238095,Cement,115
6382,-0.981969,-47,2014,CO,EEA,0.0154901434,0.00489722746666667,0.0489722746666667,Cement,115
6383,-0.981969,-47,2015,CO,EEA,0.0123407377,0.00390153906666667,0.0390153906666667,Cement,115
6384,-0.981969,-47,2016,CO,EEA,0.0144180703,0.00455829026666667,0.0455829026666667,Cement,115
6385,-0.981969,-47,2017,CO,EEA,0.0129307208,0.00408806293333333,0.0408806293333333,Cement,115
6386,-0.981969,-47,2018,CO,EEA,0.00922233735714286,0.00291565304761905,0.0291565304761905,Cement,115
6387,-0.981969,-47,2019,CO,EEA,0.00816189732857143,0.00258039365714286,0.0258039365714286,Cement,115
6388,-0.981969,-47,2020,CO,EEA,0.0078909694,0.00249473946666667,0.0249473946666667,Cement,115
6389,-0.981969,-47,2021,CO,EEA,0.0085907177,0.00271596573333333,0.0271596573333333,Cement,115
6390,-0.981969,-47,2022,CO,EEA,0.00503937864285714,0.00159320561904762,0.0159320561904762,Cement,115
6391,-0.981969,-47,2014,NMVOCs,EEA,0.009581532,0.00122430686666667,0.073458412,Cement,115
6392,-0.981969,-47,2015,NMVOCs,EEA,0.007633446,0.000975384766666667,0.058523086,Cement,115
6393,-0.981969,-47,2016,NMVOCs,EEA,0.008918394,0.00113957256666667,0.068374354,Cement,115
6394,-0.981969,-47,2017,NMVOCs,EEA,0.007998384,0.00102201573333333,0.061320944,Cement,115
6395,-0.981969,-47,2018,NMVOCs,EEA,0.00570453857142857,0.000728913261904762,0.0437347957142857,Cement,115
6396,-0.981969,-47,2019,NMVOCs,EEA,0.00504859628571429,0.000645098414285714,0.0387059048571429,Cement,115
6397,-0.981969,-47,2020,NMVOCs,EEA,0.004881012,0.000623684866666666,0.037421092,Cement,115
6398,-0.981969,-47,2021,NMVOCs,EEA,0.005313846,0.000678991433333333,0.040739486,Cement,115
6399,-0.981969,-47,2022,NMVOCs,EEA,0.00311714142857143,0.000398301404761905,0.0238980842857143,Cement,115
6400,-0.981969,-47,2014,SOX,EEA,0.0597248828,0.003193844,1.775777264,Cement,115
6401,-0.981969,-47,2015,SOX,EEA,0.0475818134,0.002544482,1.414731992,Cement,115
6402,-0.981969,-47,2016,SOX,EEA,0.0555913226,0.002972798,1.652875688,Cement,115
6403,-0.981969,-47,2017,SOX,EEA,0.0498565936,0.002666128,1.482367168,Cement,115
6404,-0.981969,-47,2018,SOX,EEA,0.0355582904285714,0.00190151285714286,1.05724114857143,Cement,115
6405,-0.981969,-47,2019,SOX,EEA,0.0314695835142857,0.00168286542857143,0.935673178285714,Cement,115
6406,-0.981969,-47,2020,SOX,EEA,0.0304249748,0.001627004,0.904614224,Cement,115
6407,-0.981969,-47,2021,SOX,EEA,0.0331229734,0.001771282,0.984832792,Cement,115
6408,-0.981969,-47,2022,SOX,EEA,0.0194301815714286,0.00103904714285714,0.577710211428571,Cement,115
6409,-24.160399,-48,2014,TSP,EEA,0.0635340745,0.03176703725,0.127068149,Cement,115
6410,-24.160399,-48,2015,TSP,EEA,0.056365998,0.028182999,0.112731996,Cement,115
6411,-24.160399,-48,2016,TSP,EEA,0.046112079,0.0230560395,0.092224158,Cement,115
6412,-24.160399,-48,2017,TSP,EEA,0.04221217,0.021106085,0.08442434,Cement,115
6413,-24.160399,-48,2018,TSP,EEA,0.0408869695,0.02044348475,0.081773939,Cement,115
6414,-24.160399,-48,2019,TSP,EEA,0.0400223785,0.02001118925,0.080044757,Cement,115
6415,-24.160399,-48,2020,TSP,EEA,0.045676982,0.022838491,0.091353964,Cement,115
6416,-24.160399,-48,2021,TSP,EEA,0.0508549275,0.02542746375,0.101709855,Cement,115
6417,-24.160399,-48,2022,TSP,EEA,0.02783014,0.01391507,0.05566028,Cement,115
6418,-24.160399,-48,2014,PM10,EEA,0.05718066705,0.028590333525,0.1143613341,Cement,115
6419,-24.160399,-48,2015,PM10,EEA,0.0507293982,0.0253646991,0.1014587964,Cement,115
6420,-24.160399,-48,2016,PM10,EEA,0.0415008711,0.02075043555,0.0830017422,Cement,115
6421,-24.160399,-48,2017,PM10,EEA,0.037990953,0.0189954765,0.075981906,Cement,115
6422,-24.160399,-48,2018,PM10,EEA,0.03679827255,0.018399136275,0.0735965451,Cement,115
6423,-24.160399,-48,2019,PM10,EEA,0.03602014065,0.018010070325,0.0720402813,Cement,115
6424,-24.160399,-48,2020,PM10,EEA,0.0411092838,0.0205546419,0.0822185676,Cement,115
6425,-24.160399,-48,2021,PM10,EEA,0.04576943475,0.022884717375,0.0915388695,Cement,115
6426,-24.160399,-48,2022,PM10,EEA,0.025047126,0.012523563,0.050094252,Cement,115
6427,-24.160399,-48,2014,PM2.5,EEA,0.03176703725,0.015883518625,0.0635340745,Cement,115
6428,-24.160399,-48,2015,PM2.5,EEA,0.028182999,0.0140914995,0.056365998,Cement,115
6429,-24.160399,-48,2016,PM2.5,EEA,0.0230560395,0.01152801975,0.046112079,Cement,115
6430,-24.160399,-48,2017,PM2.5,EEA,0.021106085,0.0105530425,0.04221217,Cement,115
6431,-24.160399,-48,2018,PM2.5,EEA,0.02044348475,0.010221742375,0.0408869695,Cement,115
6432,-24.160399,-48,2019,PM2.5,EEA,0.02001118925,0.010005594625,0.0400223785,Cement,115
6433,-24.160399,-48,2020,PM2.5,EEA,0.022838491,0.0114192455,0.045676982,Cement,115
6434,-24.160399,-48,2021,PM2.5,EEA,0.02542746375,0.012713731875,0.0508549275,Cement,115
6435,-24.160399,-48,2022,PM2.5,EEA,0.01391507,0.006957535,0.02783014,Cement,115
6436,-24.160399,-48,2014,BC,EEA,0.0009530111175,0.000238252779375,0.00381204447,Cement,115
6437,-24.160399,-48,2015,BC,EEA,0.00084548997,0.0002113724925,0.00338195988,Cement,115
6438,-24.160399,-48,2016,BC,EEA,0.000691681185,0.00017292029625,0.00276672474,Cement,115
6439,-24.160399,-48,2017,BC,EEA,0.00063318255,0.0001582956375,0.0025327302,Cement,115
6440,-24.160399,-48,2018,BC,EEA,0.0006133045425,0.000153326135625,0.00245321817,Cement,115
6441,-24.160399,-48,2019,BC,EEA,0.0006003356775,0.000150083919375,0.00240134271,Cement,115
6442,-24.160399,-48,2020,BC,EEA,0.00068515473,0.0001712886825,0.00274061892,Cement,115
6443,-24.160399,-48,2021,BC,EEA,0.0007628239125,0.000190705978125,0.00305129565,Cement,115
6444,-24.160399,-48,2022,BC,EEA,0.0004174521,0.000104363025,0.0016698084,Cement,115
6445,-24.160399,-48,2014,NOX,EEA,0.202168683216667,0.0537596015,0.760779815166667,Cement,115
6446,-24.160399,-48,2015,NOX,EEA,0.1793594962,0.047694306,0.674946694,Cement,115
6447,-24.160399,-48,2016,NOX,EEA,0.1467310001,0.039017913,0.552162587,Cement,115
6448,-24.160399,-48,2017,NOX,EEA,0.134321289666667,0.03571799,0.505463676666667,Cement,115
6449,-24.160399,-48,2018,NOX,EEA,0.130104433716667,0.0345966665,0.489595250166667,Cement,115
6450,-24.160399,-48,2019,NOX,EEA,0.127353260816667,0.0338650895,0.479242327166667,Cement,115
6451,-24.160399,-48,2020,NOX,EEA,0.145346499133333,0.038649754,0.546952579333333,Cement,115
6452,-24.160399,-48,2021,NOX,EEA,0.16182298725,0.0430310925,0.6089551575,Cement,115
6453,-24.160399,-48,2022,NOX,EEA,0.0885569326666667,0.02354858,0.333248086666667,Cement,115
6454,-24.160399,-48,2014,CO,EEA,0.023703097025,0.00749376263333333,0.0749376263333333,Cement,115
6455,-24.160399,-48,2015,CO,EEA,0.0210288531,0.0066482972,0.066482972,Cement,115
6456,-24.160399,-48,2016,CO,EEA,0.01720335255,0.0054388606,0.054388606,Cement,115
6457,-24.160399,-48,2017,CO,EEA,0.0157483865,0.00497887133333333,0.0497887133333333,Cement,115
6458,-24.160399,-48,2018,CO,EEA,0.015253984775,0.00482256563333333,0.0482256563333333,Cement,115
6459,-24.160399,-48,2019,CO,EEA,0.014931425825,0.00472058823333333,0.0472058823333333,Cement,115
6460,-24.160399,-48,2020,CO,EEA,0.0170410279,0.00538754146666667,0.0538754146666667,Cement,115
6461,-24.160399,-48,2021,CO,EEA,0.018972799875,0.0059982735,0.059982735,Cement,115
6462,-24.160399,-48,2022,CO,EEA,0.010382783,0.00328252933333333,0.0328252933333333,Cement,115
6463,-24.160399,-48,2014,NMVOCs,EEA,0.0146617095,0.00187344065833333,0.1124064395,Cement,115
6464,-24.160399,-48,2015,NMVOCs,EEA,0.013007538,0.0016620743,0.099724458,Cement,115
6465,-24.160399,-48,2016,NMVOCs,EEA,0.010641249,0.00135971515,0.081582909,Cement,115
6466,-24.160399,-48,2017,NMVOCs,EEA,0.00974127,0.00124471783333333,0.07468307,Cement,115
6467,-24.160399,-48,2018,NMVOCs,EEA,0.0094354545,0.00120564140833333,0.0723384845,Cement,115
6468,-24.160399,-48,2019,NMVOCs,EEA,0.0092359335,0.00118014705833333,0.0708088235,Cement,115
6469,-24.160399,-48,2020,NMVOCs,EEA,0.010540842,0.00134688536666667,0.080813122,Cement,115
6470,-24.160399,-48,2021,NMVOCs,EEA,0.0117357525,0.001499568375,0.0899741025,Cement,115
6471,-24.160399,-48,2022,NMVOCs,EEA,0.00642234,0.000820632333333333,0.04923794,Cement,115
6472,-24.160399,-48,2014,SOX,EEA,0.09139132255,0.0048872365,2.717303494,Cement,115
6473,-24.160399,-48,2015,SOX,EEA,0.0810803202,0.004335846,2.410730376,Cement,115
6474,-24.160399,-48,2016,SOX,EEA,0.0663304521,0.003547083,1.972178148,Cement,115
6475,-24.160399,-48,2017,SOX,EEA,0.060720583,0.00324709,1.80538204,Cement,115
6476,-24.160399,-48,2018,SOX,EEA,0.05881433305,0.0031451515,1.748704234,Cement,115
6477,-24.160399,-48,2019,SOX,EEA,0.05757065215,0.0030786445,1.711726342,Cement,115
6478,-24.160399,-48,2020,SOX,EEA,0.0657045818,0.003513614,1.953569384,Cement,115
6479,-24.160399,-48,2021,SOX,EEA,0.07315285725,0.0039119175,2.17502613,Cement,115
6480,-24.160399,-48,2022,SOX,EEA,0.040032586,0.00214078,1.19027368,Cement,115
6481,-25.192063,-49,2014,TSP,EEA,0.161263639333333,0.0806318196666667,0.322527278666667,Cement,115
6482,-25.192063,-49,2015,TSP,EEA,0.156735626666667,0.0783678133333333,0.313471253333333,Cement,115
6483,-25.192063,-49,2016,TSP,EEA,0.164076085333333,0.0820380426666667,0.328152170666667,Cement,115
6484,-25.192063,-49,2017,TSP,EEA,0.152242792,0.076121396,0.304485584,Cement,115
6485,-25.192063,-49,2018,TSP,EEA,0.156362171333333,0.0781810856666667,0.312724342666667,Cement,115
6486,-25.192063,-49,2019,TSP,EEA,0.160486326,0.080243163,0.320972652,Cement,115
6487,-25.192063,-49,2020,TSP,EEA,0.179122675333333,0.0895613376666667,0.358245350666667,Cement,115
6488,-25.192063,-49,2021,TSP,EEA,0.20486232,0.10243116,0.40972464,Cement,115
6489,-25.192063,-49,2022,TSP,EEA,0.115615136,0.057807568,0.231230272,Cement,115
6490,-25.192063,-49,2014,PM10,EEA,0.1451372754,0.0725686377,0.2902745508,Cement,115
6491,-25.192063,-49,2015,PM10,EEA,0.141062064,0.070531032,0.282124128,Cement,115
6492,-25.192063,-49,2016,PM10,EEA,0.1476684768,0.0738342384,0.2953369536,Cement,115
6493,-25.192063,-49,2017,PM10,EEA,0.1370185128,0.0685092564,0.2740370256,Cement,115
6494,-25.192063,-49,2018,PM10,EEA,0.1407259542,0.0703629771,0.2814519084,Cement,115
6495,-25.192063,-49,2019,PM10,EEA,0.1444376934,0.0722188467,0.2888753868,Cement,115
6496,-25.192063,-49,2020,PM10,EEA,0.1612104078,0.0806052039,0.3224208156,Cement,115
6497,-25.192063,-49,2021,PM10,EEA,0.184376088,0.092188044,0.368752176,Cement,115
6498,-25.192063,-49,2022,PM10,EEA,0.1040536224,0.0520268112,0.2081072448,Cement,115
6499,-25.192063,-49,2014,PM2.5,EEA,0.0806318196666667,0.0403159098333333,0.161263639333333,Cement,115
6500,-25.192063,-49,2015,PM2.5,EEA,0.0783678133333333,0.0391839066666667,0.156735626666667,Cement,115
6501,-25.192063,-49,2016,PM2.5,EEA,0.0820380426666667,0.0410190213333333,0.164076085333333,Cement,115
6502,-25.192063,-49,2017,PM2.5,EEA,0.076121396,0.038060698,0.152242792,Cement,115
6503,-25.192063,-49,2018,PM2.5,EEA,0.0781810856666667,0.0390905428333333,0.156362171333333,Cement,115
6504,-25.192063,-49,2019,PM2.5,EEA,0.080243163,0.0401215815,0.160486326,Cement,115
6505,-25.192063,-49,2020,PM2.5,EEA,0.0895613376666667,0.0447806688333333,0.179122675333333,Cement,115
6506,-25.192063,-49,2021,PM2.5,EEA,0.10243116,0.05121558,0.20486232,Cement,115
6507,-25.192063,-49,2022,PM2.5,EEA,0.057807568,0.028903784,0.115615136,Cement,115
6508,-25.192063,-49,2014,BC,EEA,0.00241895459,0.0006047386475,0.00967581836,Cement,115
6509,-25.192063,-49,2015,BC,EEA,0.0023510344,0.0005877586,0.0094041376,Cement,115
6510,-25.192063,-49,2016,BC,EEA,0.00246114128,0.00061528532,0.00984456512,Cement,115
6511,-25.192063,-49,2017,BC,EEA,0.00228364188,0.00057091047,0.00913456752,Cement,115
6512,-25.192063,-49,2018,BC,EEA,0.00234543257,0.0005863581425,0.00938173028,Cement,115
6513,-25.192063,-49,2019,BC,EEA,0.00240729489,0.0006018237225,0.00962917956,Cement,115
6514,-25.192063,-49,2020,BC,EEA,0.00268684013,0.0006717100325,0.01074736052,Cement,115
6515,-25.192063,-49,2021,BC,EEA,0.0030729348,0.0007682337,0.0122917392,Cement,115
6516,-25.192063,-49,2022,BC,EEA,0.00173422704,0.00043355676,0.00693690816,Cement,115
6517,-25.192063,-49,2014,NOX,EEA,0.513149170288889,0.136453848666667,1.93102870688889,Cement,115
6518,-25.192063,-49,2015,NOX,EEA,0.498740801777778,0.132622453333333,1.87680865777778,Cement,115
6519,-25.192063,-49,2016,NOX,EEA,0.522098517688889,0.138833610666667,1.96470594488889,Cement,115
6520,-25.192063,-49,2017,NOX,EEA,0.484444371466667,0.128820824,1.82300984266667,Cement,115
6521,-25.192063,-49,2018,NOX,EEA,0.497552447755556,0.132306452666667,1.87233676955556,Cement,115
6522,-25.192063,-49,2019,NOX,EEA,0.5106757194,0.135796122,1.921720878,Cement,115
6523,-25.192063,-49,2020,NOX,EEA,0.569977538688889,0.151565340666667,2.14487921488889,Cement,115
6524,-25.192063,-49,2021,NOX,EEA,0.651882408,0.17334504,2.45309496,Cement,115
6525,-25.192063,-49,2022,NOX,EEA,0.367893291733333,0.097828192,1.38441714133333,Cement,115
6526,-25.192063,-49,2014,CO,EEA,0.0601637423666667,0.0190208395111111,0.190208395111111,Cement,115
6527,-25.192063,-49,2015,CO,EEA,0.0584744453333333,0.0184867662222222,0.184867662222222,Cement,115
6528,-25.192063,-49,2016,CO,EEA,0.0612130010666667,0.0193525639111111,0.193525639111111,Cement,115
6529,-25.192063,-49,2017,CO,EEA,0.0567982724,0.0179568421333333,0.179568421333333,Cement,115
6530,-25.192063,-49,2018,CO,EEA,0.0583351177666667,0.0184427176444444,0.184427176444444,Cement,115
6531,-25.192063,-49,2019,CO,EEA,0.0598737447,0.0189291564,0.189291564,Cement,115
6532,-25.192063,-49,2020,CO,EEA,0.0668265365666667,0.0211272899111111,0.211272899111111,Cement,115
6533,-25.192063,-49,2021,CO,EEA,0.076429404,0.024163248,0.24163248,Cement,115
6534,-25.192063,-49,2022,CO,EEA,0.0431333392,0.0136366570666667,0.136366570666667,Cement,115
6535,-25.192063,-49,2014,NMVOCs,EEA,0.037214686,0.00475520987777778,0.285312592666667,Cement,115
6536,-25.192063,-49,2015,NMVOCs,EEA,0.03616976,0.00462169155555555,0.277301493333333,Cement,115
6537,-25.192063,-49,2016,NMVOCs,EEA,0.037863712,0.00483814097777778,0.290288458666667,Cement,115
6538,-25.192063,-49,2017,NMVOCs,EEA,0.035132952,0.00448921053333333,0.269352632,Cement,115
6539,-25.192063,-49,2018,NMVOCs,EEA,0.036083578,0.00461067941111111,0.276640764666667,Cement,115
6540,-25.192063,-49,2019,NMVOCs,EEA,0.037035306,0.0047322891,0.283937346,Cement,115
6541,-25.192063,-49,2020,NMVOCs,EEA,0.041336002,0.00528182247777778,0.316909348666667,Cement,115
6542,-25.192063,-49,2021,NMVOCs,EEA,0.04727592,0.006040812,0.36244872,Cement,115
6543,-25.192063,-49,2022,NMVOCs,EEA,0.026680416,0.00340916426666667,0.204549856,Cement,115
6544,-25.192063,-49,2014,SOX,EEA,0.231971542733333,0.0124048953333333,6.89712180533333,Cement,115
6545,-25.192063,-49,2015,SOX,EEA,0.225458170666667,0.0120565866666667,6.70346218666667,Cement,115
6546,-25.192063,-49,2016,SOX,EEA,0.236017138133333,0.0126212373333333,7.01740795733333,Cement,115
6547,-25.192063,-49,2017,SOX,EEA,0.2189954008,0.011710984,6.511307104,Cement,115
6548,-25.192063,-49,2018,SOX,EEA,0.224920969533333,0.0120278593333333,6.68748978933333,Cement,115
6549,-25.192063,-49,2019,SOX,EEA,0.2308534074,0.012345102,6.863876712,Cement,115
6550,-25.192063,-49,2020,SOX,EEA,0.257661079133333,0.0137786673333333,7.66093903733333,Cement,115
6551,-25.192063,-49,2021,SOX,EEA,0.294686568,0.01575864,8.76180384,Cement,115
6552,-25.192063,-49,2022,SOX,EEA,0.1663079264,0.008893472,4.944770432,Cement,115
6553,-23.628209,-47,2014,TSP,EEA,0.0635340745,0.03176703725,0.127068149,Cement,115
6554,-23.628209,-47,2015,TSP,EEA,0.056365998,0.028182999,0.112731996,Cement,115
6555,-23.628209,-47,2016,TSP,EEA,0.046112079,0.0230560395,0.092224158,Cement,115
6556,-23.628209,-47,2017,TSP,EEA,0.04221217,0.021106085,0.08442434,Cement,115
6557,-23.628209,-47,2018,TSP,EEA,0.0408869695,0.02044348475,0.081773939,Cement,115
6558,-23.628209,-47,2019,TSP,EEA,0.0400223785,0.02001118925,0.080044757,Cement,115
6559,-23.628209,-47,2020,TSP,EEA,0.045676982,0.022838491,0.091353964,Cement,115
6560,-23.628209,-47,2021,TSP,EEA,0.0508549275,0.02542746375,0.101709855,Cement,115
6561,-23.628209,-47,2022,TSP,EEA,0.02783014,0.01391507,0.05566028,Cement,115
6562,-23.628209,-47,2014,PM10,EEA,0.05718066705,0.028590333525,0.1143613341,Cement,115
6563,-23.628209,-47,2015,PM10,EEA,0.0507293982,0.0253646991,0.1014587964,Cement,115
6564,-23.628209,-47,2016,PM10,EEA,0.0415008711,0.02075043555,0.0830017422,Cement,115
6565,-23.628209,-47,2017,PM10,EEA,0.037990953,0.0189954765,0.075981906,Cement,115
6566,-23.628209,-47,2018,PM10,EEA,0.03679827255,0.018399136275,0.0735965451,Cement,115
6567,-23.628209,-47,2019,PM10,EEA,0.03602014065,0.018010070325,0.0720402813,Cement,115
6568,-23.628209,-47,2020,PM10,EEA,0.0411092838,0.0205546419,0.0822185676,Cement,115
6569,-23.628209,-47,2021,PM10,EEA,0.04576943475,0.022884717375,0.0915388695,Cement,115
6570,-23.628209,-47,2022,PM10,EEA,0.025047126,0.012523563,0.050094252,Cement,115
6571,-23.628209,-47,2014,PM2.5,EEA,0.03176703725,0.015883518625,0.0635340745,Cement,115
6572,-23.628209,-47,2015,PM2.5,EEA,0.028182999,0.0140914995,0.056365998,Cement,115
6573,-23.628209,-47,2016,PM2.5,EEA,0.0230560395,0.01152801975,0.046112079,Cement,115
6574,-23.628209,-47,2017,PM2.5,EEA,0.021106085,0.0105530425,0.04221217,Cement,115
6575,-23.628209,-47,2018,PM2.5,EEA,0.02044348475,0.010221742375,0.0408869695,Cement,115
6576,-23.628209,-47,2019,PM2.5,EEA,0.02001118925,0.010005594625,0.0400223785,Cement,115
6577,-23.628209,-47,2020,PM2.5,EEA,0.022838491,0.0114192455,0.045676982,Cement,115
6578,-23.628209,-47,2021,PM2.5,EEA,0.02542746375,0.012713731875,0.0508549275,Cement,115
6579,-23.628209,-47,2022,PM2.5,EEA,0.01391507,0.006957535,0.02783014,Cement,115
6580,-23.628209,-47,2014,BC,EEA,0.0009530111175,0.000238252779375,0.00381204447,Cement,115
6581,-23.628209,-47,2015,BC,EEA,0.00084548997,0.0002113724925,0.00338195988,Cement,115
6582,-23.628209,-47,2016,BC,EEA,0.000691681185,0.00017292029625,0.00276672474,Cement,115
6583,-23.628209,-47,2017,BC,EEA,0.00063318255,0.0001582956375,0.0025327302,Cement,115
6584,-23.628209,-47,2018,BC,EEA,0.0006133045425,0.000153326135625,0.00245321817,Cement,115
6585,-23.628209,-47,2019,BC,EEA,0.0006003356775,0.000150083919375,0.00240134271,Cement,115
6586,-23.628209,-47,2020,BC,EEA,0.00068515473,0.0001712886825,0.00274061892,Cement,115
6587,-23.628209,-47,2021,BC,EEA,0.0007628239125,0.000190705978125,0.00305129565,Cement,115
6588,-23.628209,-47,2022,BC,EEA,0.0004174521,0.000104363025,0.0016698084,Cement,115
6589,-23.628209,-47,2014,NOX,EEA,0.202168683216667,0.0537596015,0.760779815166667,Cement,115
6590,-23.628209,-47,2015,NOX,EEA,0.1793594962,0.047694306,0.674946694,Cement,115
6591,-23.628209,-47,2016,NOX,EEA,0.1467310001,0.039017913,0.552162587,Cement,115
6592,-23.628209,-47,2017,NOX,EEA,0.134321289666667,0.03571799,0.505463676666667,Cement,115
6593,-23.628209,-47,2018,NOX,EEA,0.130104433716667,0.0345966665,0.489595250166667,Cement,115
6594,-23.628209,-47,2019,NOX,EEA,0.127353260816667,0.0338650895,0.479242327166667,Cement,115
6595,-23.628209,-47,2020,NOX,EEA,0.145346499133333,0.038649754,0.546952579333333,Cement,115
6596,-23.628209,-47,2021,NOX,EEA,0.16182298725,0.0430310925,0.6089551575,Cement,115
6597,-23.628209,-47,2022,NOX,EEA,0.0885569326666667,0.02354858,0.333248086666667,Cement,115
6598,-23.628209,-47,2014,CO,EEA,0.023703097025,0.00749376263333333,0.0749376263333333,Cement,115
6599,-23.628209,-47,2015,CO,EEA,0.0210288531,0.0066482972,0.066482972,Cement,115
6600,-23.628209,-47,2016,CO,EEA,0.01720335255,0.0054388606,0.054388606,Cement,115
6601,-23.628209,-47,2017,CO,EEA,0.0157483865,0.00497887133333333,0.0497887133333333,Cement,115
6602,-23.628209,-47,2018,CO,EEA,0.015253984775,0.00482256563333333,0.0482256563333333,Cement,115
6603,-23.628209,-47,2019,CO,EEA,0.014931425825,0.00472058823333333,0.0472058823333333,Cement,115
6604,-23.628209,-47,2020,CO,EEA,0.0170410279,0.00538754146666667,0.0538754146666667,Cement,115
6605,-23.628209,-47,2021,CO,EEA,0.018972799875,0.0059982735,0.059982735,Cement,115
6606,-23.628209,-47,2022,CO,EEA,0.010382783,0.00328252933333333,0.0328252933333333,Cement,115
6607,-23.628209,-47,2014,NMVOCs,EEA,0.0146617095,0.00187344065833333,0.1124064395,Cement,115
6608,-23.628209,-47,2015,NMVOCs,EEA,0.013007538,0.0016620743,0.099724458,Cement,115
6609,-23.628209,-47,2016,NMVOCs,EEA,0.010641249,0.00135971515,0.081582909,Cement,115
6610,-23.628209,-47,2017,NMVOCs,EEA,0.00974127,0.00124471783333333,0.07468307,Cement,115
6611,-23.628209,-47,2018,NMVOCs,EEA,0.0094354545,0.00120564140833333,0.0723384845,Cement,115
6612,-23.628209,-47,2019,NMVOCs,EEA,0.0092359335,0.00118014705833333,0.0708088235,Cement,115
6613,-23.628209,-47,2020,NMVOCs,EEA,0.010540842,0.00134688536666667,0.080813122,Cement,115
6614,-23.628209,-47,2021,NMVOCs,EEA,0.0117357525,0.001499568375,0.0899741025,Cement,115
6615,-23.628209,-47,2022,NMVOCs,EEA,0.00642234,0.000820632333333333,0.04923794,Cement,115
6616,-23.628209,-47,2014,SOX,EEA,0.09139132255,0.0048872365,2.717303494,Cement,115
6617,-23.628209,-47,2015,SOX,EEA,0.0810803202,0.004335846,2.410730376,Cement,115
6618,-23.628209,-47,2016,SOX,EEA,0.0663304521,0.003547083,1.972178148,Cement,115
6619,-23.628209,-47,2017,SOX,EEA,0.060720583,0.00324709,1.80538204,Cement,115
6620,-23.628209,-47,2018,SOX,EEA,0.05881433305,0.0031451515,1.748704234,Cement,115
6621,-23.628209,-47,2019,SOX,EEA,0.05757065215,0.0030786445,1.711726342,Cement,115
6622,-23.628209,-47,2020,SOX,EEA,0.0657045818,0.003513614,1.953569384,Cement,115
6623,-23.628209,-47,2021,SOX,EEA,0.07315285725,0.0039119175,2.17502613,Cement,115
6624,-23.628209,-47,2022,SOX,EEA,0.040032586,0.00214078,1.19027368,Cement,115
6625,-22.904392,-44,2014,TSP,EEA,0.04355335725,0.021776678625,0.0871067145,Cement,115
6626,-22.904392,-44,2015,TSP,EEA,0.042071913,0.0210359565,0.084143826,Cement,115
6627,-22.904392,-44,2016,TSP,EEA,0.036477207,0.0182386035,0.072954414,Cement,115
6628,-22.904392,-44,2017,TSP,EEA,0.03143215725,0.015716078625,0.0628643145,Cement,115
6629,-22.904392,-44,2018,TSP,EEA,0.034064316,0.017032158,0.068128632,Cement,115
6630,-22.904392,-44,2019,TSP,EEA,0.0380047005,0.01900235025,0.076009401,Cement,115
6631,-22.904392,-44,2020,TSP,EEA,0.0362488425,0.01812442125,0.072497685,Cement,115
6632,-22.904392,-44,2021,TSP,EEA,0.0401311365,0.02006556825,0.080262273,Cement,115
6633,-22.904392,-44,2022,TSP,EEA,0.02206490325,0.011032451625,0.0441298065,Cement,115
6634,-22.904392,-44,2014,PM10,EEA,0.039198021525,0.0195990107625,0.07839604305,Cement,115
6635,-22.904392,-44,2015,PM10,EEA,0.0378647217,0.01893236085,0.0757294434,Cement,115
6636,-22.904392,-44,2016,PM10,EEA,0.0328294863,0.01641474315,0.0656589726,Cement,115
6637,-22.904392,-44,2017,PM10,EEA,0.028288941525,0.0141444707625,0.05657788305,Cement,115
6638,-22.904392,-44,2018,PM10,EEA,0.0306578844,0.0153289422,0.0613157688,Cement,115
6639,-22.904392,-44,2019,PM10,EEA,0.03420423045,0.017102115225,0.0684084609,Cement,115
6640,-22.904392,-44,2020,PM10,EEA,0.03262395825,0.016311979125,0.0652479165,Cement,115
6641,-22.904392,-44,2021,PM10,EEA,0.03611802285,0.018059011425,0.0722360457,Cement,115
6642,-22.904392,-44,2022,PM10,EEA,0.019858412925,0.0099292064625,0.03971682585,Cement,115
6643,-22.904392,-44,2014,PM2.5,EEA,0.021776678625,0.0108883393125,0.04355335725,Cement,115
6644,-22.904392,-44,2015,PM2.5,EEA,0.0210359565,0.01051797825,0.042071913,Cement,115
6645,-22.904392,-44,2016,PM2.5,EEA,0.0182386035,0.00911930175,0.036477207,Cement,115
6646,-22.904392,-44,2017,PM2.5,EEA,0.015716078625,0.0078580393125,0.03143215725,Cement,115
6647,-22.904392,-44,2018,PM2.5,EEA,0.017032158,0.008516079,0.034064316,Cement,115
6648,-22.904392,-44,2019,PM2.5,EEA,0.01900235025,0.009501175125,0.0380047005,Cement,115
6649,-22.904392,-44,2020,PM2.5,EEA,0.01812442125,0.009062210625,0.0362488425,Cement,115
6650,-22.904392,-44,2021,PM2.5,EEA,0.02006556825,0.010032784125,0.0401311365,Cement,115
6651,-22.904392,-44,2022,PM2.5,EEA,0.011032451625,0.0055162258125,0.02206490325,Cement,115
6652,-22.904392,-44,2014,BC,EEA,0.00065330035875,0.0001633250896875,0.002613201435,Cement,115
6653,-22.904392,-44,2015,BC,EEA,0.000631078695,0.00015776967375,0.00252431478,Cement,115
6654,-22.904392,-44,2016,BC,EEA,0.000547158105,0.00013678952625,0.00218863242,Cement,115
6655,-22.904392,-44,2017,BC,EEA,0.00047148235875,0.0001178705896875,0.001885929435,Cement,115
6656,-22.904392,-44,2018,BC,EEA,0.00051096474,0.000127741185,0.00204385896,Cement,115
6657,-22.904392,-44,2019,BC,EEA,0.0005700705075,0.000142517626875,0.00228028203,Cement,115
6658,-22.904392,-44,2020,BC,EEA,0.0005437326375,0.000135933159375,0.00217493055,Cement,115
6659,-22.904392,-44,2021,BC,EEA,0.0006019670475,0.000150491761875,0.00240786819,Cement,115
6660,-22.904392,-44,2022,BC,EEA,0.00033097354875,8.27433871875e-05,0.001323894195,Cement,115
6661,-22.904392,-44,2014,NOX,EEA,0.138589016275,0.03685284075,0.52152353425,Cement,115
6662,-22.904392,-44,2015,NOX,EEA,0.1338749847,0.035599311,0.503784189,Cement,115
6663,-22.904392,-44,2016,NOX,EEA,0.1160723433,0.030865329,0.436791171,Cement,115
6664,-22.904392,-44,2017,NOX,EEA,0.100018736275,0.02659644075,0.37637993425,Cement,115
6665,-22.904392,-44,2018,NOX,EEA,0.1083944004,0.028823652,0.407898348,Cement,115
6666,-22.904392,-44,2019,NOX,EEA,0.12093290595,0.0321578235,0.4550819265,Cement,115
6667,-22.904392,-44,2020,NOX,EEA,0.11534567575,0.0306720975,0.4340566525,Cement,115
6668,-22.904392,-44,2021,NOX,EEA,0.12769933435,0.0339571155,0.4805446345,Cement,115
6669,-22.904392,-44,2022,NOX,EEA,0.070211653675,0.01867030275,0.26421307225,Cement,115
6670,-22.904392,-44,2014,CO,EEA,0.0162487525125,0.00513706265,0.0513706265,Cement,115
6671,-22.904392,-44,2015,CO,EEA,0.01569605985,0.0049623282,0.049623282,Cement,115
6672,-22.904392,-44,2016,CO,EEA,0.01360880415,0.0043024398,0.043024398,Cement,115
6673,-22.904392,-44,2017,CO,EEA,0.0117266125125,0.00370738265,0.0370738265,Cement,115
6674,-22.904392,-44,2018,CO,EEA,0.0127086102,0.0040178424,0.040178424,Cement,115
6675,-22.904392,-44,2019,CO,EEA,0.014178676725,0.0044826057,0.044826057,Cement,115
6676,-22.904392,-44,2020,CO,EEA,0.013523606625,0.0042755045,0.042755045,Cement,115
6677,-22.904392,-44,2021,CO,EEA,0.014972000925,0.0047334161,0.047334161,Cement,115
6678,-22.904392,-44,2022,CO,EEA,0.0082319062125,0.00260252705,0.0260252705,Cement,115
6679,-22.904392,-44,2014,NMVOCs,EEA,0.01005077475,0.0012842656625,0.07705593975,Cement,115
6680,-22.904392,-44,2015,NMVOCs,EEA,0.009708903,0.00124058205,0.074434923,Cement,115
6681,-22.904392,-44,2016,NMVOCs,EEA,0.008417817,0.00107560995,0.064536597,Cement,115
6682,-22.904392,-44,2017,NMVOCs,EEA,0.00725357475,0.0009268456625,0.05561073975,Cement,115
6683,-22.904392,-44,2018,NMVOCs,EEA,0.007860996,0.0010044606,0.060267636,Cement,115
6684,-22.904392,-44,2019,NMVOCs,EEA,0.0087703155,0.001120651425,0.0672390855,Cement,115
6685,-22.904392,-44,2020,NMVOCs,EEA,0.0083651175,0.001068876125,0.0641325675,Cement,115
6686,-22.904392,-44,2021,NMVOCs,EEA,0.0092610315,0.001183354025,0.0710012415,Cement,115
6687,-22.904392,-44,2022,NMVOCs,EEA,0.00509190075,0.0006506317625,0.03903790575,Cement,115
6688,-22.904392,-44,2014,SOX,EEA,0.062649829275,0.00335025825,1.862743587,Cement,115
6689,-22.904392,-44,2015,SOX,EEA,0.0605188287,0.003236301,1.799383356,Cement,115
6690,-22.904392,-44,2016,SOX,EEA,0.0524710593,0.002805939,1.560102084,Cement,115
6691,-22.904392,-44,2017,SOX,EEA,0.045213949275,0.00241785825,1.344329187,Cement,115
6692,-22.904392,-44,2018,SOX,EEA,0.0490002084,0.002620332,1.456904592,Cement,115
6693,-22.904392,-44,2019,SOX,EEA,0.05466829995,0.0029234385,1.625431806,Cement,115
6694,-22.904392,-44,2020,SOX,EEA,0.05214256575,0.0027883725,1.55033511,Cement,115
6695,-22.904392,-44,2021,SOX,EEA,0.05772709635,0.0030870105,1.716377838,Cement,115
6696,-22.904392,-44,2022,SOX,EEA,0.031739514675,0.00169730025,0.943698939,Cement,115
6697,-2.63764,-44,2014,TSP,EEA,0.0128574662666667,0.00642873313333333,0.0257149325333333,Cement,115
6698,-2.63764,-44,2015,TSP,EEA,0.0133270522666667,0.00666352613333333,0.0266541045333333,Cement,115
6699,-2.63764,-44,2016,TSP,EEA,0.0125611269333333,0.00628056346666667,0.0251222538666667,Cement,115
6700,-2.63764,-44,2017,TSP,EEA,0.00976541106666667,0.00488270553333333,0.0195308221333333,Cement,115
6701,-2.63764,-44,2018,TSP,EEA,0.0084614452,0.0042307226,0.0169228904,Cement,115
6702,-2.63764,-44,2019,TSP,EEA,0.0077706876,0.0038853438,0.0155413752,Cement,115
6703,-2.63764,-44,2020,TSP,EEA,0.0076913356,0.0038456678,0.0153826712,Cement,115
6704,-2.63764,-44,2021,TSP,EEA,0.00771394,0.00385697,0.01542788,Cement,115
6705,-2.63764,-44,2022,TSP,EEA,0.00398925453333333,0.00199462726666667,0.00797850906666667,Cement,115
6706,-2.63764,-44,2014,PM10,EEA,0.01157171964,0.00578585982,0.02314343928,Cement,115
6707,-2.63764,-44,2015,PM10,EEA,0.01199434704,0.00599717352,0.02398869408,Cement,115
6708,-2.63764,-44,2016,PM10,EEA,0.01130501424,0.00565250712,0.02261002848,Cement,115
6709,-2.63764,-44,2017,PM10,EEA,0.00878886996,0.00439443498,0.01757773992,Cement,115
6710,-2.63764,-44,2018,PM10,EEA,0.00761530068,0.00380765034,0.01523060136,Cement,115
6711,-2.63764,-44,2019,PM10,EEA,0.00699361884,0.00349680942,0.01398723768,Cement,115
6712,-2.63764,-44,2020,PM10,EEA,0.00692220204,0.00346110102,0.01384440408,Cement,115
6713,-2.63764,-44,2021,PM10,EEA,0.006942546,0.003471273,0.013885092,Cement,115
6714,-2.63764,-44,2022,PM10,EEA,0.00359032908,0.00179516454,0.00718065816,Cement,115
6715,-2.63764,-44,2014,PM2.5,EEA,0.00642873313333333,0.00321436656666667,0.0128574662666667,Cement,115
6716,-2.63764,-44,2015,PM2.5,EEA,0.00666352613333333,0.00333176306666667,0.0133270522666667,Cement,115
6717,-2.63764,-44,2016,PM2.5,EEA,0.00628056346666667,0.00314028173333333,0.0125611269333333,Cement,115
6718,-2.63764,-44,2017,PM2.5,EEA,0.00488270553333333,0.00244135276666667,0.00976541106666667,Cement,115
6719,-2.63764,-44,2018,PM2.5,EEA,0.0042307226,0.0021153613,0.0084614452,Cement,115
6720,-2.63764,-44,2019,PM2.5,EEA,0.0038853438,0.0019426719,0.0077706876,Cement,115
6721,-2.63764,-44,2020,PM2.5,EEA,0.0038456678,0.0019228339,0.0076913356,Cement,115
6722,-2.63764,-44,2021,PM2.5,EEA,0.00385697,0.001928485,0.00771394,Cement,115
6723,-2.63764,-44,2022,PM2.5,EEA,0.00199462726666667,0.000997313633333333,0.00398925453333333,Cement,115
6724,-2.63764,-44,2014,BC,EEA,0.000192861994,4.82154985e-05,0.000771447976,Cement,115
6725,-2.63764,-44,2015,BC,EEA,0.000199905784,4.9976446e-05,0.000799623136,Cement,115
6726,-2.63764,-44,2016,BC,EEA,0.000188416904,4.7104226e-05,0.000753667616,Cement,115
6727,-2.63764,-44,2017,BC,EEA,0.000146481166,3.66202915e-05,0.000585924664,Cement,115
6728,-2.63764,-44,2018,BC,EEA,0.000126921678,3.17304195e-05,0.000507686712,Cement,115
6729,-2.63764,-44,2019,BC,EEA,0.000116560314,2.91400785e-05,0.000466241256,Cement,115
6730,-2.63764,-44,2020,BC,EEA,0.000115370034,2.88425085e-05,0.000461480136,Cement,115
6731,-2.63764,-44,2021,BC,EEA,0.0001157091,2.8927275e-05,0.0004628364,Cement,115
6732,-2.63764,-44,2022,BC,EEA,5.9838818e-05,1.49597045e-05,0.000239355272,Cement,115
6733,-2.63764,-44,2014,NOX,EEA,0.0409131170177778,0.0108793945333333,0.153959916577778,Cement,115
6734,-2.63764,-44,2015,NOX,EEA,0.0424073637511111,0.0112767365333333,0.159582907911111,Cement,115
6735,-2.63764,-44,2016,NOX,EEA,0.0399701500622222,0.0106286458666667,0.150411443022222,Cement,115
6736,-2.63764,-44,2017,NOX,EEA,0.0310740388044444,0.00826304013333333,0.116934537644444,Cement,115
6737,-2.63764,-44,2018,NOX,EEA,0.0269247525466667,0.0071596844,0.101320382266667,Cement,115
6738,-2.63764,-44,2019,NOX,EEA,0.02472672644,0.0065751972,0.0930490028,Cement,115
6739,-2.63764,-44,2020,NOX,EEA,0.0244742243066667,0.0065080532,0.0920988134666667,Cement,115
6740,-2.63764,-44,2021,NOX,EEA,0.0245461526666667,0.00652718,0.0923694866666667,Cement,115
6741,-2.63764,-44,2022,NOX,EEA,0.0126940125022222,0.00337552306666667,0.0477687658222222,Cement,115
6742,-2.63764,-44,2014,CO,EEA,0.00479682395333333,0.00151652166222222,0.0151652166222222,Cement,115
6743,-2.63764,-44,2015,CO,EEA,0.00497201565333333,0.00157190872888889,0.0157190872888889,Cement,115
6744,-2.63764,-44,2016,CO,EEA,0.00468626658666667,0.00148156881777778,0.0148156881777778,Cement,115
6745,-2.63764,-44,2017,CO,EEA,0.00364324951333333,0.00115181771555556,0.0115181771555556,Cement,115
6746,-2.63764,-44,2018,CO,EEA,0.00315676994,0.000998016613333333,0.00998016613333333,Cement,115
6747,-2.63764,-44,2019,CO,EEA,0.00289906422,0.00091654264,0.0091654264,Cement,115
6748,-2.63764,-44,2020,CO,EEA,0.00286945982,0.000907183173333333,0.00907183173333333,Cement,115
6749,-2.63764,-44,2021,CO,EEA,0.002877893,0.000909849333333333,0.00909849333333334,Cement,115
6750,-2.63764,-44,2022,CO,EEA,0.00148829880666667,0.000470527457777778,0.00470527457777778,Cement,115
6751,-2.63764,-44,2014,NMVOCs,EEA,0.0029671076,0.000379130415555555,0.0227478249333333,Cement,115
6752,-2.63764,-44,2015,NMVOCs,EEA,0.0030754736,0.000392977182222222,0.0235786309333333,Cement,115
6753,-2.63764,-44,2016,NMVOCs,EEA,0.0028987216,0.000370392204444444,0.0222235322666667,Cement,115
6754,-2.63764,-44,2017,NMVOCs,EEA,0.0022535564,0.000287954428888889,0.0172772657333333,Cement,115
6755,-2.63764,-44,2018,NMVOCs,EEA,0.0019526412,0.000249504153333333,0.0149702492,Cement,115
6756,-2.63764,-44,2019,NMVOCs,EEA,0.0017932356,0.00022913566,0.0137481396,Cement,115
6757,-2.63764,-44,2020,NMVOCs,EEA,0.0017749236,0.000226795793333333,0.0136077476,Cement,115
6758,-2.63764,-44,2021,NMVOCs,EEA,0.00178014,0.000227462333333333,0.01364774,Cement,115
6759,-2.63764,-44,2022,NMVOCs,EEA,0.0009205972,0.000117631864444444,0.00705791186666667,Cement,115
6760,-2.63764,-44,2014,SOX,EEA,0.0184949707066667,0.000989035866666667,0.549903941866667,Cement,115
6761,-2.63764,-44,2015,SOX,EEA,0.0191704521066667,0.00102515786666667,0.569987773866667,Cement,115
6762,-2.63764,-44,2016,SOX,EEA,0.0180686979733333,0.000966240533333333,0.537229736533333,Cement,115
6763,-2.63764,-44,2017,SOX,EEA,0.0140471682266667,0.000751185466666667,0.417659119466667,Cement,115
6764,-2.63764,-44,2018,SOX,EEA,0.01217146348,0.0006508804,0.3618895024,Cement,115
6765,-2.63764,-44,2019,SOX,EEA,0.01117783524,0.0005977452,0.3323463312,Cement,115
6766,-2.63764,-44,2020,SOX,EEA,0.01106369044,0.0005916412,0.3289525072,Cement,115
6767,-2.63764,-44,2021,SOX,EEA,0.011096206,0.00059338,0.32991928,Cement,115
6768,-2.63764,-44,2022,SOX,EEA,0.00573838921333333,0.000306865733333333,0.170617347733333,Cement,115
6769,-15.586358,-48,2014,TSP,EEA,0.17304963,0.086524815,0.34609926,Cement,115
6770,-15.586358,-48,2015,TSP,EEA,0.158663622,0.079331811,0.317327244,Cement,115
6771,-15.586358,-48,2016,TSP,EEA,0.114723492,0.057361746,0.229446984,Cement,115
6772,-15.586358,-48,2017,TSP,EEA,0.102190335,0.0510951675,0.20438067,Cement,115
6773,-15.586358,-48,2018,TSP,EEA,0.098582172,0.049291086,0.197164344,Cement,115
6774,-15.586358,-48,2019,TSP,EEA,0.095579406,0.047789703,0.191158812,Cement,115
6775,-15.586358,-48,2020,TSP,EEA,0.111536529,0.0557682645,0.223073058,Cement,115
6776,-15.586358,-48,2021,TSP,EEA,0.12014106,0.06007053,0.24028212,Cement,115
6777,-15.586358,-48,2022,TSP,EEA,0.067522845,0.0337614225,0.13504569,Cement,115
6778,-15.586358,-48,2014,PM10,EEA,0.155744667,0.0778723335,0.311489334,Cement,115
6779,-15.586358,-48,2015,PM10,EEA,0.1427972598,0.0713986299,0.2855945196,Cement,115
6780,-15.586358,-48,2016,PM10,EEA,0.1032511428,0.0516255714,0.2065022856,Cement,115
6781,-15.586358,-48,2017,PM10,EEA,0.0919713015,0.04598565075,0.183942603,Cement,115
6782,-15.586358,-48,2018,PM10,EEA,0.0887239548,0.0443619774,0.1774479096,Cement,115
6783,-15.586358,-48,2019,PM10,EEA,0.0860214654,0.0430107327,0.1720429308,Cement,115
6784,-15.586358,-48,2020,PM10,EEA,0.1003828761,0.05019143805,0.2007657522,Cement,115
6785,-15.586358,-48,2021,PM10,EEA,0.108126954,0.054063477,0.216253908,Cement,115
6786,-15.586358,-48,2022,PM10,EEA,0.0607705605,0.03038528025,0.121541121,Cement,115
6787,-15.586358,-48,2014,PM2.5,EEA,0.086524815,0.0432624075,0.17304963,Cement,115
6788,-15.586358,-48,2015,PM2.5,EEA,0.079331811,0.0396659055,0.158663622,Cement,115
6789,-15.586358,-48,2016,PM2.5,EEA,0.057361746,0.028680873,0.114723492,Cement,115
6790,-15.586358,-48,2017,PM2.5,EEA,0.0510951675,0.02554758375,0.102190335,Cement,115
6791,-15.586358,-48,2018,PM2.5,EEA,0.049291086,0.024645543,0.098582172,Cement,115
6792,-15.586358,-48,2019,PM2.5,EEA,0.047789703,0.0238948515,0.095579406,Cement,115
6793,-15.586358,-48,2020,PM2.5,EEA,0.0557682645,0.02788413225,0.111536529,Cement,115
6794,-15.586358,-48,2021,PM2.5,EEA,0.06007053,0.030035265,0.12014106,Cement,115
6795,-15.586358,-48,2022,PM2.5,EEA,0.0337614225,0.01688071125,0.067522845,Cement,115
6796,-15.586358,-48,2014,BC,EEA,0.00259574445,0.0006489361125,0.0103829778,Cement,115
6797,-15.586358,-48,2015,BC,EEA,0.00237995433,0.0005949885825,0.00951981732,Cement,115
6798,-15.586358,-48,2016,BC,EEA,0.00172085238,0.000430213095,0.00688340952,Cement,115
6799,-15.586358,-48,2017,BC,EEA,0.001532855025,0.00038321375625,0.0061314201,Cement,115
6800,-15.586358,-48,2018,BC,EEA,0.00147873258,0.000369683145,0.00591493032,Cement,115
6801,-15.586358,-48,2019,BC,EEA,0.00143369109,0.0003584227725,0.00573476436,Cement,115
6802,-15.586358,-48,2020,BC,EEA,0.001673047935,0.00041826198375,0.00669219174,Cement,115
6803,-15.586358,-48,2021,BC,EEA,0.0018021159,0.000450528975,0.0072084636,Cement,115
6804,-15.586358,-48,2022,BC,EEA,0.001012842675,0.00025321066875,0.0040513707,Cement,115
6805,-15.586358,-48,2014,NOX,EEA,0.550652797,0.14642661,2.07215839,Cement,115
6806,-15.586358,-48,2015,NOX,EEA,0.5048757818,0.134253834,1.899895166,Cement,115
6807,-15.586358,-48,2016,NOX,EEA,0.3650560348,0.097073724,1.373740276,Cement,115
6808,-15.586358,-48,2017,NOX,EEA,0.3251748865,0.086468745,1.223663755,Cement,115
6809,-15.586358,-48,2018,NOX,EEA,0.3136935268,0.083415684,1.180458316,Cement,115
6810,-15.586358,-48,2019,NOX,EEA,0.3041385714,0.080874882,1.144502118,Cement,115
6811,-15.586358,-48,2020,NOX,EEA,0.3549149551,0.094377063,1.335578437,Cement,115
6812,-15.586358,-48,2021,NOX,EEA,0.382295014,0.10165782,1.43861218,Cement,115
6813,-15.586358,-48,2022,NOX,EEA,0.2148611555,0.057134715,0.808542785,Cement,115
6814,-15.586358,-48,2014,CO,EEA,0.0645608235,0.020410982,0.20410982,Cement,115
6815,-15.586358,-48,2015,CO,EEA,0.0591937359,0.0187141708,0.187141708,Cement,115
6816,-15.586358,-48,2016,CO,EEA,0.0428006874,0.0135314888,0.135314888,Cement,115
6817,-15.586358,-48,2017,CO,EEA,0.03812485575,0.012053219,0.12053219,Cement,115
6818,-15.586358,-48,2018,CO,EEA,0.0367787334,0.0116276408,0.116276408,Cement,115
6819,-15.586358,-48,2019,CO,EEA,0.0356584707,0.0112734684,0.112734684,Cement,115
6820,-15.586358,-48,2020,CO,EEA,0.04161170505,0.0131555906,0.131555906,Cement,115
6821,-15.586358,-48,2021,CO,EEA,0.044821857,0.014170484,0.14170484,Cement,115
6822,-15.586358,-48,2022,CO,EEA,0.02519121525,0.007964233,0.07964233,Cement,115
6823,-15.586358,-48,2014,NMVOCs,EEA,0.03993453,0.0051027455,0.30616473,Cement,115
6824,-15.586358,-48,2015,NMVOCs,EEA,0.036614682,0.0046785427,0.280712562,Cement,115
6825,-15.586358,-48,2016,NMVOCs,EEA,0.026474652,0.0033828722,0.202972332,Cement,115
6826,-15.586358,-48,2017,NMVOCs,EEA,0.023582385,0.00301330475,0.180798285,Cement,115
6827,-15.586358,-48,2018,NMVOCs,EEA,0.022749732,0.0029069102,0.174414612,Cement,115
6828,-15.586358,-48,2019,NMVOCs,EEA,0.022056786,0.0028183671,0.169102026,Cement,115
6829,-15.586358,-48,2020,NMVOCs,EEA,0.025739199,0.00328889765,0.197333859,Cement,115
6830,-15.586358,-48,2021,NMVOCs,EEA,0.02772486,0.003542621,0.21255726,Cement,115
6831,-15.586358,-48,2022,NMVOCs,EEA,0.015582195,0.00199105825,0.119463495,Cement,115
6832,-15.586358,-48,2014,SOX,EEA,0.248925237,0.01331151,7.40119956,Cement,115
6833,-15.586358,-48,2015,SOX,EEA,0.2282315178,0.012204894,6.785921064,Cement,115
6834,-15.586358,-48,2016,SOX,EEA,0.1650253308,0.008824884,4.906635504,Cement,115
6835,-15.586358,-48,2017,SOX,EEA,0.1469968665,0.007860795,4.37060202,Cement,115
6836,-15.586358,-48,2018,SOX,EEA,0.1418066628,0.007583244,4.216283664,Cement,115
6837,-15.586358,-48,2019,SOX,EEA,0.1374872994,0.007352262,4.087857672,Cement,115
6838,-15.586358,-48,2020,SOX,EEA,0.1604410071,0.008579733,4.770331548,Cement,115
6839,-15.586358,-48,2021,SOX,EEA,0.172818294,0.00924162,5.13834072,Cement,115
6840,-15.586358,-48,2022,SOX,EEA,0.0971290155,0.005194065,2.88790014,Cement,115
6841,-3.690606,-40,2014,TSP,EEA,0.0428746898666667,0.0214373449333333,0.0857493797333333,Cement,115
6842,-3.690606,-40,2015,TSP,EEA,0.0450796198666667,0.0225398099333333,0.0901592397333333,Cement,115
6843,-3.690606,-40,2016,TSP,EEA,0.0428435037333333,0.0214217518666667,0.0856870074666667,Cement,115
6844,-3.690606,-40,2017,TSP,EEA,0.0408666786666667,0.0204333393333333,0.0817333573333333,Cement,115
6845,-3.690606,-40,2018,TSP,EEA,0.0381406636,0.0190703318,0.0762813272,Cement,115
6846,-3.690606,-40,2019,TSP,EEA,0.0380917836,0.0190458918,0.0761835672,Cement,115
6847,-3.690606,-40,2020,TSP,EEA,0.0411824764,0.0205912382,0.0823649528,Cement,115
6848,-3.690606,-40,2021,TSP,EEA,0.048366526,0.024183263,0.096733052,Cement,115
6849,-3.690606,-40,2022,TSP,EEA,0.0257131281333333,0.0128565640666667,0.0514262562666667,Cement,115
6850,-3.690606,-40,2014,PM10,EEA,0.03858722088,0.01929361044,0.07717444176,Cement,115
6851,-3.690606,-40,2015,PM10,EEA,0.04057165788,0.02028582894,0.08114331576,Cement,115
6852,-3.690606,-40,2016,PM10,EEA,0.03855915336,0.01927957668,0.07711830672,Cement,115
6853,-3.690606,-40,2017,PM10,EEA,0.0367800108,0.0183900054,0.0735600216,Cement,115
6854,-3.690606,-40,2018,PM10,EEA,0.03432659724,0.01716329862,0.06865319448,Cement,115
6855,-3.690606,-40,2019,PM10,EEA,0.03428260524,0.01714130262,0.06856521048,Cement,115
6856,-3.690606,-40,2020,PM10,EEA,0.03706422876,0.01853211438,0.07412845752,Cement,115
6857,-3.690606,-40,2021,PM10,EEA,0.0435298734,0.0217649367,0.0870597468,Cement,115
6858,-3.690606,-40,2022,PM10,EEA,0.02314181532,0.01157090766,0.04628363064,Cement,115
6859,-3.690606,-40,2014,PM2.5,EEA,0.0214373449333333,0.0107186724666667,0.0428746898666667,Cement,115
6860,-3.690606,-40,2015,PM2.5,EEA,0.0225398099333333,0.0112699049666667,0.0450796198666667,Cement,115
6861,-3.690606,-40,2016,PM2.5,EEA,0.0214217518666667,0.0107108759333333,0.0428435037333333,Cement,115
6862,-3.690606,-40,2017,PM2.5,EEA,0.0204333393333333,0.0102166696666667,0.0408666786666667,Cement,115
6863,-3.690606,-40,2018,PM2.5,EEA,0.0190703318,0.0095351659,0.0381406636,Cement,115
6864,-3.690606,-40,2019,PM2.5,EEA,0.0190458918,0.0095229459,0.0380917836,Cement,115
6865,-3.690606,-40,2020,PM2.5,EEA,0.0205912382,0.0102956191,0.0411824764,Cement,115
6866,-3.690606,-40,2021,PM2.5,EEA,0.024183263,0.0120916315,0.048366526,Cement,115
6867,-3.690606,-40,2022,PM2.5,EEA,0.0128565640666667,0.00642828203333333,0.0257131281333333,Cement,115
6868,-3.690606,-40,2014,BC,EEA,0.000643120348,0.000160780087,0.002572481392,Cement,115
6869,-3.690606,-40,2015,BC,EEA,0.000676194298,0.0001690485745,0.002704777192,Cement,115
6870,-3.690606,-40,2016,BC,EEA,0.000642652556,0.000160663139,0.002570610224,Cement,115
6871,-3.690606,-40,2017,BC,EEA,0.00061300018,0.000153250045,0.00245200072,Cement,115
6872,-3.690606,-40,2018,BC,EEA,0.000572109954,0.0001430274885,0.002288439816,Cement,115
6873,-3.690606,-40,2019,BC,EEA,0.000571376754,0.0001428441885,0.002285507016,Cement,115
6874,-3.690606,-40,2020,BC,EEA,0.000617737146,0.0001544342865,0.002470948584,Cement,115
6875,-3.690606,-40,2021,BC,EEA,0.00072549789,0.0001813744725,0.00290199156,Cement,115
6876,-3.690606,-40,2022,BC,EEA,0.000385696922,9.64242305e-05,0.001542787688,Cement,115
6877,-3.690606,-40,2014,NOX,EEA,0.136429461857778,0.0362785837333333,0.513396927377778,Cement,115
6878,-3.690606,-40,2015,NOX,EEA,0.143445662191111,0.0381442937333333,0.539799550711111,Cement,115
6879,-3.690606,-40,2016,NOX,EEA,0.136330225982222,0.0362521954666667,0.513023493422222,Cement,115
6880,-3.690606,-40,2017,NOX,EEA,0.130039867244444,0.0345794973333333,0.489352280444445,Cement,115
6881,-3.690606,-40,2018,NOX,EEA,0.121365547506667,0.0322728692,0.456709997466667,Cement,115
6882,-3.690606,-40,2019,NOX,EEA,0.12121000884,0.0322315092,0.4561246908,Cement,115
6883,-3.690606,-40,2020,NOX,EEA,0.131044751826667,0.0348467108,0.493133755866667,Cement,115
6884,-3.690606,-40,2021,NOX,EEA,0.153904766066667,0.040925522,0.579158144666667,Cement,115
6885,-3.690606,-40,2022,NOX,EEA,0.0818204923422222,0.0217572622666667,0.307898226622222,Cement,115
6886,-3.690606,-40,2014,CO,EEA,0.0159955573733333,0.00505701470222222,0.0505701470222222,Cement,115
6887,-3.690606,-40,2015,CO,EEA,0.0168181658733333,0.00531708336888889,0.0531708336888889,Cement,115
6888,-3.690606,-40,2016,CO,EEA,0.0159839225466667,0.00505333633777778,0.0505333633777778,Cement,115
6889,-3.690606,-40,2017,CO,EEA,0.0152464147333333,0.00482017235555556,0.0482017235555556,Cement,115
6890,-3.690606,-40,2018,CO,EEA,0.01422940142,0.00449864237333333,0.0449864237333333,Cement,115
6891,-3.690606,-40,2019,CO,EEA,0.01421116542,0.00449287704,0.0449287704,Cement,115
6892,-3.690606,-40,2020,CO,EEA,0.01536423158,0.00485742029333333,0.0485742029333333,Cement,115
6893,-3.690606,-40,2021,CO,EEA,0.0180444347,0.00570476973333333,0.0570476973333333,Cement,115
6894,-3.690606,-40,2022,CO,EEA,0.00959297472666667,0.00303283049777778,0.0303283049777778,Cement,115
6895,-3.690606,-40,2014,NMVOCs,EEA,0.0098941592,0.00126425367555556,0.0758552205333333,Cement,115
6896,-3.690606,-40,2015,NMVOCs,EEA,0.0104029892,0.00132927084222222,0.0797562505333333,Cement,115
6897,-3.690606,-40,2016,NMVOCs,EEA,0.0098869624,0.00126333408444444,0.0758000450666667,Cement,115
6898,-3.690606,-40,2017,NMVOCs,EEA,0.009430772,0.00120504308888889,0.0723025853333333,Cement,115
6899,-3.690606,-40,2018,NMVOCs,EEA,0.0088016916,0.00112466059333333,0.0674796356,Cement,115
6900,-3.690606,-40,2019,NMVOCs,EEA,0.0087904116,0.00112321926,0.0673931556,Cement,115
6901,-3.690606,-40,2020,NMVOCs,EEA,0.0095036484,0.00121435507333333,0.0728613044,Cement,115
6902,-3.690606,-40,2021,NMVOCs,EEA,0.011161506,0.00142619243333333,0.085571546,Cement,115
6903,-3.690606,-40,2022,NMVOCs,EEA,0.0059337988,0.000758207624444444,0.0454924574666667,Cement,115
6904,-3.690606,-40,2014,SOX,EEA,0.0616735923466667,0.00329805306666667,1.83371750506667,Cement,115
6905,-3.690606,-40,2015,SOX,EEA,0.0648452993466666,0.00346766306666667,1.92802066506667,Cement,115
6906,-3.690606,-40,2016,SOX,EEA,0.0616287322933333,0.00329565413333333,1.83238369813333,Cement,115
6907,-3.690606,-40,2017,SOX,EEA,0.0587851454666667,0.00314359066666667,1.74783641066667,Cement,115
6908,-3.690606,-40,2018,SOX,EEA,0.05486387764,0.0029338972,1.6312468432,Cement,115
6909,-3.690606,-40,2019,SOX,EEA,0.05479356564,0.0029301372,1.6291562832,Cement,115
6910,-3.690606,-40,2020,SOX,EEA,0.05923940836,0.0031678828,1.7613428368,Cement,115
6911,-3.690606,-40,2021,SOX,EEA,0.0695733874,0.003720502,2.068599112,Cement,115
6912,-3.690606,-40,2022,SOX,EEA,0.0369873458533333,0.00197793293333333,1.09973071093333,Cement,115
6913,-27.3566,-49,2014,TSP,EEA,0.0355186364,0.0177593182,0.0710372728,Cement,115
6914,-27.3566,-49,2015,TSP,EEA,0.0294553012,0.0147276506,0.0589106024,Cement,115
6915,-27.3566,-49,2016,TSP,EEA,0.0229875776,0.0114937888,0.0459751552,Cement,115
6916,-27.3566,-49,2017,TSP,EEA,0.0224297268,0.0112148634,0.0448594536,Cement,115
6917,-27.3566,-49,2018,TSP,EEA,0.0223878824,0.0111939412,0.0447757648,Cement,115
6918,-27.3566,-49,2019,TSP,EEA,0.023778456,0.011889228,0.047556912,Cement,115
6919,-27.3566,-49,2020,TSP,EEA,0.0267778316,0.0133889158,0.0535556632,Cement,115
6920,-27.3566,-49,2021,TSP,EEA,0.0312659256,0.0156329628,0.0625318512,Cement,115
6921,-27.3566,-49,2022,TSP,EEA,0.018286866,0.009143433,0.036573732,Cement,115
6922,-27.3566,-49,2014,PM10,EEA,0.03196677276,0.01598338638,0.06393354552,Cement,115
6923,-27.3566,-49,2015,PM10,EEA,0.02650977108,0.01325488554,0.05301954216,Cement,115
6924,-27.3566,-49,2016,PM10,EEA,0.02068881984,0.01034440992,0.04137763968,Cement,115
6925,-27.3566,-49,2017,PM10,EEA,0.02018675412,0.01009337706,0.04037350824,Cement,115
6926,-27.3566,-49,2018,PM10,EEA,0.02014909416,0.01007454708,0.04029818832,Cement,115
6927,-27.3566,-49,2019,PM10,EEA,0.0214006104,0.0107003052,0.0428012208,Cement,115
6928,-27.3566,-49,2020,PM10,EEA,0.02410004844,0.01205002422,0.04820009688,Cement,115
6929,-27.3566,-49,2021,PM10,EEA,0.02813933304,0.01406966652,0.05627866608,Cement,115
6930,-27.3566,-49,2022,PM10,EEA,0.0164581794,0.0082290897,0.0329163588,Cement,115
6931,-27.3566,-49,2014,PM2.5,EEA,0.0177593182,0.0088796591,0.0355186364,Cement,115
6932,-27.3566,-49,2015,PM2.5,EEA,0.0147276506,0.0073638253,0.0294553012,Cement,115
6933,-27.3566,-49,2016,PM2.5,EEA,0.0114937888,0.0057468944,0.0229875776,Cement,115
6934,-27.3566,-49,2017,PM2.5,EEA,0.0112148634,0.0056074317,0.0224297268,Cement,115
6935,-27.3566,-49,2018,PM2.5,EEA,0.0111939412,0.0055969706,0.0223878824,Cement,115
6936,-27.3566,-49,2019,PM2.5,EEA,0.011889228,0.005944614,0.023778456,Cement,115
6937,-27.3566,-49,2020,PM2.5,EEA,0.0133889158,0.0066944579,0.0267778316,Cement,115
6938,-27.3566,-49,2021,PM2.5,EEA,0.0156329628,0.0078164814,0.0312659256,Cement,115
6939,-27.3566,-49,2022,PM2.5,EEA,0.009143433,0.0045717165,0.018286866,Cement,115
6940,-27.3566,-49,2014,BC,EEA,0.000532779546,0.0001331948865,0.002131118184,Cement,115
6941,-27.3566,-49,2015,BC,EEA,0.000441829518,0.0001104573795,0.001767318072,Cement,115
6942,-27.3566,-49,2016,BC,EEA,0.000344813664,8.6203416e-05,0.001379254656,Cement,115
6943,-27.3566,-49,2017,BC,EEA,0.000336445902,8.41114755e-05,0.001345783608,Cement,115
6944,-27.3566,-49,2018,BC,EEA,0.000335818236,8.3954559e-05,0.001343272944,Cement,115
6945,-27.3566,-49,2019,BC,EEA,0.00035667684,8.916921e-05,0.00142670736,Cement,115
6946,-27.3566,-49,2020,BC,EEA,0.000401667474,0.0001004168685,0.001606669896,Cement,115
6947,-27.3566,-49,2021,BC,EEA,0.000468988884,0.000117247221,0.001875955536,Cement,115
6948,-27.3566,-49,2022,BC,EEA,0.00027430299,6.85757475e-05,0.00109721196,Cement,115
6949,-27.3566,-49,2014,NOX,EEA,0.113022122493333,0.0300542308,0.425312902533333,Cement,115
6950,-27.3566,-49,2015,NOX,EEA,0.0937282789466666,0.0249237164,0.352708350266667,Cement,115
6951,-27.3566,-49,2016,NOX,EEA,0.0731476507733333,0.0194510272,0.275261506133333,Cement,115
6952,-27.3566,-49,2017,NOX,EEA,0.07137254092,0.0189789996,0.2685816004,Cement,115
6953,-27.3566,-49,2018,NOX,EEA,0.0712393898933333,0.0189435928,0.268080540533333,Cement,115
6954,-27.3566,-49,2019,NOX,EEA,0.0756642664,0.020120232,0.284731768,Cement,115
6955,-27.3566,-49,2020,NOX,EEA,0.0852084333733333,0.0226581652,0.320647368133333,Cement,115
6956,-27.3566,-49,2021,NOX,EEA,0.09948977864,0.0264557832,0.3743894168,Cement,115
6957,-27.3566,-49,2022,NOX,EEA,0.0581897454,0.015473502,0.218973498,Cement,115
6958,-27.3566,-49,2014,CO,EEA,0.01325118358,0.00418937762666667,0.0418937762666667,Cement,115
6959,-27.3566,-49,2015,CO,EEA,0.01098909314,0.00347421501333333,0.0347421501333333,Cement,115
6960,-27.3566,-49,2016,CO,EEA,0.00857613472,0.00271135530666667,0.0271135530666667,Cement,115
6961,-27.3566,-49,2017,CO,EEA,0.00836801346,0.00264555752,0.0264555752,Cement,115
6962,-27.3566,-49,2018,CO,EEA,0.00835240228,0.00264062202666667,0.0264062202666667,Cement,115
6963,-27.3566,-49,2019,CO,EEA,0.0088711932,0.0028046384,0.028046384,Cement,115
6964,-27.3566,-49,2020,CO,EEA,0.00999019102,0.00315841090666667,0.0315841090666667,Cement,115
6965,-27.3566,-49,2021,CO,EEA,0.01166459532,0.00368777584,0.0368777584,Cement,115
6966,-27.3566,-49,2022,CO,EEA,0.0068224077,0.0021569124,0.021569124,Cement,115
6967,-27.3566,-49,2014,NMVOCs,EEA,0.0081966084,0.00104734440666667,0.0628406644,Cement,115
6968,-27.3566,-49,2015,NMVOCs,EEA,0.0067973772,0.000868553753333333,0.0521132252,Cement,115
6969,-27.3566,-49,2016,NMVOCs,EEA,0.0053048256,0.000677838826666667,0.0406703296,Cement,115
6970,-27.3566,-49,2017,NMVOCs,EEA,0.0051760908,0.00066138938,0.0396833628,Cement,115
6971,-27.3566,-49,2018,NMVOCs,EEA,0.0051664344,0.000660155506666667,0.0396093304,Cement,115
6972,-27.3566,-49,2019,NMVOCs,EEA,0.005487336,0.0007011596,0.042069576,Cement,115
6973,-27.3566,-49,2020,NMVOCs,EEA,0.0061794996,0.000789602726666667,0.0473761636,Cement,115
6974,-27.3566,-49,2021,NMVOCs,EEA,0.0072152136,0.00092194396,0.0553166376,Cement,115
6975,-27.3566,-49,2022,NMVOCs,EEA,0.004220046,0.0005392281,0.032353686,Cement,115
6976,-27.3566,-49,2014,SOX,EEA,0.05109219236,0.0027322028,1.5191047568,Cement,115
6977,-27.3566,-49,2015,SOX,EEA,0.04237031788,0.0022657924,1.2597805744,Cement,115
6978,-27.3566,-49,2016,SOX,EEA,0.03306674624,0.0017682752,0.9831610112,Cement,115
6979,-27.3566,-49,2017,SOX,EEA,0.03226429932,0.0017253636,0.9593021616,Cement,115
6980,-27.3566,-49,2018,SOX,EEA,0.03220410776,0.0017221448,0.9575125088,Cement,115
6981,-27.3566,-49,2019,SOX,EEA,0.0342043944,0.001829112,1.016986272,Cement,115
6982,-27.3566,-49,2020,SOX,EEA,0.03851888084,0.0020598332,1.1452672592,Cement,115
6983,-27.3566,-49,2021,SOX,EEA,0.04497483144,0.0024050712,1.3372195872,Cement,115
6984,-27.3566,-49,2022,SOX,EEA,0.0263049534,0.001406682,0.782115192,Cement,115
6985,-23.591484,-47,2014,TSP,EEA,0.0635340745,0.03176703725,0.127068149,Cement,115
6986,-23.591484,-47,2015,TSP,EEA,0.056365998,0.028182999,0.112731996,Cement,115
6987,-23.591484,-47,2016,TSP,EEA,0.046112079,0.0230560395,0.092224158,Cement,115
6988,-23.591484,-47,2017,TSP,EEA,0.04221217,0.021106085,0.08442434,Cement,115
6989,-23.591484,-47,2018,TSP,EEA,0.0408869695,0.02044348475,0.081773939,Cement,115
6990,-23.591484,-47,2019,TSP,EEA,0.0400223785,0.02001118925,0.080044757,Cement,115
6991,-23.591484,-47,2020,TSP,EEA,0.045676982,0.022838491,0.091353964,Cement,115
6992,-23.591484,-47,2021,TSP,EEA,0.0508549275,0.02542746375,0.101709855,Cement,115
6993,-23.591484,-47,2022,TSP,EEA,0.02783014,0.01391507,0.05566028,Cement,115
6994,-23.591484,-47,2014,PM10,EEA,0.05718066705,0.028590333525,0.1143613341,Cement,115
6995,-23.591484,-47,2015,PM10,EEA,0.0507293982,0.0253646991,0.1014587964,Cement,115
6996,-23.591484,-47,2016,PM10,EEA,0.0415008711,0.02075043555,0.0830017422,Cement,115
6997,-23.591484,-47,2017,PM10,EEA,0.037990953,0.0189954765,0.075981906,Cement,115
6998,-23.591484,-47,2018,PM10,EEA,0.03679827255,0.018399136275,0.0735965451,Cement,115
6999,-23.591484,-47,2019,PM10,EEA,0.03602014065,0.018010070325,0.0720402813,Cement,115
7000,-23.591484,-47,2020,PM10,EEA,0.0411092838,0.0205546419,0.0822185676,Cement,115
7001,-23.591484,-47,2021,PM10,EEA,0.04576943475,0.022884717375,0.0915388695,Cement,115
7002,-23.591484,-47,2022,PM10,EEA,0.025047126,0.012523563,0.050094252,Cement,115
7003,-23.591484,-47,2014,PM2.5,EEA,0.03176703725,0.015883518625,0.0635340745,Cement,115
7004,-23.591484,-47,2015,PM2.5,EEA,0.028182999,0.0140914995,0.056365998,Cement,115
7005,-23.591484,-47,2016,PM2.5,EEA,0.0230560395,0.01152801975,0.046112079,Cement,115
7006,-23.591484,-47,2017,PM2.5,EEA,0.021106085,0.0105530425,0.04221217,Cement,115
7007,-23.591484,-47,2018,PM2.5,EEA,0.02044348475,0.010221742375,0.0408869695,Cement,115
7008,-23.591484,-47,2019,PM2.5,EEA,0.02001118925,0.010005594625,0.0400223785,Cement,115
7009,-23.591484,-47,2020,PM2.5,EEA,0.022838491,0.0114192455,0.045676982,Cement,115
7010,-23.591484,-47,2021,PM2.5,EEA,0.02542746375,0.012713731875,0.0508549275,Cement,115
7011,-23.591484,-47,2022,PM2.5,EEA,0.01391507,0.006957535,0.02783014,Cement,115
7012,-23.591484,-47,2014,BC,EEA,0.0009530111175,0.000238252779375,0.00381204447,Cement,115
7013,-23.591484,-47,2015,BC,EEA,0.00084548997,0.0002113724925,0.00338195988,Cement,115
7014,-23.591484,-47,2016,BC,EEA,0.000691681185,0.00017292029625,0.00276672474,Cement,115
7015,-23.591484,-47,2017,BC,EEA,0.00063318255,0.0001582956375,0.0025327302,Cement,115
7016,-23.591484,-47,2018,BC,EEA,0.0006133045425,0.000153326135625,0.00245321817,Cement,115
7017,-23.591484,-47,2019,BC,EEA,0.0006003356775,0.000150083919375,0.00240134271,Cement,115
7018,-23.591484,-47,2020,BC,EEA,0.00068515473,0.0001712886825,0.00274061892,Cement,115
7019,-23.591484,-47,2021,BC,EEA,0.0007628239125,0.000190705978125,0.00305129565,Cement,115
7020,-23.591484,-47,2022,BC,EEA,0.0004174521,0.000104363025,0.0016698084,Cement,115
7021,-23.591484,-47,2014,NOX,EEA,0.202168683216667,0.0537596015,0.760779815166667,Cement,115
7022,-23.591484,-47,2015,NOX,EEA,0.1793594962,0.047694306,0.674946694,Cement,115
7023,-23.591484,-47,2016,NOX,EEA,0.1467310001,0.039017913,0.552162587,Cement,115
7024,-23.591484,-47,2017,NOX,EEA,0.134321289666667,0.03571799,0.505463676666667,Cement,115
7025,-23.591484,-47,2018,NOX,EEA,0.130104433716667,0.0345966665,0.489595250166667,Cement,115
7026,-23.591484,-47,2019,NOX,EEA,0.127353260816667,0.0338650895,0.479242327166667,Cement,115
7027,-23.591484,-47,2020,NOX,EEA,0.145346499133333,0.038649754,0.546952579333333,Cement,115
7028,-23.591484,-47,2021,NOX,EEA,0.16182298725,0.0430310925,0.6089551575,Cement,115
7029,-23.591484,-47,2022,NOX,EEA,0.0885569326666667,0.02354858,0.333248086666667,Cement,115
7030,-23.591484,-47,2014,CO,EEA,0.023703097025,0.00749376263333333,0.0749376263333333,Cement,115
7031,-23.591484,-47,2015,CO,EEA,0.0210288531,0.0066482972,0.066482972,Cement,115
7032,-23.591484,-47,2016,CO,EEA,0.01720335255,0.0054388606,0.054388606,Cement,115
7033,-23.591484,-47,2017,CO,EEA,0.0157483865,0.00497887133333333,0.0497887133333333,Cement,115
7034,-23.591484,-47,2018,CO,EEA,0.015253984775,0.00482256563333333,0.0482256563333333,Cement,115
7035,-23.591484,-47,2019,CO,EEA,0.014931425825,0.00472058823333333,0.0472058823333333,Cement,115
7036,-23.591484,-47,2020,CO,EEA,0.0170410279,0.00538754146666667,0.0538754146666667,Cement,115
7037,-23.591484,-47,2021,CO,EEA,0.018972799875,0.0059982735,0.059982735,Cement,115
7038,-23.591484,-47,2022,CO,EEA,0.010382783,0.00328252933333333,0.0328252933333333,Cement,115
7039,-23.591484,-47,2014,NMVOCs,EEA,0.0146617095,0.00187344065833333,0.1124064395,Cement,115
7040,-23.591484,-47,2015,NMVOCs,EEA,0.013007538,0.0016620743,0.099724458,Cement,115
7041,-23.591484,-47,2016,NMVOCs,EEA,0.010641249,0.00135971515,0.081582909,Cement,115
7042,-23.591484,-47,2017,NMVOCs,EEA,0.00974127,0.00124471783333333,0.07468307,Cement,115
7043,-23.591484,-47,2018,NMVOCs,EEA,0.0094354545,0.00120564140833333,0.0723384845,Cement,115
7044,-23.591484,-47,2019,NMVOCs,EEA,0.0092359335,0.00118014705833333,0.0708088235,Cement,115
7045,-23.591484,-47,2020,NMVOCs,EEA,0.010540842,0.00134688536666667,0.080813122,Cement,115
7046,-23.591484,-47,2021,NMVOCs,EEA,0.0117357525,0.001499568375,0.0899741025,Cement,115
7047,-23.591484,-47,2022,NMVOCs,EEA,0.00642234,0.000820632333333333,0.04923794,Cement,115
7048,-23.591484,-47,2014,SOX,EEA,0.09139132255,0.0048872365,2.717303494,Cement,115
7049,-23.591484,-47,2015,SOX,EEA,0.0810803202,0.004335846,2.410730376,Cement,115
7050,-23.591484,-47,2016,SOX,EEA,0.0663304521,0.003547083,1.972178148,Cement,115
7051,-23.591484,-47,2017,SOX,EEA,0.060720583,0.00324709,1.80538204,Cement,115
7052,-23.591484,-47,2018,SOX,EEA,0.05881433305,0.0031451515,1.748704234,Cement,115
7053,-23.591484,-47,2019,SOX,EEA,0.05757065215,0.0030786445,1.711726342,Cement,115
7054,-23.591484,-47,2020,SOX,EEA,0.0657045818,0.003513614,1.953569384,Cement,115
7055,-23.591484,-47,2021,SOX,EEA,0.07315285725,0.0039119175,2.17502613,Cement,115
7056,-23.591484,-47,2022,SOX,EEA,0.040032586,0.00214078,1.19027368,Cement,115
7057,-6.429763,-48,2014,TSP,EEA,0.049210044,0.024605022,0.098420088,Cement,115
7058,-6.429763,-48,2015,TSP,EEA,0.064409826,0.032204913,0.128819652,Cement,115
7059,-6.429763,-48,2016,TSP,EEA,0.054983916,0.027491958,0.109967832,Cement,115
7060,-6.429763,-48,2017,TSP,EEA,0.042039582,0.021019791,0.084079164,Cement,115
7061,-6.429763,-48,2018,TSP,EEA,0.0573040594285714,0.0286520297142857,0.114608118857143,Cement,115
7062,-6.429763,-48,2019,TSP,EEA,0.0473629037142857,0.0236814518571429,0.0947258074285714,Cement,115
7063,-6.429763,-48,2020,TSP,EEA,0.05788302,0.02894151,0.11576604,Cement,115
7064,-6.429763,-48,2021,TSP,EEA,0.069132882,0.034566441,0.138265764,Cement,115
7065,-6.429763,-48,2022,TSP,EEA,0.0343303405714286,0.0171651702857143,0.0686606811428571,Cement,115
7066,-6.429763,-48,2014,PM10,EEA,0.0442890396,0.0221445198,0.0885780792,Cement,115
7067,-6.429763,-48,2015,PM10,EEA,0.0579688434,0.0289844217,0.1159376868,Cement,115
7068,-6.429763,-48,2016,PM10,EEA,0.0494855244,0.0247427622,0.0989710488,Cement,115
7069,-6.429763,-48,2017,PM10,EEA,0.0378356238,0.0189178119,0.0756712476,Cement,115
7070,-6.429763,-48,2018,PM10,EEA,0.0515736534857143,0.0257868267428571,0.103147306971429,Cement,115
7071,-6.429763,-48,2019,PM10,EEA,0.0426266133428571,0.0213133066714286,0.0852532266857143,Cement,115
7072,-6.429763,-48,2020,PM10,EEA,0.052094718,0.026047359,0.104189436,Cement,115
7073,-6.429763,-48,2021,PM10,EEA,0.0622195938,0.0311097969,0.1244391876,Cement,115
7074,-6.429763,-48,2022,PM10,EEA,0.0308973065142857,0.0154486532571429,0.0617946130285714,Cement,115
7075,-6.429763,-48,2014,PM2.5,EEA,0.024605022,0.012302511,0.049210044,Cement,115
7076,-6.429763,-48,2015,PM2.5,EEA,0.032204913,0.0161024565,0.064409826,Cement,115
7077,-6.429763,-48,2016,PM2.5,EEA,0.027491958,0.013745979,0.054983916,Cement,115
7078,-6.429763,-48,2017,PM2.5,EEA,0.021019791,0.0105098955,0.042039582,Cement,115
7079,-6.429763,-48,2018,PM2.5,EEA,0.0286520297142857,0.0143260148571429,0.0573040594285714,Cement,115
7080,-6.429763,-48,2019,PM2.5,EEA,0.0236814518571429,0.0118407259285714,0.0473629037142857,Cement,115
7081,-6.429763,-48,2020,PM2.5,EEA,0.02894151,0.014470755,0.05788302,Cement,115
7082,-6.429763,-48,2021,PM2.5,EEA,0.034566441,0.0172832205,0.069132882,Cement,115
7083,-6.429763,-48,2022,PM2.5,EEA,0.0171651702857143,0.00858258514285714,0.0343303405714286,Cement,115
7084,-6.429763,-48,2014,BC,EEA,0.00073815066,0.000184537665,0.00295260264,Cement,115
7085,-6.429763,-48,2015,BC,EEA,0.00096614739,0.0002415368475,0.00386458956,Cement,115
7086,-6.429763,-48,2016,BC,EEA,0.00082475874,0.000206189685,0.00329903496,Cement,115
7087,-6.429763,-48,2017,BC,EEA,0.00063059373,0.0001576484325,0.00252237492,Cement,115
7088,-6.429763,-48,2018,BC,EEA,0.000859560891428571,0.000214890222857143,0.00343824356571428,Cement,115
7089,-6.429763,-48,2019,BC,EEA,0.000710443555714286,0.000177610888928571,0.00284177422285714,Cement,115
7090,-6.429763,-48,2020,BC,EEA,0.0008682453,0.000217061325,0.0034729812,Cement,115
7091,-6.429763,-48,2021,BC,EEA,0.00103699323,0.0002592483075,0.00414797292,Cement,115
7092,-6.429763,-48,2022,BC,EEA,0.000514955108571428,0.000128738777142857,0.00205982043428571,Cement,115
7093,-6.429763,-48,2014,NOX,EEA,0.1565888836,0.041639268,0.589258732,Cement,115
7094,-6.429763,-48,2015,NOX,EEA,0.2049553694,0.054500622,0.771266378,Cement,115
7095,-6.429763,-48,2016,NOX,EEA,0.1749616404,0.046524852,0.658397148,Cement,115
7096,-6.429763,-48,2017,NOX,EEA,0.1337721058,0.035571954,0.503397046,Cement,115
7097,-6.429763,-48,2018,NOX,EEA,0.182344455771429,0.0484880502857143,0.686179378285714,Cement,115
7098,-6.429763,-48,2019,NOX,EEA,0.150711188485714,0.0400763031428571,0.567140411142857,Cement,115
7099,-6.429763,-48,2020,NOX,EEA,0.184186738,0.04897794,0.69311206,Cement,115
7100,-6.429763,-48,2021,NOX,EEA,0.2199843758,0.058497054,0.827821946,Cement,115
7101,-6.429763,-48,2022,NOX,EEA,0.109240904228571,0.0290487497142857,0.411083821714286,Cement,115
7102,-6.429763,-48,2014,CO,EEA,0.0183591318,0.0058042616,0.058042616,Cement,115
7103,-6.429763,-48,2015,CO,EEA,0.0240298197,0.0075970564,0.075970564,Cement,115
7104,-6.429763,-48,2016,CO,EEA,0.0205132302,0.0064852824,0.064852824,Cement,115
7105,-6.429763,-48,2017,CO,EEA,0.0156839979,0.0049585148,0.049585148,Cement,115
7106,-6.429763,-48,2018,CO,EEA,0.0213788221714286,0.00675894034285714,0.0675894034285714,Cement,115
7107,-6.429763,-48,2019,CO,EEA,0.0176700063857143,0.00558639377142857,0.0558639377142857,Cement,115
7108,-6.429763,-48,2020,CO,EEA,0.021594819,0.006827228,0.06827228,Cement,115
7109,-6.429763,-48,2021,CO,EEA,0.0257918829,0.0081541348,0.081541348,Cement,115
7110,-6.429763,-48,2022,CO,EEA,0.0128078578285714,0.00404921965714286,0.0404921965714286,Cement,115
7111,-6.429763,-48,2014,NMVOCs,EEA,0.011356164,0.0014510654,0.087063924,Cement,115
7112,-6.429763,-48,2015,NMVOCs,EEA,0.014863806,0.0018992641,0.113955846,Cement,115
7113,-6.429763,-48,2016,NMVOCs,EEA,0.012688596,0.0016213206,0.097279236,Cement,115
7114,-6.429763,-48,2017,NMVOCs,EEA,0.009701442,0.0012396287,0.074377722,Cement,115
7115,-6.429763,-48,2018,NMVOCs,EEA,0.0132240137142857,0.00168973508571429,0.101384105142857,Cement,115
7116,-6.429763,-48,2019,NMVOCs,EEA,0.0109299008571429,0.00139659844285714,0.0837959065714286,Cement,115
7117,-6.429763,-48,2020,NMVOCs,EEA,0.01335762,0.001706807,0.10240842,Cement,115
7118,-6.429763,-48,2021,NMVOCs,EEA,0.015953742,0.0020385337,0.122312022,Cement,115
7119,-6.429763,-48,2022,NMVOCs,EEA,0.00792238628571429,0.00101230491428571,0.0607382948571429,Cement,115
7120,-6.429763,-48,2014,SOX,EEA,0.0707867556,0.003785388,2.104675728,Cement,115
7121,-6.429763,-48,2015,SOX,EEA,0.0926510574,0.004954602,2.754758712,Cement,115
7122,-6.429763,-48,2016,SOX,EEA,0.0790922484,0.004229532,2.351619792,Cement,115
7123,-6.429763,-48,2017,SOX,EEA,0.0604723218,0.003233814,1.798000584,Cement,115
7124,-6.429763,-48,2018,SOX,EEA,0.0824296854857143,0.00440800457142857,2.45085054171428,Cement,115
7125,-6.429763,-48,2019,SOX,EEA,0.0681297153428572,0.00364330028571429,2.02567495885714,Cement,115
7126,-6.429763,-48,2020,SOX,EEA,0.083262498,0.00445254,2.47561224,Cement,115
7127,-6.429763,-48,2021,SOX,EEA,0.0994449918,0.005317914,2.956760184,Cement,115
7128,-6.429763,-48,2022,SOX,EEA,0.0493828745142857,0.00264079542857143,1.46828225828571,Cement,115
