ID,latitude,longitude,year,pollutant,agency,E_original_Gg,E_lower_Gg,E_upper_Gg,industry,height
1,-3.666527,-39,2014,TSP,EPA,0.0162786402615556,0.0162786402615556,0.0162786402615556,Cement,115
2,-3.666527,-39,2015,TSP,EPA,0.0171158069532222,0.0171158069532222,0.0171158069532222,Cement,115
3,-3.666527,-39,2016,TSP,EPA,0.0162667995264444,0.0162667995264444,0.0162667995264444,Cement,115
4,-3.666527,-39,2017,TSP,EPA,0.0155162395988889,0.0155162395988889,0.0155162395988889,Cement,115
5,-3.666527,-39,2018,TSP,EPA,0.0144812275963333,0.0144812275963333,0.0144812275963333,Cement,115
6,-3.666527,-39,2019,TSP,EPA,0.014462668863,0.014462668863,0.014462668863,Cement,115
7,-3.666527,-39,2020,TSP,EPA,0.0156361415203333,0.0156361415203333,0.0156361415203333,Cement,115
8,-3.666527,-39,2021,TSP,EPA,0.0183637777883333,0.0183637777883333,0.0183637777883333,Cement,115
9,-3.666527,-39,2022,TSP,EPA,0.00976274730344444,0.00976274730344444,0.00976274730344444,Cement,115
10,-3.666527,-39,2014,PM10,EPA,0.00461727429333333,0.00461727429333333,0.00461727429333333,Cement,115
11,-3.666527,-39,2015,PM10,EPA,0.00485472829333333,0.00485472829333333,0.00485472829333333,Cement,115
12,-3.666527,-39,2016,PM10,EPA,0.00461391578666667,0.00461391578666667,0.00461391578666667,Cement,115
13,-3.666527,-39,2017,PM10,EPA,0.00440102693333333,0.00440102693333333,0.00440102693333333,Cement,115
14,-3.666527,-39,2018,PM10,EPA,0.00410745608,0.00410745608,0.00410745608,Cement,115
15,-3.666527,-39,2019,PM10,EPA,0.00410219208,0.00410219208,0.00410219208,Cement,115
16,-3.666527,-39,2020,PM10,EPA,0.00443503592,0.00443503592,0.00443503592,Cement,115
17,-3.666527,-39,2021,PM10,EPA,0.0052087028,0.0052087028,0.0052087028,Cement,115
18,-3.666527,-39,2022,PM10,EPA,0.00276910610666667,0.00276910610666667,0.00276910610666667,Cement,115
19,-3.666527,-39,2014,NOX,EPA,0.230863714666667,0.230863714666667,0.230863714666667,Cement,115
20,-3.666527,-39,2015,NOX,EPA,0.242736414666667,0.242736414666667,0.242736414666667,Cement,115
21,-3.666527,-39,2016,NOX,EPA,0.230695789333333,0.230695789333333,0.230695789333333,Cement,115
22,-3.666527,-39,2017,NOX,EPA,0.220051346666667,0.220051346666667,0.220051346666667,Cement,115
23,-3.666527,-39,2018,NOX,EPA,0.205372804,0.205372804,0.205372804,Cement,115
24,-3.666527,-39,2019,NOX,EPA,0.205109604,0.205109604,0.205109604,Cement,115
25,-3.666527,-39,2020,NOX,EPA,0.221751796,0.221751796,0.221751796,Cement,115
26,-3.666527,-39,2021,NOX,EPA,0.26043514,0.26043514,0.26043514,Cement,115
27,-3.666527,-39,2022,NOX,EPA,0.138455305333333,0.138455305333333,0.138455305333333,Cement,115
28,-3.666527,-39,2014,CO,EPA,0.0197883184,0.0197883184,0.0197883184,Cement,115
29,-3.666527,-39,2015,CO,EPA,0.0208059784,0.0208059784,0.0208059784,Cement,115
30,-3.666527,-39,2016,CO,EPA,0.0197739248,0.0197739248,0.0197739248,Cement,115
31,-3.666527,-39,2017,CO,EPA,0.018861544,0.018861544,0.018861544,Cement,115
32,-3.666527,-39,2018,CO,EPA,0.0176033832,0.0176033832,0.0176033832,Cement,115
33,-3.666527,-39,2019,CO,EPA,0.0175808232,0.0175808232,0.0175808232,Cement,115
34,-3.666527,-39,2020,CO,EPA,0.0190072968,0.0190072968,0.0190072968,Cement,115
35,-3.666527,-39,2021,CO,EPA,0.022323012,0.022323012,0.022323012,Cement,115
36,-3.666527,-39,2022,CO,EPA,0.0118675976,0.0118675976,0.0118675976,Cement,115
37,-3.666527,-39,2014,NMVOCs,EPA,0.0324308551555555,0.0324308551555555,0.0324308551555555,Cement,115
38,-3.666527,-39,2015,NMVOCs,EPA,0.0340986868222222,0.0340986868222222,0.0340986868222222,Cement,115
39,-3.666527,-39,2016,NMVOCs,EPA,0.0324072656444444,0.0324072656444444,0.0324072656444444,Cement,115
40,-3.666527,-39,2017,NMVOCs,EPA,0.0309119748888889,0.0309119748888889,0.0309119748888889,Cement,115
41,-3.666527,-39,2018,NMVOCs,EPA,0.0288499891333333,0.0288499891333333,0.0288499891333333,Cement,115
42,-3.666527,-39,2019,NMVOCs,EPA,0.0288130158,0.0288130158,0.0288130158,Cement,115
43,-3.666527,-39,2020,NMVOCs,EPA,0.0311508475333333,0.0311508475333333,0.0311508475333333,Cement,115
44,-3.666527,-39,2021,NMVOCs,EPA,0.0365849363333333,0.0365849363333333,0.0365849363333333,Cement,115
45,-3.666527,-39,2022,NMVOCs,EPA,0.0194496738444444,0.0194496738444444,0.0194496738444444,Cement,115
46,-3.666527,-39,2014,SOX,EPA,0.0890474328,0.0890474328,0.0890474328,Cement,115
47,-3.666527,-39,2015,SOX,EPA,0.0936269028,0.0936269028,0.0936269028,Cement,115
48,-3.666527,-39,2016,SOX,EPA,0.0889826616,0.0889826616,0.0889826616,Cement,115
49,-3.666527,-39,2017,SOX,EPA,0.084876948,0.084876948,0.084876948,Cement,115
50,-3.666527,-39,2018,SOX,EPA,0.0792152244,0.0792152244,0.0792152244,Cement,115
51,-3.666527,-39,2019,SOX,EPA,0.0791137044,0.0791137044,0.0791137044,Cement,115
52,-3.666527,-39,2020,SOX,EPA,0.0855328356,0.0855328356,0.0855328356,Cement,115
53,-3.666527,-39,2021,SOX,EPA,0.100453554,0.100453554,0.100453554,Cement,115
54,-3.666527,-39,2022,SOX,EPA,0.0534041892,0.0534041892,0.0534041892,Cement,115
55,-5.042383,-38,2014,TSP,EPA,0.0162786402615556,0.0162786402615556,0.0162786402615556,Cement,115
56,-5.042383,-38,2015,TSP,EPA,0.0171158069532222,0.0171158069532222,0.0171158069532222,Cement,115
57,-5.042383,-38,2016,TSP,EPA,0.0162667995264444,0.0162667995264444,0.0162667995264444,Cement,115
58,-5.042383,-38,2017,TSP,EPA,0.0155162395988889,0.0155162395988889,0.0155162395988889,Cement,115
59,-5.042383,-38,2018,TSP,EPA,0.0144812275963333,0.0144812275963333,0.0144812275963333,Cement,115
60,-5.042383,-38,2019,TSP,EPA,0.014462668863,0.014462668863,0.014462668863,Cement,115
61,-5.042383,-38,2020,TSP,EPA,0.0156361415203333,0.0156361415203333,0.0156361415203333,Cement,115
62,-5.042383,-38,2021,TSP,EPA,0.0183637777883333,0.0183637777883333,0.0183637777883333,Cement,115
63,-5.042383,-38,2022,TSP,EPA,0.00976274730344444,0.00976274730344444,0.00976274730344444,Cement,115
64,-5.042383,-38,2014,PM10,EPA,0.00461727429333333,0.00461727429333333,0.00461727429333333,Cement,115
65,-5.042383,-38,2015,PM10,EPA,0.00485472829333333,0.00485472829333333,0.00485472829333333,Cement,115
66,-5.042383,-38,2016,PM10,EPA,0.00461391578666667,0.00461391578666667,0.00461391578666667,Cement,115
67,-5.042383,-38,2017,PM10,EPA,0.00440102693333333,0.00440102693333333,0.00440102693333333,Cement,115
68,-5.042383,-38,2018,PM10,EPA,0.00410745608,0.00410745608,0.00410745608,Cement,115
69,-5.042383,-38,2019,PM10,EPA,0.00410219208,0.00410219208,0.00410219208,Cement,115
70,-5.042383,-38,2020,PM10,EPA,0.00443503592,0.00443503592,0.00443503592,Cement,115
71,-5.042383,-38,2021,PM10,EPA,0.0052087028,0.0052087028,0.0052087028,Cement,115
72,-5.042383,-38,2022,PM10,EPA,0.00276910610666667,0.00276910610666667,0.00276910610666667,Cement,115
73,-5.042383,-38,2014,NOX,EPA,0.230863714666667,0.230863714666667,0.230863714666667,Cement,115
74,-5.042383,-38,2015,NOX,EPA,0.242736414666667,0.242736414666667,0.242736414666667,Cement,115
75,-5.042383,-38,2016,NOX,EPA,0.230695789333333,0.230695789333333,0.230695789333333,Cement,115
76,-5.042383,-38,2017,NOX,EPA,0.220051346666667,0.220051346666667,0.220051346666667,Cement,115
77,-5.042383,-38,2018,NOX,EPA,0.205372804,0.205372804,0.205372804,Cement,115
78,-5.042383,-38,2019,NOX,EPA,0.205109604,0.205109604,0.205109604,Cement,115
79,-5.042383,-38,2020,NOX,EPA,0.221751796,0.221751796,0.221751796,Cement,115
80,-5.042383,-38,2021,NOX,EPA,0.26043514,0.26043514,0.26043514,Cement,115
81,-5.042383,-38,2022,NOX,EPA,0.138455305333333,0.138455305333333,0.138455305333333,Cement,115
82,-5.042383,-38,2014,CO,EPA,0.0197883184,0.0197883184,0.0197883184,Cement,115
83,-5.042383,-38,2015,CO,EPA,0.0208059784,0.0208059784,0.0208059784,Cement,115
84,-5.042383,-38,2016,CO,EPA,0.0197739248,0.0197739248,0.0197739248,Cement,115
85,-5.042383,-38,2017,CO,EPA,0.018861544,0.018861544,0.018861544,Cement,115
86,-5.042383,-38,2018,CO,EPA,0.0176033832,0.0176033832,0.0176033832,Cement,115
87,-5.042383,-38,2019,CO,EPA,0.0175808232,0.0175808232,0.0175808232,Cement,115
88,-5.042383,-38,2020,CO,EPA,0.0190072968,0.0190072968,0.0190072968,Cement,115
89,-5.042383,-38,2021,CO,EPA,0.022323012,0.022323012,0.022323012,Cement,115
90,-5.042383,-38,2022,CO,EPA,0.0118675976,0.0118675976,0.0118675976,Cement,115
91,-5.042383,-38,2014,NMVOCs,EPA,0.0324308551555555,0.0324308551555555,0.0324308551555555,Cement,115
92,-5.042383,-38,2015,NMVOCs,EPA,0.0340986868222222,0.0340986868222222,0.0340986868222222,Cement,115
93,-5.042383,-38,2016,NMVOCs,EPA,0.0324072656444444,0.0324072656444444,0.0324072656444444,Cement,115
94,-5.042383,-38,2017,NMVOCs,EPA,0.0309119748888889,0.0309119748888889,0.0309119748888889,Cement,115
95,-5.042383,-38,2018,NMVOCs,EPA,0.0288499891333333,0.0288499891333333,0.0288499891333333,Cement,115
96,-5.042383,-38,2019,NMVOCs,EPA,0.0288130158,0.0288130158,0.0288130158,Cement,115
97,-5.042383,-38,2020,NMVOCs,EPA,0.0311508475333333,0.0311508475333333,0.0311508475333333,Cement,115
98,-5.042383,-38,2021,NMVOCs,EPA,0.0365849363333333,0.0365849363333333,0.0365849363333333,Cement,115
99,-5.042383,-38,2022,NMVOCs,EPA,0.0194496738444444,0.0194496738444444,0.0194496738444444,Cement,115
100,-5.042383,-38,2014,SOX,EPA,0.0890474328,0.0890474328,0.0890474328,Cement,115
101,-5.042383,-38,2015,SOX,EPA,0.0936269028,0.0936269028,0.0936269028,Cement,115
102,-5.042383,-38,2016,SOX,EPA,0.0889826616,0.0889826616,0.0889826616,Cement,115
103,-5.042383,-38,2017,SOX,EPA,0.084876948,0.084876948,0.084876948,Cement,115
104,-5.042383,-38,2018,SOX,EPA,0.0792152244,0.0792152244,0.0792152244,Cement,115
105,-5.042383,-38,2019,SOX,EPA,0.0791137044,0.0791137044,0.0791137044,Cement,115
106,-5.042383,-38,2020,SOX,EPA,0.0855328356,0.0855328356,0.0855328356,Cement,115
107,-5.042383,-38,2021,SOX,EPA,0.100453554,0.100453554,0.100453554,Cement,115
108,-5.042383,-38,2022,SOX,EPA,0.0534041892,0.0534041892,0.0534041892,Cement,115
109,-7.476009,-35,2014,TSP,EPA,0.0172004035169444,0.0172004035169444,0.0172004035169444,Cement,115
110,-7.476009,-35,2015,TSP,EPA,0.0152254211215278,0.0152254211215278,0.0152254211215278,Cement,115
111,-7.476009,-35,2016,TSP,EPA,0.0183431492955556,0.0183431492955556,0.0183431492955556,Cement,115
112,-7.476009,-35,2017,TSP,EPA,0.0182761042261111,0.0182761042261111,0.0182761042261111,Cement,115
113,-7.476009,-35,2018,TSP,EPA,0.0187489702216667,0.0187489702216667,0.0187489702216667,Cement,115
114,-7.476009,-35,2019,TSP,EPA,0.022316294405,0.022316294405,0.022316294405,Cement,115
115,-7.476009,-35,2020,TSP,EPA,0.0260301659479167,0.0260301659479167,0.0260301659479167,Cement,115
116,-7.476009,-35,2021,TSP,EPA,0.0275756395304167,0.0275756395304167,0.0275756395304167,Cement,115
117,-7.476009,-35,2022,TSP,EPA,0.0155343812543056,0.0155343812543056,0.0155343812543056,Cement,115
118,-7.476009,-35,2014,PM10,EPA,0.00487872326666667,0.00487872326666667,0.00487872326666667,Cement,115
119,-7.476009,-35,2015,PM10,EPA,0.00431853916666667,0.00431853916666667,0.00431853916666667,Cement,115
120,-7.476009,-35,2016,PM10,EPA,0.00520285173333333,0.00520285173333333,0.00520285173333333,Cement,115
121,-7.476009,-35,2017,PM10,EPA,0.00518383506666667,0.00518383506666667,0.00518383506666667,Cement,115
122,-7.476009,-35,2018,PM10,EPA,0.0053179588,0.0053179588,0.0053179588,Cement,115
123,-7.476009,-35,2019,PM10,EPA,0.0063297948,0.0063297948,0.0063297948,Cement,115
124,-7.476009,-35,2020,PM10,EPA,0.0073831975,0.0073831975,0.0073831975,Cement,115
125,-7.476009,-35,2021,PM10,EPA,0.0078215557,0.0078215557,0.0078215557,Cement,115
126,-7.476009,-35,2022,PM10,EPA,0.00440617263333333,0.00440617263333333,0.00440617263333333,Cement,115
127,-7.476009,-35,2014,NOX,EPA,0.243936163333333,0.243936163333333,0.243936163333333,Cement,115
128,-7.476009,-35,2015,NOX,EPA,0.215926958333333,0.215926958333333,0.215926958333333,Cement,115
129,-7.476009,-35,2016,NOX,EPA,0.260142586666667,0.260142586666667,0.260142586666667,Cement,115
130,-7.476009,-35,2017,NOX,EPA,0.259191753333333,0.259191753333333,0.259191753333333,Cement,115
131,-7.476009,-35,2018,NOX,EPA,0.26589794,0.26589794,0.26589794,Cement,115
132,-7.476009,-35,2019,NOX,EPA,0.31648974,0.31648974,0.31648974,Cement,115
133,-7.476009,-35,2020,NOX,EPA,0.369159875,0.369159875,0.369159875,Cement,115
134,-7.476009,-35,2021,NOX,EPA,0.391077785,0.391077785,0.391077785,Cement,115
135,-7.476009,-35,2022,NOX,EPA,0.220308631666667,0.220308631666667,0.220308631666667,Cement,115
136,-7.476009,-35,2014,CO,EPA,0.020908814,0.020908814,0.020908814,Cement,115
137,-7.476009,-35,2015,CO,EPA,0.018508025,0.018508025,0.018508025,Cement,115
138,-7.476009,-35,2016,CO,EPA,0.022297936,0.022297936,0.022297936,Cement,115
139,-7.476009,-35,2017,CO,EPA,0.022216436,0.022216436,0.022216436,Cement,115
140,-7.476009,-35,2018,CO,EPA,0.022791252,0.022791252,0.022791252,Cement,115
141,-7.476009,-35,2019,CO,EPA,0.027127692,0.027127692,0.027127692,Cement,115
142,-7.476009,-35,2020,CO,EPA,0.031642275,0.031642275,0.031642275,Cement,115
143,-7.476009,-35,2021,CO,EPA,0.033520953,0.033520953,0.033520953,Cement,115
144,-7.476009,-35,2022,CO,EPA,0.018883597,0.018883597,0.018883597,Cement,115
145,-7.476009,-35,2014,NMVOCs,EPA,0.0342672229444444,0.0342672229444444,0.0342672229444444,Cement,115
146,-7.476009,-35,2015,NMVOCs,EPA,0.0303325965277778,0.0303325965277778,0.0303325965277778,Cement,115
147,-7.476009,-35,2016,NMVOCs,EPA,0.0365438395555556,0.0365438395555556,0.0365438395555556,Cement,115
148,-7.476009,-35,2017,NMVOCs,EPA,0.0364102701111111,0.0364102701111111,0.0364102701111111,Cement,115
149,-7.476009,-35,2018,NMVOCs,EPA,0.0373523296666667,0.0373523296666667,0.0373523296666667,Cement,115
150,-7.476009,-35,2019,NMVOCs,EPA,0.044459273,0.044459273,0.044459273,Cement,115
151,-7.476009,-35,2020,NMVOCs,EPA,0.0518581729166667,0.0518581729166667,0.0518581729166667,Cement,115
152,-7.476009,-35,2021,NMVOCs,EPA,0.0549371174166667,0.0549371174166667,0.0549371174166667,Cement,115
153,-7.476009,-35,2022,NMVOCs,EPA,0.0309481173055556,0.0309481173055556,0.0309481173055556,Cement,115
154,-7.476009,-35,2014,SOX,EPA,0.094089663,0.094089663,0.094089663,Cement,115
155,-7.476009,-35,2015,SOX,EPA,0.0832861125,0.0832861125,0.0832861125,Cement,115
156,-7.476009,-35,2016,SOX,EPA,0.100340712,0.100340712,0.100340712,Cement,115
157,-7.476009,-35,2017,SOX,EPA,0.099973962,0.099973962,0.099973962,Cement,115
158,-7.476009,-35,2018,SOX,EPA,0.102560634,0.102560634,0.102560634,Cement,115
159,-7.476009,-35,2019,SOX,EPA,0.122074614,0.122074614,0.122074614,Cement,115
160,-7.476009,-35,2020,SOX,EPA,0.1423902375,0.1423902375,0.1423902375,Cement,115
161,-7.476009,-35,2021,SOX,EPA,0.1508442885,0.1508442885,0.1508442885,Cement,115
162,-7.476009,-35,2022,SOX,EPA,0.0849761865,0.0849761865,0.0849761865,Cement,115
163,-19.495304,-44,2014,TSP,EPA,0.0314208320040625,0.0314208320040625,0.0314208320040625,Cement,115
164,-19.495304,-44,2015,TSP,EPA,0.027764673309375,0.027764673309375,0.027764673309375,Cement,115
165,-19.495304,-44,2016,TSP,EPA,0.0244802494984375,0.0244802494984375,0.0244802494984375,Cement,115
166,-19.495304,-44,2017,TSP,EPA,0.023830542671875,0.023830542671875,0.023830542671875,Cement,115
167,-19.495304,-44,2018,TSP,EPA,0.025536396286875,0.025536396286875,0.025536396286875,Cement,115
168,-19.495304,-44,2019,TSP,EPA,0.029467358119375,0.029467358119375,0.029467358119375,Cement,115
169,-19.495304,-44,2020,TSP,EPA,0.0295193879725,0.0295193879725,0.0295193879725,Cement,115
170,-19.495304,-44,2021,TSP,EPA,0.030923164885625,0.030923164885625,0.030923164885625,Cement,115
171,-19.495304,-44,2022,TSP,EPA,0.0171099459390625,0.0171099459390625,0.0171099459390625,Cement,115
172,-19.495304,-44,2014,PM10,EPA,0.008912206275,0.008912206275,0.008912206275,Cement,115
173,-19.495304,-44,2015,PM10,EPA,0.00787517325,0.00787517325,0.00787517325,Cement,115
174,-19.495304,-44,2016,PM10,EPA,0.006943579125,0.006943579125,0.006943579125,Cement,115
175,-19.495304,-44,2017,PM10,EPA,0.00675929625,0.00675929625,0.00675929625,Cement,115
176,-19.495304,-44,2018,PM10,EPA,0.00724314465,0.00724314465,0.00724314465,Cement,115
177,-19.495304,-44,2019,PM10,EPA,0.00835812285,0.00835812285,0.00835812285,Cement,115
178,-19.495304,-44,2020,PM10,EPA,0.0083728806,0.0083728806,0.0083728806,Cement,115
179,-19.495304,-44,2021,PM10,EPA,0.00877104795,0.00877104795,0.00877104795,Cement,115
180,-19.495304,-44,2022,PM10,EPA,0.004853065875,0.004853065875,0.004853065875,Cement,115
181,-19.495304,-44,2014,NOX,EPA,0.44561031375,0.44561031375,0.44561031375,Cement,115
182,-19.495304,-44,2015,NOX,EPA,0.3937586625,0.3937586625,0.3937586625,Cement,115
183,-19.495304,-44,2016,NOX,EPA,0.34717895625,0.34717895625,0.34717895625,Cement,115
184,-19.495304,-44,2017,NOX,EPA,0.3379648125,0.3379648125,0.3379648125,Cement,115
185,-19.495304,-44,2018,NOX,EPA,0.3621572325,0.3621572325,0.3621572325,Cement,115
186,-19.495304,-44,2019,NOX,EPA,0.4179061425,0.4179061425,0.4179061425,Cement,115
187,-19.495304,-44,2020,NOX,EPA,0.41864403,0.41864403,0.41864403,Cement,115
188,-19.495304,-44,2021,NOX,EPA,0.4385523975,0.4385523975,0.4385523975,Cement,115
189,-19.495304,-44,2022,NOX,EPA,0.24265329375,0.24265329375,0.24265329375,Cement,115
190,-19.495304,-44,2014,CO,EPA,0.03819516975,0.03819516975,0.03819516975,Cement,115
191,-19.495304,-44,2015,CO,EPA,0.0337507425,0.0337507425,0.0337507425,Cement,115
192,-19.495304,-44,2016,CO,EPA,0.02975819625,0.02975819625,0.02975819625,Cement,115
193,-19.495304,-44,2017,CO,EPA,0.0289684125,0.0289684125,0.0289684125,Cement,115
194,-19.495304,-44,2018,CO,EPA,0.0310420485,0.0310420485,0.0310420485,Cement,115
195,-19.495304,-44,2019,CO,EPA,0.0358205265,0.0358205265,0.0358205265,Cement,115
196,-19.495304,-44,2020,CO,EPA,0.035883774,0.035883774,0.035883774,Cement,115
197,-19.495304,-44,2021,CO,EPA,0.0375902055,0.0375902055,0.0375902055,Cement,115
198,-19.495304,-44,2022,CO,EPA,0.02079885375,0.02079885375,0.02079885375,Cement,115
199,-19.495304,-44,2014,NMVOCs,EPA,0.0625976393125,0.0625976393125,0.0625976393125,Cement,115
200,-19.495304,-44,2015,NMVOCs,EPA,0.055313716875,0.055313716875,0.055313716875,Cement,115
201,-19.495304,-44,2016,NMVOCs,EPA,0.0487703771875,0.0487703771875,0.0487703771875,Cement,115
202,-19.495304,-44,2017,NMVOCs,EPA,0.047476009375,0.047476009375,0.047476009375,Cement,115
203,-19.495304,-44,2018,NMVOCs,EPA,0.050874468375,0.050874468375,0.050874468375,Cement,115
204,-19.495304,-44,2019,NMVOCs,EPA,0.058705862875,0.058705862875,0.058705862875,Cement,115
205,-19.495304,-44,2020,NMVOCs,EPA,0.0588095185,0.0588095185,0.0588095185,Cement,115
206,-19.495304,-44,2021,NMVOCs,EPA,0.061606170125,0.061606170125,0.061606170125,Cement,115
207,-19.495304,-44,2022,NMVOCs,EPA,0.0340870103125,0.0340870103125,0.0340870103125,Cement,115
208,-19.495304,-44,2014,SOX,EPA,0.171878263875,0.171878263875,0.171878263875,Cement,115
209,-19.495304,-44,2015,SOX,EPA,0.15187834125,0.15187834125,0.15187834125,Cement,115
210,-19.495304,-44,2016,SOX,EPA,0.133911883125,0.133911883125,0.133911883125,Cement,115
211,-19.495304,-44,2017,SOX,EPA,0.13035785625,0.13035785625,0.13035785625,Cement,115
212,-19.495304,-44,2018,SOX,EPA,0.13968921825,0.13968921825,0.13968921825,Cement,115
213,-19.495304,-44,2019,SOX,EPA,0.16119236925,0.16119236925,0.16119236925,Cement,115
214,-19.495304,-44,2020,SOX,EPA,0.161476983,0.161476983,0.161476983,Cement,115
215,-19.495304,-44,2021,SOX,EPA,0.16915592475,0.16915592475,0.16915592475,Cement,115
216,-19.495304,-44,2022,SOX,EPA,0.093594841875,0.093594841875,0.093594841875,Cement,115
217,-20.387358,-46,2014,TSP,EPA,0.0314208320040625,0.0314208320040625,0.0314208320040625,Cement,115
218,-20.387358,-46,2015,TSP,EPA,0.027764673309375,0.027764673309375,0.027764673309375,Cement,115
219,-20.387358,-46,2016,TSP,EPA,0.0244802494984375,0.0244802494984375,0.0244802494984375,Cement,115
220,-20.387358,-46,2017,TSP,EPA,0.023830542671875,0.023830542671875,0.023830542671875,Cement,115
221,-20.387358,-46,2018,TSP,EPA,0.025536396286875,0.025536396286875,0.025536396286875,Cement,115
222,-20.387358,-46,2019,TSP,EPA,0.029467358119375,0.029467358119375,0.029467358119375,Cement,115
223,-20.387358,-46,2020,TSP,EPA,0.0295193879725,0.0295193879725,0.0295193879725,Cement,115
224,-20.387358,-46,2021,TSP,EPA,0.030923164885625,0.030923164885625,0.030923164885625,Cement,115
225,-20.387358,-46,2022,TSP,EPA,0.0171099459390625,0.0171099459390625,0.0171099459390625,Cement,115
226,-20.387358,-46,2014,PM10,EPA,0.008912206275,0.008912206275,0.008912206275,Cement,115
227,-20.387358,-46,2015,PM10,EPA,0.00787517325,0.00787517325,0.00787517325,Cement,115
228,-20.387358,-46,2016,PM10,EPA,0.006943579125,0.006943579125,0.006943579125,Cement,115
229,-20.387358,-46,2017,PM10,EPA,0.00675929625,0.00675929625,0.00675929625,Cement,115
230,-20.387358,-46,2018,PM10,EPA,0.00724314465,0.00724314465,0.00724314465,Cement,115
231,-20.387358,-46,2019,PM10,EPA,0.00835812285,0.00835812285,0.00835812285,Cement,115
232,-20.387358,-46,2020,PM10,EPA,0.0083728806,0.0083728806,0.0083728806,Cement,115
233,-20.387358,-46,2021,PM10,EPA,0.00877104795,0.00877104795,0.00877104795,Cement,115
234,-20.387358,-46,2022,PM10,EPA,0.004853065875,0.004853065875,0.004853065875,Cement,115
235,-20.387358,-46,2014,NOX,EPA,0.44561031375,0.44561031375,0.44561031375,Cement,115
236,-20.387358,-46,2015,NOX,EPA,0.3937586625,0.3937586625,0.3937586625,Cement,115
237,-20.387358,-46,2016,NOX,EPA,0.34717895625,0.34717895625,0.34717895625,Cement,115
238,-20.387358,-46,2017,NOX,EPA,0.3379648125,0.3379648125,0.3379648125,Cement,115
239,-20.387358,-46,2018,NOX,EPA,0.3621572325,0.3621572325,0.3621572325,Cement,115
240,-20.387358,-46,2019,NOX,EPA,0.4179061425,0.4179061425,0.4179061425,Cement,115
241,-20.387358,-46,2020,NOX,EPA,0.41864403,0.41864403,0.41864403,Cement,115
242,-20.387358,-46,2021,NOX,EPA,0.4385523975,0.4385523975,0.4385523975,Cement,115
243,-20.387358,-46,2022,NOX,EPA,0.24265329375,0.24265329375,0.24265329375,Cement,115
244,-20.387358,-46,2014,CO,EPA,0.03819516975,0.03819516975,0.03819516975,Cement,115
245,-20.387358,-46,2015,CO,EPA,0.0337507425,0.0337507425,0.0337507425,Cement,115
246,-20.387358,-46,2016,CO,EPA,0.02975819625,0.02975819625,0.02975819625,Cement,115
247,-20.387358,-46,2017,CO,EPA,0.0289684125,0.0289684125,0.0289684125,Cement,115
248,-20.387358,-46,2018,CO,EPA,0.0310420485,0.0310420485,0.0310420485,Cement,115
249,-20.387358,-46,2019,CO,EPA,0.0358205265,0.0358205265,0.0358205265,Cement,115
250,-20.387358,-46,2020,CO,EPA,0.035883774,0.035883774,0.035883774,Cement,115
251,-20.387358,-46,2021,CO,EPA,0.0375902055,0.0375902055,0.0375902055,Cement,115
252,-20.387358,-46,2022,CO,EPA,0.02079885375,0.02079885375,0.02079885375,Cement,115
253,-20.387358,-46,2014,NMVOCs,EPA,0.0625976393125,0.0625976393125,0.0625976393125,Cement,115
254,-20.387358,-46,2015,NMVOCs,EPA,0.055313716875,0.055313716875,0.055313716875,Cement,115
255,-20.387358,-46,2016,NMVOCs,EPA,0.0487703771875,0.0487703771875,0.0487703771875,Cement,115
256,-20.387358,-46,2017,NMVOCs,EPA,0.047476009375,0.047476009375,0.047476009375,Cement,115
257,-20.387358,-46,2018,NMVOCs,EPA,0.050874468375,0.050874468375,0.050874468375,Cement,115
258,-20.387358,-46,2019,NMVOCs,EPA,0.058705862875,0.058705862875,0.058705862875,Cement,115
259,-20.387358,-46,2020,NMVOCs,EPA,0.0588095185,0.0588095185,0.0588095185,Cement,115
260,-20.387358,-46,2021,NMVOCs,EPA,0.061606170125,0.061606170125,0.061606170125,Cement,115
261,-20.387358,-46,2022,NMVOCs,EPA,0.0340870103125,0.0340870103125,0.0340870103125,Cement,115
262,-20.387358,-46,2014,SOX,EPA,0.171878263875,0.171878263875,0.171878263875,Cement,115
263,-20.387358,-46,2015,SOX,EPA,0.15187834125,0.15187834125,0.15187834125,Cement,115
264,-20.387358,-46,2016,SOX,EPA,0.133911883125,0.133911883125,0.133911883125,Cement,115
265,-20.387358,-46,2017,SOX,EPA,0.13035785625,0.13035785625,0.13035785625,Cement,115
266,-20.387358,-46,2018,SOX,EPA,0.13968921825,0.13968921825,0.13968921825,Cement,115
267,-20.387358,-46,2019,SOX,EPA,0.16119236925,0.16119236925,0.16119236925,Cement,115
268,-20.387358,-46,2020,SOX,EPA,0.161476983,0.161476983,0.161476983,Cement,115
269,-20.387358,-46,2021,SOX,EPA,0.16915592475,0.16915592475,0.16915592475,Cement,115
270,-20.387358,-46,2022,SOX,EPA,0.093594841875,0.093594841875,0.093594841875,Cement,115
271,-2.657102,-44,2014,TSP,EPA,0.00488171619855556,0.00488171619855556,0.00488171619855556,Cement,115
272,-2.657102,-44,2015,TSP,EPA,0.00506000837022222,0.00506000837022222,0.00506000837022222,Cement,115
273,-2.657102,-44,2016,TSP,EPA,0.00476920223244444,0.00476920223244444,0.00476920223244444,Cement,115
274,-2.657102,-44,2017,TSP,EPA,0.00370772626588889,0.00370772626588889,0.00370772626588889,Cement,115
275,-2.657102,-44,2018,TSP,EPA,0.00321263717433333,0.00321263717433333,0.00321263717433333,Cement,115
276,-2.657102,-44,2019,TSP,EPA,0.002950370683,0.002950370683,0.002950370683,Cement,115
277,-2.657102,-44,2020,TSP,EPA,0.00292024235633333,0.00292024235633333,0.00292024235633333,Cement,115
278,-2.657102,-44,2021,TSP,EPA,0.00292882478333333,0.00292882478333333,0.00292882478333333,Cement,115
279,-2.657102,-44,2022,TSP,EPA,0.00151463811544444,0.00151463811544444,0.00151463811544444,Cement,115
280,-2.657102,-44,2014,PM10,EPA,0.00138465021333333,0.00138465021333333,0.00138465021333333,Cement,115
281,-2.657102,-44,2015,PM10,EPA,0.00143522101333333,0.00143522101333333,0.00143522101333333,Cement,115
282,-2.657102,-44,2016,PM10,EPA,0.00135273674666667,0.00135273674666667,0.00135273674666667,Cement,115
283,-2.657102,-44,2017,PM10,EPA,0.00105165965333333,0.00105165965333333,0.00105165965333333,Cement,115
284,-2.657102,-44,2018,PM10,EPA,0.00091123256,0.00091123256,0.00091123256,Cement,115
285,-2.657102,-44,2019,PM10,EPA,0.00083684328,0.00083684328,0.00083684328,Cement,115
286,-2.657102,-44,2020,PM10,EPA,0.00082829768,0.00082829768,0.00082829768,Cement,115
287,-2.657102,-44,2021,PM10,EPA,0.000830732,0.000830732,0.000830732,Cement,115
288,-2.657102,-44,2022,PM10,EPA,0.000429612026666667,0.000429612026666667,0.000429612026666667,Cement,115
289,-2.657102,-44,2014,NOX,EPA,0.0692325106666667,0.0692325106666667,0.0692325106666667,Cement,115
290,-2.657102,-44,2015,NOX,EPA,0.0717610506666667,0.0717610506666667,0.0717610506666667,Cement,115
291,-2.657102,-44,2016,NOX,EPA,0.0676368373333333,0.0676368373333333,0.0676368373333333,Cement,115
292,-2.657102,-44,2017,NOX,EPA,0.0525829826666667,0.0525829826666667,0.0525829826666667,Cement,115
293,-2.657102,-44,2018,NOX,EPA,0.045561628,0.045561628,0.045561628,Cement,115
294,-2.657102,-44,2019,NOX,EPA,0.041842164,0.041842164,0.041842164,Cement,115
295,-2.657102,-44,2020,NOX,EPA,0.041414884,0.041414884,0.041414884,Cement,115
296,-2.657102,-44,2021,NOX,EPA,0.0415366,0.0415366,0.0415366,Cement,115
297,-2.657102,-44,2022,NOX,EPA,0.0214806013333333,0.0214806013333333,0.0214806013333333,Cement,115
298,-2.657102,-44,2014,CO,EPA,0.0059342152,0.0059342152,0.0059342152,Cement,115
299,-2.657102,-44,2015,CO,EPA,0.0061509472,0.0061509472,0.0061509472,Cement,115
300,-2.657102,-44,2016,CO,EPA,0.0057974432,0.0057974432,0.0057974432,Cement,115
301,-2.657102,-44,2017,CO,EPA,0.0045071128,0.0045071128,0.0045071128,Cement,115
302,-2.657102,-44,2018,CO,EPA,0.0039052824,0.0039052824,0.0039052824,Cement,115
303,-2.657102,-44,2019,CO,EPA,0.0035864712,0.0035864712,0.0035864712,Cement,115
304,-2.657102,-44,2020,CO,EPA,0.0035498472,0.0035498472,0.0035498472,Cement,115
305,-2.657102,-44,2021,CO,EPA,0.00356028,0.00356028,0.00356028,Cement,115
306,-2.657102,-44,2022,CO,EPA,0.0018411944,0.0018411944,0.0018411944,Cement,115
307,-2.657102,-44,2014,NMVOCs,EPA,0.00972551935555556,0.00972551935555556,0.00972551935555556,Cement,115
308,-2.657102,-44,2015,NMVOCs,EPA,0.0100807190222222,0.0100807190222222,0.0100807190222222,Cement,115
309,-2.657102,-44,2016,NMVOCs,EPA,0.00950136524444445,0.00950136524444445,0.00950136524444445,Cement,115
310,-2.657102,-44,2017,NMVOCs,EPA,0.00738665708888889,0.00738665708888889,0.00738665708888889,Cement,115
311,-2.657102,-44,2018,NMVOCs,EPA,0.00640032393333333,0.00640032393333333,0.00640032393333333,Cement,115
312,-2.657102,-44,2019,NMVOCs,EPA,0.0058778278,0.0058778278,0.0058778278,Cement,115
313,-2.657102,-44,2020,NMVOCs,EPA,0.00581780513333333,0.00581780513333333,0.00581780513333333,Cement,115
314,-2.657102,-44,2021,NMVOCs,EPA,0.00583490333333333,0.00583490333333333,0.00583490333333333,Cement,115
315,-2.657102,-44,2022,NMVOCs,EPA,0.00301751304444444,0.00301751304444444,0.00301751304444444,Cement,115
316,-2.657102,-44,2014,SOX,EPA,0.0267039684,0.0267039684,0.0267039684,Cement,115
317,-2.657102,-44,2015,SOX,EPA,0.0276792624,0.0276792624,0.0276792624,Cement,115
318,-2.657102,-44,2016,SOX,EPA,0.0260884944,0.0260884944,0.0260884944,Cement,115
319,-2.657102,-44,2017,SOX,EPA,0.0202820076,0.0202820076,0.0202820076,Cement,115
320,-2.657102,-44,2018,SOX,EPA,0.0175737708,0.0175737708,0.0175737708,Cement,115
321,-2.657102,-44,2019,SOX,EPA,0.0161391204,0.0161391204,0.0161391204,Cement,115
322,-2.657102,-44,2020,SOX,EPA,0.0159743124,0.0159743124,0.0159743124,Cement,115
323,-2.657102,-44,2021,SOX,EPA,0.01602126,0.01602126,0.01602126,Cement,115
324,-2.657102,-44,2022,SOX,EPA,0.0082853748,0.0082853748,0.0082853748,Cement,115
325,-8.348061,-35,2014,TSP,EPA,0.00739918073455556,0.00739918073455556,0.00739918073455556,Cement,115
326,-8.348061,-35,2015,TSP,EPA,0.00584023331422222,0.00584023331422222,0.00584023331422222,Cement,115
327,-8.348061,-35,2016,TSP,EPA,0.00404446395244445,0.00404446395244445,0.00404446395244445,Cement,115
328,-8.348061,-35,2017,TSP,EPA,0.00320447264788889,0.00320447264788889,0.00320447264788889,Cement,115
329,-8.348061,-35,2018,TSP,EPA,0.00262225030333333,0.00262225030333333,0.00262225030333333,Cement,115
330,-8.348061,-35,2019,TSP,EPA,0.003062889914,0.003062889914,0.003062889914,Cement,115
331,-8.348061,-35,2020,TSP,EPA,0.00337823240833333,0.00337823240833333,0.00337823240833333,Cement,115
332,-8.348061,-35,2021,TSP,EPA,0.00280297880233333,0.00280297880233333,0.00280297880233333,Cement,115
333,-8.348061,-35,2022,TSP,EPA,0.00126174970744444,0.00126174970744444,0.00126174970744444,Cement,115
334,-8.348061,-35,2014,PM10,EPA,0.00209870397333333,0.00209870397333333,0.00209870397333333,Cement,115
335,-8.348061,-35,2015,PM10,EPA,0.00165652405333333,0.00165652405333333,0.00165652405333333,Cement,115
336,-8.348061,-35,2016,PM10,EPA,0.00114717194666667,0.00114717194666667,0.00114717194666667,Cement,115
337,-8.348061,-35,2017,PM10,EPA,0.000908916773333333,0.000908916773333333,0.000908916773333333,Cement,115
338,-8.348061,-35,2018,PM10,EPA,0.0007437752,0.0007437752,0.0007437752,Cement,115
339,-8.348061,-35,2019,PM10,EPA,0.00086875824,0.00086875824,0.00086875824,Cement,115
340,-8.348061,-35,2020,PM10,EPA,0.000958202,0.000958202,0.000958202,Cement,115
341,-8.348061,-35,2021,PM10,EPA,0.00079503704,0.00079503704,0.00079503704,Cement,115
342,-8.348061,-35,2022,PM10,EPA,0.000357882746666667,0.000357882746666667,0.000357882746666667,Cement,115
343,-8.348061,-35,2014,NOX,EPA,0.104935198666667,0.104935198666667,0.104935198666667,Cement,115
344,-8.348061,-35,2015,NOX,EPA,0.0828262026666667,0.0828262026666667,0.0828262026666667,Cement,115
345,-8.348061,-35,2016,NOX,EPA,0.0573585973333333,0.0573585973333333,0.0573585973333333,Cement,115
346,-8.348061,-35,2017,NOX,EPA,0.0454458386666667,0.0454458386666667,0.0454458386666667,Cement,115
347,-8.348061,-35,2018,NOX,EPA,0.03718876,0.03718876,0.03718876,Cement,115
348,-8.348061,-35,2019,NOX,EPA,0.043437912,0.043437912,0.043437912,Cement,115
349,-8.348061,-35,2020,NOX,EPA,0.0479101,0.0479101,0.0479101,Cement,115
350,-8.348061,-35,2021,NOX,EPA,0.039751852,0.039751852,0.039751852,Cement,115
351,-8.348061,-35,2022,NOX,EPA,0.0178941373333333,0.0178941373333333,0.0178941373333333,Cement,115
352,-8.348061,-35,2014,CO,EPA,0.0089944456,0.0089944456,0.0089944456,Cement,115
353,-8.348061,-35,2015,CO,EPA,0.0070993888,0.0070993888,0.0070993888,Cement,115
354,-8.348061,-35,2016,CO,EPA,0.0049164512,0.0049164512,0.0049164512,Cement,115
355,-8.348061,-35,2017,CO,EPA,0.0038953576,0.0038953576,0.0038953576,Cement,115
356,-8.348061,-35,2018,CO,EPA,0.003187608,0.003187608,0.003187608,Cement,115
357,-8.348061,-35,2019,CO,EPA,0.0037232496,0.0037232496,0.0037232496,Cement,115
358,-8.348061,-35,2020,CO,EPA,0.00410658,0.00410658,0.00410658,Cement,115
359,-8.348061,-35,2021,CO,EPA,0.0034073016,0.0034073016,0.0034073016,Cement,115
360,-8.348061,-35,2022,CO,EPA,0.0015337832,0.0015337832,0.0015337832,Cement,115
361,-8.348061,-35,2014,NMVOCs,EPA,0.0147408969555556,0.0147408969555556,0.0147408969555556,Cement,115
362,-8.348061,-35,2015,NMVOCs,EPA,0.0116351094222222,0.0116351094222222,0.0116351094222222,Cement,115
363,-8.348061,-35,2016,NMVOCs,EPA,0.00805751724444445,0.00805751724444445,0.00805751724444445,Cement,115
364,-8.348061,-35,2017,NMVOCs,EPA,0.00638405828888889,0.00638405828888889,0.00638405828888889,Cement,115
365,-8.348061,-35,2018,NMVOCs,EPA,0.00522413533333333,0.00522413533333333,0.00522413533333333,Cement,115
366,-8.348061,-35,2019,NMVOCs,EPA,0.0061019924,0.0061019924,0.0061019924,Cement,115
367,-8.348061,-35,2020,NMVOCs,EPA,0.00673022833333333,0.00673022833333333,0.00673022833333333,Cement,115
368,-8.348061,-35,2021,NMVOCs,EPA,0.00558418873333333,0.00558418873333333,0.00558418873333333,Cement,115
369,-8.348061,-35,2022,NMVOCs,EPA,0.00251370024444444,0.00251370024444444,0.00251370024444444,Cement,115
370,-8.348061,-35,2014,SOX,EPA,0.0404750052,0.0404750052,0.0404750052,Cement,115
371,-8.348061,-35,2015,SOX,EPA,0.0319472496,0.0319472496,0.0319472496,Cement,115
372,-8.348061,-35,2016,SOX,EPA,0.0221240304,0.0221240304,0.0221240304,Cement,115
373,-8.348061,-35,2017,SOX,EPA,0.0175291092,0.0175291092,0.0175291092,Cement,115
374,-8.348061,-35,2018,SOX,EPA,0.014344236,0.014344236,0.014344236,Cement,115
375,-8.348061,-35,2019,SOX,EPA,0.0167546232,0.0167546232,0.0167546232,Cement,115
376,-8.348061,-35,2020,SOX,EPA,0.01847961,0.01847961,0.01847961,Cement,115
377,-8.348061,-35,2021,SOX,EPA,0.0153328572,0.0153328572,0.0153328572,Cement,115
378,-8.348061,-35,2022,SOX,EPA,0.0069020244,0.0069020244,0.0069020244,Cement,115
379,-4.893095,-47,2014,TSP,EPA,0.00488171619855556,0.00488171619855556,0.00488171619855556,Cement,115
380,-4.893095,-47,2015,TSP,EPA,0.00506000837022222,0.00506000837022222,0.00506000837022222,Cement,115
381,-4.893095,-47,2016,TSP,EPA,0.00476920223244444,0.00476920223244444,0.00476920223244444,Cement,115
382,-4.893095,-47,2017,TSP,EPA,0.00370772626588889,0.00370772626588889,0.00370772626588889,Cement,115
383,-4.893095,-47,2018,TSP,EPA,0.00321263717433333,0.00321263717433333,0.00321263717433333,Cement,115
384,-4.893095,-47,2019,TSP,EPA,0.002950370683,0.002950370683,0.002950370683,Cement,115
385,-4.893095,-47,2020,TSP,EPA,0.00292024235633333,0.00292024235633333,0.00292024235633333,Cement,115
386,-4.893095,-47,2021,TSP,EPA,0.00292882478333333,0.00292882478333333,0.00292882478333333,Cement,115
387,-4.893095,-47,2022,TSP,EPA,0.00151463811544444,0.00151463811544444,0.00151463811544444,Cement,115
388,-4.893095,-47,2014,PM10,EPA,0.00138465021333333,0.00138465021333333,0.00138465021333333,Cement,115
389,-4.893095,-47,2015,PM10,EPA,0.00143522101333333,0.00143522101333333,0.00143522101333333,Cement,115
390,-4.893095,-47,2016,PM10,EPA,0.00135273674666667,0.00135273674666667,0.00135273674666667,Cement,115
391,-4.893095,-47,2017,PM10,EPA,0.00105165965333333,0.00105165965333333,0.00105165965333333,Cement,115
392,-4.893095,-47,2018,PM10,EPA,0.00091123256,0.00091123256,0.00091123256,Cement,115
393,-4.893095,-47,2019,PM10,EPA,0.00083684328,0.00083684328,0.00083684328,Cement,115
394,-4.893095,-47,2020,PM10,EPA,0.00082829768,0.00082829768,0.00082829768,Cement,115
395,-4.893095,-47,2021,PM10,EPA,0.000830732,0.000830732,0.000830732,Cement,115
396,-4.893095,-47,2022,PM10,EPA,0.000429612026666667,0.000429612026666667,0.000429612026666667,Cement,115
397,-4.893095,-47,2014,NOX,EPA,0.0692325106666667,0.0692325106666667,0.0692325106666667,Cement,115
398,-4.893095,-47,2015,NOX,EPA,0.0717610506666667,0.0717610506666667,0.0717610506666667,Cement,115
399,-4.893095,-47,2016,NOX,EPA,0.0676368373333333,0.0676368373333333,0.0676368373333333,Cement,115
400,-4.893095,-47,2017,NOX,EPA,0.0525829826666667,0.0525829826666667,0.0525829826666667,Cement,115
401,-4.893095,-47,2018,NOX,EPA,0.045561628,0.045561628,0.045561628,Cement,115
402,-4.893095,-47,2019,NOX,EPA,0.041842164,0.041842164,0.041842164,Cement,115
403,-4.893095,-47,2020,NOX,EPA,0.041414884,0.041414884,0.041414884,Cement,115
404,-4.893095,-47,2021,NOX,EPA,0.0415366,0.0415366,0.0415366,Cement,115
405,-4.893095,-47,2022,NOX,EPA,0.0214806013333333,0.0214806013333333,0.0214806013333333,Cement,115
406,-4.893095,-47,2014,CO,EPA,0.0059342152,0.0059342152,0.0059342152,Cement,115
407,-4.893095,-47,2015,CO,EPA,0.0061509472,0.0061509472,0.0061509472,Cement,115
408,-4.893095,-47,2016,CO,EPA,0.0057974432,0.0057974432,0.0057974432,Cement,115
409,-4.893095,-47,2017,CO,EPA,0.0045071128,0.0045071128,0.0045071128,Cement,115
410,-4.893095,-47,2018,CO,EPA,0.0039052824,0.0039052824,0.0039052824,Cement,115
411,-4.893095,-47,2019,CO,EPA,0.0035864712,0.0035864712,0.0035864712,Cement,115
412,-4.893095,-47,2020,CO,EPA,0.0035498472,0.0035498472,0.0035498472,Cement,115
413,-4.893095,-47,2021,CO,EPA,0.00356028,0.00356028,0.00356028,Cement,115
414,-4.893095,-47,2022,CO,EPA,0.0018411944,0.0018411944,0.0018411944,Cement,115
415,-4.893095,-47,2014,NMVOCs,EPA,0.00972551935555556,0.00972551935555556,0.00972551935555556,Cement,115
416,-4.893095,-47,2015,NMVOCs,EPA,0.0100807190222222,0.0100807190222222,0.0100807190222222,Cement,115
417,-4.893095,-47,2016,NMVOCs,EPA,0.00950136524444445,0.00950136524444445,0.00950136524444445,Cement,115
418,-4.893095,-47,2017,NMVOCs,EPA,0.00738665708888889,0.00738665708888889,0.00738665708888889,Cement,115
419,-4.893095,-47,2018,NMVOCs,EPA,0.00640032393333333,0.00640032393333333,0.00640032393333333,Cement,115
420,-4.893095,-47,2019,NMVOCs,EPA,0.0058778278,0.0058778278,0.0058778278,Cement,115
421,-4.893095,-47,2020,NMVOCs,EPA,0.00581780513333333,0.00581780513333333,0.00581780513333333,Cement,115
422,-4.893095,-47,2021,NMVOCs,EPA,0.00583490333333333,0.00583490333333333,0.00583490333333333,Cement,115
423,-4.893095,-47,2022,NMVOCs,EPA,0.00301751304444444,0.00301751304444444,0.00301751304444444,Cement,115
424,-4.893095,-47,2014,SOX,EPA,0.0267039684,0.0267039684,0.0267039684,Cement,115
425,-4.893095,-47,2015,SOX,EPA,0.0276792624,0.0276792624,0.0276792624,Cement,115
426,-4.893095,-47,2016,SOX,EPA,0.0260884944,0.0260884944,0.0260884944,Cement,115
427,-4.893095,-47,2017,SOX,EPA,0.0202820076,0.0202820076,0.0202820076,Cement,115
428,-4.893095,-47,2018,SOX,EPA,0.0175737708,0.0175737708,0.0175737708,Cement,115
429,-4.893095,-47,2019,SOX,EPA,0.0161391204,0.0161391204,0.0161391204,Cement,115
430,-4.893095,-47,2020,SOX,EPA,0.0159743124,0.0159743124,0.0159743124,Cement,115
431,-4.893095,-47,2021,SOX,EPA,0.01602126,0.01602126,0.01602126,Cement,115
432,-4.893095,-47,2022,SOX,EPA,0.0082853748,0.0082853748,0.0082853748,Cement,115
433,-9.68089,-36,2014,TSP,EPA,0.0125602924113889,0.0125602924113889,0.0125602924113889,Cement,115
434,-9.68089,-36,2015,TSP,EPA,0.00953982401055556,0.00953982401055556,0.00953982401055556,Cement,115
435,-9.68089,-36,2016,TSP,EPA,0.00701557796861111,0.00701557796861111,0.00701557796861111,Cement,115
436,-9.68089,-36,2017,TSP,EPA,0.00428799862722222,0.00428799862722222,0.00428799862722222,Cement,115
437,-9.68089,-36,2018,TSP,EPA,0.00409187987083333,0.00409187987083333,0.00409187987083333,Cement,115
438,-9.68089,-36,2019,TSP,EPA,0.007132150835,0.007132150835,0.007132150835,Cement,115
439,-9.68089,-36,2020,TSP,EPA,0.00758976675083333,0.00758976675083333,0.00758976675083333,Cement,115
440,-9.68089,-36,2021,TSP,EPA,0.00684475700333333,0.00684475700333333,0.00684475700333333,Cement,115
441,-9.68089,-36,2022,TSP,EPA,0.00335187670361111,0.00335187670361111,0.00335187670361111,Cement,115
442,-9.68089,-36,2014,PM10,EPA,0.00356260193333333,0.00356260193333333,0.00356260193333333,Cement,115
443,-9.68089,-36,2015,PM10,EPA,0.00270587613333333,0.00270587613333333,0.00270587613333333,Cement,115
444,-9.68089,-36,2016,PM10,EPA,0.00198989886666667,0.00198989886666667,0.00198989886666667,Cement,115
445,-9.68089,-36,2017,PM10,EPA,0.00121624813333333,0.00121624813333333,0.00121624813333333,Cement,115
446,-9.68089,-36,2018,PM10,EPA,0.001160621,0.001160621,0.001160621,Cement,115
447,-9.68089,-36,2019,PM10,EPA,0.0020229636,0.0020229636,0.0020229636,Cement,115
448,-9.68089,-36,2020,PM10,EPA,0.0021527618,0.0021527618,0.0021527618,Cement,115
449,-9.68089,-36,2021,PM10,EPA,0.0019414472,0.0019414472,0.0019414472,Cement,115
450,-9.68089,-36,2022,PM10,EPA,0.000950726466666667,0.000950726466666667,0.000950726466666667,Cement,115
451,-9.68089,-36,2014,NOX,EPA,0.178130096666667,0.178130096666667,0.178130096666667,Cement,115
452,-9.68089,-36,2015,NOX,EPA,0.135293806666667,0.135293806666667,0.135293806666667,Cement,115
453,-9.68089,-36,2016,NOX,EPA,0.0994949433333333,0.0994949433333333,0.0994949433333333,Cement,115
454,-9.68089,-36,2017,NOX,EPA,0.0608124066666667,0.0608124066666667,0.0608124066666667,Cement,115
455,-9.68089,-36,2018,NOX,EPA,0.05803105,0.05803105,0.05803105,Cement,115
456,-9.68089,-36,2019,NOX,EPA,0.10114818,0.10114818,0.10114818,Cement,115
457,-9.68089,-36,2020,NOX,EPA,0.10763809,0.10763809,0.10763809,Cement,115
458,-9.68089,-36,2021,NOX,EPA,0.09707236,0.09707236,0.09707236,Cement,115
459,-9.68089,-36,2022,NOX,EPA,0.0475363233333333,0.0475363233333333,0.0475363233333333,Cement,115
460,-9.68089,-36,2014,CO,EPA,0.015268294,0.015268294,0.015268294,Cement,115
461,-9.68089,-36,2015,CO,EPA,0.011596612,0.011596612,0.011596612,Cement,115
462,-9.68089,-36,2016,CO,EPA,0.008528138,0.008528138,0.008528138,Cement,115
463,-9.68089,-36,2017,CO,EPA,0.005212492,0.005212492,0.005212492,Cement,115
464,-9.68089,-36,2018,CO,EPA,0.00497409,0.00497409,0.00497409,Cement,115
465,-9.68089,-36,2019,CO,EPA,0.008669844,0.008669844,0.008669844,Cement,115
466,-9.68089,-36,2020,CO,EPA,0.009226122,0.009226122,0.009226122,Cement,115
467,-9.68089,-36,2021,CO,EPA,0.008320488,0.008320488,0.008320488,Cement,115
468,-9.68089,-36,2022,CO,EPA,0.004074542,0.004074542,0.004074542,Cement,115
469,-9.68089,-36,2014,NMVOCs,EPA,0.0250230373888889,0.0250230373888889,0.0250230373888889,Cement,115
470,-9.68089,-36,2015,NMVOCs,EPA,0.0190055585555556,0.0190055585555556,0.0190055585555556,Cement,115
471,-9.68089,-36,2016,NMVOCs,EPA,0.0139766706111111,0.0139766706111111,0.0139766706111111,Cement,115
472,-9.68089,-36,2017,NMVOCs,EPA,0.00854269522222222,0.00854269522222222,0.00854269522222222,Cement,115
473,-9.68089,-36,2018,NMVOCs,EPA,0.00815198083333333,0.00815198083333333,0.00815198083333333,Cement,115
474,-9.68089,-36,2019,NMVOCs,EPA,0.014208911,0.014208911,0.014208911,Cement,115
475,-9.68089,-36,2020,NMVOCs,EPA,0.0151205888333333,0.0151205888333333,0.0151205888333333,Cement,115
476,-9.68089,-36,2021,NMVOCs,EPA,0.0136363553333333,0.0136363553333333,0.0136363553333333,Cement,115
477,-9.68089,-36,2022,NMVOCs,EPA,0.00667772161111111,0.00667772161111111,0.00667772161111111,Cement,115
478,-9.68089,-36,2014,SOX,EPA,0.068707323,0.068707323,0.068707323,Cement,115
479,-9.68089,-36,2015,SOX,EPA,0.052184754,0.052184754,0.052184754,Cement,115
480,-9.68089,-36,2016,SOX,EPA,0.038376621,0.038376621,0.038376621,Cement,115
481,-9.68089,-36,2017,SOX,EPA,0.023456214,0.023456214,0.023456214,Cement,115
482,-9.68089,-36,2018,SOX,EPA,0.022383405,0.022383405,0.022383405,Cement,115
483,-9.68089,-36,2019,SOX,EPA,0.039014298,0.039014298,0.039014298,Cement,115
484,-9.68089,-36,2020,SOX,EPA,0.041517549,0.041517549,0.041517549,Cement,115
485,-9.68089,-36,2021,SOX,EPA,0.037442196,0.037442196,0.037442196,Cement,115
486,-9.68089,-36,2022,SOX,EPA,0.018335439,0.018335439,0.018335439,Cement,115
487,-19.685616,-44,2014,TSP,EPA,0.0314208320040625,0.0314208320040625,0.0314208320040625,Cement,115
488,-19.685616,-44,2015,TSP,EPA,0.027764673309375,0.027764673309375,0.027764673309375,Cement,115
489,-19.685616,-44,2016,TSP,EPA,0.0244802494984375,0.0244802494984375,0.0244802494984375,Cement,115
490,-19.685616,-44,2017,TSP,EPA,0.023830542671875,0.023830542671875,0.023830542671875,Cement,115
491,-19.685616,-44,2018,TSP,EPA,0.025536396286875,0.025536396286875,0.025536396286875,Cement,115
492,-19.685616,-44,2019,TSP,EPA,0.029467358119375,0.029467358119375,0.029467358119375,Cement,115
493,-19.685616,-44,2020,TSP,EPA,0.0295193879725,0.0295193879725,0.0295193879725,Cement,115
494,-19.685616,-44,2021,TSP,EPA,0.030923164885625,0.030923164885625,0.030923164885625,Cement,115
495,-19.685616,-44,2022,TSP,EPA,0.0171099459390625,0.0171099459390625,0.0171099459390625,Cement,115
496,-19.685616,-44,2014,PM10,EPA,0.008912206275,0.008912206275,0.008912206275,Cement,115
497,-19.685616,-44,2015,PM10,EPA,0.00787517325,0.00787517325,0.00787517325,Cement,115
498,-19.685616,-44,2016,PM10,EPA,0.006943579125,0.006943579125,0.006943579125,Cement,115
499,-19.685616,-44,2017,PM10,EPA,0.00675929625,0.00675929625,0.00675929625,Cement,115
500,-19.685616,-44,2018,PM10,EPA,0.00724314465,0.00724314465,0.00724314465,Cement,115
501,-19.685616,-44,2019,PM10,EPA,0.00835812285,0.00835812285,0.00835812285,Cement,115
502,-19.685616,-44,2020,PM10,EPA,0.0083728806,0.0083728806,0.0083728806,Cement,115
503,-19.685616,-44,2021,PM10,EPA,0.00877104795,0.00877104795,0.00877104795,Cement,115
504,-19.685616,-44,2022,PM10,EPA,0.004853065875,0.004853065875,0.004853065875,Cement,115
505,-19.685616,-44,2014,NOX,EPA,0.44561031375,0.44561031375,0.44561031375,Cement,115
506,-19.685616,-44,2015,NOX,EPA,0.3937586625,0.3937586625,0.3937586625,Cement,115
507,-19.685616,-44,2016,NOX,EPA,0.34717895625,0.34717895625,0.34717895625,Cement,115
508,-19.685616,-44,2017,NOX,EPA,0.3379648125,0.3379648125,0.3379648125,Cement,115
509,-19.685616,-44,2018,NOX,EPA,0.3621572325,0.3621572325,0.3621572325,Cement,115
510,-19.685616,-44,2019,NOX,EPA,0.4179061425,0.4179061425,0.4179061425,Cement,115
511,-19.685616,-44,2020,NOX,EPA,0.41864403,0.41864403,0.41864403,Cement,115
512,-19.685616,-44,2021,NOX,EPA,0.4385523975,0.4385523975,0.4385523975,Cement,115
513,-19.685616,-44,2022,NOX,EPA,0.24265329375,0.24265329375,0.24265329375,Cement,115
514,-19.685616,-44,2014,CO,EPA,0.03819516975,0.03819516975,0.03819516975,Cement,115
515,-19.685616,-44,2015,CO,EPA,0.0337507425,0.0337507425,0.0337507425,Cement,115
516,-19.685616,-44,2016,CO,EPA,0.02975819625,0.02975819625,0.02975819625,Cement,115
517,-19.685616,-44,2017,CO,EPA,0.0289684125,0.0289684125,0.0289684125,Cement,115
518,-19.685616,-44,2018,CO,EPA,0.0310420485,0.0310420485,0.0310420485,Cement,115
519,-19.685616,-44,2019,CO,EPA,0.0358205265,0.0358205265,0.0358205265,Cement,115
520,-19.685616,-44,2020,CO,EPA,0.035883774,0.035883774,0.035883774,Cement,115
521,-19.685616,-44,2021,CO,EPA,0.0375902055,0.0375902055,0.0375902055,Cement,115
522,-19.685616,-44,2022,CO,EPA,0.02079885375,0.02079885375,0.02079885375,Cement,115
523,-19.685616,-44,2014,NMVOCs,EPA,0.0625976393125,0.0625976393125,0.0625976393125,Cement,115
524,-19.685616,-44,2015,NMVOCs,EPA,0.055313716875,0.055313716875,0.055313716875,Cement,115
525,-19.685616,-44,2016,NMVOCs,EPA,0.0487703771875,0.0487703771875,0.0487703771875,Cement,115
526,-19.685616,-44,2017,NMVOCs,EPA,0.047476009375,0.047476009375,0.047476009375,Cement,115
527,-19.685616,-44,2018,NMVOCs,EPA,0.050874468375,0.050874468375,0.050874468375,Cement,115
528,-19.685616,-44,2019,NMVOCs,EPA,0.058705862875,0.058705862875,0.058705862875,Cement,115
529,-19.685616,-44,2020,NMVOCs,EPA,0.0588095185,0.0588095185,0.0588095185,Cement,115
530,-19.685616,-44,2021,NMVOCs,EPA,0.061606170125,0.061606170125,0.061606170125,Cement,115
531,-19.685616,-44,2022,NMVOCs,EPA,0.0340870103125,0.0340870103125,0.0340870103125,Cement,115
532,-19.685616,-44,2014,SOX,EPA,0.171878263875,0.171878263875,0.171878263875,Cement,115
533,-19.685616,-44,2015,SOX,EPA,0.15187834125,0.15187834125,0.15187834125,Cement,115
534,-19.685616,-44,2016,SOX,EPA,0.133911883125,0.133911883125,0.133911883125,Cement,115
535,-19.685616,-44,2017,SOX,EPA,0.13035785625,0.13035785625,0.13035785625,Cement,115
536,-19.685616,-44,2018,SOX,EPA,0.13968921825,0.13968921825,0.13968921825,Cement,115
537,-19.685616,-44,2019,SOX,EPA,0.16119236925,0.16119236925,0.16119236925,Cement,115
538,-19.685616,-44,2020,SOX,EPA,0.161476983,0.161476983,0.161476983,Cement,115
539,-19.685616,-44,2021,SOX,EPA,0.16915592475,0.16915592475,0.16915592475,Cement,115
540,-19.685616,-44,2022,SOX,EPA,0.093594841875,0.093594841875,0.093594841875,Cement,115
541,-15.572222,-48,2014,TSP,EPA,0.065703394775,0.065703394775,0.065703394775,Cement,115
542,-15.572222,-48,2015,TSP,EPA,0.060241322635,0.060241322635,0.060241322635,Cement,115
543,-15.572222,-48,2016,TSP,EPA,0.04355815661,0.04355815661,0.04355815661,Cement,115
544,-15.572222,-48,2017,TSP,EPA,0.0387995739875,0.0387995739875,0.0387995739875,Cement,115
545,-15.572222,-48,2018,TSP,EPA,0.03742962851,0.03742962851,0.03742962851,Cement,115
546,-15.572222,-48,2019,TSP,EPA,0.036289539855,0.036289539855,0.036289539855,Cement,115
547,-15.572222,-48,2020,TSP,EPA,0.0423481321325,0.0423481321325,0.0423481321325,Cement,115
548,-15.572222,-48,2021,TSP,EPA,0.04561509605,0.04561509605,0.04561509605,Cement,115
549,-15.572222,-48,2022,TSP,EPA,0.0256370391625,0.0256370391625,0.0256370391625,Cement,115
550,-15.572222,-48,2014,PM10,EPA,0.018636114,0.018636114,0.018636114,Cement,115
551,-15.572222,-48,2015,PM10,EPA,0.0170868516,0.0170868516,0.0170868516,Cement,115
552,-15.572222,-48,2016,PM10,EPA,0.0123548376,0.0123548376,0.0123548376,Cement,115
553,-15.572222,-48,2017,PM10,EPA,0.011005113,0.011005113,0.011005113,Cement,115
554,-15.572222,-48,2018,PM10,EPA,0.0106165416,0.0106165416,0.0106165416,Cement,115
555,-15.572222,-48,2019,PM10,EPA,0.0102931668,0.0102931668,0.0102931668,Cement,115
556,-15.572222,-48,2020,PM10,EPA,0.0120116262,0.0120116262,0.0120116262,Cement,115
557,-15.572222,-48,2021,PM10,EPA,0.012938268,0.012938268,0.012938268,Cement,115
558,-15.572222,-48,2022,PM10,EPA,0.007271691,0.007271691,0.007271691,Cement,115
559,-15.572222,-48,2014,NOX,EPA,0.9318057,0.9318057,0.9318057,Cement,115
560,-15.572222,-48,2015,NOX,EPA,0.85434258,0.85434258,0.85434258,Cement,115
561,-15.572222,-48,2016,NOX,EPA,0.61774188,0.61774188,0.61774188,Cement,115
562,-15.572222,-48,2017,NOX,EPA,0.55025565,0.55025565,0.55025565,Cement,115
563,-15.572222,-48,2018,NOX,EPA,0.53082708,0.53082708,0.53082708,Cement,115
564,-15.572222,-48,2019,NOX,EPA,0.51465834,0.51465834,0.51465834,Cement,115
565,-15.572222,-48,2020,NOX,EPA,0.60058131,0.60058131,0.60058131,Cement,115
566,-15.572222,-48,2021,NOX,EPA,0.6469134,0.6469134,0.6469134,Cement,115
567,-15.572222,-48,2022,NOX,EPA,0.36358455,0.36358455,0.36358455,Cement,115
568,-15.572222,-48,2014,CO,EPA,0.07986906,0.07986906,0.07986906,Cement,115
569,-15.572222,-48,2015,CO,EPA,0.073229364,0.073229364,0.073229364,Cement,115
570,-15.572222,-48,2016,CO,EPA,0.052949304,0.052949304,0.052949304,Cement,115
571,-15.572222,-48,2017,CO,EPA,0.04716477,0.04716477,0.04716477,Cement,115
572,-15.572222,-48,2018,CO,EPA,0.045499464,0.045499464,0.045499464,Cement,115
573,-15.572222,-48,2019,CO,EPA,0.044113572,0.044113572,0.044113572,Cement,115
574,-15.572222,-48,2020,CO,EPA,0.051478398,0.051478398,0.051478398,Cement,115
575,-15.572222,-48,2021,CO,EPA,0.05544972,0.05544972,0.05544972,Cement,115
576,-15.572222,-48,2022,CO,EPA,0.03116439,0.03116439,0.03116439,Cement,115
577,-15.572222,-48,2014,NMVOCs,EPA,0.130896515,0.130896515,0.130896515,Cement,115
578,-15.572222,-48,2015,NMVOCs,EPA,0.120014791,0.120014791,0.120014791,Cement,115
579,-15.572222,-48,2016,NMVOCs,EPA,0.086778026,0.086778026,0.086778026,Cement,115
580,-15.572222,-48,2017,NMVOCs,EPA,0.0772978175,0.0772978175,0.0772978175,Cement,115
581,-15.572222,-48,2018,NMVOCs,EPA,0.074568566,0.074568566,0.074568566,Cement,115
582,-15.572222,-48,2019,NMVOCs,EPA,0.072297243,0.072297243,0.072297243,Cement,115
583,-15.572222,-48,2020,NMVOCs,EPA,0.0843673745,0.0843673745,0.0843673745,Cement,115
584,-15.572222,-48,2021,NMVOCs,EPA,0.09087593,0.09087593,0.09087593,Cement,115
585,-15.572222,-48,2022,NMVOCs,EPA,0.0510749725,0.0510749725,0.0510749725,Cement,115
586,-15.572222,-48,2014,SOX,EPA,0.35941077,0.35941077,0.35941077,Cement,115
587,-15.572222,-48,2015,SOX,EPA,0.329532138,0.329532138,0.329532138,Cement,115
588,-15.572222,-48,2016,SOX,EPA,0.238271868,0.238271868,0.238271868,Cement,115
589,-15.572222,-48,2017,SOX,EPA,0.212241465,0.212241465,0.212241465,Cement,115
590,-15.572222,-48,2018,SOX,EPA,0.204747588,0.204747588,0.204747588,Cement,115
591,-15.572222,-48,2019,SOX,EPA,0.198511074,0.198511074,0.198511074,Cement,115
592,-15.572222,-48,2020,SOX,EPA,0.231652791,0.231652791,0.231652791,Cement,115
593,-15.572222,-48,2021,SOX,EPA,0.24952374,0.24952374,0.24952374,Cement,115
594,-15.572222,-48,2022,SOX,EPA,0.140239755,0.140239755,0.140239755,Cement,115
595,-19.540672,-44,2014,TSP,EPA,0.0314208320040625,0.0314208320040625,0.0314208320040625,Cement,115
596,-19.540672,-44,2015,TSP,EPA,0.027764673309375,0.027764673309375,0.027764673309375,Cement,115
597,-19.540672,-44,2016,TSP,EPA,0.0244802494984375,0.0244802494984375,0.0244802494984375,Cement,115
598,-19.540672,-44,2017,TSP,EPA,0.023830542671875,0.023830542671875,0.023830542671875,Cement,115
599,-19.540672,-44,2018,TSP,EPA,0.025536396286875,0.025536396286875,0.025536396286875,Cement,115
600,-19.540672,-44,2019,TSP,EPA,0.029467358119375,0.029467358119375,0.029467358119375,Cement,115
601,-19.540672,-44,2020,TSP,EPA,0.0295193879725,0.0295193879725,0.0295193879725,Cement,115
602,-19.540672,-44,2021,TSP,EPA,0.030923164885625,0.030923164885625,0.030923164885625,Cement,115
603,-19.540672,-44,2022,TSP,EPA,0.0171099459390625,0.0171099459390625,0.0171099459390625,Cement,115
604,-19.540672,-44,2014,PM10,EPA,0.008912206275,0.008912206275,0.008912206275,Cement,115
605,-19.540672,-44,2015,PM10,EPA,0.00787517325,0.00787517325,0.00787517325,Cement,115
606,-19.540672,-44,2016,PM10,EPA,0.006943579125,0.006943579125,0.006943579125,Cement,115
607,-19.540672,-44,2017,PM10,EPA,0.00675929625,0.00675929625,0.00675929625,Cement,115
608,-19.540672,-44,2018,PM10,EPA,0.00724314465,0.00724314465,0.00724314465,Cement,115
609,-19.540672,-44,2019,PM10,EPA,0.00835812285,0.00835812285,0.00835812285,Cement,115
610,-19.540672,-44,2020,PM10,EPA,0.0083728806,0.0083728806,0.0083728806,Cement,115
611,-19.540672,-44,2021,PM10,EPA,0.00877104795,0.00877104795,0.00877104795,Cement,115
612,-19.540672,-44,2022,PM10,EPA,0.004853065875,0.004853065875,0.004853065875,Cement,115
613,-19.540672,-44,2014,NOX,EPA,0.44561031375,0.44561031375,0.44561031375,Cement,115
614,-19.540672,-44,2015,NOX,EPA,0.3937586625,0.3937586625,0.3937586625,Cement,115
615,-19.540672,-44,2016,NOX,EPA,0.34717895625,0.34717895625,0.34717895625,Cement,115
616,-19.540672,-44,2017,NOX,EPA,0.3379648125,0.3379648125,0.3379648125,Cement,115
617,-19.540672,-44,2018,NOX,EPA,0.3621572325,0.3621572325,0.3621572325,Cement,115
618,-19.540672,-44,2019,NOX,EPA,0.4179061425,0.4179061425,0.4179061425,Cement,115
619,-19.540672,-44,2020,NOX,EPA,0.41864403,0.41864403,0.41864403,Cement,115
620,-19.540672,-44,2021,NOX,EPA,0.4385523975,0.4385523975,0.4385523975,Cement,115
621,-19.540672,-44,2022,NOX,EPA,0.24265329375,0.24265329375,0.24265329375,Cement,115
622,-19.540672,-44,2014,CO,EPA,0.03819516975,0.03819516975,0.03819516975,Cement,115
623,-19.540672,-44,2015,CO,EPA,0.0337507425,0.0337507425,0.0337507425,Cement,115
624,-19.540672,-44,2016,CO,EPA,0.02975819625,0.02975819625,0.02975819625,Cement,115
625,-19.540672,-44,2017,CO,EPA,0.0289684125,0.0289684125,0.0289684125,Cement,115
626,-19.540672,-44,2018,CO,EPA,0.0310420485,0.0310420485,0.0310420485,Cement,115
627,-19.540672,-44,2019,CO,EPA,0.0358205265,0.0358205265,0.0358205265,Cement,115
628,-19.540672,-44,2020,CO,EPA,0.035883774,0.035883774,0.035883774,Cement,115
629,-19.540672,-44,2021,CO,EPA,0.0375902055,0.0375902055,0.0375902055,Cement,115
630,-19.540672,-44,2022,CO,EPA,0.02079885375,0.02079885375,0.02079885375,Cement,115
631,-19.540672,-44,2014,NMVOCs,EPA,0.0625976393125,0.0625976393125,0.0625976393125,Cement,115
632,-19.540672,-44,2015,NMVOCs,EPA,0.055313716875,0.055313716875,0.055313716875,Cement,115
633,-19.540672,-44,2016,NMVOCs,EPA,0.0487703771875,0.0487703771875,0.0487703771875,Cement,115
634,-19.540672,-44,2017,NMVOCs,EPA,0.047476009375,0.047476009375,0.047476009375,Cement,115
635,-19.540672,-44,2018,NMVOCs,EPA,0.050874468375,0.050874468375,0.050874468375,Cement,115
636,-19.540672,-44,2019,NMVOCs,EPA,0.058705862875,0.058705862875,0.058705862875,Cement,115
637,-19.540672,-44,2020,NMVOCs,EPA,0.0588095185,0.0588095185,0.0588095185,Cement,115
638,-19.540672,-44,2021,NMVOCs,EPA,0.061606170125,0.061606170125,0.061606170125,Cement,115
639,-19.540672,-44,2022,NMVOCs,EPA,0.0340870103125,0.0340870103125,0.0340870103125,Cement,115
640,-19.540672,-44,2014,SOX,EPA,0.171878263875,0.171878263875,0.171878263875,Cement,115
641,-19.540672,-44,2015,SOX,EPA,0.15187834125,0.15187834125,0.15187834125,Cement,115
642,-19.540672,-44,2016,SOX,EPA,0.133911883125,0.133911883125,0.133911883125,Cement,115
643,-19.540672,-44,2017,SOX,EPA,0.13035785625,0.13035785625,0.13035785625,Cement,115
644,-19.540672,-44,2018,SOX,EPA,0.13968921825,0.13968921825,0.13968921825,Cement,115
645,-19.540672,-44,2019,SOX,EPA,0.16119236925,0.16119236925,0.16119236925,Cement,115
646,-19.540672,-44,2020,SOX,EPA,0.161476983,0.161476983,0.161476983,Cement,115
647,-19.540672,-44,2021,SOX,EPA,0.16915592475,0.16915592475,0.16915592475,Cement,115
648,-19.540672,-44,2022,SOX,EPA,0.093594841875,0.093594841875,0.093594841875,Cement,115
649,-20.31549,-46,2014,TSP,EPA,0.0314208320040625,0.0314208320040625,0.0314208320040625,Cement,115
650,-20.31549,-46,2015,TSP,EPA,0.027764673309375,0.027764673309375,0.027764673309375,Cement,115
651,-20.31549,-46,2016,TSP,EPA,0.0244802494984375,0.0244802494984375,0.0244802494984375,Cement,115
652,-20.31549,-46,2017,TSP,EPA,0.023830542671875,0.023830542671875,0.023830542671875,Cement,115
653,-20.31549,-46,2018,TSP,EPA,0.025536396286875,0.025536396286875,0.025536396286875,Cement,115
654,-20.31549,-46,2019,TSP,EPA,0.029467358119375,0.029467358119375,0.029467358119375,Cement,115
655,-20.31549,-46,2020,TSP,EPA,0.0295193879725,0.0295193879725,0.0295193879725,Cement,115
656,-20.31549,-46,2021,TSP,EPA,0.030923164885625,0.030923164885625,0.030923164885625,Cement,115
657,-20.31549,-46,2022,TSP,EPA,0.0171099459390625,0.0171099459390625,0.0171099459390625,Cement,115
658,-20.31549,-46,2014,PM10,EPA,0.008912206275,0.008912206275,0.008912206275,Cement,115
659,-20.31549,-46,2015,PM10,EPA,0.00787517325,0.00787517325,0.00787517325,Cement,115
660,-20.31549,-46,2016,PM10,EPA,0.006943579125,0.006943579125,0.006943579125,Cement,115
661,-20.31549,-46,2017,PM10,EPA,0.00675929625,0.00675929625,0.00675929625,Cement,115
662,-20.31549,-46,2018,PM10,EPA,0.00724314465,0.00724314465,0.00724314465,Cement,115
663,-20.31549,-46,2019,PM10,EPA,0.00835812285,0.00835812285,0.00835812285,Cement,115
664,-20.31549,-46,2020,PM10,EPA,0.0083728806,0.0083728806,0.0083728806,Cement,115
665,-20.31549,-46,2021,PM10,EPA,0.00877104795,0.00877104795,0.00877104795,Cement,115
666,-20.31549,-46,2022,PM10,EPA,0.004853065875,0.004853065875,0.004853065875,Cement,115
667,-20.31549,-46,2014,NOX,EPA,0.44561031375,0.44561031375,0.44561031375,Cement,115
668,-20.31549,-46,2015,NOX,EPA,0.3937586625,0.3937586625,0.3937586625,Cement,115
669,-20.31549,-46,2016,NOX,EPA,0.34717895625,0.34717895625,0.34717895625,Cement,115
670,-20.31549,-46,2017,NOX,EPA,0.3379648125,0.3379648125,0.3379648125,Cement,115
671,-20.31549,-46,2018,NOX,EPA,0.3621572325,0.3621572325,0.3621572325,Cement,115
672,-20.31549,-46,2019,NOX,EPA,0.4179061425,0.4179061425,0.4179061425,Cement,115
673,-20.31549,-46,2020,NOX,EPA,0.41864403,0.41864403,0.41864403,Cement,115
674,-20.31549,-46,2021,NOX,EPA,0.4385523975,0.4385523975,0.4385523975,Cement,115
675,-20.31549,-46,2022,NOX,EPA,0.24265329375,0.24265329375,0.24265329375,Cement,115
676,-20.31549,-46,2014,CO,EPA,0.03819516975,0.03819516975,0.03819516975,Cement,115
677,-20.31549,-46,2015,CO,EPA,0.0337507425,0.0337507425,0.0337507425,Cement,115
678,-20.31549,-46,2016,CO,EPA,0.02975819625,0.02975819625,0.02975819625,Cement,115
679,-20.31549,-46,2017,CO,EPA,0.0289684125,0.0289684125,0.0289684125,Cement,115
680,-20.31549,-46,2018,CO,EPA,0.0310420485,0.0310420485,0.0310420485,Cement,115
681,-20.31549,-46,2019,CO,EPA,0.0358205265,0.0358205265,0.0358205265,Cement,115
682,-20.31549,-46,2020,CO,EPA,0.035883774,0.035883774,0.035883774,Cement,115
683,-20.31549,-46,2021,CO,EPA,0.0375902055,0.0375902055,0.0375902055,Cement,115
684,-20.31549,-46,2022,CO,EPA,0.02079885375,0.02079885375,0.02079885375,Cement,115
685,-20.31549,-46,2014,NMVOCs,EPA,0.0625976393125,0.0625976393125,0.0625976393125,Cement,115
686,-20.31549,-46,2015,NMVOCs,EPA,0.055313716875,0.055313716875,0.055313716875,Cement,115
687,-20.31549,-46,2016,NMVOCs,EPA,0.0487703771875,0.0487703771875,0.0487703771875,Cement,115
688,-20.31549,-46,2017,NMVOCs,EPA,0.047476009375,0.047476009375,0.047476009375,Cement,115
689,-20.31549,-46,2018,NMVOCs,EPA,0.050874468375,0.050874468375,0.050874468375,Cement,115
690,-20.31549,-46,2019,NMVOCs,EPA,0.058705862875,0.058705862875,0.058705862875,Cement,115
691,-20.31549,-46,2020,NMVOCs,EPA,0.0588095185,0.0588095185,0.0588095185,Cement,115
692,-20.31549,-46,2021,NMVOCs,EPA,0.061606170125,0.061606170125,0.061606170125,Cement,115
693,-20.31549,-46,2022,NMVOCs,EPA,0.0340870103125,0.0340870103125,0.0340870103125,Cement,115
694,-20.31549,-46,2014,SOX,EPA,0.171878263875,0.171878263875,0.171878263875,Cement,115
695,-20.31549,-46,2015,SOX,EPA,0.15187834125,0.15187834125,0.15187834125,Cement,115
696,-20.31549,-46,2016,SOX,EPA,0.133911883125,0.133911883125,0.133911883125,Cement,115
697,-20.31549,-46,2017,SOX,EPA,0.13035785625,0.13035785625,0.13035785625,Cement,115
698,-20.31549,-46,2018,SOX,EPA,0.13968921825,0.13968921825,0.13968921825,Cement,115
699,-20.31549,-46,2019,SOX,EPA,0.16119236925,0.16119236925,0.16119236925,Cement,115
700,-20.31549,-46,2020,SOX,EPA,0.161476983,0.161476983,0.161476983,Cement,115
701,-20.31549,-46,2021,SOX,EPA,0.16915592475,0.16915592475,0.16915592475,Cement,115
702,-20.31549,-46,2022,SOX,EPA,0.093594841875,0.093594841875,0.093594841875,Cement,115
703,-21.980226,-42,2014,TSP,EPA,0.016536316345625,0.016536316345625,0.016536316345625,Cement,115
704,-21.980226,-42,2015,TSP,EPA,0.0159738423525,0.0159738423525,0.0159738423525,Cement,115
705,-21.980226,-42,2016,TSP,EPA,0.0138496472475,0.0138496472475,0.0138496472475,Cement,115
706,-21.980226,-42,2017,TSP,EPA,0.011934145345625,0.011934145345625,0.011934145345625,Cement,115
707,-21.980226,-42,2018,TSP,EPA,0.01293352203,0.01293352203,0.01293352203,Cement,115
708,-21.980226,-42,2019,TSP,EPA,0.01442960519625,0.01442960519625,0.01442960519625,Cement,115
709,-21.980226,-42,2020,TSP,EPA,0.01376294193125,0.01376294193125,0.01376294193125,Cement,115
710,-21.980226,-42,2021,TSP,EPA,0.01523696932625,0.01523696932625,0.01523696932625,Cement,115
711,-21.980226,-42,2022,TSP,EPA,0.008377591150625,0.008377591150625,0.008377591150625,Cement,115
712,-21.980226,-42,2014,PM10,EPA,0.00469036155,0.00469036155,0.00469036155,Cement,115
713,-21.980226,-42,2015,PM10,EPA,0.0045308214,0.0045308214,0.0045308214,Cement,115
714,-21.980226,-42,2016,PM10,EPA,0.0039283146,0.0039283146,0.0039283146,Cement,115
715,-21.980226,-42,2017,PM10,EPA,0.00338500155,0.00338500155,0.00338500155,Cement,115
716,-21.980226,-42,2018,PM10,EPA,0.0036684648,0.0036684648,0.0036684648,Cement,115
717,-21.980226,-42,2019,PM10,EPA,0.0040928139,0.0040928139,0.0040928139,Cement,115
718,-21.980226,-42,2020,PM10,EPA,0.0039037215,0.0039037215,0.0039037215,Cement,115
719,-21.980226,-42,2021,PM10,EPA,0.0043218147,0.0043218147,0.0043218147,Cement,115
720,-21.980226,-42,2022,PM10,EPA,0.00237622035,0.00237622035,0.00237622035,Cement,115
721,-21.980226,-42,2014,NOX,EPA,0.2345180775,0.2345180775,0.2345180775,Cement,115
722,-21.980226,-42,2015,NOX,EPA,0.22654107,0.22654107,0.22654107,Cement,115
723,-21.980226,-42,2016,NOX,EPA,0.19641573,0.19641573,0.19641573,Cement,115
724,-21.980226,-42,2017,NOX,EPA,0.1692500775,0.1692500775,0.1692500775,Cement,115
725,-21.980226,-42,2018,NOX,EPA,0.18342324,0.18342324,0.18342324,Cement,115
726,-21.980226,-42,2019,NOX,EPA,0.204640695,0.204640695,0.204640695,Cement,115
727,-21.980226,-42,2020,NOX,EPA,0.195186075,0.195186075,0.195186075,Cement,115
728,-21.980226,-42,2021,NOX,EPA,0.216090735,0.216090735,0.216090735,Cement,115
729,-21.980226,-42,2022,NOX,EPA,0.1188110175,0.1188110175,0.1188110175,Cement,115
730,-21.980226,-42,2014,CO,EPA,0.0201015495,0.0201015495,0.0201015495,Cement,115
731,-21.980226,-42,2015,CO,EPA,0.019417806,0.019417806,0.019417806,Cement,115
732,-21.980226,-42,2016,CO,EPA,0.016835634,0.016835634,0.016835634,Cement,115
733,-21.980226,-42,2017,CO,EPA,0.0145071495,0.0145071495,0.0145071495,Cement,115
734,-21.980226,-42,2018,CO,EPA,0.015721992,0.015721992,0.015721992,Cement,115
735,-21.980226,-42,2019,CO,EPA,0.017540631,0.017540631,0.017540631,Cement,115
736,-21.980226,-42,2020,CO,EPA,0.016730235,0.016730235,0.016730235,Cement,115
737,-21.980226,-42,2021,CO,EPA,0.018522063,0.018522063,0.018522063,Cement,115
738,-21.980226,-42,2022,CO,EPA,0.0101838015,0.0101838015,0.0101838015,Cement,115
739,-21.980226,-42,2014,NMVOCs,EPA,0.032944206125,0.032944206125,0.032944206125,Cement,115
740,-21.980226,-42,2015,NMVOCs,EPA,0.0318236265,0.0318236265,0.0318236265,Cement,115
741,-21.980226,-42,2016,NMVOCs,EPA,0.0275917335,0.0275917335,0.0275917335,Cement,115
742,-21.980226,-42,2017,NMVOCs,EPA,0.023775606125,0.023775606125,0.023775606125,Cement,115
743,-21.980226,-42,2018,NMVOCs,EPA,0.025766598,0.025766598,0.025766598,Cement,115
744,-21.980226,-42,2019,NMVOCs,EPA,0.02874714525,0.02874714525,0.02874714525,Cement,115
745,-21.980226,-42,2020,NMVOCs,EPA,0.02741899625,0.02741899625,0.02741899625,Cement,115
746,-21.980226,-42,2021,NMVOCs,EPA,0.03035560325,0.03035560325,0.03035560325,Cement,115
747,-21.980226,-42,2022,NMVOCs,EPA,0.016690119125,0.016690119125,0.016690119125,Cement,115
748,-21.980226,-42,2014,SOX,EPA,0.09045697275,0.09045697275,0.09045697275,Cement,115
749,-21.980226,-42,2015,SOX,EPA,0.087380127,0.087380127,0.087380127,Cement,115
750,-21.980226,-42,2016,SOX,EPA,0.075760353,0.075760353,0.075760353,Cement,115
751,-21.980226,-42,2017,SOX,EPA,0.06528217275,0.06528217275,0.06528217275,Cement,115
752,-21.980226,-42,2018,SOX,EPA,0.070748964,0.070748964,0.070748964,Cement,115
753,-21.980226,-42,2019,SOX,EPA,0.0789328395,0.0789328395,0.0789328395,Cement,115
754,-21.980226,-42,2020,SOX,EPA,0.0752860575,0.0752860575,0.0752860575,Cement,115
755,-21.980226,-42,2021,SOX,EPA,0.0833492835,0.0833492835,0.0833492835,Cement,115
756,-21.980226,-42,2022,SOX,EPA,0.04582710675,0.04582710675,0.04582710675,Cement,115
757,-19.810599,-44,2014,TSP,EPA,0.0314208320040625,0.0314208320040625,0.0314208320040625,Cement,115
758,-19.810599,-44,2015,TSP,EPA,0.027764673309375,0.027764673309375,0.027764673309375,Cement,115
759,-19.810599,-44,2016,TSP,EPA,0.0244802494984375,0.0244802494984375,0.0244802494984375,Cement,115
760,-19.810599,-44,2017,TSP,EPA,0.023830542671875,0.023830542671875,0.023830542671875,Cement,115
761,-19.810599,-44,2018,TSP,EPA,0.025536396286875,0.025536396286875,0.025536396286875,Cement,115
762,-19.810599,-44,2019,TSP,EPA,0.029467358119375,0.029467358119375,0.029467358119375,Cement,115
763,-19.810599,-44,2020,TSP,EPA,0.0295193879725,0.0295193879725,0.0295193879725,Cement,115
764,-19.810599,-44,2021,TSP,EPA,0.030923164885625,0.030923164885625,0.030923164885625,Cement,115
765,-19.810599,-44,2022,TSP,EPA,0.0171099459390625,0.0171099459390625,0.0171099459390625,Cement,115
766,-19.810599,-44,2014,PM10,EPA,0.008912206275,0.008912206275,0.008912206275,Cement,115
767,-19.810599,-44,2015,PM10,EPA,0.00787517325,0.00787517325,0.00787517325,Cement,115
768,-19.810599,-44,2016,PM10,EPA,0.006943579125,0.006943579125,0.006943579125,Cement,115
769,-19.810599,-44,2017,PM10,EPA,0.00675929625,0.00675929625,0.00675929625,Cement,115
770,-19.810599,-44,2018,PM10,EPA,0.00724314465,0.00724314465,0.00724314465,Cement,115
771,-19.810599,-44,2019,PM10,EPA,0.00835812285,0.00835812285,0.00835812285,Cement,115
772,-19.810599,-44,2020,PM10,EPA,0.0083728806,0.0083728806,0.0083728806,Cement,115
773,-19.810599,-44,2021,PM10,EPA,0.00877104795,0.00877104795,0.00877104795,Cement,115
774,-19.810599,-44,2022,PM10,EPA,0.004853065875,0.004853065875,0.004853065875,Cement,115
775,-19.810599,-44,2014,NOX,EPA,0.44561031375,0.44561031375,0.44561031375,Cement,115
776,-19.810599,-44,2015,NOX,EPA,0.3937586625,0.3937586625,0.3937586625,Cement,115
777,-19.810599,-44,2016,NOX,EPA,0.34717895625,0.34717895625,0.34717895625,Cement,115
778,-19.810599,-44,2017,NOX,EPA,0.3379648125,0.3379648125,0.3379648125,Cement,115
779,-19.810599,-44,2018,NOX,EPA,0.3621572325,0.3621572325,0.3621572325,Cement,115
780,-19.810599,-44,2019,NOX,EPA,0.4179061425,0.4179061425,0.4179061425,Cement,115
781,-19.810599,-44,2020,NOX,EPA,0.41864403,0.41864403,0.41864403,Cement,115
782,-19.810599,-44,2021,NOX,EPA,0.4385523975,0.4385523975,0.4385523975,Cement,115
783,-19.810599,-44,2022,NOX,EPA,0.24265329375,0.24265329375,0.24265329375,Cement,115
784,-19.810599,-44,2014,CO,EPA,0.03819516975,0.03819516975,0.03819516975,Cement,115
785,-19.810599,-44,2015,CO,EPA,0.0337507425,0.0337507425,0.0337507425,Cement,115
786,-19.810599,-44,2016,CO,EPA,0.02975819625,0.02975819625,0.02975819625,Cement,115
787,-19.810599,-44,2017,CO,EPA,0.0289684125,0.0289684125,0.0289684125,Cement,115
788,-19.810599,-44,2018,CO,EPA,0.0310420485,0.0310420485,0.0310420485,Cement,115
789,-19.810599,-44,2019,CO,EPA,0.0358205265,0.0358205265,0.0358205265,Cement,115
790,-19.810599,-44,2020,CO,EPA,0.035883774,0.035883774,0.035883774,Cement,115
791,-19.810599,-44,2021,CO,EPA,0.0375902055,0.0375902055,0.0375902055,Cement,115
792,-19.810599,-44,2022,CO,EPA,0.02079885375,0.02079885375,0.02079885375,Cement,115
793,-19.810599,-44,2014,NMVOCs,EPA,0.0625976393125,0.0625976393125,0.0625976393125,Cement,115
794,-19.810599,-44,2015,NMVOCs,EPA,0.055313716875,0.055313716875,0.055313716875,Cement,115
795,-19.810599,-44,2016,NMVOCs,EPA,0.0487703771875,0.0487703771875,0.0487703771875,Cement,115
796,-19.810599,-44,2017,NMVOCs,EPA,0.047476009375,0.047476009375,0.047476009375,Cement,115
797,-19.810599,-44,2018,NMVOCs,EPA,0.050874468375,0.050874468375,0.050874468375,Cement,115
798,-19.810599,-44,2019,NMVOCs,EPA,0.058705862875,0.058705862875,0.058705862875,Cement,115
799,-19.810599,-44,2020,NMVOCs,EPA,0.0588095185,0.0588095185,0.0588095185,Cement,115
800,-19.810599,-44,2021,NMVOCs,EPA,0.061606170125,0.061606170125,0.061606170125,Cement,115
801,-19.810599,-44,2022,NMVOCs,EPA,0.0340870103125,0.0340870103125,0.0340870103125,Cement,115
802,-19.810599,-44,2014,SOX,EPA,0.171878263875,0.171878263875,0.171878263875,Cement,115
803,-19.810599,-44,2015,SOX,EPA,0.15187834125,0.15187834125,0.15187834125,Cement,115
804,-19.810599,-44,2016,SOX,EPA,0.133911883125,0.133911883125,0.133911883125,Cement,115
805,-19.810599,-44,2017,SOX,EPA,0.13035785625,0.13035785625,0.13035785625,Cement,115
806,-19.810599,-44,2018,SOX,EPA,0.13968921825,0.13968921825,0.13968921825,Cement,115
807,-19.810599,-44,2019,SOX,EPA,0.16119236925,0.16119236925,0.16119236925,Cement,115
808,-19.810599,-44,2020,SOX,EPA,0.161476983,0.161476983,0.161476983,Cement,115
809,-19.810599,-44,2021,SOX,EPA,0.16915592475,0.16915592475,0.16915592475,Cement,115
810,-19.810599,-44,2022,SOX,EPA,0.093594841875,0.093594841875,0.093594841875,Cement,115
811,-20.315384,-46,2014,TSP,EPA,0.0314208320040625,0.0314208320040625,0.0314208320040625,Cement,115
812,-20.315384,-46,2015,TSP,EPA,0.027764673309375,0.027764673309375,0.027764673309375,Cement,115
813,-20.315384,-46,2016,TSP,EPA,0.0244802494984375,0.0244802494984375,0.0244802494984375,Cement,115
814,-20.315384,-46,2017,TSP,EPA,0.023830542671875,0.023830542671875,0.023830542671875,Cement,115
815,-20.315384,-46,2018,TSP,EPA,0.025536396286875,0.025536396286875,0.025536396286875,Cement,115
816,-20.315384,-46,2019,TSP,EPA,0.029467358119375,0.029467358119375,0.029467358119375,Cement,115
817,-20.315384,-46,2020,TSP,EPA,0.0295193879725,0.0295193879725,0.0295193879725,Cement,115
818,-20.315384,-46,2021,TSP,EPA,0.030923164885625,0.030923164885625,0.030923164885625,Cement,115
819,-20.315384,-46,2022,TSP,EPA,0.0171099459390625,0.0171099459390625,0.0171099459390625,Cement,115
820,-20.315384,-46,2014,PM10,EPA,0.008912206275,0.008912206275,0.008912206275,Cement,115
821,-20.315384,-46,2015,PM10,EPA,0.00787517325,0.00787517325,0.00787517325,Cement,115
822,-20.315384,-46,2016,PM10,EPA,0.006943579125,0.006943579125,0.006943579125,Cement,115
823,-20.315384,-46,2017,PM10,EPA,0.00675929625,0.00675929625,0.00675929625,Cement,115
824,-20.315384,-46,2018,PM10,EPA,0.00724314465,0.00724314465,0.00724314465,Cement,115
825,-20.315384,-46,2019,PM10,EPA,0.00835812285,0.00835812285,0.00835812285,Cement,115
826,-20.315384,-46,2020,PM10,EPA,0.0083728806,0.0083728806,0.0083728806,Cement,115
827,-20.315384,-46,2021,PM10,EPA,0.00877104795,0.00877104795,0.00877104795,Cement,115
828,-20.315384,-46,2022,PM10,EPA,0.004853065875,0.004853065875,0.004853065875,Cement,115
829,-20.315384,-46,2014,NOX,EPA,0.44561031375,0.44561031375,0.44561031375,Cement,115
830,-20.315384,-46,2015,NOX,EPA,0.3937586625,0.3937586625,0.3937586625,Cement,115
831,-20.315384,-46,2016,NOX,EPA,0.34717895625,0.34717895625,0.34717895625,Cement,115
832,-20.315384,-46,2017,NOX,EPA,0.3379648125,0.3379648125,0.3379648125,Cement,115
833,-20.315384,-46,2018,NOX,EPA,0.3621572325,0.3621572325,0.3621572325,Cement,115
834,-20.315384,-46,2019,NOX,EPA,0.4179061425,0.4179061425,0.4179061425,Cement,115
835,-20.315384,-46,2020,NOX,EPA,0.41864403,0.41864403,0.41864403,Cement,115
836,-20.315384,-46,2021,NOX,EPA,0.4385523975,0.4385523975,0.4385523975,Cement,115
837,-20.315384,-46,2022,NOX,EPA,0.24265329375,0.24265329375,0.24265329375,Cement,115
838,-20.315384,-46,2014,CO,EPA,0.03819516975,0.03819516975,0.03819516975,Cement,115
839,-20.315384,-46,2015,CO,EPA,0.0337507425,0.0337507425,0.0337507425,Cement,115
840,-20.315384,-46,2016,CO,EPA,0.02975819625,0.02975819625,0.02975819625,Cement,115
841,-20.315384,-46,2017,CO,EPA,0.0289684125,0.0289684125,0.0289684125,Cement,115
842,-20.315384,-46,2018,CO,EPA,0.0310420485,0.0310420485,0.0310420485,Cement,115
843,-20.315384,-46,2019,CO,EPA,0.0358205265,0.0358205265,0.0358205265,Cement,115
844,-20.315384,-46,2020,CO,EPA,0.035883774,0.035883774,0.035883774,Cement,115
845,-20.315384,-46,2021,CO,EPA,0.0375902055,0.0375902055,0.0375902055,Cement,115
846,-20.315384,-46,2022,CO,EPA,0.02079885375,0.02079885375,0.02079885375,Cement,115
847,-20.315384,-46,2014,NMVOCs,EPA,0.0625976393125,0.0625976393125,0.0625976393125,Cement,115
848,-20.315384,-46,2015,NMVOCs,EPA,0.055313716875,0.055313716875,0.055313716875,Cement,115
849,-20.315384,-46,2016,NMVOCs,EPA,0.0487703771875,0.0487703771875,0.0487703771875,Cement,115
850,-20.315384,-46,2017,NMVOCs,EPA,0.047476009375,0.047476009375,0.047476009375,Cement,115
851,-20.315384,-46,2018,NMVOCs,EPA,0.050874468375,0.050874468375,0.050874468375,Cement,115
852,-20.315384,-46,2019,NMVOCs,EPA,0.058705862875,0.058705862875,0.058705862875,Cement,115
853,-20.315384,-46,2020,NMVOCs,EPA,0.0588095185,0.0588095185,0.0588095185,Cement,115
854,-20.315384,-46,2021,NMVOCs,EPA,0.061606170125,0.061606170125,0.061606170125,Cement,115
855,-20.315384,-46,2022,NMVOCs,EPA,0.0340870103125,0.0340870103125,0.0340870103125,Cement,115
856,-20.315384,-46,2014,SOX,EPA,0.171878263875,0.171878263875,0.171878263875,Cement,115
857,-20.315384,-46,2015,SOX,EPA,0.15187834125,0.15187834125,0.15187834125,Cement,115
858,-20.315384,-46,2016,SOX,EPA,0.133911883125,0.133911883125,0.133911883125,Cement,115
859,-20.315384,-46,2017,SOX,EPA,0.13035785625,0.13035785625,0.13035785625,Cement,115
860,-20.315384,-46,2018,SOX,EPA,0.13968921825,0.13968921825,0.13968921825,Cement,115
861,-20.315384,-46,2019,SOX,EPA,0.16119236925,0.16119236925,0.16119236925,Cement,115
862,-20.315384,-46,2020,SOX,EPA,0.161476983,0.161476983,0.161476983,Cement,115
863,-20.315384,-46,2021,SOX,EPA,0.16915592475,0.16915592475,0.16915592475,Cement,115
864,-20.315384,-46,2022,SOX,EPA,0.093594841875,0.093594841875,0.093594841875,Cement,115
865,-22.509047,-44,2014,TSP,EPA,0.016536316345625,0.016536316345625,0.016536316345625,Cement,115
866,-22.509047,-44,2015,TSP,EPA,0.0159738423525,0.0159738423525,0.0159738423525,Cement,115
867,-22.509047,-44,2016,TSP,EPA,0.0138496472475,0.0138496472475,0.0138496472475,Cement,115
868,-22.509047,-44,2017,TSP,EPA,0.011934145345625,0.011934145345625,0.011934145345625,Cement,115
869,-22.509047,-44,2018,TSP,EPA,0.01293352203,0.01293352203,0.01293352203,Cement,115
870,-22.509047,-44,2019,TSP,EPA,0.01442960519625,0.01442960519625,0.01442960519625,Cement,115
871,-22.509047,-44,2020,TSP,EPA,0.01376294193125,0.01376294193125,0.01376294193125,Cement,115
872,-22.509047,-44,2021,TSP,EPA,0.01523696932625,0.01523696932625,0.01523696932625,Cement,115
873,-22.509047,-44,2022,TSP,EPA,0.008377591150625,0.008377591150625,0.008377591150625,Cement,115
874,-22.509047,-44,2014,PM10,EPA,0.00469036155,0.00469036155,0.00469036155,Cement,115
875,-22.509047,-44,2015,PM10,EPA,0.0045308214,0.0045308214,0.0045308214,Cement,115
876,-22.509047,-44,2016,PM10,EPA,0.0039283146,0.0039283146,0.0039283146,Cement,115
877,-22.509047,-44,2017,PM10,EPA,0.00338500155,0.00338500155,0.00338500155,Cement,115
878,-22.509047,-44,2018,PM10,EPA,0.0036684648,0.0036684648,0.0036684648,Cement,115
879,-22.509047,-44,2019,PM10,EPA,0.0040928139,0.0040928139,0.0040928139,Cement,115
880,-22.509047,-44,2020,PM10,EPA,0.0039037215,0.0039037215,0.0039037215,Cement,115
881,-22.509047,-44,2021,PM10,EPA,0.0043218147,0.0043218147,0.0043218147,Cement,115
882,-22.509047,-44,2022,PM10,EPA,0.00237622035,0.00237622035,0.00237622035,Cement,115
883,-22.509047,-44,2014,NOX,EPA,0.2345180775,0.2345180775,0.2345180775,Cement,115
884,-22.509047,-44,2015,NOX,EPA,0.22654107,0.22654107,0.22654107,Cement,115
885,-22.509047,-44,2016,NOX,EPA,0.19641573,0.19641573,0.19641573,Cement,115
886,-22.509047,-44,2017,NOX,EPA,0.1692500775,0.1692500775,0.1692500775,Cement,115
887,-22.509047,-44,2018,NOX,EPA,0.18342324,0.18342324,0.18342324,Cement,115
888,-22.509047,-44,2019,NOX,EPA,0.204640695,0.204640695,0.204640695,Cement,115
889,-22.509047,-44,2020,NOX,EPA,0.195186075,0.195186075,0.195186075,Cement,115
890,-22.509047,-44,2021,NOX,EPA,0.216090735,0.216090735,0.216090735,Cement,115
891,-22.509047,-44,2022,NOX,EPA,0.1188110175,0.1188110175,0.1188110175,Cement,115
892,-22.509047,-44,2014,CO,EPA,0.0201015495,0.0201015495,0.0201015495,Cement,115
893,-22.509047,-44,2015,CO,EPA,0.019417806,0.019417806,0.019417806,Cement,115
894,-22.509047,-44,2016,CO,EPA,0.016835634,0.016835634,0.016835634,Cement,115
895,-22.509047,-44,2017,CO,EPA,0.0145071495,0.0145071495,0.0145071495,Cement,115
896,-22.509047,-44,2018,CO,EPA,0.015721992,0.015721992,0.015721992,Cement,115
897,-22.509047,-44,2019,CO,EPA,0.017540631,0.017540631,0.017540631,Cement,115
898,-22.509047,-44,2020,CO,EPA,0.016730235,0.016730235,0.016730235,Cement,115
899,-22.509047,-44,2021,CO,EPA,0.018522063,0.018522063,0.018522063,Cement,115
900,-22.509047,-44,2022,CO,EPA,0.0101838015,0.0101838015,0.0101838015,Cement,115
901,-22.509047,-44,2014,NMVOCs,EPA,0.032944206125,0.032944206125,0.032944206125,Cement,115
902,-22.509047,-44,2015,NMVOCs,EPA,0.0318236265,0.0318236265,0.0318236265,Cement,115
903,-22.509047,-44,2016,NMVOCs,EPA,0.0275917335,0.0275917335,0.0275917335,Cement,115
904,-22.509047,-44,2017,NMVOCs,EPA,0.023775606125,0.023775606125,0.023775606125,Cement,115
905,-22.509047,-44,2018,NMVOCs,EPA,0.025766598,0.025766598,0.025766598,Cement,115
906,-22.509047,-44,2019,NMVOCs,EPA,0.02874714525,0.02874714525,0.02874714525,Cement,115
907,-22.509047,-44,2020,NMVOCs,EPA,0.02741899625,0.02741899625,0.02741899625,Cement,115
908,-22.509047,-44,2021,NMVOCs,EPA,0.03035560325,0.03035560325,0.03035560325,Cement,115
909,-22.509047,-44,2022,NMVOCs,EPA,0.016690119125,0.016690119125,0.016690119125,Cement,115
910,-22.509047,-44,2014,SOX,EPA,0.09045697275,0.09045697275,0.09045697275,Cement,115
911,-22.509047,-44,2015,SOX,EPA,0.087380127,0.087380127,0.087380127,Cement,115
912,-22.509047,-44,2016,SOX,EPA,0.075760353,0.075760353,0.075760353,Cement,115
913,-22.509047,-44,2017,SOX,EPA,0.06528217275,0.06528217275,0.06528217275,Cement,115
914,-22.509047,-44,2018,SOX,EPA,0.070748964,0.070748964,0.070748964,Cement,115
915,-22.509047,-44,2019,SOX,EPA,0.0789328395,0.0789328395,0.0789328395,Cement,115
916,-22.509047,-44,2020,SOX,EPA,0.0752860575,0.0752860575,0.0752860575,Cement,115
917,-22.509047,-44,2021,SOX,EPA,0.0833492835,0.0833492835,0.0833492835,Cement,115
918,-22.509047,-44,2022,SOX,EPA,0.04582710675,0.04582710675,0.04582710675,Cement,115
919,-7.371946,-35,2014,TSP,EPA,0.0172004035169444,0.0172004035169444,0.0172004035169444,Cement,115
920,-7.371946,-35,2015,TSP,EPA,0.0152254211215278,0.0152254211215278,0.0152254211215278,Cement,115
921,-7.371946,-35,2016,TSP,EPA,0.0183431492955556,0.0183431492955556,0.0183431492955556,Cement,115
922,-7.371946,-35,2017,TSP,EPA,0.0182761042261111,0.0182761042261111,0.0182761042261111,Cement,115
923,-7.371946,-35,2018,TSP,EPA,0.0187489702216667,0.0187489702216667,0.0187489702216667,Cement,115
924,-7.371946,-35,2019,TSP,EPA,0.022316294405,0.022316294405,0.022316294405,Cement,115
925,-7.371946,-35,2020,TSP,EPA,0.0260301659479167,0.0260301659479167,0.0260301659479167,Cement,115
926,-7.371946,-35,2021,TSP,EPA,0.0275756395304167,0.0275756395304167,0.0275756395304167,Cement,115
927,-7.371946,-35,2022,TSP,EPA,0.0155343812543056,0.0155343812543056,0.0155343812543056,Cement,115
928,-7.371946,-35,2014,PM10,EPA,0.00487872326666667,0.00487872326666667,0.00487872326666667,Cement,115
929,-7.371946,-35,2015,PM10,EPA,0.00431853916666667,0.00431853916666667,0.00431853916666667,Cement,115
930,-7.371946,-35,2016,PM10,EPA,0.00520285173333333,0.00520285173333333,0.00520285173333333,Cement,115
931,-7.371946,-35,2017,PM10,EPA,0.00518383506666667,0.00518383506666667,0.00518383506666667,Cement,115
932,-7.371946,-35,2018,PM10,EPA,0.0053179588,0.0053179588,0.0053179588,Cement,115
933,-7.371946,-35,2019,PM10,EPA,0.0063297948,0.0063297948,0.0063297948,Cement,115
934,-7.371946,-35,2020,PM10,EPA,0.0073831975,0.0073831975,0.0073831975,Cement,115
935,-7.371946,-35,2021,PM10,EPA,0.0078215557,0.0078215557,0.0078215557,Cement,115
936,-7.371946,-35,2022,PM10,EPA,0.00440617263333333,0.00440617263333333,0.00440617263333333,Cement,115
937,-7.371946,-35,2014,NOX,EPA,0.243936163333333,0.243936163333333,0.243936163333333,Cement,115
938,-7.371946,-35,2015,NOX,EPA,0.215926958333333,0.215926958333333,0.215926958333333,Cement,115
939,-7.371946,-35,2016,NOX,EPA,0.260142586666667,0.260142586666667,0.260142586666667,Cement,115
940,-7.371946,-35,2017,NOX,EPA,0.259191753333333,0.259191753333333,0.259191753333333,Cement,115
941,-7.371946,-35,2018,NOX,EPA,0.26589794,0.26589794,0.26589794,Cement,115
942,-7.371946,-35,2019,NOX,EPA,0.31648974,0.31648974,0.31648974,Cement,115
943,-7.371946,-35,2020,NOX,EPA,0.369159875,0.369159875,0.369159875,Cement,115
944,-7.371946,-35,2021,NOX,EPA,0.391077785,0.391077785,0.391077785,Cement,115
945,-7.371946,-35,2022,NOX,EPA,0.220308631666667,0.220308631666667,0.220308631666667,Cement,115
946,-7.371946,-35,2014,CO,EPA,0.020908814,0.020908814,0.020908814,Cement,115
947,-7.371946,-35,2015,CO,EPA,0.018508025,0.018508025,0.018508025,Cement,115
948,-7.371946,-35,2016,CO,EPA,0.022297936,0.022297936,0.022297936,Cement,115
949,-7.371946,-35,2017,CO,EPA,0.022216436,0.022216436,0.022216436,Cement,115
950,-7.371946,-35,2018,CO,EPA,0.022791252,0.022791252,0.022791252,Cement,115
951,-7.371946,-35,2019,CO,EPA,0.027127692,0.027127692,0.027127692,Cement,115
952,-7.371946,-35,2020,CO,EPA,0.031642275,0.031642275,0.031642275,Cement,115
953,-7.371946,-35,2021,CO,EPA,0.033520953,0.033520953,0.033520953,Cement,115
954,-7.371946,-35,2022,CO,EPA,0.018883597,0.018883597,0.018883597,Cement,115
955,-7.371946,-35,2014,NMVOCs,EPA,0.0342672229444444,0.0342672229444444,0.0342672229444444,Cement,115
956,-7.371946,-35,2015,NMVOCs,EPA,0.0303325965277778,0.0303325965277778,0.0303325965277778,Cement,115
957,-7.371946,-35,2016,NMVOCs,EPA,0.0365438395555556,0.0365438395555556,0.0365438395555556,Cement,115
958,-7.371946,-35,2017,NMVOCs,EPA,0.0364102701111111,0.0364102701111111,0.0364102701111111,Cement,115
959,-7.371946,-35,2018,NMVOCs,EPA,0.0373523296666667,0.0373523296666667,0.0373523296666667,Cement,115
960,-7.371946,-35,2019,NMVOCs,EPA,0.044459273,0.044459273,0.044459273,Cement,115
961,-7.371946,-35,2020,NMVOCs,EPA,0.0518581729166667,0.0518581729166667,0.0518581729166667,Cement,115
962,-7.371946,-35,2021,NMVOCs,EPA,0.0549371174166667,0.0549371174166667,0.0549371174166667,Cement,115
963,-7.371946,-35,2022,NMVOCs,EPA,0.0309481173055556,0.0309481173055556,0.0309481173055556,Cement,115
964,-7.371946,-35,2014,SOX,EPA,0.094089663,0.094089663,0.094089663,Cement,115
965,-7.371946,-35,2015,SOX,EPA,0.0832861125,0.0832861125,0.0832861125,Cement,115
966,-7.371946,-35,2016,SOX,EPA,0.100340712,0.100340712,0.100340712,Cement,115
967,-7.371946,-35,2017,SOX,EPA,0.099973962,0.099973962,0.099973962,Cement,115
968,-7.371946,-35,2018,SOX,EPA,0.102560634,0.102560634,0.102560634,Cement,115
969,-7.371946,-35,2019,SOX,EPA,0.122074614,0.122074614,0.122074614,Cement,115
970,-7.371946,-35,2020,SOX,EPA,0.1423902375,0.1423902375,0.1423902375,Cement,115
971,-7.371946,-35,2021,SOX,EPA,0.1508442885,0.1508442885,0.1508442885,Cement,115
972,-7.371946,-35,2022,SOX,EPA,0.0849761865,0.0849761865,0.0849761865,Cement,115
973,-6.277593,-37,2014,TSP,EPA,0.0190485116875926,0.0190485116875926,0.0190485116875926,Cement,115
974,-6.277593,-37,2015,TSP,EPA,0.019457521162037,0.019457521162037,0.019457521162037,Cement,115
975,-6.277593,-37,2016,TSP,EPA,0.0148893898624074,0.0148893898624074,0.0148893898624074,Cement,115
976,-6.277593,-37,2017,TSP,EPA,0.0116574698131481,0.0116574698131481,0.0116574698131481,Cement,115
977,-6.277593,-37,2018,TSP,EPA,0.0102631012838889,0.0102631012838889,0.0102631012838889,Cement,115
978,-6.277593,-37,2019,TSP,EPA,0.00984662224833333,0.00984662224833333,0.00984662224833333,Cement,115
979,-6.277593,-37,2020,TSP,EPA,0.0120859538922222,0.0120859538922222,0.0120859538922222,Cement,115
980,-6.277593,-37,2021,TSP,EPA,0.0136531895638889,0.0136531895638889,0.0136531895638889,Cement,115
981,-6.277593,-37,2022,TSP,EPA,0.00679224412407407,0.00679224412407407,0.00679224412407407,Cement,115
982,-6.277593,-37,2014,PM10,EPA,0.00540292075555556,0.00540292075555556,0.00540292075555556,Cement,115
983,-6.277593,-37,2015,PM10,EPA,0.00551893222222222,0.00551893222222222,0.00551893222222222,Cement,115
984,-6.277593,-37,2016,PM10,EPA,0.00422322724444444,0.00422322724444444,0.00422322724444444,Cement,115
985,-6.277593,-37,2017,PM10,EPA,0.00330652528888889,0.00330652528888889,0.00330652528888889,Cement,115
986,-6.277593,-37,2018,PM10,EPA,0.00291102653333333,0.00291102653333333,0.00291102653333333,Cement,115
987,-6.277593,-37,2019,PM10,EPA,0.0027928964,0.0027928964,0.0027928964,Cement,115
988,-6.277593,-37,2020,PM10,EPA,0.00342806053333333,0.00342806053333333,0.00342806053333333,Cement,115
989,-6.277593,-37,2021,PM10,EPA,0.00387259133333333,0.00387259133333333,0.00387259133333333,Cement,115
990,-6.277593,-37,2022,PM10,EPA,0.00192655244444444,0.00192655244444444,0.00192655244444444,Cement,115
991,-6.277593,-37,2014,NOX,EPA,0.270146037777778,0.270146037777778,0.270146037777778,Cement,115
992,-6.277593,-37,2015,NOX,EPA,0.275946611111111,0.275946611111111,0.275946611111111,Cement,115
993,-6.277593,-37,2016,NOX,EPA,0.211161362222222,0.211161362222222,0.211161362222222,Cement,115
994,-6.277593,-37,2017,NOX,EPA,0.165326264444444,0.165326264444444,0.165326264444444,Cement,115
995,-6.277593,-37,2018,NOX,EPA,0.145551326666667,0.145551326666667,0.145551326666667,Cement,115
996,-6.277593,-37,2019,NOX,EPA,0.13964482,0.13964482,0.13964482,Cement,115
997,-6.277593,-37,2020,NOX,EPA,0.171403026666667,0.171403026666667,0.171403026666667,Cement,115
998,-6.277593,-37,2021,NOX,EPA,0.193629566666667,0.193629566666667,0.193629566666667,Cement,115
999,-6.277593,-37,2022,NOX,EPA,0.0963276222222222,0.0963276222222222,0.0963276222222222,Cement,115
1000,-6.277593,-37,2014,CO,EPA,0.0231553746666667,0.0231553746666667,0.0231553746666667,Cement,115
1001,-6.277593,-37,2015,CO,EPA,0.0236525666666667,0.0236525666666667,0.0236525666666667,Cement,115
1002,-6.277593,-37,2016,CO,EPA,0.0180995453333333,0.0180995453333333,0.0180995453333333,Cement,115
1003,-6.277593,-37,2017,CO,EPA,0.0141708226666667,0.0141708226666667,0.0141708226666667,Cement,115
1004,-6.277593,-37,2018,CO,EPA,0.012475828,0.012475828,0.012475828,Cement,115
1005,-6.277593,-37,2019,CO,EPA,0.011969556,0.011969556,0.011969556,Cement,115
1006,-6.277593,-37,2020,CO,EPA,0.014691688,0.014691688,0.014691688,Cement,115
1007,-6.277593,-37,2021,CO,EPA,0.01659682,0.01659682,0.01659682,Cement,115
1008,-6.277593,-37,2022,CO,EPA,0.00825665333333333,0.00825665333333333,0.00825665333333333,Cement,115
1009,-6.277593,-37,2014,NMVOCs,EPA,0.0379490862592593,0.0379490862592593,0.0379490862592593,Cement,115
1010,-6.277593,-37,2015,NMVOCs,EPA,0.0387639287037037,0.0387639287037037,0.0387639287037037,Cement,115
1011,-6.277593,-37,2016,NMVOCs,EPA,0.0296631437407407,0.0296631437407407,0.0296631437407407,Cement,115
1012,-6.277593,-37,2017,NMVOCs,EPA,0.0232244038148148,0.0232244038148148,0.0232244038148148,Cement,115
1013,-6.277593,-37,2018,NMVOCs,EPA,0.0204464958888889,0.0204464958888889,0.0204464958888889,Cement,115
1014,-6.277593,-37,2019,NMVOCs,EPA,0.0196167723333333,0.0196167723333333,0.0196167723333333,Cement,115
1015,-6.277593,-37,2020,NMVOCs,EPA,0.0240780442222222,0.0240780442222222,0.0240780442222222,Cement,115
1016,-6.277593,-37,2021,NMVOCs,EPA,0.0272003438888889,0.0272003438888889,0.0272003438888889,Cement,115
1017,-6.277593,-37,2022,NMVOCs,EPA,0.0135317374074074,0.0135317374074074,0.0135317374074074,Cement,115
1018,-6.277593,-37,2014,SOX,EPA,0.104199186,0.104199186,0.104199186,Cement,115
1019,-6.277593,-37,2015,SOX,EPA,0.10643655,0.10643655,0.10643655,Cement,115
1020,-6.277593,-37,2016,SOX,EPA,0.081447954,0.081447954,0.081447954,Cement,115
1021,-6.277593,-37,2017,SOX,EPA,0.063768702,0.063768702,0.063768702,Cement,115
1022,-6.277593,-37,2018,SOX,EPA,0.056141226,0.056141226,0.056141226,Cement,115
1023,-6.277593,-37,2019,SOX,EPA,0.053863002,0.053863002,0.053863002,Cement,115
1024,-6.277593,-37,2020,SOX,EPA,0.066112596,0.066112596,0.066112596,Cement,115
1025,-6.277593,-37,2021,SOX,EPA,0.07468569,0.07468569,0.07468569,Cement,115
1026,-6.277593,-37,2022,SOX,EPA,0.03715494,0.03715494,0.03715494,Cement,115
1027,-2.911047,-44,2014,TSP,EPA,0.00488171619855556,0.00488171619855556,0.00488171619855556,Cement,115
1028,-2.911047,-44,2015,TSP,EPA,0.00506000837022222,0.00506000837022222,0.00506000837022222,Cement,115
1029,-2.911047,-44,2016,TSP,EPA,0.00476920223244444,0.00476920223244444,0.00476920223244444,Cement,115
1030,-2.911047,-44,2017,TSP,EPA,0.00370772626588889,0.00370772626588889,0.00370772626588889,Cement,115
1031,-2.911047,-44,2018,TSP,EPA,0.00321263717433333,0.00321263717433333,0.00321263717433333,Cement,115
1032,-2.911047,-44,2019,TSP,EPA,0.002950370683,0.002950370683,0.002950370683,Cement,115
1033,-2.911047,-44,2020,TSP,EPA,0.00292024235633333,0.00292024235633333,0.00292024235633333,Cement,115
1034,-2.911047,-44,2021,TSP,EPA,0.00292882478333333,0.00292882478333333,0.00292882478333333,Cement,115
1035,-2.911047,-44,2022,TSP,EPA,0.00151463811544444,0.00151463811544444,0.00151463811544444,Cement,115
1036,-2.911047,-44,2014,PM10,EPA,0.00138465021333333,0.00138465021333333,0.00138465021333333,Cement,115
1037,-2.911047,-44,2015,PM10,EPA,0.00143522101333333,0.00143522101333333,0.00143522101333333,Cement,115
1038,-2.911047,-44,2016,PM10,EPA,0.00135273674666667,0.00135273674666667,0.00135273674666667,Cement,115
1039,-2.911047,-44,2017,PM10,EPA,0.00105165965333333,0.00105165965333333,0.00105165965333333,Cement,115
1040,-2.911047,-44,2018,PM10,EPA,0.00091123256,0.00091123256,0.00091123256,Cement,115
1041,-2.911047,-44,2019,PM10,EPA,0.00083684328,0.00083684328,0.00083684328,Cement,115
1042,-2.911047,-44,2020,PM10,EPA,0.00082829768,0.00082829768,0.00082829768,Cement,115
1043,-2.911047,-44,2021,PM10,EPA,0.000830732,0.000830732,0.000830732,Cement,115
1044,-2.911047,-44,2022,PM10,EPA,0.000429612026666667,0.000429612026666667,0.000429612026666667,Cement,115
1045,-2.911047,-44,2014,NOX,EPA,0.0692325106666667,0.0692325106666667,0.0692325106666667,Cement,115
1046,-2.911047,-44,2015,NOX,EPA,0.0717610506666667,0.0717610506666667,0.0717610506666667,Cement,115
1047,-2.911047,-44,2016,NOX,EPA,0.0676368373333333,0.0676368373333333,0.0676368373333333,Cement,115
1048,-2.911047,-44,2017,NOX,EPA,0.0525829826666667,0.0525829826666667,0.0525829826666667,Cement,115
1049,-2.911047,-44,2018,NOX,EPA,0.045561628,0.045561628,0.045561628,Cement,115
1050,-2.911047,-44,2019,NOX,EPA,0.041842164,0.041842164,0.041842164,Cement,115
1051,-2.911047,-44,2020,NOX,EPA,0.041414884,0.041414884,0.041414884,Cement,115
1052,-2.911047,-44,2021,NOX,EPA,0.0415366,0.0415366,0.0415366,Cement,115
1053,-2.911047,-44,2022,NOX,EPA,0.0214806013333333,0.0214806013333333,0.0214806013333333,Cement,115
1054,-2.911047,-44,2014,CO,EPA,0.0059342152,0.0059342152,0.0059342152,Cement,115
1055,-2.911047,-44,2015,CO,EPA,0.0061509472,0.0061509472,0.0061509472,Cement,115
1056,-2.911047,-44,2016,CO,EPA,0.0057974432,0.0057974432,0.0057974432,Cement,115
1057,-2.911047,-44,2017,CO,EPA,0.0045071128,0.0045071128,0.0045071128,Cement,115
1058,-2.911047,-44,2018,CO,EPA,0.0039052824,0.0039052824,0.0039052824,Cement,115
1059,-2.911047,-44,2019,CO,EPA,0.0035864712,0.0035864712,0.0035864712,Cement,115
1060,-2.911047,-44,2020,CO,EPA,0.0035498472,0.0035498472,0.0035498472,Cement,115
1061,-2.911047,-44,2021,CO,EPA,0.00356028,0.00356028,0.00356028,Cement,115
1062,-2.911047,-44,2022,CO,EPA,0.0018411944,0.0018411944,0.0018411944,Cement,115
1063,-2.911047,-44,2014,NMVOCs,EPA,0.00972551935555556,0.00972551935555556,0.00972551935555556,Cement,115
1064,-2.911047,-44,2015,NMVOCs,EPA,0.0100807190222222,0.0100807190222222,0.0100807190222222,Cement,115
1065,-2.911047,-44,2016,NMVOCs,EPA,0.00950136524444445,0.00950136524444445,0.00950136524444445,Cement,115
1066,-2.911047,-44,2017,NMVOCs,EPA,0.00738665708888889,0.00738665708888889,0.00738665708888889,Cement,115
1067,-2.911047,-44,2018,NMVOCs,EPA,0.00640032393333333,0.00640032393333333,0.00640032393333333,Cement,115
1068,-2.911047,-44,2019,NMVOCs,EPA,0.0058778278,0.0058778278,0.0058778278,Cement,115
1069,-2.911047,-44,2020,NMVOCs,EPA,0.00581780513333333,0.00581780513333333,0.00581780513333333,Cement,115
1070,-2.911047,-44,2021,NMVOCs,EPA,0.00583490333333333,0.00583490333333333,0.00583490333333333,Cement,115
1071,-2.911047,-44,2022,NMVOCs,EPA,0.00301751304444444,0.00301751304444444,0.00301751304444444,Cement,115
1072,-2.911047,-44,2014,SOX,EPA,0.0267039684,0.0267039684,0.0267039684,Cement,115
1073,-2.911047,-44,2015,SOX,EPA,0.0276792624,0.0276792624,0.0276792624,Cement,115
1074,-2.911047,-44,2016,SOX,EPA,0.0260884944,0.0260884944,0.0260884944,Cement,115
1075,-2.911047,-44,2017,SOX,EPA,0.0202820076,0.0202820076,0.0202820076,Cement,115
1076,-2.911047,-44,2018,SOX,EPA,0.0175737708,0.0175737708,0.0175737708,Cement,115
1077,-2.911047,-44,2019,SOX,EPA,0.0161391204,0.0161391204,0.0161391204,Cement,115
1078,-2.911047,-44,2020,SOX,EPA,0.0159743124,0.0159743124,0.0159743124,Cement,115
1079,-2.911047,-44,2021,SOX,EPA,0.01602126,0.01602126,0.01602126,Cement,115
1080,-2.911047,-44,2022,SOX,EPA,0.0082853748,0.0082853748,0.0082853748,Cement,115
1081,-24.518454,-49,2014,TSP,EPA,0.0241225848245833,0.0241225848245833,0.0241225848245833,Cement,115
1082,-24.518454,-49,2015,TSP,EPA,0.021401013215,0.021401013215,0.021401013215,Cement,115
1083,-24.518454,-49,2016,TSP,EPA,0.0175078105075,0.0175078105075,0.0175078105075,Cement,115
1084,-24.518454,-49,2017,TSP,EPA,0.0160270950583333,0.0160270950583333,0.0160270950583333,Cement,115
1085,-24.518454,-49,2018,TSP,EPA,0.0155239436120833,0.0155239436120833,0.0155239436120833,Cement,115
1086,-24.518454,-49,2019,TSP,EPA,0.0151956761445833,0.0151956761445833,0.0151956761445833,Cement,115
1087,-24.518454,-49,2020,TSP,EPA,0.0173426131016667,0.0173426131016667,0.0173426131016667,Cement,115
1088,-24.518454,-49,2021,TSP,EPA,0.01930857279375,0.01930857279375,0.01930857279375,Cement,115
1089,-24.518454,-49,2022,TSP,EPA,0.0105665332833333,0.0105665332833333,0.0105665332833333,Cement,115
1090,-24.518454,-49,2014,PM10,EPA,0.0068421311,0.0068421311,0.0068421311,Cement,115
1091,-24.518454,-49,2015,PM10,EPA,0.0060701844,0.0060701844,0.0060701844,Cement,115
1092,-24.518454,-49,2016,PM10,EPA,0.0049659162,0.0049659162,0.0049659162,Cement,115
1093,-24.518454,-49,2017,PM10,EPA,0.004545926,0.004545926,0.004545926,Cement,115
1094,-24.518454,-49,2018,PM10,EPA,0.0044032121,0.0044032121,0.0044032121,Cement,115
1095,-24.518454,-49,2019,PM10,EPA,0.0043101023,0.0043101023,0.0043101023,Cement,115
1096,-24.518454,-49,2020,PM10,EPA,0.0049190596,0.0049190596,0.0049190596,Cement,115
1097,-24.518454,-49,2021,PM10,EPA,0.0054766845,0.0054766845,0.0054766845,Cement,115
1098,-24.518454,-49,2022,PM10,EPA,0.002997092,0.002997092,0.002997092,Cement,115
1099,-24.518454,-49,2014,NOX,EPA,0.342106555,0.342106555,0.342106555,Cement,115
1100,-24.518454,-49,2015,NOX,EPA,0.30350922,0.30350922,0.30350922,Cement,115
1101,-24.518454,-49,2016,NOX,EPA,0.24829581,0.24829581,0.24829581,Cement,115
1102,-24.518454,-49,2017,NOX,EPA,0.2272963,0.2272963,0.2272963,Cement,115
1103,-24.518454,-49,2018,NOX,EPA,0.220160605,0.220160605,0.220160605,Cement,115
1104,-24.518454,-49,2019,NOX,EPA,0.215505115,0.215505115,0.215505115,Cement,115
1105,-24.518454,-49,2020,NOX,EPA,0.24595298,0.24595298,0.24595298,Cement,115
1106,-24.518454,-49,2021,NOX,EPA,0.273834225,0.273834225,0.273834225,Cement,115
1107,-24.518454,-49,2022,NOX,EPA,0.1498546,0.1498546,0.1498546,Cement,115
1108,-24.518454,-49,2014,CO,EPA,0.029323419,0.029323419,0.029323419,Cement,115
1109,-24.518454,-49,2015,CO,EPA,0.026015076,0.026015076,0.026015076,Cement,115
1110,-24.518454,-49,2016,CO,EPA,0.021282498,0.021282498,0.021282498,Cement,115
1111,-24.518454,-49,2017,CO,EPA,0.01948254,0.01948254,0.01948254,Cement,115
1112,-24.518454,-49,2018,CO,EPA,0.018870909,0.018870909,0.018870909,Cement,115
1113,-24.518454,-49,2019,CO,EPA,0.018471867,0.018471867,0.018471867,Cement,115
1114,-24.518454,-49,2020,CO,EPA,0.021081684,0.021081684,0.021081684,Cement,115
1115,-24.518454,-49,2021,CO,EPA,0.023471505,0.023471505,0.023471505,Cement,115
1116,-24.518454,-49,2022,CO,EPA,0.01284468,0.01284468,0.01284468,Cement,115
1117,-24.518454,-49,2014,NMVOCs,EPA,0.0480578255833333,0.0480578255833333,0.0480578255833333,Cement,115
1118,-24.518454,-49,2015,NMVOCs,EPA,0.042635819,0.042635819,0.042635819,Cement,115
1119,-24.518454,-49,2016,NMVOCs,EPA,0.0348796495,0.0348796495,0.0348796495,Cement,115
1120,-24.518454,-49,2017,NMVOCs,EPA,0.0319297183333333,0.0319297183333333,0.0319297183333333,Cement,115
1121,-24.518454,-49,2018,NMVOCs,EPA,0.0309273230833333,0.0309273230833333,0.0309273230833333,Cement,115
1122,-24.518454,-49,2019,NMVOCs,EPA,0.0302733375833333,0.0302733375833333,0.0302733375833333,Cement,115
1123,-24.518454,-49,2020,NMVOCs,EPA,0.0345505376666667,0.0345505376666667,0.0345505376666667,Cement,115
1124,-24.518454,-49,2021,NMVOCs,EPA,0.03846718875,0.03846718875,0.03846718875,Cement,115
1125,-24.518454,-49,2022,NMVOCs,EPA,0.0210510033333333,0.0210510033333333,0.0210510033333333,Cement,115
1126,-24.518454,-49,2014,SOX,EPA,0.1319553855,0.1319553855,0.1319553855,Cement,115
1127,-24.518454,-49,2015,SOX,EPA,0.117067842,0.117067842,0.117067842,Cement,115
1128,-24.518454,-49,2016,SOX,EPA,0.095771241,0.095771241,0.095771241,Cement,115
1129,-24.518454,-49,2017,SOX,EPA,0.08767143,0.08767143,0.08767143,Cement,115
1130,-24.518454,-49,2018,SOX,EPA,0.0849190905,0.0849190905,0.0849190905,Cement,115
1131,-24.518454,-49,2019,SOX,EPA,0.0831234015,0.0831234015,0.0831234015,Cement,115
1132,-24.518454,-49,2020,SOX,EPA,0.094867578,0.094867578,0.094867578,Cement,115
1133,-24.518454,-49,2021,SOX,EPA,0.1056217725,0.1056217725,0.1056217725,Cement,115
1134,-24.518454,-49,2022,SOX,EPA,0.05780106,0.05780106,0.05780106,Cement,115
1135,-20.475128,-57,2014,TSP,EPA,0.0130039020775,0.0130039020775,0.0130039020775,Cement,115
1136,-20.475128,-57,2015,TSP,EPA,0.0125973473575,0.0125973473575,0.0125973473575,Cement,115
1137,-20.475128,-57,2016,TSP,EPA,0.0108740505075,0.0108740505075,0.0108740505075,Cement,115
1138,-20.475128,-57,2017,TSP,EPA,0.00943279211,0.00943279211,0.00943279211,Cement,115
1139,-20.475128,-57,2018,TSP,EPA,0.009133295615,0.009133295615,0.009133295615,Cement,115
1140,-20.475128,-57,2019,TSP,EPA,0.0103738827725,0.0103738827725,0.0103738827725,Cement,115
1141,-20.475128,-57,2020,TSP,EPA,0.0123269327925,0.0123269327925,0.0123269327925,Cement,115
1142,-20.475128,-57,2021,TSP,EPA,0.0134342376425,0.0134342376425,0.0134342376425,Cement,115
1143,-20.475128,-57,2022,TSP,EPA,0.008005378725,0.008005378725,0.008005378725,Cement,115
1144,-20.475128,-57,2014,PM10,EPA,0.0036884274,0.0036884274,0.0036884274,Cement,115
1145,-20.475128,-57,2015,PM10,EPA,0.0035731122,0.0035731122,0.0035731122,Cement,115
1146,-20.475128,-57,2016,PM10,EPA,0.0030843162,0.0030843162,0.0030843162,Cement,115
1147,-20.475128,-57,2017,PM10,EPA,0.0026755176,0.0026755176,0.0026755176,Cement,115
1148,-20.475128,-57,2018,PM10,EPA,0.0025905684,0.0025905684,0.0025905684,Cement,115
1149,-20.475128,-57,2019,PM10,EPA,0.0029424486,0.0029424486,0.0029424486,Cement,115
1150,-20.475128,-57,2020,PM10,EPA,0.0034964118,0.0034964118,0.0034964118,Cement,115
1151,-20.475128,-57,2021,PM10,EPA,0.0038104878,0.0038104878,0.0038104878,Cement,115
1152,-20.475128,-57,2022,PM10,EPA,0.002270646,0.002270646,0.002270646,Cement,115
1153,-20.475128,-57,2014,NOX,EPA,0.18442137,0.18442137,0.18442137,Cement,115
1154,-20.475128,-57,2015,NOX,EPA,0.17865561,0.17865561,0.17865561,Cement,115
1155,-20.475128,-57,2016,NOX,EPA,0.15421581,0.15421581,0.15421581,Cement,115
1156,-20.475128,-57,2017,NOX,EPA,0.13377588,0.13377588,0.13377588,Cement,115
1157,-20.475128,-57,2018,NOX,EPA,0.12952842,0.12952842,0.12952842,Cement,115
1158,-20.475128,-57,2019,NOX,EPA,0.14712243,0.14712243,0.14712243,Cement,115
1159,-20.475128,-57,2020,NOX,EPA,0.17482059,0.17482059,0.17482059,Cement,115
1160,-20.475128,-57,2021,NOX,EPA,0.19052439,0.19052439,0.19052439,Cement,115
1161,-20.475128,-57,2022,NOX,EPA,0.1135323,0.1135323,0.1135323,Cement,115
1162,-20.475128,-57,2014,CO,EPA,0.015807546,0.015807546,0.015807546,Cement,115
1163,-20.475128,-57,2015,CO,EPA,0.015313338,0.015313338,0.015313338,Cement,115
1164,-20.475128,-57,2016,CO,EPA,0.013218498,0.013218498,0.013218498,Cement,115
1165,-20.475128,-57,2017,CO,EPA,0.011466504,0.011466504,0.011466504,Cement,115
1166,-20.475128,-57,2018,CO,EPA,0.011102436,0.011102436,0.011102436,Cement,115
1167,-20.475128,-57,2019,CO,EPA,0.012610494,0.012610494,0.012610494,Cement,115
1168,-20.475128,-57,2020,CO,EPA,0.014984622,0.014984622,0.014984622,Cement,115
1169,-20.475128,-57,2021,CO,EPA,0.016330662,0.016330662,0.016330662,Cement,115
1170,-20.475128,-57,2022,CO,EPA,0.00973134,0.00973134,0.00973134,Cement,115
1171,-20.475128,-57,2014,NMVOCs,EPA,0.0259068115,0.0259068115,0.0259068115,Cement,115
1172,-20.475128,-57,2015,NMVOCs,EPA,0.0250968595,0.0250968595,0.0250968595,Cement,115
1173,-20.475128,-57,2016,NMVOCs,EPA,0.0216636495,0.0216636495,0.0216636495,Cement,115
1174,-20.475128,-57,2017,NMVOCs,EPA,0.018792326,0.018792326,0.018792326,Cement,115
1175,-20.475128,-57,2018,NMVOCs,EPA,0.018195659,0.018195659,0.018195659,Cement,115
1176,-20.475128,-57,2019,NMVOCs,EPA,0.0206671985,0.0206671985,0.0206671985,Cement,115
1177,-20.475128,-57,2020,NMVOCs,EPA,0.0245581305,0.0245581305,0.0245581305,Cement,115
1178,-20.475128,-57,2021,NMVOCs,EPA,0.0267641405,0.0267641405,0.0267641405,Cement,115
1179,-20.475128,-57,2022,NMVOCs,EPA,0.015948585,0.015948585,0.015948585,Cement,115
1180,-20.475128,-57,2014,SOX,EPA,0.071133957,0.071133957,0.071133957,Cement,115
1181,-20.475128,-57,2015,SOX,EPA,0.068910021,0.068910021,0.068910021,Cement,115
1182,-20.475128,-57,2016,SOX,EPA,0.059483241,0.059483241,0.059483241,Cement,115
1183,-20.475128,-57,2017,SOX,EPA,0.051599268,0.051599268,0.051599268,Cement,115
1184,-20.475128,-57,2018,SOX,EPA,0.049960962,0.049960962,0.049960962,Cement,115
1185,-20.475128,-57,2019,SOX,EPA,0.056747223,0.056747223,0.056747223,Cement,115
1186,-20.475128,-57,2020,SOX,EPA,0.067430799,0.067430799,0.067430799,Cement,115
1187,-20.475128,-57,2021,SOX,EPA,0.073487979,0.073487979,0.073487979,Cement,115
1188,-20.475128,-57,2022,SOX,EPA,0.04379103,0.04379103,0.04379103,Cement,115
1189,-14.199543,-42,2014,TSP,EPA,0.0113846024131944,0.0113846024131944,0.0113846024131944,Cement,115
1190,-14.199543,-42,2015,TSP,EPA,0.0113291754727778,0.0113291754727778,0.0113291754727778,Cement,115
1191,-14.199543,-42,2016,TSP,EPA,0.00965101352805556,0.00965101352805556,0.00965101352805556,Cement,115
1192,-14.199543,-42,2017,TSP,EPA,0.00921293693111111,0.00921293693111111,0.00921293693111111,Cement,115
1193,-14.199543,-42,2018,TSP,EPA,0.00936214799541667,0.00936214799541667,0.00936214799541667,Cement,115
1194,-14.199543,-42,2019,TSP,EPA,0.0101882559525,0.0101882559525,0.0101882559525,Cement,115
1195,-14.199543,-42,2020,TSP,EPA,0.0100435447229167,0.0100435447229167,0.0100435447229167,Cement,115
1196,-14.199543,-42,2021,TSP,EPA,0.0102201611791667,0.0102201611791667,0.0102201611791667,Cement,115
1197,-14.199543,-42,2022,TSP,EPA,0.00588554031555556,0.00588554031555556,0.00588554031555556,Cement,115
1198,-14.199543,-42,2014,PM10,EPA,0.00322912916666667,0.00322912916666667,0.00322912916666667,Cement,115
1199,-14.199543,-42,2015,PM10,EPA,0.00321340786666667,0.00321340786666667,0.00321340786666667,Cement,115
1200,-14.199543,-42,2016,PM10,EPA,0.00273741393333333,0.00273741393333333,0.00273741393333333,Cement,115
1201,-14.199543,-42,2017,PM10,EPA,0.00261315786666667,0.00261315786666667,0.00261315786666667,Cement,115
1202,-14.199543,-42,2018,PM10,EPA,0.0026554801,0.0026554801,0.0026554801,Cement,115
1203,-14.199543,-42,2019,PM10,EPA,0.0028897974,0.0028897974,0.0028897974,Cement,115
1204,-14.199543,-42,2020,PM10,EPA,0.0028487515,0.0028487515,0.0028487515,Cement,115
1205,-14.199543,-42,2021,PM10,EPA,0.002898847,0.002898847,0.002898847,Cement,115
1206,-14.199543,-42,2022,PM10,EPA,0.00166937493333333,0.00166937493333333,0.00166937493333333,Cement,115
1207,-14.199543,-42,2014,NOX,EPA,0.161456458333333,0.161456458333333,0.161456458333333,Cement,115
1208,-14.199543,-42,2015,NOX,EPA,0.160670393333333,0.160670393333333,0.160670393333333,Cement,115
1209,-14.199543,-42,2016,NOX,EPA,0.136870696666667,0.136870696666667,0.136870696666667,Cement,115
1210,-14.199543,-42,2017,NOX,EPA,0.130657893333333,0.130657893333333,0.130657893333333,Cement,115
1211,-14.199543,-42,2018,NOX,EPA,0.132774005,0.132774005,0.132774005,Cement,115
1212,-14.199543,-42,2019,NOX,EPA,0.14448987,0.14448987,0.14448987,Cement,115
1213,-14.199543,-42,2020,NOX,EPA,0.142437575,0.142437575,0.142437575,Cement,115
1214,-14.199543,-42,2021,NOX,EPA,0.14494235,0.14494235,0.14494235,Cement,115
1215,-14.199543,-42,2022,NOX,EPA,0.0834687466666667,0.0834687466666667,0.0834687466666667,Cement,115
1216,-14.199543,-42,2014,CO,EPA,0.013839125,0.013839125,0.013839125,Cement,115
1217,-14.199543,-42,2015,CO,EPA,0.013771748,0.013771748,0.013771748,Cement,115
1218,-14.199543,-42,2016,CO,EPA,0.011731774,0.011731774,0.011731774,Cement,115
1219,-14.199543,-42,2017,CO,EPA,0.011199248,0.011199248,0.011199248,Cement,115
1220,-14.199543,-42,2018,CO,EPA,0.011380629,0.011380629,0.011380629,Cement,115
1221,-14.199543,-42,2019,CO,EPA,0.012384846,0.012384846,0.012384846,Cement,115
1222,-14.199543,-42,2020,CO,EPA,0.012208935,0.012208935,0.012208935,Cement,115
1223,-14.199543,-42,2021,CO,EPA,0.01242363,0.01242363,0.01242363,Cement,115
1224,-14.199543,-42,2022,CO,EPA,0.007154464,0.007154464,0.007154464,Cement,115
1225,-14.199543,-42,2014,NMVOCs,EPA,0.0226807881944444,0.0226807881944444,0.0226807881944444,Cement,115
1226,-14.199543,-42,2015,NMVOCs,EPA,0.0225703647777778,0.0225703647777778,0.0225703647777778,Cement,115
1227,-14.199543,-42,2016,NMVOCs,EPA,0.0192270740555556,0.0192270740555556,0.0192270740555556,Cement,115
1228,-14.199543,-42,2017,NMVOCs,EPA,0.0183543231111111,0.0183543231111111,0.0183543231111111,Cement,115
1229,-14.199543,-42,2018,NMVOCs,EPA,0.0186515864166667,0.0186515864166667,0.0186515864166667,Cement,115
1230,-14.199543,-42,2019,NMVOCs,EPA,0.0202973865,0.0202973865,0.0202973865,Cement,115
1231,-14.199543,-42,2020,NMVOCs,EPA,0.0200090879166667,0.0200090879166667,0.0200090879166667,Cement,115
1232,-14.199543,-42,2021,NMVOCs,EPA,0.0203609491666667,0.0203609491666667,0.0203609491666667,Cement,115
1233,-14.199543,-42,2022,NMVOCs,EPA,0.0117253715555556,0.0117253715555556,0.0117253715555556,Cement,115
1234,-14.199543,-42,2014,SOX,EPA,0.0622760625,0.0622760625,0.0622760625,Cement,115
1235,-14.199543,-42,2015,SOX,EPA,0.061972866,0.061972866,0.061972866,Cement,115
1236,-14.199543,-42,2016,SOX,EPA,0.052792983,0.052792983,0.052792983,Cement,115
1237,-14.199543,-42,2017,SOX,EPA,0.050396616,0.050396616,0.050396616,Cement,115
1238,-14.199543,-42,2018,SOX,EPA,0.0512128305,0.0512128305,0.0512128305,Cement,115
1239,-14.199543,-42,2019,SOX,EPA,0.055731807,0.055731807,0.055731807,Cement,115
1240,-14.199543,-42,2020,SOX,EPA,0.0549402075,0.0549402075,0.0549402075,Cement,115
1241,-14.199543,-42,2021,SOX,EPA,0.055906335,0.055906335,0.055906335,Cement,115
1242,-14.199543,-42,2022,SOX,EPA,0.032195088,0.032195088,0.032195088,Cement,115
1243,-8.271973,-35,2014,TSP,EPA,0.00739918073455556,0.00739918073455556,0.00739918073455556,Cement,115
1244,-8.271973,-35,2015,TSP,EPA,0.00584023331422222,0.00584023331422222,0.00584023331422222,Cement,115
1245,-8.271973,-35,2016,TSP,EPA,0.00404446395244445,0.00404446395244445,0.00404446395244445,Cement,115
1246,-8.271973,-35,2017,TSP,EPA,0.00320447264788889,0.00320447264788889,0.00320447264788889,Cement,115
1247,-8.271973,-35,2018,TSP,EPA,0.00262225030333333,0.00262225030333333,0.00262225030333333,Cement,115
1248,-8.271973,-35,2019,TSP,EPA,0.003062889914,0.003062889914,0.003062889914,Cement,115
1249,-8.271973,-35,2020,TSP,EPA,0.00337823240833333,0.00337823240833333,0.00337823240833333,Cement,115
1250,-8.271973,-35,2021,TSP,EPA,0.00280297880233333,0.00280297880233333,0.00280297880233333,Cement,115
1251,-8.271973,-35,2022,TSP,EPA,0.00126174970744444,0.00126174970744444,0.00126174970744444,Cement,115
1252,-8.271973,-35,2014,PM10,EPA,0.00209870397333333,0.00209870397333333,0.00209870397333333,Cement,115
1253,-8.271973,-35,2015,PM10,EPA,0.00165652405333333,0.00165652405333333,0.00165652405333333,Cement,115
1254,-8.271973,-35,2016,PM10,EPA,0.00114717194666667,0.00114717194666667,0.00114717194666667,Cement,115
1255,-8.271973,-35,2017,PM10,EPA,0.000908916773333333,0.000908916773333333,0.000908916773333333,Cement,115
1256,-8.271973,-35,2018,PM10,EPA,0.0007437752,0.0007437752,0.0007437752,Cement,115
1257,-8.271973,-35,2019,PM10,EPA,0.00086875824,0.00086875824,0.00086875824,Cement,115
1258,-8.271973,-35,2020,PM10,EPA,0.000958202,0.000958202,0.000958202,Cement,115
1259,-8.271973,-35,2021,PM10,EPA,0.00079503704,0.00079503704,0.00079503704,Cement,115
1260,-8.271973,-35,2022,PM10,EPA,0.000357882746666667,0.000357882746666667,0.000357882746666667,Cement,115
1261,-8.271973,-35,2014,NOX,EPA,0.104935198666667,0.104935198666667,0.104935198666667,Cement,115
1262,-8.271973,-35,2015,NOX,EPA,0.0828262026666667,0.0828262026666667,0.0828262026666667,Cement,115
1263,-8.271973,-35,2016,NOX,EPA,0.0573585973333333,0.0573585973333333,0.0573585973333333,Cement,115
1264,-8.271973,-35,2017,NOX,EPA,0.0454458386666667,0.0454458386666667,0.0454458386666667,Cement,115
1265,-8.271973,-35,2018,NOX,EPA,0.03718876,0.03718876,0.03718876,Cement,115
1266,-8.271973,-35,2019,NOX,EPA,0.043437912,0.043437912,0.043437912,Cement,115
1267,-8.271973,-35,2020,NOX,EPA,0.0479101,0.0479101,0.0479101,Cement,115
1268,-8.271973,-35,2021,NOX,EPA,0.039751852,0.039751852,0.039751852,Cement,115
1269,-8.271973,-35,2022,NOX,EPA,0.0178941373333333,0.0178941373333333,0.0178941373333333,Cement,115
1270,-8.271973,-35,2014,CO,EPA,0.0089944456,0.0089944456,0.0089944456,Cement,115
1271,-8.271973,-35,2015,CO,EPA,0.0070993888,0.0070993888,0.0070993888,Cement,115
1272,-8.271973,-35,2016,CO,EPA,0.0049164512,0.0049164512,0.0049164512,Cement,115
1273,-8.271973,-35,2017,CO,EPA,0.0038953576,0.0038953576,0.0038953576,Cement,115
1274,-8.271973,-35,2018,CO,EPA,0.003187608,0.003187608,0.003187608,Cement,115
1275,-8.271973,-35,2019,CO,EPA,0.0037232496,0.0037232496,0.0037232496,Cement,115
1276,-8.271973,-35,2020,CO,EPA,0.00410658,0.00410658,0.00410658,Cement,115
1277,-8.271973,-35,2021,CO,EPA,0.0034073016,0.0034073016,0.0034073016,Cement,115
1278,-8.271973,-35,2022,CO,EPA,0.0015337832,0.0015337832,0.0015337832,Cement,115
1279,-8.271973,-35,2014,NMVOCs,EPA,0.0147408969555556,0.0147408969555556,0.0147408969555556,Cement,115
1280,-8.271973,-35,2015,NMVOCs,EPA,0.0116351094222222,0.0116351094222222,0.0116351094222222,Cement,115
1281,-8.271973,-35,2016,NMVOCs,EPA,0.00805751724444445,0.00805751724444445,0.00805751724444445,Cement,115
1282,-8.271973,-35,2017,NMVOCs,EPA,0.00638405828888889,0.00638405828888889,0.00638405828888889,Cement,115
1283,-8.271973,-35,2018,NMVOCs,EPA,0.00522413533333333,0.00522413533333333,0.00522413533333333,Cement,115
1284,-8.271973,-35,2019,NMVOCs,EPA,0.0061019924,0.0061019924,0.0061019924,Cement,115
1285,-8.271973,-35,2020,NMVOCs,EPA,0.00673022833333333,0.00673022833333333,0.00673022833333333,Cement,115
1286,-8.271973,-35,2021,NMVOCs,EPA,0.00558418873333333,0.00558418873333333,0.00558418873333333,Cement,115
1287,-8.271973,-35,2022,NMVOCs,EPA,0.00251370024444444,0.00251370024444444,0.00251370024444444,Cement,115
1288,-8.271973,-35,2014,SOX,EPA,0.0404750052,0.0404750052,0.0404750052,Cement,115
1289,-8.271973,-35,2015,SOX,EPA,0.0319472496,0.0319472496,0.0319472496,Cement,115
1290,-8.271973,-35,2016,SOX,EPA,0.0221240304,0.0221240304,0.0221240304,Cement,115
1291,-8.271973,-35,2017,SOX,EPA,0.0175291092,0.0175291092,0.0175291092,Cement,115
1292,-8.271973,-35,2018,SOX,EPA,0.014344236,0.014344236,0.014344236,Cement,115
1293,-8.271973,-35,2019,SOX,EPA,0.0167546232,0.0167546232,0.0167546232,Cement,115
1294,-8.271973,-35,2020,SOX,EPA,0.01847961,0.01847961,0.01847961,Cement,115
1295,-8.271973,-35,2021,SOX,EPA,0.0153328572,0.0153328572,0.0153328572,Cement,115
1296,-8.271973,-35,2022,SOX,EPA,0.0069020244,0.0069020244,0.0069020244,Cement,115
1297,-24.709318,-48,2014,TSP,EPA,0.0241225848245833,0.0241225848245833,0.0241225848245833,Cement,115
1298,-24.709318,-48,2015,TSP,EPA,0.021401013215,0.021401013215,0.021401013215,Cement,115
1299,-24.709318,-48,2016,TSP,EPA,0.0175078105075,0.0175078105075,0.0175078105075,Cement,115
1300,-24.709318,-48,2017,TSP,EPA,0.0160270950583333,0.0160270950583333,0.0160270950583333,Cement,115
1301,-24.709318,-48,2018,TSP,EPA,0.0155239436120833,0.0155239436120833,0.0155239436120833,Cement,115
1302,-24.709318,-48,2019,TSP,EPA,0.0151956761445833,0.0151956761445833,0.0151956761445833,Cement,115
1303,-24.709318,-48,2020,TSP,EPA,0.0173426131016667,0.0173426131016667,0.0173426131016667,Cement,115
1304,-24.709318,-48,2021,TSP,EPA,0.01930857279375,0.01930857279375,0.01930857279375,Cement,115
1305,-24.709318,-48,2022,TSP,EPA,0.0105665332833333,0.0105665332833333,0.0105665332833333,Cement,115
1306,-24.709318,-48,2014,PM10,EPA,0.0068421311,0.0068421311,0.0068421311,Cement,115
1307,-24.709318,-48,2015,PM10,EPA,0.0060701844,0.0060701844,0.0060701844,Cement,115
1308,-24.709318,-48,2016,PM10,EPA,0.0049659162,0.0049659162,0.0049659162,Cement,115
1309,-24.709318,-48,2017,PM10,EPA,0.004545926,0.004545926,0.004545926,Cement,115
1310,-24.709318,-48,2018,PM10,EPA,0.0044032121,0.0044032121,0.0044032121,Cement,115
1311,-24.709318,-48,2019,PM10,EPA,0.0043101023,0.0043101023,0.0043101023,Cement,115
1312,-24.709318,-48,2020,PM10,EPA,0.0049190596,0.0049190596,0.0049190596,Cement,115
1313,-24.709318,-48,2021,PM10,EPA,0.0054766845,0.0054766845,0.0054766845,Cement,115
1314,-24.709318,-48,2022,PM10,EPA,0.002997092,0.002997092,0.002997092,Cement,115
1315,-24.709318,-48,2014,NOX,EPA,0.342106555,0.342106555,0.342106555,Cement,115
1316,-24.709318,-48,2015,NOX,EPA,0.30350922,0.30350922,0.30350922,Cement,115
1317,-24.709318,-48,2016,NOX,EPA,0.24829581,0.24829581,0.24829581,Cement,115
1318,-24.709318,-48,2017,NOX,EPA,0.2272963,0.2272963,0.2272963,Cement,115
1319,-24.709318,-48,2018,NOX,EPA,0.220160605,0.220160605,0.220160605,Cement,115
1320,-24.709318,-48,2019,NOX,EPA,0.215505115,0.215505115,0.215505115,Cement,115
1321,-24.709318,-48,2020,NOX,EPA,0.24595298,0.24595298,0.24595298,Cement,115
1322,-24.709318,-48,2021,NOX,EPA,0.273834225,0.273834225,0.273834225,Cement,115
1323,-24.709318,-48,2022,NOX,EPA,0.1498546,0.1498546,0.1498546,Cement,115
1324,-24.709318,-48,2014,CO,EPA,0.029323419,0.029323419,0.029323419,Cement,115
1325,-24.709318,-48,2015,CO,EPA,0.026015076,0.026015076,0.026015076,Cement,115
1326,-24.709318,-48,2016,CO,EPA,0.021282498,0.021282498,0.021282498,Cement,115
1327,-24.709318,-48,2017,CO,EPA,0.01948254,0.01948254,0.01948254,Cement,115
1328,-24.709318,-48,2018,CO,EPA,0.018870909,0.018870909,0.018870909,Cement,115
1329,-24.709318,-48,2019,CO,EPA,0.018471867,0.018471867,0.018471867,Cement,115
1330,-24.709318,-48,2020,CO,EPA,0.021081684,0.021081684,0.021081684,Cement,115
1331,-24.709318,-48,2021,CO,EPA,0.023471505,0.023471505,0.023471505,Cement,115
1332,-24.709318,-48,2022,CO,EPA,0.01284468,0.01284468,0.01284468,Cement,115
1333,-24.709318,-48,2014,NMVOCs,EPA,0.0480578255833333,0.0480578255833333,0.0480578255833333,Cement,115
1334,-24.709318,-48,2015,NMVOCs,EPA,0.042635819,0.042635819,0.042635819,Cement,115
1335,-24.709318,-48,2016,NMVOCs,EPA,0.0348796495,0.0348796495,0.0348796495,Cement,115
1336,-24.709318,-48,2017,NMVOCs,EPA,0.0319297183333333,0.0319297183333333,0.0319297183333333,Cement,115
1337,-24.709318,-48,2018,NMVOCs,EPA,0.0309273230833333,0.0309273230833333,0.0309273230833333,Cement,115
1338,-24.709318,-48,2019,NMVOCs,EPA,0.0302733375833333,0.0302733375833333,0.0302733375833333,Cement,115
1339,-24.709318,-48,2020,NMVOCs,EPA,0.0345505376666667,0.0345505376666667,0.0345505376666667,Cement,115
1340,-24.709318,-48,2021,NMVOCs,EPA,0.03846718875,0.03846718875,0.03846718875,Cement,115
1341,-24.709318,-48,2022,NMVOCs,EPA,0.0210510033333333,0.0210510033333333,0.0210510033333333,Cement,115
1342,-24.709318,-48,2014,SOX,EPA,0.1319553855,0.1319553855,0.1319553855,Cement,115
1343,-24.709318,-48,2015,SOX,EPA,0.117067842,0.117067842,0.117067842,Cement,115
1344,-24.709318,-48,2016,SOX,EPA,0.095771241,0.095771241,0.095771241,Cement,115
1345,-24.709318,-48,2017,SOX,EPA,0.08767143,0.08767143,0.08767143,Cement,115
1346,-24.709318,-48,2018,SOX,EPA,0.0849190905,0.0849190905,0.0849190905,Cement,115
1347,-24.709318,-48,2019,SOX,EPA,0.0831234015,0.0831234015,0.0831234015,Cement,115
1348,-24.709318,-48,2020,SOX,EPA,0.094867578,0.094867578,0.094867578,Cement,115
1349,-24.709318,-48,2021,SOX,EPA,0.1056217725,0.1056217725,0.1056217725,Cement,115
1350,-24.709318,-48,2022,SOX,EPA,0.05780106,0.05780106,0.05780106,Cement,115
1351,-10.518571,-40,2014,TSP,EPA,0.0113846024131944,0.0113846024131944,0.0113846024131944,Cement,115
1352,-10.518571,-40,2015,TSP,EPA,0.0113291754727778,0.0113291754727778,0.0113291754727778,Cement,115
1353,-10.518571,-40,2016,TSP,EPA,0.00965101352805556,0.00965101352805556,0.00965101352805556,Cement,115
1354,-10.518571,-40,2017,TSP,EPA,0.00921293693111111,0.00921293693111111,0.00921293693111111,Cement,115
1355,-10.518571,-40,2018,TSP,EPA,0.00936214799541667,0.00936214799541667,0.00936214799541667,Cement,115
1356,-10.518571,-40,2019,TSP,EPA,0.0101882559525,0.0101882559525,0.0101882559525,Cement,115
1357,-10.518571,-40,2020,TSP,EPA,0.0100435447229167,0.0100435447229167,0.0100435447229167,Cement,115
1358,-10.518571,-40,2021,TSP,EPA,0.0102201611791667,0.0102201611791667,0.0102201611791667,Cement,115
1359,-10.518571,-40,2022,TSP,EPA,0.00588554031555556,0.00588554031555556,0.00588554031555556,Cement,115
1360,-10.518571,-40,2014,PM10,EPA,0.00322912916666667,0.00322912916666667,0.00322912916666667,Cement,115
1361,-10.518571,-40,2015,PM10,EPA,0.00321340786666667,0.00321340786666667,0.00321340786666667,Cement,115
1362,-10.518571,-40,2016,PM10,EPA,0.00273741393333333,0.00273741393333333,0.00273741393333333,Cement,115
1363,-10.518571,-40,2017,PM10,EPA,0.00261315786666667,0.00261315786666667,0.00261315786666667,Cement,115
1364,-10.518571,-40,2018,PM10,EPA,0.0026554801,0.0026554801,0.0026554801,Cement,115
1365,-10.518571,-40,2019,PM10,EPA,0.0028897974,0.0028897974,0.0028897974,Cement,115
1366,-10.518571,-40,2020,PM10,EPA,0.0028487515,0.0028487515,0.0028487515,Cement,115
1367,-10.518571,-40,2021,PM10,EPA,0.002898847,0.002898847,0.002898847,Cement,115
1368,-10.518571,-40,2022,PM10,EPA,0.00166937493333333,0.00166937493333333,0.00166937493333333,Cement,115
1369,-10.518571,-40,2014,NOX,EPA,0.161456458333333,0.161456458333333,0.161456458333333,Cement,115
1370,-10.518571,-40,2015,NOX,EPA,0.160670393333333,0.160670393333333,0.160670393333333,Cement,115
1371,-10.518571,-40,2016,NOX,EPA,0.136870696666667,0.136870696666667,0.136870696666667,Cement,115
1372,-10.518571,-40,2017,NOX,EPA,0.130657893333333,0.130657893333333,0.130657893333333,Cement,115
1373,-10.518571,-40,2018,NOX,EPA,0.132774005,0.132774005,0.132774005,Cement,115
1374,-10.518571,-40,2019,NOX,EPA,0.14448987,0.14448987,0.14448987,Cement,115
1375,-10.518571,-40,2020,NOX,EPA,0.142437575,0.142437575,0.142437575,Cement,115
1376,-10.518571,-40,2021,NOX,EPA,0.14494235,0.14494235,0.14494235,Cement,115
1377,-10.518571,-40,2022,NOX,EPA,0.0834687466666667,0.0834687466666667,0.0834687466666667,Cement,115
1378,-10.518571,-40,2014,CO,EPA,0.013839125,0.013839125,0.013839125,Cement,115
1379,-10.518571,-40,2015,CO,EPA,0.013771748,0.013771748,0.013771748,Cement,115
1380,-10.518571,-40,2016,CO,EPA,0.011731774,0.011731774,0.011731774,Cement,115
1381,-10.518571,-40,2017,CO,EPA,0.011199248,0.011199248,0.011199248,Cement,115
1382,-10.518571,-40,2018,CO,EPA,0.011380629,0.011380629,0.011380629,Cement,115
1383,-10.518571,-40,2019,CO,EPA,0.012384846,0.012384846,0.012384846,Cement,115
1384,-10.518571,-40,2020,CO,EPA,0.012208935,0.012208935,0.012208935,Cement,115
1385,-10.518571,-40,2021,CO,EPA,0.01242363,0.01242363,0.01242363,Cement,115
1386,-10.518571,-40,2022,CO,EPA,0.007154464,0.007154464,0.007154464,Cement,115
1387,-10.518571,-40,2014,NMVOCs,EPA,0.0226807881944444,0.0226807881944444,0.0226807881944444,Cement,115
1388,-10.518571,-40,2015,NMVOCs,EPA,0.0225703647777778,0.0225703647777778,0.0225703647777778,Cement,115
1389,-10.518571,-40,2016,NMVOCs,EPA,0.0192270740555556,0.0192270740555556,0.0192270740555556,Cement,115
1390,-10.518571,-40,2017,NMVOCs,EPA,0.0183543231111111,0.0183543231111111,0.0183543231111111,Cement,115
1391,-10.518571,-40,2018,NMVOCs,EPA,0.0186515864166667,0.0186515864166667,0.0186515864166667,Cement,115
1392,-10.518571,-40,2019,NMVOCs,EPA,0.0202973865,0.0202973865,0.0202973865,Cement,115
1393,-10.518571,-40,2020,NMVOCs,EPA,0.0200090879166667,0.0200090879166667,0.0200090879166667,Cement,115
1394,-10.518571,-40,2021,NMVOCs,EPA,0.0203609491666667,0.0203609491666667,0.0203609491666667,Cement,115
1395,-10.518571,-40,2022,NMVOCs,EPA,0.0117253715555556,0.0117253715555556,0.0117253715555556,Cement,115
1396,-10.518571,-40,2014,SOX,EPA,0.0622760625,0.0622760625,0.0622760625,Cement,115
1397,-10.518571,-40,2015,SOX,EPA,0.061972866,0.061972866,0.061972866,Cement,115
1398,-10.518571,-40,2016,SOX,EPA,0.052792983,0.052792983,0.052792983,Cement,115
1399,-10.518571,-40,2017,SOX,EPA,0.050396616,0.050396616,0.050396616,Cement,115
1400,-10.518571,-40,2018,SOX,EPA,0.0512128305,0.0512128305,0.0512128305,Cement,115
1401,-10.518571,-40,2019,SOX,EPA,0.055731807,0.055731807,0.055731807,Cement,115
1402,-10.518571,-40,2020,SOX,EPA,0.0549402075,0.0549402075,0.0549402075,Cement,115
1403,-10.518571,-40,2021,SOX,EPA,0.055906335,0.055906335,0.055906335,Cement,115
1404,-10.518571,-40,2022,SOX,EPA,0.032195088,0.032195088,0.032195088,Cement,115
1405,-31.584917,-54,2014,TSP,EPA,0.0154356464895833,0.0154356464895833,0.0154356464895833,Cement,115
1406,-31.584917,-54,2015,TSP,EPA,0.0136891660304167,0.0136891660304167,0.0136891660304167,Cement,115
1407,-31.584917,-54,2016,TSP,EPA,0.0113066269408333,0.0113066269408333,0.0113066269408333,Cement,115
1408,-31.584917,-54,2017,TSP,EPA,0.01051425046875,0.01051425046875,0.01051425046875,Cement,115
1409,-31.584917,-54,2018,TSP,EPA,0.0101178142070833,0.0101178142070833,0.0101178142070833,Cement,115
1410,-31.584917,-54,2019,TSP,EPA,0.0102035965225,0.0102035965225,0.0102035965225,Cement,115
1411,-31.584917,-54,2020,TSP,EPA,0.0112080534133333,0.0112080534133333,0.0112080534133333,Cement,115
1412,-31.584917,-54,2021,TSP,EPA,0.01249895152,0.01249895152,0.01249895152,Cement,115
1413,-31.584917,-54,2022,TSP,EPA,0.0067989080475,0.0067989080475,0.0067989080475,Cement,115
1414,-31.584917,-54,2014,PM10,EPA,0.0043781675,0.0043781675,0.0043781675,Cement,115
1415,-31.584917,-54,2015,PM10,EPA,0.0038827957,0.0038827957,0.0038827957,Cement,115
1416,-31.584917,-54,2016,PM10,EPA,0.0032070122,0.0032070122,0.0032070122,Cement,115
1417,-31.584917,-54,2017,PM10,EPA,0.0029822625,0.0029822625,0.0029822625,Cement,115
1418,-31.584917,-54,2018,PM10,EPA,0.0028698173,0.0028698173,0.0028698173,Cement,115
1419,-31.584917,-54,2019,PM10,EPA,0.0028941486,0.0028941486,0.0028941486,Cement,115
1420,-31.584917,-54,2020,PM10,EPA,0.0031790528,0.0031790528,0.0031790528,Cement,115
1421,-31.584917,-54,2021,PM10,EPA,0.0035452032,0.0035452032,0.0035452032,Cement,115
1422,-31.584917,-54,2022,PM10,EPA,0.0019284426,0.0019284426,0.0019284426,Cement,115
1423,-31.584917,-54,2014,NOX,EPA,0.218908375,0.218908375,0.218908375,Cement,115
1424,-31.584917,-54,2015,NOX,EPA,0.194139785,0.194139785,0.194139785,Cement,115
1425,-31.584917,-54,2016,NOX,EPA,0.16035061,0.16035061,0.16035061,Cement,115
1426,-31.584917,-54,2017,NOX,EPA,0.149113125,0.149113125,0.149113125,Cement,115
1427,-31.584917,-54,2018,NOX,EPA,0.143490865,0.143490865,0.143490865,Cement,115
1428,-31.584917,-54,2019,NOX,EPA,0.14470743,0.14470743,0.14470743,Cement,115
1429,-31.584917,-54,2020,NOX,EPA,0.15895264,0.15895264,0.15895264,Cement,115
1430,-31.584917,-54,2021,NOX,EPA,0.17726016,0.17726016,0.17726016,Cement,115
1431,-31.584917,-54,2022,NOX,EPA,0.09642213,0.09642213,0.09642213,Cement,115
1432,-31.584917,-54,2014,CO,EPA,0.018763575,0.018763575,0.018763575,Cement,115
1433,-31.584917,-54,2015,CO,EPA,0.016640553,0.016640553,0.016640553,Cement,115
1434,-31.584917,-54,2016,CO,EPA,0.013744338,0.013744338,0.013744338,Cement,115
1435,-31.584917,-54,2017,CO,EPA,0.012781125,0.012781125,0.012781125,Cement,115
1436,-31.584917,-54,2018,CO,EPA,0.012299217,0.012299217,0.012299217,Cement,115
1437,-31.584917,-54,2019,CO,EPA,0.012403494,0.012403494,0.012403494,Cement,115
1438,-31.584917,-54,2020,CO,EPA,0.013624512,0.013624512,0.013624512,Cement,115
1439,-31.584917,-54,2021,CO,EPA,0.015193728,0.015193728,0.015193728,Cement,115
1440,-31.584917,-54,2022,CO,EPA,0.008264754,0.008264754,0.008264754,Cement,115
1441,-31.584917,-54,2014,NMVOCs,EPA,0.0307514145833333,0.0307514145833333,0.0307514145833333,Cement,115
1442,-31.584917,-54,2015,NMVOCs,EPA,0.0272720174166667,0.0272720174166667,0.0272720174166667,Cement,115
1443,-31.584917,-54,2016,NMVOCs,EPA,0.0225254428333333,0.0225254428333333,0.0225254428333333,Cement,115
1444,-31.584917,-54,2017,NMVOCs,EPA,0.02094684375,0.02094684375,0.02094684375,Cement,115
1445,-31.584917,-54,2018,NMVOCs,EPA,0.0201570500833333,0.0201570500833333,0.0201570500833333,Cement,115
1446,-31.584917,-54,2019,NMVOCs,EPA,0.0203279485,0.0203279485,0.0203279485,Cement,115
1447,-31.584917,-54,2020,NMVOCs,EPA,0.0223290613333333,0.0223290613333333,0.0223290613333333,Cement,115
1448,-31.584917,-54,2021,NMVOCs,EPA,0.024900832,0.024900832,0.024900832,Cement,115
1449,-31.584917,-54,2022,NMVOCs,EPA,0.0135450135,0.0135450135,0.0135450135,Cement,115
1450,-31.584917,-54,2014,SOX,EPA,0.0844360875,0.0844360875,0.0844360875,Cement,115
1451,-31.584917,-54,2015,SOX,EPA,0.0748824885,0.0748824885,0.0748824885,Cement,115
1452,-31.584917,-54,2016,SOX,EPA,0.061849521,0.061849521,0.061849521,Cement,115
1453,-31.584917,-54,2017,SOX,EPA,0.0575150625,0.0575150625,0.0575150625,Cement,115
1454,-31.584917,-54,2018,SOX,EPA,0.0553464765,0.0553464765,0.0553464765,Cement,115
1455,-31.584917,-54,2019,SOX,EPA,0.055815723,0.055815723,0.055815723,Cement,115
1456,-31.584917,-54,2020,SOX,EPA,0.061310304,0.061310304,0.061310304,Cement,115
1457,-31.584917,-54,2021,SOX,EPA,0.068371776,0.068371776,0.068371776,Cement,115
1458,-31.584917,-54,2022,SOX,EPA,0.037191393,0.037191393,0.037191393,Cement,115
1459,-17.008898,-50,2014,TSP,EPA,0.0159659696983333,0.0159659696983333,0.0159659696983333,Cement,115
1460,-17.008898,-50,2015,TSP,EPA,0.01309853681,0.01309853681,0.01309853681,Cement,115
1461,-17.008898,-50,2016,TSP,EPA,0.0105607583583333,0.0105607583583333,0.0105607583583333,Cement,115
1462,-17.008898,-50,2017,TSP,EPA,0.0146691584633333,0.0146691584633333,0.0146691584633333,Cement,115
1463,-17.008898,-50,2018,TSP,EPA,0.0169374502866667,0.0169374502866667,0.0169374502866667,Cement,115
1464,-17.008898,-50,2019,TSP,EPA,0.0189506878583333,0.0189506878583333,0.0189506878583333,Cement,115
1465,-17.008898,-50,2020,TSP,EPA,0.01994043103,0.01994043103,0.01994043103,Cement,115
1466,-17.008898,-50,2021,TSP,EPA,0.0220811414333333,0.0220811414333333,0.0220811414333333,Cement,115
1467,-17.008898,-50,2022,TSP,EPA,0.0126294253383333,0.0126294253383333,0.0126294253383333,Cement,115
1468,-17.008898,-50,2014,PM10,EPA,0.0045285884,0.0045285884,0.0045285884,Cement,115
1469,-17.008898,-50,2015,PM10,EPA,0.0037152696,0.0037152696,0.0037152696,Cement,115
1470,-17.008898,-50,2016,PM10,EPA,0.002995454,0.002995454,0.002995454,Cement,115
1471,-17.008898,-50,2017,PM10,EPA,0.0041607608,0.0041607608,0.0041607608,Cement,115
1472,-17.008898,-50,2018,PM10,EPA,0.0048041392,0.0048041392,0.0048041392,Cement,115
1473,-17.008898,-50,2019,PM10,EPA,0.005375174,0.005375174,0.005375174,Cement,115
1474,-17.008898,-50,2020,PM10,EPA,0.0056559048,0.0056559048,0.0056559048,Cement,115
1475,-17.008898,-50,2021,PM10,EPA,0.006263096,0.006263096,0.006263096,Cement,115
1476,-17.008898,-50,2022,PM10,EPA,0.0035822108,0.0035822108,0.0035822108,Cement,115
1477,-17.008898,-50,2014,NOX,EPA,0.22642942,0.22642942,0.22642942,Cement,115
1478,-17.008898,-50,2015,NOX,EPA,0.18576348,0.18576348,0.18576348,Cement,115
1479,-17.008898,-50,2016,NOX,EPA,0.1497727,0.1497727,0.1497727,Cement,115
1480,-17.008898,-50,2017,NOX,EPA,0.20803804,0.20803804,0.20803804,Cement,115
1481,-17.008898,-50,2018,NOX,EPA,0.24020696,0.24020696,0.24020696,Cement,115
1482,-17.008898,-50,2019,NOX,EPA,0.2687587,0.2687587,0.2687587,Cement,115
1483,-17.008898,-50,2020,NOX,EPA,0.28279524,0.28279524,0.28279524,Cement,115
1484,-17.008898,-50,2021,NOX,EPA,0.3131548,0.3131548,0.3131548,Cement,115
1485,-17.008898,-50,2022,NOX,EPA,0.17911054,0.17911054,0.17911054,Cement,115
1486,-17.008898,-50,2014,CO,EPA,0.019408236,0.019408236,0.019408236,Cement,115
1487,-17.008898,-50,2015,CO,EPA,0.015922584,0.015922584,0.015922584,Cement,115
1488,-17.008898,-50,2016,CO,EPA,0.01283766,0.01283766,0.01283766,Cement,115
1489,-17.008898,-50,2017,CO,EPA,0.017831832,0.017831832,0.017831832,Cement,115
1490,-17.008898,-50,2018,CO,EPA,0.020589168,0.020589168,0.020589168,Cement,115
1491,-17.008898,-50,2019,CO,EPA,0.02303646,0.02303646,0.02303646,Cement,115
1492,-17.008898,-50,2020,CO,EPA,0.024239592,0.024239592,0.024239592,Cement,115
1493,-17.008898,-50,2021,CO,EPA,0.02684184,0.02684184,0.02684184,Cement,115
1494,-17.008898,-50,2022,CO,EPA,0.015352332,0.015352332,0.015352332,Cement,115
1495,-17.008898,-50,2014,NMVOCs,EPA,0.0318079423333333,0.0318079423333333,0.0318079423333333,Cement,115
1496,-17.008898,-50,2015,NMVOCs,EPA,0.026095346,0.026095346,0.026095346,Cement,115
1497,-17.008898,-50,2016,NMVOCs,EPA,0.0210394983333333,0.0210394983333333,0.0210394983333333,Cement,115
1498,-17.008898,-50,2017,NMVOCs,EPA,0.0292243913333333,0.0292243913333333,0.0292243913333333,Cement,115
1499,-17.008898,-50,2018,NMVOCs,EPA,0.0337433586666667,0.0337433586666667,0.0337433586666667,Cement,115
1500,-17.008898,-50,2019,NMVOCs,EPA,0.0377541983333333,0.0377541983333333,0.0377541983333333,Cement,115
1501,-17.008898,-50,2020,NMVOCs,EPA,0.039725998,0.039725998,0.039725998,Cement,115
1502,-17.008898,-50,2021,NMVOCs,EPA,0.0439907933333333,0.0439907933333333,0.0439907933333333,Cement,115
1503,-17.008898,-50,2022,NMVOCs,EPA,0.0251607663333333,0.0251607663333333,0.0251607663333333,Cement,115
1504,-17.008898,-50,2014,SOX,EPA,0.087337062,0.087337062,0.087337062,Cement,115
1505,-17.008898,-50,2015,SOX,EPA,0.071651628,0.071651628,0.071651628,Cement,115
1506,-17.008898,-50,2016,SOX,EPA,0.05776947,0.05776947,0.05776947,Cement,115
1507,-17.008898,-50,2017,SOX,EPA,0.080243244,0.080243244,0.080243244,Cement,115
1508,-17.008898,-50,2018,SOX,EPA,0.092651256,0.092651256,0.092651256,Cement,115
1509,-17.008898,-50,2019,SOX,EPA,0.10366407,0.10366407,0.10366407,Cement,115
1510,-17.008898,-50,2020,SOX,EPA,0.109078164,0.109078164,0.109078164,Cement,115
1511,-17.008898,-50,2021,SOX,EPA,0.12078828,0.12078828,0.12078828,Cement,115
1512,-17.008898,-50,2022,SOX,EPA,0.069085494,0.069085494,0.069085494,Cement,115
1513,-23.827832,-46,2014,TSP,EPA,0.0241225848245833,0.0241225848245833,0.0241225848245833,Cement,115
1514,-23.827832,-46,2015,TSP,EPA,0.021401013215,0.021401013215,0.021401013215,Cement,115
1515,-23.827832,-46,2016,TSP,EPA,0.0175078105075,0.0175078105075,0.0175078105075,Cement,115
1516,-23.827832,-46,2017,TSP,EPA,0.0160270950583333,0.0160270950583333,0.0160270950583333,Cement,115
1517,-23.827832,-46,2018,TSP,EPA,0.0155239436120833,0.0155239436120833,0.0155239436120833,Cement,115
1518,-23.827832,-46,2019,TSP,EPA,0.0151956761445833,0.0151956761445833,0.0151956761445833,Cement,115
1519,-23.827832,-46,2020,TSP,EPA,0.0173426131016667,0.0173426131016667,0.0173426131016667,Cement,115
1520,-23.827832,-46,2021,TSP,EPA,0.01930857279375,0.01930857279375,0.01930857279375,Cement,115
1521,-23.827832,-46,2022,TSP,EPA,0.0105665332833333,0.0105665332833333,0.0105665332833333,Cement,115
1522,-23.827832,-46,2014,PM10,EPA,0.0068421311,0.0068421311,0.0068421311,Cement,115
1523,-23.827832,-46,2015,PM10,EPA,0.0060701844,0.0060701844,0.0060701844,Cement,115
1524,-23.827832,-46,2016,PM10,EPA,0.0049659162,0.0049659162,0.0049659162,Cement,115
1525,-23.827832,-46,2017,PM10,EPA,0.004545926,0.004545926,0.004545926,Cement,115
1526,-23.827832,-46,2018,PM10,EPA,0.0044032121,0.0044032121,0.0044032121,Cement,115
1527,-23.827832,-46,2019,PM10,EPA,0.0043101023,0.0043101023,0.0043101023,Cement,115
1528,-23.827832,-46,2020,PM10,EPA,0.0049190596,0.0049190596,0.0049190596,Cement,115
1529,-23.827832,-46,2021,PM10,EPA,0.0054766845,0.0054766845,0.0054766845,Cement,115
1530,-23.827832,-46,2022,PM10,EPA,0.002997092,0.002997092,0.002997092,Cement,115
1531,-23.827832,-46,2014,NOX,EPA,0.342106555,0.342106555,0.342106555,Cement,115
1532,-23.827832,-46,2015,NOX,EPA,0.30350922,0.30350922,0.30350922,Cement,115
1533,-23.827832,-46,2016,NOX,EPA,0.24829581,0.24829581,0.24829581,Cement,115
1534,-23.827832,-46,2017,NOX,EPA,0.2272963,0.2272963,0.2272963,Cement,115
1535,-23.827832,-46,2018,NOX,EPA,0.220160605,0.220160605,0.220160605,Cement,115
1536,-23.827832,-46,2019,NOX,EPA,0.215505115,0.215505115,0.215505115,Cement,115
1537,-23.827832,-46,2020,NOX,EPA,0.24595298,0.24595298,0.24595298,Cement,115
1538,-23.827832,-46,2021,NOX,EPA,0.273834225,0.273834225,0.273834225,Cement,115
1539,-23.827832,-46,2022,NOX,EPA,0.1498546,0.1498546,0.1498546,Cement,115
1540,-23.827832,-46,2014,CO,EPA,0.029323419,0.029323419,0.029323419,Cement,115
1541,-23.827832,-46,2015,CO,EPA,0.026015076,0.026015076,0.026015076,Cement,115
1542,-23.827832,-46,2016,CO,EPA,0.021282498,0.021282498,0.021282498,Cement,115
1543,-23.827832,-46,2017,CO,EPA,0.01948254,0.01948254,0.01948254,Cement,115
1544,-23.827832,-46,2018,CO,EPA,0.018870909,0.018870909,0.018870909,Cement,115
1545,-23.827832,-46,2019,CO,EPA,0.018471867,0.018471867,0.018471867,Cement,115
1546,-23.827832,-46,2020,CO,EPA,0.021081684,0.021081684,0.021081684,Cement,115
1547,-23.827832,-46,2021,CO,EPA,0.023471505,0.023471505,0.023471505,Cement,115
1548,-23.827832,-46,2022,CO,EPA,0.01284468,0.01284468,0.01284468,Cement,115
1549,-23.827832,-46,2014,NMVOCs,EPA,0.0480578255833333,0.0480578255833333,0.0480578255833333,Cement,115
1550,-23.827832,-46,2015,NMVOCs,EPA,0.042635819,0.042635819,0.042635819,Cement,115
1551,-23.827832,-46,2016,NMVOCs,EPA,0.0348796495,0.0348796495,0.0348796495,Cement,115
1552,-23.827832,-46,2017,NMVOCs,EPA,0.0319297183333333,0.0319297183333333,0.0319297183333333,Cement,115
1553,-23.827832,-46,2018,NMVOCs,EPA,0.0309273230833333,0.0309273230833333,0.0309273230833333,Cement,115
1554,-23.827832,-46,2019,NMVOCs,EPA,0.0302733375833333,0.0302733375833333,0.0302733375833333,Cement,115
1555,-23.827832,-46,2020,NMVOCs,EPA,0.0345505376666667,0.0345505376666667,0.0345505376666667,Cement,115
1556,-23.827832,-46,2021,NMVOCs,EPA,0.03846718875,0.03846718875,0.03846718875,Cement,115
1557,-23.827832,-46,2022,NMVOCs,EPA,0.0210510033333333,0.0210510033333333,0.0210510033333333,Cement,115
1558,-23.827832,-46,2014,SOX,EPA,0.1319553855,0.1319553855,0.1319553855,Cement,115
1559,-23.827832,-46,2015,SOX,EPA,0.117067842,0.117067842,0.117067842,Cement,115
1560,-23.827832,-46,2016,SOX,EPA,0.095771241,0.095771241,0.095771241,Cement,115
1561,-23.827832,-46,2017,SOX,EPA,0.08767143,0.08767143,0.08767143,Cement,115
1562,-23.827832,-46,2018,SOX,EPA,0.0849190905,0.0849190905,0.0849190905,Cement,115
1563,-23.827832,-46,2019,SOX,EPA,0.0831234015,0.0831234015,0.0831234015,Cement,115
1564,-23.827832,-46,2020,SOX,EPA,0.094867578,0.094867578,0.094867578,Cement,115
1565,-23.827832,-46,2021,SOX,EPA,0.1056217725,0.1056217725,0.1056217725,Cement,115
1566,-23.827832,-46,2022,SOX,EPA,0.05780106,0.05780106,0.05780106,Cement,115
1567,-21.193017,-45,2014,TSP,EPA,0.0314208320040625,0.0314208320040625,0.0314208320040625,Cement,115
1568,-21.193017,-45,2015,TSP,EPA,0.027764673309375,0.027764673309375,0.027764673309375,Cement,115
1569,-21.193017,-45,2016,TSP,EPA,0.0244802494984375,0.0244802494984375,0.0244802494984375,Cement,115
1570,-21.193017,-45,2017,TSP,EPA,0.023830542671875,0.023830542671875,0.023830542671875,Cement,115
1571,-21.193017,-45,2018,TSP,EPA,0.025536396286875,0.025536396286875,0.025536396286875,Cement,115
1572,-21.193017,-45,2019,TSP,EPA,0.029467358119375,0.029467358119375,0.029467358119375,Cement,115
1573,-21.193017,-45,2020,TSP,EPA,0.0295193879725,0.0295193879725,0.0295193879725,Cement,115
1574,-21.193017,-45,2021,TSP,EPA,0.030923164885625,0.030923164885625,0.030923164885625,Cement,115
1575,-21.193017,-45,2022,TSP,EPA,0.0171099459390625,0.0171099459390625,0.0171099459390625,Cement,115
1576,-21.193017,-45,2014,PM10,EPA,0.008912206275,0.008912206275,0.008912206275,Cement,115
1577,-21.193017,-45,2015,PM10,EPA,0.00787517325,0.00787517325,0.00787517325,Cement,115
1578,-21.193017,-45,2016,PM10,EPA,0.006943579125,0.006943579125,0.006943579125,Cement,115
1579,-21.193017,-45,2017,PM10,EPA,0.00675929625,0.00675929625,0.00675929625,Cement,115
1580,-21.193017,-45,2018,PM10,EPA,0.00724314465,0.00724314465,0.00724314465,Cement,115
1581,-21.193017,-45,2019,PM10,EPA,0.00835812285,0.00835812285,0.00835812285,Cement,115
1582,-21.193017,-45,2020,PM10,EPA,0.0083728806,0.0083728806,0.0083728806,Cement,115
1583,-21.193017,-45,2021,PM10,EPA,0.00877104795,0.00877104795,0.00877104795,Cement,115
1584,-21.193017,-45,2022,PM10,EPA,0.004853065875,0.004853065875,0.004853065875,Cement,115
1585,-21.193017,-45,2014,NOX,EPA,0.44561031375,0.44561031375,0.44561031375,Cement,115
1586,-21.193017,-45,2015,NOX,EPA,0.3937586625,0.3937586625,0.3937586625,Cement,115
1587,-21.193017,-45,2016,NOX,EPA,0.34717895625,0.34717895625,0.34717895625,Cement,115
1588,-21.193017,-45,2017,NOX,EPA,0.3379648125,0.3379648125,0.3379648125,Cement,115
1589,-21.193017,-45,2018,NOX,EPA,0.3621572325,0.3621572325,0.3621572325,Cement,115
1590,-21.193017,-45,2019,NOX,EPA,0.4179061425,0.4179061425,0.4179061425,Cement,115
1591,-21.193017,-45,2020,NOX,EPA,0.41864403,0.41864403,0.41864403,Cement,115
1592,-21.193017,-45,2021,NOX,EPA,0.4385523975,0.4385523975,0.4385523975,Cement,115
1593,-21.193017,-45,2022,NOX,EPA,0.24265329375,0.24265329375,0.24265329375,Cement,115
1594,-21.193017,-45,2014,CO,EPA,0.03819516975,0.03819516975,0.03819516975,Cement,115
1595,-21.193017,-45,2015,CO,EPA,0.0337507425,0.0337507425,0.0337507425,Cement,115
1596,-21.193017,-45,2016,CO,EPA,0.02975819625,0.02975819625,0.02975819625,Cement,115
1597,-21.193017,-45,2017,CO,EPA,0.0289684125,0.0289684125,0.0289684125,Cement,115
1598,-21.193017,-45,2018,CO,EPA,0.0310420485,0.0310420485,0.0310420485,Cement,115
1599,-21.193017,-45,2019,CO,EPA,0.0358205265,0.0358205265,0.0358205265,Cement,115
1600,-21.193017,-45,2020,CO,EPA,0.035883774,0.035883774,0.035883774,Cement,115
1601,-21.193017,-45,2021,CO,EPA,0.0375902055,0.0375902055,0.0375902055,Cement,115
1602,-21.193017,-45,2022,CO,EPA,0.02079885375,0.02079885375,0.02079885375,Cement,115
1603,-21.193017,-45,2014,NMVOCs,EPA,0.0625976393125,0.0625976393125,0.0625976393125,Cement,115
1604,-21.193017,-45,2015,NMVOCs,EPA,0.055313716875,0.055313716875,0.055313716875,Cement,115
1605,-21.193017,-45,2016,NMVOCs,EPA,0.0487703771875,0.0487703771875,0.0487703771875,Cement,115
1606,-21.193017,-45,2017,NMVOCs,EPA,0.047476009375,0.047476009375,0.047476009375,Cement,115
1607,-21.193017,-45,2018,NMVOCs,EPA,0.050874468375,0.050874468375,0.050874468375,Cement,115
1608,-21.193017,-45,2019,NMVOCs,EPA,0.058705862875,0.058705862875,0.058705862875,Cement,115
1609,-21.193017,-45,2020,NMVOCs,EPA,0.0588095185,0.0588095185,0.0588095185,Cement,115
1610,-21.193017,-45,2021,NMVOCs,EPA,0.061606170125,0.061606170125,0.061606170125,Cement,115
1611,-21.193017,-45,2022,NMVOCs,EPA,0.0340870103125,0.0340870103125,0.0340870103125,Cement,115
1612,-21.193017,-45,2014,SOX,EPA,0.171878263875,0.171878263875,0.171878263875,Cement,115
1613,-21.193017,-45,2015,SOX,EPA,0.15187834125,0.15187834125,0.15187834125,Cement,115
1614,-21.193017,-45,2016,SOX,EPA,0.133911883125,0.133911883125,0.133911883125,Cement,115
1615,-21.193017,-45,2017,SOX,EPA,0.13035785625,0.13035785625,0.13035785625,Cement,115
1616,-21.193017,-45,2018,SOX,EPA,0.13968921825,0.13968921825,0.13968921825,Cement,115
1617,-21.193017,-45,2019,SOX,EPA,0.16119236925,0.16119236925,0.16119236925,Cement,115
1618,-21.193017,-45,2020,SOX,EPA,0.161476983,0.161476983,0.161476983,Cement,115
1619,-21.193017,-45,2021,SOX,EPA,0.16915592475,0.16915592475,0.16915592475,Cement,115
1620,-21.193017,-45,2022,SOX,EPA,0.093594841875,0.093594841875,0.093594841875,Cement,115
1621,-23.272865,-46,2014,TSP,EPA,0.0241225848245833,0.0241225848245833,0.0241225848245833,Cement,115
1622,-23.272865,-46,2015,TSP,EPA,0.021401013215,0.021401013215,0.021401013215,Cement,115
1623,-23.272865,-46,2016,TSP,EPA,0.0175078105075,0.0175078105075,0.0175078105075,Cement,115
1624,-23.272865,-46,2017,TSP,EPA,0.0160270950583333,0.0160270950583333,0.0160270950583333,Cement,115
1625,-23.272865,-46,2018,TSP,EPA,0.0155239436120833,0.0155239436120833,0.0155239436120833,Cement,115
1626,-23.272865,-46,2019,TSP,EPA,0.0151956761445833,0.0151956761445833,0.0151956761445833,Cement,115
1627,-23.272865,-46,2020,TSP,EPA,0.0173426131016667,0.0173426131016667,0.0173426131016667,Cement,115
1628,-23.272865,-46,2021,TSP,EPA,0.01930857279375,0.01930857279375,0.01930857279375,Cement,115
1629,-23.272865,-46,2022,TSP,EPA,0.0105665332833333,0.0105665332833333,0.0105665332833333,Cement,115
1630,-23.272865,-46,2014,PM10,EPA,0.0068421311,0.0068421311,0.0068421311,Cement,115
1631,-23.272865,-46,2015,PM10,EPA,0.0060701844,0.0060701844,0.0060701844,Cement,115
1632,-23.272865,-46,2016,PM10,EPA,0.0049659162,0.0049659162,0.0049659162,Cement,115
1633,-23.272865,-46,2017,PM10,EPA,0.004545926,0.004545926,0.004545926,Cement,115
1634,-23.272865,-46,2018,PM10,EPA,0.0044032121,0.0044032121,0.0044032121,Cement,115
1635,-23.272865,-46,2019,PM10,EPA,0.0043101023,0.0043101023,0.0043101023,Cement,115
1636,-23.272865,-46,2020,PM10,EPA,0.0049190596,0.0049190596,0.0049190596,Cement,115
1637,-23.272865,-46,2021,PM10,EPA,0.0054766845,0.0054766845,0.0054766845,Cement,115
1638,-23.272865,-46,2022,PM10,EPA,0.002997092,0.002997092,0.002997092,Cement,115
1639,-23.272865,-46,2014,NOX,EPA,0.342106555,0.342106555,0.342106555,Cement,115
1640,-23.272865,-46,2015,NOX,EPA,0.30350922,0.30350922,0.30350922,Cement,115
1641,-23.272865,-46,2016,NOX,EPA,0.24829581,0.24829581,0.24829581,Cement,115
1642,-23.272865,-46,2017,NOX,EPA,0.2272963,0.2272963,0.2272963,Cement,115
1643,-23.272865,-46,2018,NOX,EPA,0.220160605,0.220160605,0.220160605,Cement,115
1644,-23.272865,-46,2019,NOX,EPA,0.215505115,0.215505115,0.215505115,Cement,115
1645,-23.272865,-46,2020,NOX,EPA,0.24595298,0.24595298,0.24595298,Cement,115
1646,-23.272865,-46,2021,NOX,EPA,0.273834225,0.273834225,0.273834225,Cement,115
1647,-23.272865,-46,2022,NOX,EPA,0.1498546,0.1498546,0.1498546,Cement,115
1648,-23.272865,-46,2014,CO,EPA,0.029323419,0.029323419,0.029323419,Cement,115
1649,-23.272865,-46,2015,CO,EPA,0.026015076,0.026015076,0.026015076,Cement,115
1650,-23.272865,-46,2016,CO,EPA,0.021282498,0.021282498,0.021282498,Cement,115
1651,-23.272865,-46,2017,CO,EPA,0.01948254,0.01948254,0.01948254,Cement,115
1652,-23.272865,-46,2018,CO,EPA,0.018870909,0.018870909,0.018870909,Cement,115
1653,-23.272865,-46,2019,CO,EPA,0.018471867,0.018471867,0.018471867,Cement,115
1654,-23.272865,-46,2020,CO,EPA,0.021081684,0.021081684,0.021081684,Cement,115
1655,-23.272865,-46,2021,CO,EPA,0.023471505,0.023471505,0.023471505,Cement,115
1656,-23.272865,-46,2022,CO,EPA,0.01284468,0.01284468,0.01284468,Cement,115
1657,-23.272865,-46,2014,NMVOCs,EPA,0.0480578255833333,0.0480578255833333,0.0480578255833333,Cement,115
1658,-23.272865,-46,2015,NMVOCs,EPA,0.042635819,0.042635819,0.042635819,Cement,115
1659,-23.272865,-46,2016,NMVOCs,EPA,0.0348796495,0.0348796495,0.0348796495,Cement,115
1660,-23.272865,-46,2017,NMVOCs,EPA,0.0319297183333333,0.0319297183333333,0.0319297183333333,Cement,115
1661,-23.272865,-46,2018,NMVOCs,EPA,0.0309273230833333,0.0309273230833333,0.0309273230833333,Cement,115
1662,-23.272865,-46,2019,NMVOCs,EPA,0.0302733375833333,0.0302733375833333,0.0302733375833333,Cement,115
1663,-23.272865,-46,2020,NMVOCs,EPA,0.0345505376666667,0.0345505376666667,0.0345505376666667,Cement,115
1664,-23.272865,-46,2021,NMVOCs,EPA,0.03846718875,0.03846718875,0.03846718875,Cement,115
1665,-23.272865,-46,2022,NMVOCs,EPA,0.0210510033333333,0.0210510033333333,0.0210510033333333,Cement,115
1666,-23.272865,-46,2014,SOX,EPA,0.1319553855,0.1319553855,0.1319553855,Cement,115
1667,-23.272865,-46,2015,SOX,EPA,0.117067842,0.117067842,0.117067842,Cement,115
1668,-23.272865,-46,2016,SOX,EPA,0.095771241,0.095771241,0.095771241,Cement,115
1669,-23.272865,-46,2017,SOX,EPA,0.08767143,0.08767143,0.08767143,Cement,115
1670,-23.272865,-46,2018,SOX,EPA,0.0849190905,0.0849190905,0.0849190905,Cement,115
1671,-23.272865,-46,2019,SOX,EPA,0.0831234015,0.0831234015,0.0831234015,Cement,115
1672,-23.272865,-46,2020,SOX,EPA,0.094867578,0.094867578,0.094867578,Cement,115
1673,-23.272865,-46,2021,SOX,EPA,0.1056217725,0.1056217725,0.1056217725,Cement,115
1674,-23.272865,-46,2022,SOX,EPA,0.05780106,0.05780106,0.05780106,Cement,115
1675,-7.127164,-35,2014,TSP,EPA,0.0172004035169444,0.0172004035169444,0.0172004035169444,Cement,115
1676,-7.127164,-35,2015,TSP,EPA,0.0152254211215278,0.0152254211215278,0.0152254211215278,Cement,115
1677,-7.127164,-35,2016,TSP,EPA,0.0183431492955556,0.0183431492955556,0.0183431492955556,Cement,115
1678,-7.127164,-35,2017,TSP,EPA,0.0182761042261111,0.0182761042261111,0.0182761042261111,Cement,115
1679,-7.127164,-35,2018,TSP,EPA,0.0187489702216667,0.0187489702216667,0.0187489702216667,Cement,115
1680,-7.127164,-35,2019,TSP,EPA,0.022316294405,0.022316294405,0.022316294405,Cement,115
1681,-7.127164,-35,2020,TSP,EPA,0.0260301659479167,0.0260301659479167,0.0260301659479167,Cement,115
1682,-7.127164,-35,2021,TSP,EPA,0.0275756395304167,0.0275756395304167,0.0275756395304167,Cement,115
1683,-7.127164,-35,2022,TSP,EPA,0.0155343812543056,0.0155343812543056,0.0155343812543056,Cement,115
1684,-7.127164,-35,2014,PM10,EPA,0.00487872326666667,0.00487872326666667,0.00487872326666667,Cement,115
1685,-7.127164,-35,2015,PM10,EPA,0.00431853916666667,0.00431853916666667,0.00431853916666667,Cement,115
1686,-7.127164,-35,2016,PM10,EPA,0.00520285173333333,0.00520285173333333,0.00520285173333333,Cement,115
1687,-7.127164,-35,2017,PM10,EPA,0.00518383506666667,0.00518383506666667,0.00518383506666667,Cement,115
1688,-7.127164,-35,2018,PM10,EPA,0.0053179588,0.0053179588,0.0053179588,Cement,115
1689,-7.127164,-35,2019,PM10,EPA,0.0063297948,0.0063297948,0.0063297948,Cement,115
1690,-7.127164,-35,2020,PM10,EPA,0.0073831975,0.0073831975,0.0073831975,Cement,115
1691,-7.127164,-35,2021,PM10,EPA,0.0078215557,0.0078215557,0.0078215557,Cement,115
1692,-7.127164,-35,2022,PM10,EPA,0.00440617263333333,0.00440617263333333,0.00440617263333333,Cement,115
1693,-7.127164,-35,2014,NOX,EPA,0.243936163333333,0.243936163333333,0.243936163333333,Cement,115
1694,-7.127164,-35,2015,NOX,EPA,0.215926958333333,0.215926958333333,0.215926958333333,Cement,115
1695,-7.127164,-35,2016,NOX,EPA,0.260142586666667,0.260142586666667,0.260142586666667,Cement,115
1696,-7.127164,-35,2017,NOX,EPA,0.259191753333333,0.259191753333333,0.259191753333333,Cement,115
1697,-7.127164,-35,2018,NOX,EPA,0.26589794,0.26589794,0.26589794,Cement,115
1698,-7.127164,-35,2019,NOX,EPA,0.31648974,0.31648974,0.31648974,Cement,115
1699,-7.127164,-35,2020,NOX,EPA,0.369159875,0.369159875,0.369159875,Cement,115
1700,-7.127164,-35,2021,NOX,EPA,0.391077785,0.391077785,0.391077785,Cement,115
1701,-7.127164,-35,2022,NOX,EPA,0.220308631666667,0.220308631666667,0.220308631666667,Cement,115
1702,-7.127164,-35,2014,CO,EPA,0.020908814,0.020908814,0.020908814,Cement,115
1703,-7.127164,-35,2015,CO,EPA,0.018508025,0.018508025,0.018508025,Cement,115
1704,-7.127164,-35,2016,CO,EPA,0.022297936,0.022297936,0.022297936,Cement,115
1705,-7.127164,-35,2017,CO,EPA,0.022216436,0.022216436,0.022216436,Cement,115
1706,-7.127164,-35,2018,CO,EPA,0.022791252,0.022791252,0.022791252,Cement,115
1707,-7.127164,-35,2019,CO,EPA,0.027127692,0.027127692,0.027127692,Cement,115
1708,-7.127164,-35,2020,CO,EPA,0.031642275,0.031642275,0.031642275,Cement,115
1709,-7.127164,-35,2021,CO,EPA,0.033520953,0.033520953,0.033520953,Cement,115
1710,-7.127164,-35,2022,CO,EPA,0.018883597,0.018883597,0.018883597,Cement,115
1711,-7.127164,-35,2014,NMVOCs,EPA,0.0342672229444444,0.0342672229444444,0.0342672229444444,Cement,115
1712,-7.127164,-35,2015,NMVOCs,EPA,0.0303325965277778,0.0303325965277778,0.0303325965277778,Cement,115
1713,-7.127164,-35,2016,NMVOCs,EPA,0.0365438395555556,0.0365438395555556,0.0365438395555556,Cement,115
1714,-7.127164,-35,2017,NMVOCs,EPA,0.0364102701111111,0.0364102701111111,0.0364102701111111,Cement,115
1715,-7.127164,-35,2018,NMVOCs,EPA,0.0373523296666667,0.0373523296666667,0.0373523296666667,Cement,115
1716,-7.127164,-35,2019,NMVOCs,EPA,0.044459273,0.044459273,0.044459273,Cement,115
1717,-7.127164,-35,2020,NMVOCs,EPA,0.0518581729166667,0.0518581729166667,0.0518581729166667,Cement,115
1718,-7.127164,-35,2021,NMVOCs,EPA,0.0549371174166667,0.0549371174166667,0.0549371174166667,Cement,115
1719,-7.127164,-35,2022,NMVOCs,EPA,0.0309481173055556,0.0309481173055556,0.0309481173055556,Cement,115
1720,-7.127164,-35,2014,SOX,EPA,0.094089663,0.094089663,0.094089663,Cement,115
1721,-7.127164,-35,2015,SOX,EPA,0.0832861125,0.0832861125,0.0832861125,Cement,115
1722,-7.127164,-35,2016,SOX,EPA,0.100340712,0.100340712,0.100340712,Cement,115
1723,-7.127164,-35,2017,SOX,EPA,0.099973962,0.099973962,0.099973962,Cement,115
1724,-7.127164,-35,2018,SOX,EPA,0.102560634,0.102560634,0.102560634,Cement,115
1725,-7.127164,-35,2019,SOX,EPA,0.122074614,0.122074614,0.122074614,Cement,115
1726,-7.127164,-35,2020,SOX,EPA,0.1423902375,0.1423902375,0.1423902375,Cement,115
1727,-7.127164,-35,2021,SOX,EPA,0.1508442885,0.1508442885,0.1508442885,Cement,115
1728,-7.127164,-35,2022,SOX,EPA,0.0849761865,0.0849761865,0.0849761865,Cement,115
1729,-29.924917,-51,2014,TSP,EPA,0.0154356464895833,0.0154356464895833,0.0154356464895833,Cement,115
1730,-29.924917,-51,2015,TSP,EPA,0.0136891660304167,0.0136891660304167,0.0136891660304167,Cement,115
1731,-29.924917,-51,2016,TSP,EPA,0.0113066269408333,0.0113066269408333,0.0113066269408333,Cement,115
1732,-29.924917,-51,2017,TSP,EPA,0.01051425046875,0.01051425046875,0.01051425046875,Cement,115
1733,-29.924917,-51,2018,TSP,EPA,0.0101178142070833,0.0101178142070833,0.0101178142070833,Cement,115
1734,-29.924917,-51,2019,TSP,EPA,0.0102035965225,0.0102035965225,0.0102035965225,Cement,115
1735,-29.924917,-51,2020,TSP,EPA,0.0112080534133333,0.0112080534133333,0.0112080534133333,Cement,115
1736,-29.924917,-51,2021,TSP,EPA,0.01249895152,0.01249895152,0.01249895152,Cement,115
1737,-29.924917,-51,2022,TSP,EPA,0.0067989080475,0.0067989080475,0.0067989080475,Cement,115
1738,-29.924917,-51,2014,PM10,EPA,0.0043781675,0.0043781675,0.0043781675,Cement,115
1739,-29.924917,-51,2015,PM10,EPA,0.0038827957,0.0038827957,0.0038827957,Cement,115
1740,-29.924917,-51,2016,PM10,EPA,0.0032070122,0.0032070122,0.0032070122,Cement,115
1741,-29.924917,-51,2017,PM10,EPA,0.0029822625,0.0029822625,0.0029822625,Cement,115
1742,-29.924917,-51,2018,PM10,EPA,0.0028698173,0.0028698173,0.0028698173,Cement,115
1743,-29.924917,-51,2019,PM10,EPA,0.0028941486,0.0028941486,0.0028941486,Cement,115
1744,-29.924917,-51,2020,PM10,EPA,0.0031790528,0.0031790528,0.0031790528,Cement,115
1745,-29.924917,-51,2021,PM10,EPA,0.0035452032,0.0035452032,0.0035452032,Cement,115
1746,-29.924917,-51,2022,PM10,EPA,0.0019284426,0.0019284426,0.0019284426,Cement,115
1747,-29.924917,-51,2014,NOX,EPA,0.218908375,0.218908375,0.218908375,Cement,115
1748,-29.924917,-51,2015,NOX,EPA,0.194139785,0.194139785,0.194139785,Cement,115
1749,-29.924917,-51,2016,NOX,EPA,0.16035061,0.16035061,0.16035061,Cement,115
1750,-29.924917,-51,2017,NOX,EPA,0.149113125,0.149113125,0.149113125,Cement,115
1751,-29.924917,-51,2018,NOX,EPA,0.143490865,0.143490865,0.143490865,Cement,115
1752,-29.924917,-51,2019,NOX,EPA,0.14470743,0.14470743,0.14470743,Cement,115
1753,-29.924917,-51,2020,NOX,EPA,0.15895264,0.15895264,0.15895264,Cement,115
1754,-29.924917,-51,2021,NOX,EPA,0.17726016,0.17726016,0.17726016,Cement,115
1755,-29.924917,-51,2022,NOX,EPA,0.09642213,0.09642213,0.09642213,Cement,115
1756,-29.924917,-51,2014,CO,EPA,0.018763575,0.018763575,0.018763575,Cement,115
1757,-29.924917,-51,2015,CO,EPA,0.016640553,0.016640553,0.016640553,Cement,115
1758,-29.924917,-51,2016,CO,EPA,0.013744338,0.013744338,0.013744338,Cement,115
1759,-29.924917,-51,2017,CO,EPA,0.012781125,0.012781125,0.012781125,Cement,115
1760,-29.924917,-51,2018,CO,EPA,0.012299217,0.012299217,0.012299217,Cement,115
1761,-29.924917,-51,2019,CO,EPA,0.012403494,0.012403494,0.012403494,Cement,115
1762,-29.924917,-51,2020,CO,EPA,0.013624512,0.013624512,0.013624512,Cement,115
1763,-29.924917,-51,2021,CO,EPA,0.015193728,0.015193728,0.015193728,Cement,115
1764,-29.924917,-51,2022,CO,EPA,0.008264754,0.008264754,0.008264754,Cement,115
1765,-29.924917,-51,2014,NMVOCs,EPA,0.0307514145833333,0.0307514145833333,0.0307514145833333,Cement,115
1766,-29.924917,-51,2015,NMVOCs,EPA,0.0272720174166667,0.0272720174166667,0.0272720174166667,Cement,115
1767,-29.924917,-51,2016,NMVOCs,EPA,0.0225254428333333,0.0225254428333333,0.0225254428333333,Cement,115
1768,-29.924917,-51,2017,NMVOCs,EPA,0.02094684375,0.02094684375,0.02094684375,Cement,115
1769,-29.924917,-51,2018,NMVOCs,EPA,0.0201570500833333,0.0201570500833333,0.0201570500833333,Cement,115
1770,-29.924917,-51,2019,NMVOCs,EPA,0.0203279485,0.0203279485,0.0203279485,Cement,115
1771,-29.924917,-51,2020,NMVOCs,EPA,0.0223290613333333,0.0223290613333333,0.0223290613333333,Cement,115
1772,-29.924917,-51,2021,NMVOCs,EPA,0.024900832,0.024900832,0.024900832,Cement,115
1773,-29.924917,-51,2022,NMVOCs,EPA,0.0135450135,0.0135450135,0.0135450135,Cement,115
1774,-29.924917,-51,2014,SOX,EPA,0.0844360875,0.0844360875,0.0844360875,Cement,115
1775,-29.924917,-51,2015,SOX,EPA,0.0748824885,0.0748824885,0.0748824885,Cement,115
1776,-29.924917,-51,2016,SOX,EPA,0.061849521,0.061849521,0.061849521,Cement,115
1777,-29.924917,-51,2017,SOX,EPA,0.0575150625,0.0575150625,0.0575150625,Cement,115
1778,-29.924917,-51,2018,SOX,EPA,0.0553464765,0.0553464765,0.0553464765,Cement,115
1779,-29.924917,-51,2019,SOX,EPA,0.055815723,0.055815723,0.055815723,Cement,115
1780,-29.924917,-51,2020,SOX,EPA,0.061310304,0.061310304,0.061310304,Cement,115
1781,-29.924917,-51,2021,SOX,EPA,0.068371776,0.068371776,0.068371776,Cement,115
1782,-29.924917,-51,2022,SOX,EPA,0.037191393,0.037191393,0.037191393,Cement,115
1783,-19.627601,-44,2014,TSP,EPA,0.0314208320040625,0.0314208320040625,0.0314208320040625,Cement,115
1784,-19.627601,-44,2015,TSP,EPA,0.027764673309375,0.027764673309375,0.027764673309375,Cement,115
1785,-19.627601,-44,2016,TSP,EPA,0.0244802494984375,0.0244802494984375,0.0244802494984375,Cement,115
1786,-19.627601,-44,2017,TSP,EPA,0.023830542671875,0.023830542671875,0.023830542671875,Cement,115
1787,-19.627601,-44,2018,TSP,EPA,0.025536396286875,0.025536396286875,0.025536396286875,Cement,115
1788,-19.627601,-44,2019,TSP,EPA,0.029467358119375,0.029467358119375,0.029467358119375,Cement,115
1789,-19.627601,-44,2020,TSP,EPA,0.0295193879725,0.0295193879725,0.0295193879725,Cement,115
1790,-19.627601,-44,2021,TSP,EPA,0.030923164885625,0.030923164885625,0.030923164885625,Cement,115
1791,-19.627601,-44,2022,TSP,EPA,0.0171099459390625,0.0171099459390625,0.0171099459390625,Cement,115
1792,-19.627601,-44,2014,PM10,EPA,0.008912206275,0.008912206275,0.008912206275,Cement,115
1793,-19.627601,-44,2015,PM10,EPA,0.00787517325,0.00787517325,0.00787517325,Cement,115
1794,-19.627601,-44,2016,PM10,EPA,0.006943579125,0.006943579125,0.006943579125,Cement,115
1795,-19.627601,-44,2017,PM10,EPA,0.00675929625,0.00675929625,0.00675929625,Cement,115
1796,-19.627601,-44,2018,PM10,EPA,0.00724314465,0.00724314465,0.00724314465,Cement,115
1797,-19.627601,-44,2019,PM10,EPA,0.00835812285,0.00835812285,0.00835812285,Cement,115
1798,-19.627601,-44,2020,PM10,EPA,0.0083728806,0.0083728806,0.0083728806,Cement,115
1799,-19.627601,-44,2021,PM10,EPA,0.00877104795,0.00877104795,0.00877104795,Cement,115
1800,-19.627601,-44,2022,PM10,EPA,0.004853065875,0.004853065875,0.004853065875,Cement,115
1801,-19.627601,-44,2014,NOX,EPA,0.44561031375,0.44561031375,0.44561031375,Cement,115
1802,-19.627601,-44,2015,NOX,EPA,0.3937586625,0.3937586625,0.3937586625,Cement,115
1803,-19.627601,-44,2016,NOX,EPA,0.34717895625,0.34717895625,0.34717895625,Cement,115
1804,-19.627601,-44,2017,NOX,EPA,0.3379648125,0.3379648125,0.3379648125,Cement,115
1805,-19.627601,-44,2018,NOX,EPA,0.3621572325,0.3621572325,0.3621572325,Cement,115
1806,-19.627601,-44,2019,NOX,EPA,0.4179061425,0.4179061425,0.4179061425,Cement,115
1807,-19.627601,-44,2020,NOX,EPA,0.41864403,0.41864403,0.41864403,Cement,115
1808,-19.627601,-44,2021,NOX,EPA,0.4385523975,0.4385523975,0.4385523975,Cement,115
1809,-19.627601,-44,2022,NOX,EPA,0.24265329375,0.24265329375,0.24265329375,Cement,115
1810,-19.627601,-44,2014,CO,EPA,0.03819516975,0.03819516975,0.03819516975,Cement,115
1811,-19.627601,-44,2015,CO,EPA,0.0337507425,0.0337507425,0.0337507425,Cement,115
1812,-19.627601,-44,2016,CO,EPA,0.02975819625,0.02975819625,0.02975819625,Cement,115
1813,-19.627601,-44,2017,CO,EPA,0.0289684125,0.0289684125,0.0289684125,Cement,115
1814,-19.627601,-44,2018,CO,EPA,0.0310420485,0.0310420485,0.0310420485,Cement,115
1815,-19.627601,-44,2019,CO,EPA,0.0358205265,0.0358205265,0.0358205265,Cement,115
1816,-19.627601,-44,2020,CO,EPA,0.035883774,0.035883774,0.035883774,Cement,115
1817,-19.627601,-44,2021,CO,EPA,0.0375902055,0.0375902055,0.0375902055,Cement,115
1818,-19.627601,-44,2022,CO,EPA,0.02079885375,0.02079885375,0.02079885375,Cement,115
1819,-19.627601,-44,2014,NMVOCs,EPA,0.0625976393125,0.0625976393125,0.0625976393125,Cement,115
1820,-19.627601,-44,2015,NMVOCs,EPA,0.055313716875,0.055313716875,0.055313716875,Cement,115
1821,-19.627601,-44,2016,NMVOCs,EPA,0.0487703771875,0.0487703771875,0.0487703771875,Cement,115
1822,-19.627601,-44,2017,NMVOCs,EPA,0.047476009375,0.047476009375,0.047476009375,Cement,115
1823,-19.627601,-44,2018,NMVOCs,EPA,0.050874468375,0.050874468375,0.050874468375,Cement,115
1824,-19.627601,-44,2019,NMVOCs,EPA,0.058705862875,0.058705862875,0.058705862875,Cement,115
1825,-19.627601,-44,2020,NMVOCs,EPA,0.0588095185,0.0588095185,0.0588095185,Cement,115
1826,-19.627601,-44,2021,NMVOCs,EPA,0.061606170125,0.061606170125,0.061606170125,Cement,115
1827,-19.627601,-44,2022,NMVOCs,EPA,0.0340870103125,0.0340870103125,0.0340870103125,Cement,115
1828,-19.627601,-44,2014,SOX,EPA,0.171878263875,0.171878263875,0.171878263875,Cement,115
1829,-19.627601,-44,2015,SOX,EPA,0.15187834125,0.15187834125,0.15187834125,Cement,115
1830,-19.627601,-44,2016,SOX,EPA,0.133911883125,0.133911883125,0.133911883125,Cement,115
1831,-19.627601,-44,2017,SOX,EPA,0.13035785625,0.13035785625,0.13035785625,Cement,115
1832,-19.627601,-44,2018,SOX,EPA,0.13968921825,0.13968921825,0.13968921825,Cement,115
1833,-19.627601,-44,2019,SOX,EPA,0.16119236925,0.16119236925,0.16119236925,Cement,115
1834,-19.627601,-44,2020,SOX,EPA,0.161476983,0.161476983,0.161476983,Cement,115
1835,-19.627601,-44,2021,SOX,EPA,0.16915592475,0.16915592475,0.16915592475,Cement,115
1836,-19.627601,-44,2022,SOX,EPA,0.093594841875,0.093594841875,0.093594841875,Cement,115
1837,-19.476597,-42,2014,TSP,EPA,0.0314208320040625,0.0314208320040625,0.0314208320040625,Cement,115
1838,-19.476597,-42,2015,TSP,EPA,0.027764673309375,0.027764673309375,0.027764673309375,Cement,115
1839,-19.476597,-42,2016,TSP,EPA,0.0244802494984375,0.0244802494984375,0.0244802494984375,Cement,115
1840,-19.476597,-42,2017,TSP,EPA,0.023830542671875,0.023830542671875,0.023830542671875,Cement,115
1841,-19.476597,-42,2018,TSP,EPA,0.025536396286875,0.025536396286875,0.025536396286875,Cement,115
1842,-19.476597,-42,2019,TSP,EPA,0.029467358119375,0.029467358119375,0.029467358119375,Cement,115
1843,-19.476597,-42,2020,TSP,EPA,0.0295193879725,0.0295193879725,0.0295193879725,Cement,115
1844,-19.476597,-42,2021,TSP,EPA,0.030923164885625,0.030923164885625,0.030923164885625,Cement,115
1845,-19.476597,-42,2022,TSP,EPA,0.0171099459390625,0.0171099459390625,0.0171099459390625,Cement,115
1846,-19.476597,-42,2014,PM10,EPA,0.008912206275,0.008912206275,0.008912206275,Cement,115
1847,-19.476597,-42,2015,PM10,EPA,0.00787517325,0.00787517325,0.00787517325,Cement,115
1848,-19.476597,-42,2016,PM10,EPA,0.006943579125,0.006943579125,0.006943579125,Cement,115
1849,-19.476597,-42,2017,PM10,EPA,0.00675929625,0.00675929625,0.00675929625,Cement,115
1850,-19.476597,-42,2018,PM10,EPA,0.00724314465,0.00724314465,0.00724314465,Cement,115
1851,-19.476597,-42,2019,PM10,EPA,0.00835812285,0.00835812285,0.00835812285,Cement,115
1852,-19.476597,-42,2020,PM10,EPA,0.0083728806,0.0083728806,0.0083728806,Cement,115
1853,-19.476597,-42,2021,PM10,EPA,0.00877104795,0.00877104795,0.00877104795,Cement,115
1854,-19.476597,-42,2022,PM10,EPA,0.004853065875,0.004853065875,0.004853065875,Cement,115
1855,-19.476597,-42,2014,NOX,EPA,0.44561031375,0.44561031375,0.44561031375,Cement,115
1856,-19.476597,-42,2015,NOX,EPA,0.3937586625,0.3937586625,0.3937586625,Cement,115
1857,-19.476597,-42,2016,NOX,EPA,0.34717895625,0.34717895625,0.34717895625,Cement,115
1858,-19.476597,-42,2017,NOX,EPA,0.3379648125,0.3379648125,0.3379648125,Cement,115
1859,-19.476597,-42,2018,NOX,EPA,0.3621572325,0.3621572325,0.3621572325,Cement,115
1860,-19.476597,-42,2019,NOX,EPA,0.4179061425,0.4179061425,0.4179061425,Cement,115
1861,-19.476597,-42,2020,NOX,EPA,0.41864403,0.41864403,0.41864403,Cement,115
1862,-19.476597,-42,2021,NOX,EPA,0.4385523975,0.4385523975,0.4385523975,Cement,115
1863,-19.476597,-42,2022,NOX,EPA,0.24265329375,0.24265329375,0.24265329375,Cement,115
1864,-19.476597,-42,2014,CO,EPA,0.03819516975,0.03819516975,0.03819516975,Cement,115
1865,-19.476597,-42,2015,CO,EPA,0.0337507425,0.0337507425,0.0337507425,Cement,115
1866,-19.476597,-42,2016,CO,EPA,0.02975819625,0.02975819625,0.02975819625,Cement,115
1867,-19.476597,-42,2017,CO,EPA,0.0289684125,0.0289684125,0.0289684125,Cement,115
1868,-19.476597,-42,2018,CO,EPA,0.0310420485,0.0310420485,0.0310420485,Cement,115
1869,-19.476597,-42,2019,CO,EPA,0.0358205265,0.0358205265,0.0358205265,Cement,115
1870,-19.476597,-42,2020,CO,EPA,0.035883774,0.035883774,0.035883774,Cement,115
1871,-19.476597,-42,2021,CO,EPA,0.0375902055,0.0375902055,0.0375902055,Cement,115
1872,-19.476597,-42,2022,CO,EPA,0.02079885375,0.02079885375,0.02079885375,Cement,115
1873,-19.476597,-42,2014,NMVOCs,EPA,0.0625976393125,0.0625976393125,0.0625976393125,Cement,115
1874,-19.476597,-42,2015,NMVOCs,EPA,0.055313716875,0.055313716875,0.055313716875,Cement,115
1875,-19.476597,-42,2016,NMVOCs,EPA,0.0487703771875,0.0487703771875,0.0487703771875,Cement,115
1876,-19.476597,-42,2017,NMVOCs,EPA,0.047476009375,0.047476009375,0.047476009375,Cement,115
1877,-19.476597,-42,2018,NMVOCs,EPA,0.050874468375,0.050874468375,0.050874468375,Cement,115
1878,-19.476597,-42,2019,NMVOCs,EPA,0.058705862875,0.058705862875,0.058705862875,Cement,115
1879,-19.476597,-42,2020,NMVOCs,EPA,0.0588095185,0.0588095185,0.0588095185,Cement,115
1880,-19.476597,-42,2021,NMVOCs,EPA,0.061606170125,0.061606170125,0.061606170125,Cement,115
1881,-19.476597,-42,2022,NMVOCs,EPA,0.0340870103125,0.0340870103125,0.0340870103125,Cement,115
1882,-19.476597,-42,2014,SOX,EPA,0.171878263875,0.171878263875,0.171878263875,Cement,115
1883,-19.476597,-42,2015,SOX,EPA,0.15187834125,0.15187834125,0.15187834125,Cement,115
1884,-19.476597,-42,2016,SOX,EPA,0.133911883125,0.133911883125,0.133911883125,Cement,115
1885,-19.476597,-42,2017,SOX,EPA,0.13035785625,0.13035785625,0.13035785625,Cement,115
1886,-19.476597,-42,2018,SOX,EPA,0.13968921825,0.13968921825,0.13968921825,Cement,115
1887,-19.476597,-42,2019,SOX,EPA,0.16119236925,0.16119236925,0.16119236925,Cement,115
1888,-19.476597,-42,2020,SOX,EPA,0.161476983,0.161476983,0.161476983,Cement,115
1889,-19.476597,-42,2021,SOX,EPA,0.16915592475,0.16915592475,0.16915592475,Cement,115
1890,-19.476597,-42,2022,SOX,EPA,0.093594841875,0.093594841875,0.093594841875,Cement,115
1891,-9.776144,-36,2014,TSP,EPA,0.0125602924113889,0.0125602924113889,0.0125602924113889,Cement,115
1892,-9.776144,-36,2015,TSP,EPA,0.00953982401055556,0.00953982401055556,0.00953982401055556,Cement,115
1893,-9.776144,-36,2016,TSP,EPA,0.00701557796861111,0.00701557796861111,0.00701557796861111,Cement,115
1894,-9.776144,-36,2017,TSP,EPA,0.00428799862722222,0.00428799862722222,0.00428799862722222,Cement,115
1895,-9.776144,-36,2018,TSP,EPA,0.00409187987083333,0.00409187987083333,0.00409187987083333,Cement,115
1896,-9.776144,-36,2019,TSP,EPA,0.007132150835,0.007132150835,0.007132150835,Cement,115
1897,-9.776144,-36,2020,TSP,EPA,0.00758976675083333,0.00758976675083333,0.00758976675083333,Cement,115
1898,-9.776144,-36,2021,TSP,EPA,0.00684475700333333,0.00684475700333333,0.00684475700333333,Cement,115
1899,-9.776144,-36,2022,TSP,EPA,0.00335187670361111,0.00335187670361111,0.00335187670361111,Cement,115
1900,-9.776144,-36,2014,PM10,EPA,0.00356260193333333,0.00356260193333333,0.00356260193333333,Cement,115
1901,-9.776144,-36,2015,PM10,EPA,0.00270587613333333,0.00270587613333333,0.00270587613333333,Cement,115
1902,-9.776144,-36,2016,PM10,EPA,0.00198989886666667,0.00198989886666667,0.00198989886666667,Cement,115
1903,-9.776144,-36,2017,PM10,EPA,0.00121624813333333,0.00121624813333333,0.00121624813333333,Cement,115
1904,-9.776144,-36,2018,PM10,EPA,0.001160621,0.001160621,0.001160621,Cement,115
1905,-9.776144,-36,2019,PM10,EPA,0.0020229636,0.0020229636,0.0020229636,Cement,115
1906,-9.776144,-36,2020,PM10,EPA,0.0021527618,0.0021527618,0.0021527618,Cement,115
1907,-9.776144,-36,2021,PM10,EPA,0.0019414472,0.0019414472,0.0019414472,Cement,115
1908,-9.776144,-36,2022,PM10,EPA,0.000950726466666667,0.000950726466666667,0.000950726466666667,Cement,115
1909,-9.776144,-36,2014,NOX,EPA,0.178130096666667,0.178130096666667,0.178130096666667,Cement,115
1910,-9.776144,-36,2015,NOX,EPA,0.135293806666667,0.135293806666667,0.135293806666667,Cement,115
1911,-9.776144,-36,2016,NOX,EPA,0.0994949433333333,0.0994949433333333,0.0994949433333333,Cement,115
1912,-9.776144,-36,2017,NOX,EPA,0.0608124066666667,0.0608124066666667,0.0608124066666667,Cement,115
1913,-9.776144,-36,2018,NOX,EPA,0.05803105,0.05803105,0.05803105,Cement,115
1914,-9.776144,-36,2019,NOX,EPA,0.10114818,0.10114818,0.10114818,Cement,115
1915,-9.776144,-36,2020,NOX,EPA,0.10763809,0.10763809,0.10763809,Cement,115
1916,-9.776144,-36,2021,NOX,EPA,0.09707236,0.09707236,0.09707236,Cement,115
1917,-9.776144,-36,2022,NOX,EPA,0.0475363233333333,0.0475363233333333,0.0475363233333333,Cement,115
1918,-9.776144,-36,2014,CO,EPA,0.015268294,0.015268294,0.015268294,Cement,115
1919,-9.776144,-36,2015,CO,EPA,0.011596612,0.011596612,0.011596612,Cement,115
1920,-9.776144,-36,2016,CO,EPA,0.008528138,0.008528138,0.008528138,Cement,115
1921,-9.776144,-36,2017,CO,EPA,0.005212492,0.005212492,0.005212492,Cement,115
1922,-9.776144,-36,2018,CO,EPA,0.00497409,0.00497409,0.00497409,Cement,115
1923,-9.776144,-36,2019,CO,EPA,0.008669844,0.008669844,0.008669844,Cement,115
1924,-9.776144,-36,2020,CO,EPA,0.009226122,0.009226122,0.009226122,Cement,115
1925,-9.776144,-36,2021,CO,EPA,0.008320488,0.008320488,0.008320488,Cement,115
1926,-9.776144,-36,2022,CO,EPA,0.004074542,0.004074542,0.004074542,Cement,115
1927,-9.776144,-36,2014,NMVOCs,EPA,0.0250230373888889,0.0250230373888889,0.0250230373888889,Cement,115
1928,-9.776144,-36,2015,NMVOCs,EPA,0.0190055585555556,0.0190055585555556,0.0190055585555556,Cement,115
1929,-9.776144,-36,2016,NMVOCs,EPA,0.0139766706111111,0.0139766706111111,0.0139766706111111,Cement,115
1930,-9.776144,-36,2017,NMVOCs,EPA,0.00854269522222222,0.00854269522222222,0.00854269522222222,Cement,115
1931,-9.776144,-36,2018,NMVOCs,EPA,0.00815198083333333,0.00815198083333333,0.00815198083333333,Cement,115
1932,-9.776144,-36,2019,NMVOCs,EPA,0.014208911,0.014208911,0.014208911,Cement,115
1933,-9.776144,-36,2020,NMVOCs,EPA,0.0151205888333333,0.0151205888333333,0.0151205888333333,Cement,115
1934,-9.776144,-36,2021,NMVOCs,EPA,0.0136363553333333,0.0136363553333333,0.0136363553333333,Cement,115
1935,-9.776144,-36,2022,NMVOCs,EPA,0.00667772161111111,0.00667772161111111,0.00667772161111111,Cement,115
1936,-9.776144,-36,2014,SOX,EPA,0.068707323,0.068707323,0.068707323,Cement,115
1937,-9.776144,-36,2015,SOX,EPA,0.052184754,0.052184754,0.052184754,Cement,115
1938,-9.776144,-36,2016,SOX,EPA,0.038376621,0.038376621,0.038376621,Cement,115
1939,-9.776144,-36,2017,SOX,EPA,0.023456214,0.023456214,0.023456214,Cement,115
1940,-9.776144,-36,2018,SOX,EPA,0.022383405,0.022383405,0.022383405,Cement,115
1941,-9.776144,-36,2019,SOX,EPA,0.039014298,0.039014298,0.039014298,Cement,115
1942,-9.776144,-36,2020,SOX,EPA,0.041517549,0.041517549,0.041517549,Cement,115
1943,-9.776144,-36,2021,SOX,EPA,0.037442196,0.037442196,0.037442196,Cement,115
1944,-9.776144,-36,2022,SOX,EPA,0.018335439,0.018335439,0.018335439,Cement,115
1945,-25.458566,-50,2014,TSP,EPA,0.0612284958827778,0.0612284958827778,0.0612284958827778,Cement,115
1946,-25.458566,-50,2015,TSP,EPA,0.0595093023555555,0.0595093023555555,0.0595093023555555,Cement,115
1947,-25.458566,-50,2016,TSP,EPA,0.0622963239377778,0.0622963239377778,0.0622963239377778,Cement,115
1948,-25.458566,-50,2017,TSP,EPA,0.0578034651933333,0.0578034651933333,0.0578034651933333,Cement,115
1949,-25.458566,-50,2018,TSP,EPA,0.0593675090261111,0.0593675090261111,0.0593675090261111,Cement,115
1950,-25.458566,-50,2019,TSP,EPA,0.060933365955,0.060933365955,0.060933365955,Cement,115
1951,-25.458566,-50,2020,TSP,EPA,0.0680092055127778,0.0680092055127778,0.0680092055127778,Cement,115
1952,-25.458566,-50,2021,TSP,EPA,0.0777820206,0.0777820206,0.0777820206,Cement,115
1953,-25.458566,-50,2022,TSP,EPA,0.0438966955466667,0.0438966955466667,0.0438966955466667,Cement,115
1954,-25.458566,-50,2014,PM10,EPA,0.0173668534666667,0.0173668534666667,0.0173668534666667,Cement,115
1955,-25.458566,-50,2015,PM10,EPA,0.0168792213333333,0.0168792213333333,0.0168792213333333,Cement,115
1956,-25.458566,-50,2016,PM10,EPA,0.0176697322666667,0.0176697322666667,0.0176697322666667,Cement,115
1957,-25.458566,-50,2017,PM10,EPA,0.0163953776,0.0163953776,0.0163953776,Cement,115
1958,-25.458566,-50,2018,PM10,EPA,0.0168390030666667,0.0168390030666667,0.0168390030666667,Cement,115
1959,-25.458566,-50,2019,PM10,EPA,0.0172831428,0.0172831428,0.0172831428,Cement,115
1960,-25.458566,-50,2020,PM10,EPA,0.0192901342666667,0.0192901342666667,0.0192901342666667,Cement,115
1961,-25.458566,-50,2021,PM10,EPA,0.022062096,0.022062096,0.022062096,Cement,115
1962,-25.458566,-50,2022,PM10,EPA,0.0124508608,0.0124508608,0.0124508608,Cement,115
1963,-25.458566,-50,2014,NOX,EPA,0.868342673333333,0.868342673333333,0.868342673333333,Cement,115
1964,-25.458566,-50,2015,NOX,EPA,0.843961066666667,0.843961066666667,0.843961066666667,Cement,115
1965,-25.458566,-50,2016,NOX,EPA,0.883486613333333,0.883486613333333,0.883486613333333,Cement,115
1966,-25.458566,-50,2017,NOX,EPA,0.81976888,0.81976888,0.81976888,Cement,115
1967,-25.458566,-50,2018,NOX,EPA,0.841950153333333,0.841950153333333,0.841950153333333,Cement,115
1968,-25.458566,-50,2019,NOX,EPA,0.86415714,0.86415714,0.86415714,Cement,115
1969,-25.458566,-50,2020,NOX,EPA,0.964506713333333,0.964506713333333,0.964506713333333,Cement,115
1970,-25.458566,-50,2021,NOX,EPA,1.1031048,1.1031048,1.1031048,Cement,115
1971,-25.458566,-50,2022,NOX,EPA,0.62254304,0.62254304,0.62254304,Cement,115
1972,-25.458566,-50,2014,CO,EPA,0.074429372,0.074429372,0.074429372,Cement,115
1973,-25.458566,-50,2015,CO,EPA,0.07233952,0.07233952,0.07233952,Cement,115
1974,-25.458566,-50,2016,CO,EPA,0.075727424,0.075727424,0.075727424,Cement,115
1975,-25.458566,-50,2017,CO,EPA,0.070265904,0.070265904,0.070265904,Cement,115
1976,-25.458566,-50,2018,CO,EPA,0.072167156,0.072167156,0.072167156,Cement,115
1977,-25.458566,-50,2019,CO,EPA,0.074070612,0.074070612,0.074070612,Cement,115
1978,-25.458566,-50,2020,CO,EPA,0.082672004,0.082672004,0.082672004,Cement,115
1979,-25.458566,-50,2021,CO,EPA,0.09455184,0.09455184,0.09455184,Cement,115
1980,-25.458566,-50,2022,CO,EPA,0.053360832,0.053360832,0.053360832,Cement,115
1981,-25.458566,-50,2014,NMVOCs,EPA,0.121981470777778,0.121981470777778,0.121981470777778,Cement,115
1982,-25.458566,-50,2015,NMVOCs,EPA,0.118556435555556,0.118556435555556,0.118556435555556,Cement,115
1983,-25.458566,-50,2016,NMVOCs,EPA,0.124108833777778,0.124108833777778,0.124108833777778,Cement,115
1984,-25.458566,-50,2017,NMVOCs,EPA,0.115158009333333,0.115158009333333,0.115158009333333,Cement,115
1985,-25.458566,-50,2018,NMVOCs,EPA,0.118273950111111,0.118273950111111,0.118273950111111,Cement,115
1986,-25.458566,-50,2019,NMVOCs,EPA,0.121393503,0.121393503,0.121393503,Cement,115
1987,-25.458566,-50,2020,NMVOCs,EPA,0.135490228777778,0.135490228777778,0.135490228777778,Cement,115
1988,-25.458566,-50,2021,NMVOCs,EPA,0.15495996,0.15495996,0.15495996,Cement,115
1989,-25.458566,-50,2022,NMVOCs,EPA,0.0874524746666667,0.0874524746666667,0.0874524746666667,Cement,115
1990,-25.458566,-50,2014,SOX,EPA,0.334932174,0.334932174,0.334932174,Cement,115
1991,-25.458566,-50,2015,SOX,EPA,0.32552784,0.32552784,0.32552784,Cement,115
1992,-25.458566,-50,2016,SOX,EPA,0.340773408,0.340773408,0.340773408,Cement,115
1993,-25.458566,-50,2017,SOX,EPA,0.316196568,0.316196568,0.316196568,Cement,115
1994,-25.458566,-50,2018,SOX,EPA,0.324752202,0.324752202,0.324752202,Cement,115
1995,-25.458566,-50,2019,SOX,EPA,0.333317754,0.333317754,0.333317754,Cement,115
1996,-25.458566,-50,2020,SOX,EPA,0.372024018,0.372024018,0.372024018,Cement,115
1997,-25.458566,-50,2021,SOX,EPA,0.42548328,0.42548328,0.42548328,Cement,115
1998,-25.458566,-50,2022,SOX,EPA,0.240123744,0.240123744,0.240123744,Cement,115
1999,-1.215072,-47,2014,TSP,EPA,0.0157642816766667,0.0157642816766667,0.0157642816766667,Cement,115
2000,-1.215072,-47,2015,TSP,EPA,0.0125591390716667,0.0125591390716667,0.0125591390716667,Cement,115
2001,-1.215072,-47,2016,TSP,EPA,0.0146732354616667,0.0146732354616667,0.0146732354616667,Cement,115
2002,-1.215072,-47,2017,TSP,EPA,0.0131595634533333,0.0131595634533333,0.0131595634533333,Cement,115
2003,-1.215072,-47,2018,TSP,EPA,0.00938555054404762,0.00938555054404762,0.00938555054404762,Cement,115
2004,-1.215072,-47,2019,TSP,EPA,0.00830634327785714,0.00830634327785714,0.00830634327785714,Cement,115
2005,-1.215072,-47,2020,TSP,EPA,0.00803062057666667,0.00803062057666667,0.00803062057666667,Cement,115
2006,-1.215072,-47,2021,TSP,EPA,0.00874275273833333,0.00874275273833333,0.00874275273833333,Cement,115
2007,-1.215072,-47,2022,TSP,EPA,0.00512856352261905,0.00512856352261905,0.00512856352261905,Cement,115
2008,-1.215072,-47,2014,PM10,EPA,0.0044713816,0.0044713816,0.0044713816,Cement,115
2009,-1.215072,-47,2015,PM10,EPA,0.0035622748,0.0035622748,0.0035622748,Cement,115
2010,-1.215072,-47,2016,PM10,EPA,0.0041619172,0.0041619172,0.0041619172,Cement,115
2011,-1.215072,-47,2017,PM10,EPA,0.0037325792,0.0037325792,0.0037325792,Cement,115
2012,-1.215072,-47,2018,PM10,EPA,0.002662118,0.002662118,0.002662118,Cement,115
2013,-1.215072,-47,2019,PM10,EPA,0.0023560116,0.0023560116,0.0023560116,Cement,115
2014,-1.215072,-47,2020,PM10,EPA,0.0022778056,0.0022778056,0.0022778056,Cement,115
2015,-1.215072,-47,2021,PM10,EPA,0.0024797948,0.0024797948,0.0024797948,Cement,115
2016,-1.215072,-47,2022,PM10,EPA,0.001454666,0.001454666,0.001454666,Cement,115
2017,-1.215072,-47,2014,NOX,EPA,0.22356908,0.22356908,0.22356908,Cement,115
2018,-1.215072,-47,2015,NOX,EPA,0.17811374,0.17811374,0.17811374,Cement,115
2019,-1.215072,-47,2016,NOX,EPA,0.20809586,0.20809586,0.20809586,Cement,115
2020,-1.215072,-47,2017,NOX,EPA,0.18662896,0.18662896,0.18662896,Cement,115
2021,-1.215072,-47,2018,NOX,EPA,0.1331059,0.1331059,0.1331059,Cement,115
2022,-1.215072,-47,2019,NOX,EPA,0.11780058,0.11780058,0.11780058,Cement,115
2023,-1.215072,-47,2020,NOX,EPA,0.11389028,0.11389028,0.11389028,Cement,115
2024,-1.215072,-47,2021,NOX,EPA,0.12398974,0.12398974,0.12398974,Cement,115
2025,-1.215072,-47,2022,NOX,EPA,0.0727333,0.0727333,0.0727333,Cement,115
2026,-1.215072,-47,2014,CO,EPA,0.019163064,0.019163064,0.019163064,Cement,115
2027,-1.215072,-47,2015,CO,EPA,0.015266892,0.015266892,0.015266892,Cement,115
2028,-1.215072,-47,2016,CO,EPA,0.017836788,0.017836788,0.017836788,Cement,115
2029,-1.215072,-47,2017,CO,EPA,0.015996768,0.015996768,0.015996768,Cement,115
2030,-1.215072,-47,2018,CO,EPA,0.0114090771428571,0.0114090771428571,0.0114090771428571,Cement,115
2031,-1.215072,-47,2019,CO,EPA,0.0100971925714286,0.0100971925714286,0.0100971925714286,Cement,115
2032,-1.215072,-47,2020,CO,EPA,0.009762024,0.009762024,0.009762024,Cement,115
2033,-1.215072,-47,2021,CO,EPA,0.010627692,0.010627692,0.010627692,Cement,115
2034,-1.215072,-47,2022,CO,EPA,0.00623428285714286,0.00623428285714286,0.00623428285714286,Cement,115
2035,-1.215072,-47,2014,NMVOCs,EPA,0.0314061326666667,0.0314061326666667,0.0314061326666667,Cement,115
2036,-1.215072,-47,2015,NMVOCs,EPA,0.0250207396666667,0.0250207396666667,0.0250207396666667,Cement,115
2037,-1.215072,-47,2016,NMVOCs,EPA,0.0292325136666667,0.0292325136666667,0.0292325136666667,Cement,115
2038,-1.215072,-47,2017,NMVOCs,EPA,0.0262169253333333,0.0262169253333333,0.0262169253333333,Cement,115
2039,-1.215072,-47,2018,NMVOCs,EPA,0.0186982097619048,0.0186982097619048,0.0186982097619048,Cement,115
2040,-1.215072,-47,2019,NMVOCs,EPA,0.0165481767142857,0.0165481767142857,0.0165481767142857,Cement,115
2041,-1.215072,-47,2020,NMVOCs,EPA,0.0159988726666667,0.0159988726666667,0.0159988726666667,Cement,115
2042,-1.215072,-47,2021,NMVOCs,EPA,0.0174176063333333,0.0174176063333333,0.0174176063333333,Cement,115
2043,-1.215072,-47,2022,NMVOCs,EPA,0.0102172969047619,0.0102172969047619,0.0102172969047619,Cement,115
2044,-1.215072,-47,2014,SOX,EPA,0.086233788,0.086233788,0.086233788,Cement,115
2045,-1.215072,-47,2015,SOX,EPA,0.068701014,0.068701014,0.068701014,Cement,115
2046,-1.215072,-47,2016,SOX,EPA,0.080265546,0.080265546,0.080265546,Cement,115
2047,-1.215072,-47,2017,SOX,EPA,0.071985456,0.071985456,0.071985456,Cement,115
2048,-1.215072,-47,2018,SOX,EPA,0.0513408471428571,0.0513408471428571,0.0513408471428571,Cement,115
2049,-1.215072,-47,2019,SOX,EPA,0.0454373665714286,0.0454373665714286,0.0454373665714286,Cement,115
2050,-1.215072,-47,2020,SOX,EPA,0.043929108,0.043929108,0.043929108,Cement,115
2051,-1.215072,-47,2021,SOX,EPA,0.047824614,0.047824614,0.047824614,Cement,115
2052,-1.215072,-47,2022,SOX,EPA,0.0280542728571429,0.0280542728571429,0.0280542728571429,Cement,115
2053,-4.524981,-44,2014,TSP,EPA,0.00488171619855556,0.00488171619855556,0.00488171619855556,Cement,115
2054,-4.524981,-44,2015,TSP,EPA,0.00506000837022222,0.00506000837022222,0.00506000837022222,Cement,115
2055,-4.524981,-44,2016,TSP,EPA,0.00476920223244444,0.00476920223244444,0.00476920223244444,Cement,115
2056,-4.524981,-44,2017,TSP,EPA,0.00370772626588889,0.00370772626588889,0.00370772626588889,Cement,115
2057,-4.524981,-44,2018,TSP,EPA,0.00321263717433333,0.00321263717433333,0.00321263717433333,Cement,115
2058,-4.524981,-44,2019,TSP,EPA,0.002950370683,0.002950370683,0.002950370683,Cement,115
2059,-4.524981,-44,2020,TSP,EPA,0.00292024235633333,0.00292024235633333,0.00292024235633333,Cement,115
2060,-4.524981,-44,2021,TSP,EPA,0.00292882478333333,0.00292882478333333,0.00292882478333333,Cement,115
2061,-4.524981,-44,2022,TSP,EPA,0.00151463811544444,0.00151463811544444,0.00151463811544444,Cement,115
2062,-4.524981,-44,2014,PM10,EPA,0.00138465021333333,0.00138465021333333,0.00138465021333333,Cement,115
2063,-4.524981,-44,2015,PM10,EPA,0.00143522101333333,0.00143522101333333,0.00143522101333333,Cement,115
2064,-4.524981,-44,2016,PM10,EPA,0.00135273674666667,0.00135273674666667,0.00135273674666667,Cement,115
2065,-4.524981,-44,2017,PM10,EPA,0.00105165965333333,0.00105165965333333,0.00105165965333333,Cement,115
2066,-4.524981,-44,2018,PM10,EPA,0.00091123256,0.00091123256,0.00091123256,Cement,115
2067,-4.524981,-44,2019,PM10,EPA,0.00083684328,0.00083684328,0.00083684328,Cement,115
2068,-4.524981,-44,2020,PM10,EPA,0.00082829768,0.00082829768,0.00082829768,Cement,115
2069,-4.524981,-44,2021,PM10,EPA,0.000830732,0.000830732,0.000830732,Cement,115
2070,-4.524981,-44,2022,PM10,EPA,0.000429612026666667,0.000429612026666667,0.000429612026666667,Cement,115
2071,-4.524981,-44,2014,NOX,EPA,0.0692325106666667,0.0692325106666667,0.0692325106666667,Cement,115
2072,-4.524981,-44,2015,NOX,EPA,0.0717610506666667,0.0717610506666667,0.0717610506666667,Cement,115
2073,-4.524981,-44,2016,NOX,EPA,0.0676368373333333,0.0676368373333333,0.0676368373333333,Cement,115
2074,-4.524981,-44,2017,NOX,EPA,0.0525829826666667,0.0525829826666667,0.0525829826666667,Cement,115
2075,-4.524981,-44,2018,NOX,EPA,0.045561628,0.045561628,0.045561628,Cement,115
2076,-4.524981,-44,2019,NOX,EPA,0.041842164,0.041842164,0.041842164,Cement,115
2077,-4.524981,-44,2020,NOX,EPA,0.041414884,0.041414884,0.041414884,Cement,115
2078,-4.524981,-44,2021,NOX,EPA,0.0415366,0.0415366,0.0415366,Cement,115
2079,-4.524981,-44,2022,NOX,EPA,0.0214806013333333,0.0214806013333333,0.0214806013333333,Cement,115
2080,-4.524981,-44,2014,CO,EPA,0.0059342152,0.0059342152,0.0059342152,Cement,115
2081,-4.524981,-44,2015,CO,EPA,0.0061509472,0.0061509472,0.0061509472,Cement,115
2082,-4.524981,-44,2016,CO,EPA,0.0057974432,0.0057974432,0.0057974432,Cement,115
2083,-4.524981,-44,2017,CO,EPA,0.0045071128,0.0045071128,0.0045071128,Cement,115
2084,-4.524981,-44,2018,CO,EPA,0.0039052824,0.0039052824,0.0039052824,Cement,115
2085,-4.524981,-44,2019,CO,EPA,0.0035864712,0.0035864712,0.0035864712,Cement,115
2086,-4.524981,-44,2020,CO,EPA,0.0035498472,0.0035498472,0.0035498472,Cement,115
2087,-4.524981,-44,2021,CO,EPA,0.00356028,0.00356028,0.00356028,Cement,115
2088,-4.524981,-44,2022,CO,EPA,0.0018411944,0.0018411944,0.0018411944,Cement,115
2089,-4.524981,-44,2014,NMVOCs,EPA,0.00972551935555556,0.00972551935555556,0.00972551935555556,Cement,115
2090,-4.524981,-44,2015,NMVOCs,EPA,0.0100807190222222,0.0100807190222222,0.0100807190222222,Cement,115
2091,-4.524981,-44,2016,NMVOCs,EPA,0.00950136524444445,0.00950136524444445,0.00950136524444445,Cement,115
2092,-4.524981,-44,2017,NMVOCs,EPA,0.00738665708888889,0.00738665708888889,0.00738665708888889,Cement,115
2093,-4.524981,-44,2018,NMVOCs,EPA,0.00640032393333333,0.00640032393333333,0.00640032393333333,Cement,115
2094,-4.524981,-44,2019,NMVOCs,EPA,0.0058778278,0.0058778278,0.0058778278,Cement,115
2095,-4.524981,-44,2020,NMVOCs,EPA,0.00581780513333333,0.00581780513333333,0.00581780513333333,Cement,115
2096,-4.524981,-44,2021,NMVOCs,EPA,0.00583490333333333,0.00583490333333333,0.00583490333333333,Cement,115
2097,-4.524981,-44,2022,NMVOCs,EPA,0.00301751304444444,0.00301751304444444,0.00301751304444444,Cement,115
2098,-4.524981,-44,2014,SOX,EPA,0.0267039684,0.0267039684,0.0267039684,Cement,115
2099,-4.524981,-44,2015,SOX,EPA,0.0276792624,0.0276792624,0.0276792624,Cement,115
2100,-4.524981,-44,2016,SOX,EPA,0.0260884944,0.0260884944,0.0260884944,Cement,115
2101,-4.524981,-44,2017,SOX,EPA,0.0202820076,0.0202820076,0.0202820076,Cement,115
2102,-4.524981,-44,2018,SOX,EPA,0.0175737708,0.0175737708,0.0175737708,Cement,115
2103,-4.524981,-44,2019,SOX,EPA,0.0161391204,0.0161391204,0.0161391204,Cement,115
2104,-4.524981,-44,2020,SOX,EPA,0.0159743124,0.0159743124,0.0159743124,Cement,115
2105,-4.524981,-44,2021,SOX,EPA,0.01602126,0.01602126,0.01602126,Cement,115
2106,-4.524981,-44,2022,SOX,EPA,0.0082853748,0.0082853748,0.0082853748,Cement,115
2107,-7.105743,-41,2014,TSP,EPA,0.0218581075777778,0.0218581075777778,0.0218581075777778,Cement,115
2108,-7.105743,-41,2015,TSP,EPA,0.0228839909211111,0.0228839909211111,0.0228839909211111,Cement,115
2109,-7.105743,-41,2016,TSP,EPA,0.0214096739572222,0.0214096739572222,0.0214096739572222,Cement,115
2110,-7.105743,-41,2017,TSP,EPA,0.0129553449944444,0.0129553449944444,0.0129553449944444,Cement,115
2111,-7.105743,-41,2018,TSP,EPA,0.00677689916666667,0.00677689916666667,0.00677689916666667,Cement,115
2112,-7.105743,-41,2019,TSP,EPA,0.005917077,0.005917077,0.005917077,Cement,115
2113,-7.105743,-41,2020,TSP,EPA,0.00453504366666667,0.00453504366666667,0.00453504366666667,Cement,115
2114,-7.105743,-41,2021,TSP,EPA,0.00411154916666667,0.00411154916666667,0.00411154916666667,Cement,115
2115,-7.105743,-41,2022,TSP,EPA,0.00176044722222222,0.00176044722222222,0.00176044722222222,Cement,115
2116,-7.105743,-41,2014,PM10,EPA,0.00619983466666667,0.00619983466666667,0.00619983466666667,Cement,115
2117,-7.105743,-41,2015,PM10,EPA,0.00649081626666667,0.00649081626666667,0.00649081626666667,Cement,115
2118,-7.105743,-41,2016,PM10,EPA,0.00607264093333333,0.00607264093333333,0.00607264093333333,Cement,115
2119,-7.105743,-41,2017,PM10,EPA,0.00367465466666667,0.00367465466666667,0.00367465466666667,Cement,115
2120,-7.105743,-41,2018,PM10,EPA,0.0019222,0.0019222,0.0019222,Cement,115
2121,-7.105743,-41,2019,PM10,EPA,0.00167832,0.00167832,0.00167832,Cement,115
2122,-7.105743,-41,2020,PM10,EPA,0.00128632,0.00128632,0.00128632,Cement,115
2123,-7.105743,-41,2021,PM10,EPA,0.0011662,0.0011662,0.0011662,Cement,115
2124,-7.105743,-41,2022,PM10,EPA,0.000499333333333333,0.000499333333333333,0.000499333333333333,Cement,115
2125,-7.105743,-41,2014,NOX,EPA,0.309991733333333,0.309991733333333,0.309991733333333,Cement,115
2126,-7.105743,-41,2015,NOX,EPA,0.324540813333333,0.324540813333333,0.324540813333333,Cement,115
2127,-7.105743,-41,2016,NOX,EPA,0.303632046666667,0.303632046666667,0.303632046666667,Cement,115
2128,-7.105743,-41,2017,NOX,EPA,0.183732733333333,0.183732733333333,0.183732733333333,Cement,115
2129,-7.105743,-41,2018,NOX,EPA,0.09611,0.09611,0.09611,Cement,115
2130,-7.105743,-41,2019,NOX,EPA,0.083916,0.083916,0.083916,Cement,115
2131,-7.105743,-41,2020,NOX,EPA,0.064316,0.064316,0.064316,Cement,115
2132,-7.105743,-41,2021,NOX,EPA,0.05831,0.05831,0.05831,Cement,115
2133,-7.105743,-41,2022,NOX,EPA,0.0249666666666667,0.0249666666666667,0.0249666666666667,Cement,115
2134,-7.105743,-41,2014,CO,EPA,0.02657072,0.02657072,0.02657072,Cement,115
2135,-7.105743,-41,2015,CO,EPA,0.027817784,0.027817784,0.027817784,Cement,115
2136,-7.105743,-41,2016,CO,EPA,0.026025604,0.026025604,0.026025604,Cement,115
2137,-7.105743,-41,2017,CO,EPA,0.01574852,0.01574852,0.01574852,Cement,115
2138,-7.105743,-41,2018,CO,EPA,0.008238,0.008238,0.008238,Cement,115
2139,-7.105743,-41,2019,CO,EPA,0.0071928,0.0071928,0.0071928,Cement,115
2140,-7.105743,-41,2020,CO,EPA,0.0055128,0.0055128,0.0055128,Cement,115
2141,-7.105743,-41,2021,CO,EPA,0.004998,0.004998,0.004998,Cement,115
2142,-7.105743,-41,2022,CO,EPA,0.00214,0.00214,0.00214,Cement,115
2143,-7.105743,-41,2014,NMVOCs,EPA,0.0435464577777778,0.0435464577777778,0.0435464577777778,Cement,115
2144,-7.105743,-41,2015,NMVOCs,EPA,0.0455902571111111,0.0455902571111111,0.0455902571111111,Cement,115
2145,-7.105743,-41,2016,NMVOCs,EPA,0.0426530732222222,0.0426530732222222,0.0426530732222222,Cement,115
2146,-7.105743,-41,2017,NMVOCs,EPA,0.0258100744444444,0.0258100744444444,0.0258100744444444,Cement,115
2147,-7.105743,-41,2018,NMVOCs,EPA,0.0135011666666667,0.0135011666666667,0.0135011666666667,Cement,115
2148,-7.105743,-41,2019,NMVOCs,EPA,0.0117882,0.0117882,0.0117882,Cement,115
2149,-7.105743,-41,2020,NMVOCs,EPA,0.00903486666666667,0.00903486666666667,0.00903486666666667,Cement,115
2150,-7.105743,-41,2021,NMVOCs,EPA,0.00819116666666667,0.00819116666666667,0.00819116666666667,Cement,115
2151,-7.105743,-41,2022,NMVOCs,EPA,0.00350722222222222,0.00350722222222222,0.00350722222222222,Cement,115
2152,-7.105743,-41,2014,SOX,EPA,0.11956824,0.11956824,0.11956824,Cement,115
2153,-7.105743,-41,2015,SOX,EPA,0.125180028,0.125180028,0.125180028,Cement,115
2154,-7.105743,-41,2016,SOX,EPA,0.117115218,0.117115218,0.117115218,Cement,115
2155,-7.105743,-41,2017,SOX,EPA,0.07086834,0.07086834,0.07086834,Cement,115
2156,-7.105743,-41,2018,SOX,EPA,0.037071,0.037071,0.037071,Cement,115
2157,-7.105743,-41,2019,SOX,EPA,0.0323676,0.0323676,0.0323676,Cement,115
2158,-7.105743,-41,2020,SOX,EPA,0.0248076,0.0248076,0.0248076,Cement,115
2159,-7.105743,-41,2021,SOX,EPA,0.022491,0.022491,0.022491,Cement,115
2160,-7.105743,-41,2022,SOX,EPA,0.00963,0.00963,0.00963,Cement,115
2161,-7.515939,-35,2014,TSP,EPA,0.00739918073455556,0.00739918073455556,0.00739918073455556,Cement,115
2162,-7.515939,-35,2015,TSP,EPA,0.00584023331422222,0.00584023331422222,0.00584023331422222,Cement,115
2163,-7.515939,-35,2016,TSP,EPA,0.00404446395244445,0.00404446395244445,0.00404446395244445,Cement,115
2164,-7.515939,-35,2017,TSP,EPA,0.00320447264788889,0.00320447264788889,0.00320447264788889,Cement,115
2165,-7.515939,-35,2018,TSP,EPA,0.00262225030333333,0.00262225030333333,0.00262225030333333,Cement,115
2166,-7.515939,-35,2019,TSP,EPA,0.003062889914,0.003062889914,0.003062889914,Cement,115
2167,-7.515939,-35,2020,TSP,EPA,0.00337823240833333,0.00337823240833333,0.00337823240833333,Cement,115
2168,-7.515939,-35,2021,TSP,EPA,0.00280297880233333,0.00280297880233333,0.00280297880233333,Cement,115
2169,-7.515939,-35,2022,TSP,EPA,0.00126174970744444,0.00126174970744444,0.00126174970744444,Cement,115
2170,-7.515939,-35,2014,PM10,EPA,0.00209870397333333,0.00209870397333333,0.00209870397333333,Cement,115
2171,-7.515939,-35,2015,PM10,EPA,0.00165652405333333,0.00165652405333333,0.00165652405333333,Cement,115
2172,-7.515939,-35,2016,PM10,EPA,0.00114717194666667,0.00114717194666667,0.00114717194666667,Cement,115
2173,-7.515939,-35,2017,PM10,EPA,0.000908916773333333,0.000908916773333333,0.000908916773333333,Cement,115
2174,-7.515939,-35,2018,PM10,EPA,0.0007437752,0.0007437752,0.0007437752,Cement,115
2175,-7.515939,-35,2019,PM10,EPA,0.00086875824,0.00086875824,0.00086875824,Cement,115
2176,-7.515939,-35,2020,PM10,EPA,0.000958202,0.000958202,0.000958202,Cement,115
2177,-7.515939,-35,2021,PM10,EPA,0.00079503704,0.00079503704,0.00079503704,Cement,115
2178,-7.515939,-35,2022,PM10,EPA,0.000357882746666667,0.000357882746666667,0.000357882746666667,Cement,115
2179,-7.515939,-35,2014,NOX,EPA,0.104935198666667,0.104935198666667,0.104935198666667,Cement,115
2180,-7.515939,-35,2015,NOX,EPA,0.0828262026666667,0.0828262026666667,0.0828262026666667,Cement,115
2181,-7.515939,-35,2016,NOX,EPA,0.0573585973333333,0.0573585973333333,0.0573585973333333,Cement,115
2182,-7.515939,-35,2017,NOX,EPA,0.0454458386666667,0.0454458386666667,0.0454458386666667,Cement,115
2183,-7.515939,-35,2018,NOX,EPA,0.03718876,0.03718876,0.03718876,Cement,115
2184,-7.515939,-35,2019,NOX,EPA,0.043437912,0.043437912,0.043437912,Cement,115
2185,-7.515939,-35,2020,NOX,EPA,0.0479101,0.0479101,0.0479101,Cement,115
2186,-7.515939,-35,2021,NOX,EPA,0.039751852,0.039751852,0.039751852,Cement,115
2187,-7.515939,-35,2022,NOX,EPA,0.0178941373333333,0.0178941373333333,0.0178941373333333,Cement,115
2188,-7.515939,-35,2014,CO,EPA,0.0089944456,0.0089944456,0.0089944456,Cement,115
2189,-7.515939,-35,2015,CO,EPA,0.0070993888,0.0070993888,0.0070993888,Cement,115
2190,-7.515939,-35,2016,CO,EPA,0.0049164512,0.0049164512,0.0049164512,Cement,115
2191,-7.515939,-35,2017,CO,EPA,0.0038953576,0.0038953576,0.0038953576,Cement,115
2192,-7.515939,-35,2018,CO,EPA,0.003187608,0.003187608,0.003187608,Cement,115
2193,-7.515939,-35,2019,CO,EPA,0.0037232496,0.0037232496,0.0037232496,Cement,115
2194,-7.515939,-35,2020,CO,EPA,0.00410658,0.00410658,0.00410658,Cement,115
2195,-7.515939,-35,2021,CO,EPA,0.0034073016,0.0034073016,0.0034073016,Cement,115
2196,-7.515939,-35,2022,CO,EPA,0.0015337832,0.0015337832,0.0015337832,Cement,115
2197,-7.515939,-35,2014,NMVOCs,EPA,0.0147408969555556,0.0147408969555556,0.0147408969555556,Cement,115
2198,-7.515939,-35,2015,NMVOCs,EPA,0.0116351094222222,0.0116351094222222,0.0116351094222222,Cement,115
2199,-7.515939,-35,2016,NMVOCs,EPA,0.00805751724444445,0.00805751724444445,0.00805751724444445,Cement,115
2200,-7.515939,-35,2017,NMVOCs,EPA,0.00638405828888889,0.00638405828888889,0.00638405828888889,Cement,115
2201,-7.515939,-35,2018,NMVOCs,EPA,0.00522413533333333,0.00522413533333333,0.00522413533333333,Cement,115
2202,-7.515939,-35,2019,NMVOCs,EPA,0.0061019924,0.0061019924,0.0061019924,Cement,115
2203,-7.515939,-35,2020,NMVOCs,EPA,0.00673022833333333,0.00673022833333333,0.00673022833333333,Cement,115
2204,-7.515939,-35,2021,NMVOCs,EPA,0.00558418873333333,0.00558418873333333,0.00558418873333333,Cement,115
2205,-7.515939,-35,2022,NMVOCs,EPA,0.00251370024444444,0.00251370024444444,0.00251370024444444,Cement,115
2206,-7.515939,-35,2014,SOX,EPA,0.0404750052,0.0404750052,0.0404750052,Cement,115
2207,-7.515939,-35,2015,SOX,EPA,0.0319472496,0.0319472496,0.0319472496,Cement,115
2208,-7.515939,-35,2016,SOX,EPA,0.0221240304,0.0221240304,0.0221240304,Cement,115
2209,-7.515939,-35,2017,SOX,EPA,0.0175291092,0.0175291092,0.0175291092,Cement,115
2210,-7.515939,-35,2018,SOX,EPA,0.014344236,0.014344236,0.014344236,Cement,115
2211,-7.515939,-35,2019,SOX,EPA,0.0167546232,0.0167546232,0.0167546232,Cement,115
2212,-7.515939,-35,2020,SOX,EPA,0.01847961,0.01847961,0.01847961,Cement,115
2213,-7.515939,-35,2021,SOX,EPA,0.0153328572,0.0153328572,0.0153328572,Cement,115
2214,-7.515939,-35,2022,SOX,EPA,0.0069020244,0.0069020244,0.0069020244,Cement,115
2215,-4.32251,-56,2014,TSP,EPA,0.0157642816766667,0.0157642816766667,0.0157642816766667,Cement,115
2216,-4.32251,-56,2015,TSP,EPA,0.0125591390716667,0.0125591390716667,0.0125591390716667,Cement,115
2217,-4.32251,-56,2016,TSP,EPA,0.0146732354616667,0.0146732354616667,0.0146732354616667,Cement,115
2218,-4.32251,-56,2017,TSP,EPA,0.0131595634533333,0.0131595634533333,0.0131595634533333,Cement,115
2219,-4.32251,-56,2018,TSP,EPA,0.00938555054404762,0.00938555054404762,0.00938555054404762,Cement,115
2220,-4.32251,-56,2019,TSP,EPA,0.00830634327785714,0.00830634327785714,0.00830634327785714,Cement,115
2221,-4.32251,-56,2020,TSP,EPA,0.00803062057666667,0.00803062057666667,0.00803062057666667,Cement,115
2222,-4.32251,-56,2021,TSP,EPA,0.00874275273833333,0.00874275273833333,0.00874275273833333,Cement,115
2223,-4.32251,-56,2022,TSP,EPA,0.00512856352261905,0.00512856352261905,0.00512856352261905,Cement,115
2224,-4.32251,-56,2014,PM10,EPA,0.0044713816,0.0044713816,0.0044713816,Cement,115
2225,-4.32251,-56,2015,PM10,EPA,0.0035622748,0.0035622748,0.0035622748,Cement,115
2226,-4.32251,-56,2016,PM10,EPA,0.0041619172,0.0041619172,0.0041619172,Cement,115
2227,-4.32251,-56,2017,PM10,EPA,0.0037325792,0.0037325792,0.0037325792,Cement,115
2228,-4.32251,-56,2018,PM10,EPA,0.002662118,0.002662118,0.002662118,Cement,115
2229,-4.32251,-56,2019,PM10,EPA,0.0023560116,0.0023560116,0.0023560116,Cement,115
2230,-4.32251,-56,2020,PM10,EPA,0.0022778056,0.0022778056,0.0022778056,Cement,115
2231,-4.32251,-56,2021,PM10,EPA,0.0024797948,0.0024797948,0.0024797948,Cement,115
2232,-4.32251,-56,2022,PM10,EPA,0.001454666,0.001454666,0.001454666,Cement,115
2233,-4.32251,-56,2014,NOX,EPA,0.22356908,0.22356908,0.22356908,Cement,115
2234,-4.32251,-56,2015,NOX,EPA,0.17811374,0.17811374,0.17811374,Cement,115
2235,-4.32251,-56,2016,NOX,EPA,0.20809586,0.20809586,0.20809586,Cement,115
2236,-4.32251,-56,2017,NOX,EPA,0.18662896,0.18662896,0.18662896,Cement,115
2237,-4.32251,-56,2018,NOX,EPA,0.1331059,0.1331059,0.1331059,Cement,115
2238,-4.32251,-56,2019,NOX,EPA,0.11780058,0.11780058,0.11780058,Cement,115
2239,-4.32251,-56,2020,NOX,EPA,0.11389028,0.11389028,0.11389028,Cement,115
2240,-4.32251,-56,2021,NOX,EPA,0.12398974,0.12398974,0.12398974,Cement,115
2241,-4.32251,-56,2022,NOX,EPA,0.0727333,0.0727333,0.0727333,Cement,115
2242,-4.32251,-56,2014,CO,EPA,0.019163064,0.019163064,0.019163064,Cement,115
2243,-4.32251,-56,2015,CO,EPA,0.015266892,0.015266892,0.015266892,Cement,115
2244,-4.32251,-56,2016,CO,EPA,0.017836788,0.017836788,0.017836788,Cement,115
2245,-4.32251,-56,2017,CO,EPA,0.015996768,0.015996768,0.015996768,Cement,115
2246,-4.32251,-56,2018,CO,EPA,0.0114090771428571,0.0114090771428571,0.0114090771428571,Cement,115
2247,-4.32251,-56,2019,CO,EPA,0.0100971925714286,0.0100971925714286,0.0100971925714286,Cement,115
2248,-4.32251,-56,2020,CO,EPA,0.009762024,0.009762024,0.009762024,Cement,115
2249,-4.32251,-56,2021,CO,EPA,0.010627692,0.010627692,0.010627692,Cement,115
2250,-4.32251,-56,2022,CO,EPA,0.00623428285714286,0.00623428285714286,0.00623428285714286,Cement,115
2251,-4.32251,-56,2014,NMVOCs,EPA,0.0314061326666667,0.0314061326666667,0.0314061326666667,Cement,115
2252,-4.32251,-56,2015,NMVOCs,EPA,0.0250207396666667,0.0250207396666667,0.0250207396666667,Cement,115
2253,-4.32251,-56,2016,NMVOCs,EPA,0.0292325136666667,0.0292325136666667,0.0292325136666667,Cement,115
2254,-4.32251,-56,2017,NMVOCs,EPA,0.0262169253333333,0.0262169253333333,0.0262169253333333,Cement,115
2255,-4.32251,-56,2018,NMVOCs,EPA,0.0186982097619048,0.0186982097619048,0.0186982097619048,Cement,115
2256,-4.32251,-56,2019,NMVOCs,EPA,0.0165481767142857,0.0165481767142857,0.0165481767142857,Cement,115
2257,-4.32251,-56,2020,NMVOCs,EPA,0.0159988726666667,0.0159988726666667,0.0159988726666667,Cement,115
2258,-4.32251,-56,2021,NMVOCs,EPA,0.0174176063333333,0.0174176063333333,0.0174176063333333,Cement,115
2259,-4.32251,-56,2022,NMVOCs,EPA,0.0102172969047619,0.0102172969047619,0.0102172969047619,Cement,115
2260,-4.32251,-56,2014,SOX,EPA,0.086233788,0.086233788,0.086233788,Cement,115
2261,-4.32251,-56,2015,SOX,EPA,0.068701014,0.068701014,0.068701014,Cement,115
2262,-4.32251,-56,2016,SOX,EPA,0.080265546,0.080265546,0.080265546,Cement,115
2263,-4.32251,-56,2017,SOX,EPA,0.071985456,0.071985456,0.071985456,Cement,115
2264,-4.32251,-56,2018,SOX,EPA,0.0513408471428571,0.0513408471428571,0.0513408471428571,Cement,115
2265,-4.32251,-56,2019,SOX,EPA,0.0454373665714286,0.0454373665714286,0.0454373665714286,Cement,115
2266,-4.32251,-56,2020,SOX,EPA,0.043929108,0.043929108,0.043929108,Cement,115
2267,-4.32251,-56,2021,SOX,EPA,0.047824614,0.047824614,0.047824614,Cement,115
2268,-4.32251,-56,2022,SOX,EPA,0.0280542728571429,0.0280542728571429,0.0280542728571429,Cement,115
2269,-13.811128,-41,2014,TSP,EPA,0.0113846024131944,0.0113846024131944,0.0113846024131944,Cement,115
2270,-13.811128,-41,2015,TSP,EPA,0.0113291754727778,0.0113291754727778,0.0113291754727778,Cement,115
2271,-13.811128,-41,2016,TSP,EPA,0.00965101352805556,0.00965101352805556,0.00965101352805556,Cement,115
2272,-13.811128,-41,2017,TSP,EPA,0.00921293693111111,0.00921293693111111,0.00921293693111111,Cement,115
2273,-13.811128,-41,2018,TSP,EPA,0.00936214799541667,0.00936214799541667,0.00936214799541667,Cement,115
2274,-13.811128,-41,2019,TSP,EPA,0.0101882559525,0.0101882559525,0.0101882559525,Cement,115
2275,-13.811128,-41,2020,TSP,EPA,0.0100435447229167,0.0100435447229167,0.0100435447229167,Cement,115
2276,-13.811128,-41,2021,TSP,EPA,0.0102201611791667,0.0102201611791667,0.0102201611791667,Cement,115
2277,-13.811128,-41,2022,TSP,EPA,0.00588554031555556,0.00588554031555556,0.00588554031555556,Cement,115
2278,-13.811128,-41,2014,PM10,EPA,0.00322912916666667,0.00322912916666667,0.00322912916666667,Cement,115
2279,-13.811128,-41,2015,PM10,EPA,0.00321340786666667,0.00321340786666667,0.00321340786666667,Cement,115
2280,-13.811128,-41,2016,PM10,EPA,0.00273741393333333,0.00273741393333333,0.00273741393333333,Cement,115
2281,-13.811128,-41,2017,PM10,EPA,0.00261315786666667,0.00261315786666667,0.00261315786666667,Cement,115
2282,-13.811128,-41,2018,PM10,EPA,0.0026554801,0.0026554801,0.0026554801,Cement,115
2283,-13.811128,-41,2019,PM10,EPA,0.0028897974,0.0028897974,0.0028897974,Cement,115
2284,-13.811128,-41,2020,PM10,EPA,0.0028487515,0.0028487515,0.0028487515,Cement,115
2285,-13.811128,-41,2021,PM10,EPA,0.002898847,0.002898847,0.002898847,Cement,115
2286,-13.811128,-41,2022,PM10,EPA,0.00166937493333333,0.00166937493333333,0.00166937493333333,Cement,115
2287,-13.811128,-41,2014,NOX,EPA,0.161456458333333,0.161456458333333,0.161456458333333,Cement,115
2288,-13.811128,-41,2015,NOX,EPA,0.160670393333333,0.160670393333333,0.160670393333333,Cement,115
2289,-13.811128,-41,2016,NOX,EPA,0.136870696666667,0.136870696666667,0.136870696666667,Cement,115
2290,-13.811128,-41,2017,NOX,EPA,0.130657893333333,0.130657893333333,0.130657893333333,Cement,115
2291,-13.811128,-41,2018,NOX,EPA,0.132774005,0.132774005,0.132774005,Cement,115
2292,-13.811128,-41,2019,NOX,EPA,0.14448987,0.14448987,0.14448987,Cement,115
2293,-13.811128,-41,2020,NOX,EPA,0.142437575,0.142437575,0.142437575,Cement,115
2294,-13.811128,-41,2021,NOX,EPA,0.14494235,0.14494235,0.14494235,Cement,115
2295,-13.811128,-41,2022,NOX,EPA,0.0834687466666667,0.0834687466666667,0.0834687466666667,Cement,115
2296,-13.811128,-41,2014,CO,EPA,0.013839125,0.013839125,0.013839125,Cement,115
2297,-13.811128,-41,2015,CO,EPA,0.013771748,0.013771748,0.013771748,Cement,115
2298,-13.811128,-41,2016,CO,EPA,0.011731774,0.011731774,0.011731774,Cement,115
2299,-13.811128,-41,2017,CO,EPA,0.011199248,0.011199248,0.011199248,Cement,115
2300,-13.811128,-41,2018,CO,EPA,0.011380629,0.011380629,0.011380629,Cement,115
2301,-13.811128,-41,2019,CO,EPA,0.012384846,0.012384846,0.012384846,Cement,115
2302,-13.811128,-41,2020,CO,EPA,0.012208935,0.012208935,0.012208935,Cement,115
2303,-13.811128,-41,2021,CO,EPA,0.01242363,0.01242363,0.01242363,Cement,115
2304,-13.811128,-41,2022,CO,EPA,0.007154464,0.007154464,0.007154464,Cement,115
2305,-13.811128,-41,2014,NMVOCs,EPA,0.0226807881944444,0.0226807881944444,0.0226807881944444,Cement,115
2306,-13.811128,-41,2015,NMVOCs,EPA,0.0225703647777778,0.0225703647777778,0.0225703647777778,Cement,115
2307,-13.811128,-41,2016,NMVOCs,EPA,0.0192270740555556,0.0192270740555556,0.0192270740555556,Cement,115
2308,-13.811128,-41,2017,NMVOCs,EPA,0.0183543231111111,0.0183543231111111,0.0183543231111111,Cement,115
2309,-13.811128,-41,2018,NMVOCs,EPA,0.0186515864166667,0.0186515864166667,0.0186515864166667,Cement,115
2310,-13.811128,-41,2019,NMVOCs,EPA,0.0202973865,0.0202973865,0.0202973865,Cement,115
2311,-13.811128,-41,2020,NMVOCs,EPA,0.0200090879166667,0.0200090879166667,0.0200090879166667,Cement,115
2312,-13.811128,-41,2021,NMVOCs,EPA,0.0203609491666667,0.0203609491666667,0.0203609491666667,Cement,115
2313,-13.811128,-41,2022,NMVOCs,EPA,0.0117253715555556,0.0117253715555556,0.0117253715555556,Cement,115
2314,-13.811128,-41,2014,SOX,EPA,0.0622760625,0.0622760625,0.0622760625,Cement,115
2315,-13.811128,-41,2015,SOX,EPA,0.061972866,0.061972866,0.061972866,Cement,115
2316,-13.811128,-41,2016,SOX,EPA,0.052792983,0.052792983,0.052792983,Cement,115
2317,-13.811128,-41,2017,SOX,EPA,0.050396616,0.050396616,0.050396616,Cement,115
2318,-13.811128,-41,2018,SOX,EPA,0.0512128305,0.0512128305,0.0512128305,Cement,115
2319,-13.811128,-41,2019,SOX,EPA,0.055731807,0.055731807,0.055731807,Cement,115
2320,-13.811128,-41,2020,SOX,EPA,0.0549402075,0.0549402075,0.0549402075,Cement,115
2321,-13.811128,-41,2021,SOX,EPA,0.055906335,0.055906335,0.055906335,Cement,115
2322,-13.811128,-41,2022,SOX,EPA,0.032195088,0.032195088,0.032195088,Cement,115
2323,-3.094023,-60,2014,TSP,EPA,0.0094557881575,0.0094557881575,0.0094557881575,Cement,115
2324,-3.094023,-60,2015,TSP,EPA,0.009876276735,0.009876276735,0.009876276735,Cement,115
2325,-3.094023,-60,2016,TSP,EPA,0.0094916815375,0.0094916815375,0.0094916815375,Cement,115
2326,-3.094023,-60,2017,TSP,EPA,0.00828076861,0.00828076861,0.00828076861,Cement,115
2327,-3.094023,-60,2018,TSP,EPA,0.00510589888107143,0.00510589888107143,0.00510589888107143,Cement,115
2328,-3.094023,-60,2019,TSP,EPA,0.00546969377178571,0.00546969377178571,0.00546969377178571,Cement,115
2329,-3.094023,-60,2020,TSP,EPA,0.00928347328,0.00928347328,0.00928347328,Cement,115
2330,-3.094023,-60,2021,TSP,EPA,0.007073631595,0.007073631595,0.007073631595,Cement,115
2331,-3.094023,-60,2022,TSP,EPA,0.00416544705642857,0.00416544705642857,0.00416544705642857,Cement,115
2332,-3.094023,-60,2014,PM10,EPA,0.0026820402,0.0026820402,0.0026820402,Cement,115
2333,-3.094023,-60,2015,PM10,EPA,0.0028013076,0.0028013076,0.0028013076,Cement,115
2334,-3.094023,-60,2016,PM10,EPA,0.002692221,0.002692221,0.002692221,Cement,115
2335,-3.094023,-60,2017,PM10,EPA,0.0023487576,0.0023487576,0.0023487576,Cement,115
2336,-3.094023,-60,2018,PM10,EPA,0.0014482374,0.0014482374,0.0014482374,Cement,115
2337,-3.094023,-60,2019,PM10,EPA,0.0015514242,0.0015514242,0.0015514242,Cement,115
2338,-3.094023,-60,2020,PM10,EPA,0.0026331648,0.0026331648,0.0026331648,Cement,115
2339,-3.094023,-60,2021,PM10,EPA,0.0020063652,0.0020063652,0.0020063652,Cement,115
2340,-3.094023,-60,2022,PM10,EPA,0.0011814876,0.0011814876,0.0011814876,Cement,115
2341,-3.094023,-60,2014,NOX,EPA,0.13410201,0.13410201,0.13410201,Cement,115
2342,-3.094023,-60,2015,NOX,EPA,0.14006538,0.14006538,0.14006538,Cement,115
2343,-3.094023,-60,2016,NOX,EPA,0.13461105,0.13461105,0.13461105,Cement,115
2344,-3.094023,-60,2017,NOX,EPA,0.11743788,0.11743788,0.11743788,Cement,115
2345,-3.094023,-60,2018,NOX,EPA,0.07241187,0.07241187,0.07241187,Cement,115
2346,-3.094023,-60,2019,NOX,EPA,0.07757121,0.07757121,0.07757121,Cement,115
2347,-3.094023,-60,2020,NOX,EPA,0.13165824,0.13165824,0.13165824,Cement,115
2348,-3.094023,-60,2021,NOX,EPA,0.10031826,0.10031826,0.10031826,Cement,115
2349,-3.094023,-60,2022,NOX,EPA,0.05907438,0.05907438,0.05907438,Cement,115
2350,-3.094023,-60,2014,CO,EPA,0.011494458,0.011494458,0.011494458,Cement,115
2351,-3.094023,-60,2015,CO,EPA,0.012005604,0.012005604,0.012005604,Cement,115
2352,-3.094023,-60,2016,CO,EPA,0.01153809,0.01153809,0.01153809,Cement,115
2353,-3.094023,-60,2017,CO,EPA,0.010066104,0.010066104,0.010066104,Cement,115
2354,-3.094023,-60,2018,CO,EPA,0.00620673171428571,0.00620673171428571,0.00620673171428571,Cement,115
2355,-3.094023,-60,2019,CO,EPA,0.00664896085714286,0.00664896085714286,0.00664896085714286,Cement,115
2356,-3.094023,-60,2020,CO,EPA,0.011284992,0.011284992,0.011284992,Cement,115
2357,-3.094023,-60,2021,CO,EPA,0.008598708,0.008598708,0.008598708,Cement,115
2358,-3.094023,-60,2022,CO,EPA,0.00506351828571429,0.00506351828571429,0.00506351828571429,Cement,115
2359,-3.094023,-60,2014,NMVOCs,EPA,0.0188381395,0.0188381395,0.0188381395,Cement,115
2360,-3.094023,-60,2015,NMVOCs,EPA,0.019675851,0.019675851,0.019675851,Cement,115
2361,-3.094023,-60,2016,NMVOCs,EPA,0.0189096475,0.0189096475,0.0189096475,Cement,115
2362,-3.094023,-60,2017,NMVOCs,EPA,0.016497226,0.016497226,0.016497226,Cement,115
2363,-3.094023,-60,2018,NMVOCs,EPA,0.0101721436428571,0.0101721436428571,0.0101721436428571,Cement,115
2364,-3.094023,-60,2019,NMVOCs,EPA,0.0108969080714286,0.0108969080714286,0.0108969080714286,Cement,115
2365,-3.094023,-60,2020,NMVOCs,EPA,0.018494848,0.018494848,0.018494848,Cement,115
2366,-3.094023,-60,2021,NMVOCs,EPA,0.014092327,0.014092327,0.014092327,Cement,115
2367,-3.094023,-60,2022,NMVOCs,EPA,0.00829854385714286,0.00829854385714286,0.00829854385714286,Cement,115
2368,-3.094023,-60,2014,SOX,EPA,0.051725061,0.051725061,0.051725061,Cement,115
2369,-3.094023,-60,2015,SOX,EPA,0.054025218,0.054025218,0.054025218,Cement,115
2370,-3.094023,-60,2016,SOX,EPA,0.051921405,0.051921405,0.051921405,Cement,115
2371,-3.094023,-60,2017,SOX,EPA,0.045297468,0.045297468,0.045297468,Cement,115
2372,-3.094023,-60,2018,SOX,EPA,0.0279302927142857,0.0279302927142857,0.0279302927142857,Cement,115
2373,-3.094023,-60,2019,SOX,EPA,0.0299203238571429,0.0299203238571429,0.0299203238571429,Cement,115
2374,-3.094023,-60,2020,SOX,EPA,0.050782464,0.050782464,0.050782464,Cement,115
2375,-3.094023,-60,2021,SOX,EPA,0.038694186,0.038694186,0.038694186,Cement,115
2376,-3.094023,-60,2022,SOX,EPA,0.0227858322857143,0.0227858322857143,0.0227858322857143,Cement,115
2377,-5.201992,-37,2014,TSP,EPA,0.0190485116875926,0.0190485116875926,0.0190485116875926,Cement,115
2378,-5.201992,-37,2015,TSP,EPA,0.019457521162037,0.019457521162037,0.019457521162037,Cement,115
2379,-5.201992,-37,2016,TSP,EPA,0.0148893898624074,0.0148893898624074,0.0148893898624074,Cement,115
2380,-5.201992,-37,2017,TSP,EPA,0.0116574698131481,0.0116574698131481,0.0116574698131481,Cement,115
2381,-5.201992,-37,2018,TSP,EPA,0.0102631012838889,0.0102631012838889,0.0102631012838889,Cement,115
2382,-5.201992,-37,2019,TSP,EPA,0.00984662224833333,0.00984662224833333,0.00984662224833333,Cement,115
2383,-5.201992,-37,2020,TSP,EPA,0.0120859538922222,0.0120859538922222,0.0120859538922222,Cement,115
2384,-5.201992,-37,2021,TSP,EPA,0.0136531895638889,0.0136531895638889,0.0136531895638889,Cement,115
2385,-5.201992,-37,2022,TSP,EPA,0.00679224412407407,0.00679224412407407,0.00679224412407407,Cement,115
2386,-5.201992,-37,2014,PM10,EPA,0.00540292075555556,0.00540292075555556,0.00540292075555556,Cement,115
2387,-5.201992,-37,2015,PM10,EPA,0.00551893222222222,0.00551893222222222,0.00551893222222222,Cement,115
2388,-5.201992,-37,2016,PM10,EPA,0.00422322724444444,0.00422322724444444,0.00422322724444444,Cement,115
2389,-5.201992,-37,2017,PM10,EPA,0.00330652528888889,0.00330652528888889,0.00330652528888889,Cement,115
2390,-5.201992,-37,2018,PM10,EPA,0.00291102653333333,0.00291102653333333,0.00291102653333333,Cement,115
2391,-5.201992,-37,2019,PM10,EPA,0.0027928964,0.0027928964,0.0027928964,Cement,115
2392,-5.201992,-37,2020,PM10,EPA,0.00342806053333333,0.00342806053333333,0.00342806053333333,Cement,115
2393,-5.201992,-37,2021,PM10,EPA,0.00387259133333333,0.00387259133333333,0.00387259133333333,Cement,115
2394,-5.201992,-37,2022,PM10,EPA,0.00192655244444444,0.00192655244444444,0.00192655244444444,Cement,115
2395,-5.201992,-37,2014,NOX,EPA,0.270146037777778,0.270146037777778,0.270146037777778,Cement,115
2396,-5.201992,-37,2015,NOX,EPA,0.275946611111111,0.275946611111111,0.275946611111111,Cement,115
2397,-5.201992,-37,2016,NOX,EPA,0.211161362222222,0.211161362222222,0.211161362222222,Cement,115
2398,-5.201992,-37,2017,NOX,EPA,0.165326264444444,0.165326264444444,0.165326264444444,Cement,115
2399,-5.201992,-37,2018,NOX,EPA,0.145551326666667,0.145551326666667,0.145551326666667,Cement,115
2400,-5.201992,-37,2019,NOX,EPA,0.13964482,0.13964482,0.13964482,Cement,115
2401,-5.201992,-37,2020,NOX,EPA,0.171403026666667,0.171403026666667,0.171403026666667,Cement,115
2402,-5.201992,-37,2021,NOX,EPA,0.193629566666667,0.193629566666667,0.193629566666667,Cement,115
2403,-5.201992,-37,2022,NOX,EPA,0.0963276222222222,0.0963276222222222,0.0963276222222222,Cement,115
2404,-5.201992,-37,2014,CO,EPA,0.0231553746666667,0.0231553746666667,0.0231553746666667,Cement,115
2405,-5.201992,-37,2015,CO,EPA,0.0236525666666667,0.0236525666666667,0.0236525666666667,Cement,115
2406,-5.201992,-37,2016,CO,EPA,0.0180995453333333,0.0180995453333333,0.0180995453333333,Cement,115
2407,-5.201992,-37,2017,CO,EPA,0.0141708226666667,0.0141708226666667,0.0141708226666667,Cement,115
2408,-5.201992,-37,2018,CO,EPA,0.012475828,0.012475828,0.012475828,Cement,115
2409,-5.201992,-37,2019,CO,EPA,0.011969556,0.011969556,0.011969556,Cement,115
2410,-5.201992,-37,2020,CO,EPA,0.014691688,0.014691688,0.014691688,Cement,115
2411,-5.201992,-37,2021,CO,EPA,0.01659682,0.01659682,0.01659682,Cement,115
2412,-5.201992,-37,2022,CO,EPA,0.00825665333333333,0.00825665333333333,0.00825665333333333,Cement,115
2413,-5.201992,-37,2014,NMVOCs,EPA,0.0379490862592593,0.0379490862592593,0.0379490862592593,Cement,115
2414,-5.201992,-37,2015,NMVOCs,EPA,0.0387639287037037,0.0387639287037037,0.0387639287037037,Cement,115
2415,-5.201992,-37,2016,NMVOCs,EPA,0.0296631437407407,0.0296631437407407,0.0296631437407407,Cement,115
2416,-5.201992,-37,2017,NMVOCs,EPA,0.0232244038148148,0.0232244038148148,0.0232244038148148,Cement,115
2417,-5.201992,-37,2018,NMVOCs,EPA,0.0204464958888889,0.0204464958888889,0.0204464958888889,Cement,115
2418,-5.201992,-37,2019,NMVOCs,EPA,0.0196167723333333,0.0196167723333333,0.0196167723333333,Cement,115
2419,-5.201992,-37,2020,NMVOCs,EPA,0.0240780442222222,0.0240780442222222,0.0240780442222222,Cement,115
2420,-5.201992,-37,2021,NMVOCs,EPA,0.0272003438888889,0.0272003438888889,0.0272003438888889,Cement,115
2421,-5.201992,-37,2022,NMVOCs,EPA,0.0135317374074074,0.0135317374074074,0.0135317374074074,Cement,115
2422,-5.201992,-37,2014,SOX,EPA,0.104199186,0.104199186,0.104199186,Cement,115
2423,-5.201992,-37,2015,SOX,EPA,0.10643655,0.10643655,0.10643655,Cement,115
2424,-5.201992,-37,2016,SOX,EPA,0.081447954,0.081447954,0.081447954,Cement,115
2425,-5.201992,-37,2017,SOX,EPA,0.063768702,0.063768702,0.063768702,Cement,115
2426,-5.201992,-37,2018,SOX,EPA,0.056141226,0.056141226,0.056141226,Cement,115
2427,-5.201992,-37,2019,SOX,EPA,0.053863002,0.053863002,0.053863002,Cement,115
2428,-5.201992,-37,2020,SOX,EPA,0.066112596,0.066112596,0.066112596,Cement,115
2429,-5.201992,-37,2021,SOX,EPA,0.07468569,0.07468569,0.07468569,Cement,115
2430,-5.201992,-37,2022,SOX,EPA,0.03715494,0.03715494,0.03715494,Cement,115
2431,-10.843365,-37,2014,TSP,EPA,0.0336713325475926,0.0336713325475926,0.0336713325475926,Cement,115
2432,-10.843365,-37,2015,TSP,EPA,0.030535900362037,0.030535900362037,0.030535900362037,Cement,115
2433,-10.843365,-37,2016,TSP,EPA,0.0218122514924074,0.0218122514924074,0.0218122514924074,Cement,115
2434,-10.843365,-37,2017,TSP,EPA,0.0205722955731481,0.0205722955731481,0.0205722955731481,Cement,115
2435,-10.843365,-37,2018,TSP,EPA,0.0203721617905556,0.0203721617905556,0.0203721617905556,Cement,115
2436,-10.843365,-37,2019,TSP,EPA,0.02065616635,0.02065616635,0.02065616635,Cement,115
2437,-10.843365,-37,2020,TSP,EPA,0.0237846390105556,0.0237846390105556,0.0237846390105556,Cement,115
2438,-10.843365,-37,2021,TSP,EPA,0.0225587359572222,0.0225587359572222,0.0225587359572222,Cement,115
2439,-10.843365,-37,2022,TSP,EPA,0.0123344050957407,0.0123344050957407,0.0123344050957407,Cement,115
2440,-10.843365,-37,2014,PM10,EPA,0.00955053835555555,0.00955053835555555,0.00955053835555555,Cement,115
2441,-10.843365,-37,2015,PM10,EPA,0.00866120422222222,0.00866120422222222,0.00866120422222222,Cement,115
2442,-10.843365,-37,2016,PM10,EPA,0.00618682804444444,0.00618682804444444,0.00618682804444444,Cement,115
2443,-10.843365,-37,2017,PM10,EPA,0.00583512688888889,0.00583512688888889,0.00583512688888889,Cement,115
2444,-10.843365,-37,2018,PM10,EPA,0.00577836093333333,0.00577836093333333,0.00577836093333333,Cement,115
2445,-10.843365,-37,2019,PM10,EPA,0.005858916,0.005858916,0.005858916,Cement,115
2446,-10.843365,-37,2020,PM10,EPA,0.00674627613333333,0.00674627613333333,0.00674627613333333,Cement,115
2447,-10.843365,-37,2021,PM10,EPA,0.00639856093333333,0.00639856093333333,0.00639856093333333,Cement,115
2448,-10.843365,-37,2022,PM10,EPA,0.00349853124444444,0.00349853124444444,0.00349853124444444,Cement,115
2449,-10.843365,-37,2014,NOX,EPA,0.477526917777778,0.477526917777778,0.477526917777778,Cement,115
2450,-10.843365,-37,2015,NOX,EPA,0.433060211111111,0.433060211111111,0.433060211111111,Cement,115
2451,-10.843365,-37,2016,NOX,EPA,0.309341402222222,0.309341402222222,0.309341402222222,Cement,115
2452,-10.843365,-37,2017,NOX,EPA,0.291756344444444,0.291756344444444,0.291756344444444,Cement,115
2453,-10.843365,-37,2018,NOX,EPA,0.288918046666667,0.288918046666667,0.288918046666667,Cement,115
2454,-10.843365,-37,2019,NOX,EPA,0.2929458,0.2929458,0.2929458,Cement,115
2455,-10.843365,-37,2020,NOX,EPA,0.337313806666667,0.337313806666667,0.337313806666667,Cement,115
2456,-10.843365,-37,2021,NOX,EPA,0.319928046666667,0.319928046666667,0.319928046666667,Cement,115
2457,-10.843365,-37,2022,NOX,EPA,0.174926562222222,0.174926562222222,0.174926562222222,Cement,115
2458,-10.843365,-37,2014,CO,EPA,0.0409308786666667,0.0409308786666667,0.0409308786666667,Cement,115
2459,-10.843365,-37,2015,CO,EPA,0.0371194466666667,0.0371194466666667,0.0371194466666667,Cement,115
2460,-10.843365,-37,2016,CO,EPA,0.0265149773333333,0.0265149773333333,0.0265149773333333,Cement,115
2461,-10.843365,-37,2017,CO,EPA,0.0250076866666667,0.0250076866666667,0.0250076866666667,Cement,115
2462,-10.843365,-37,2018,CO,EPA,0.024764404,0.024764404,0.024764404,Cement,115
2463,-10.843365,-37,2019,CO,EPA,0.02510964,0.02510964,0.02510964,Cement,115
2464,-10.843365,-37,2020,CO,EPA,0.028912612,0.028912612,0.028912612,Cement,115
2465,-10.843365,-37,2021,CO,EPA,0.027422404,0.027422404,0.027422404,Cement,115
2466,-10.843365,-37,2022,CO,EPA,0.0149937053333333,0.0149937053333333,0.0149937053333333,Cement,115
2467,-10.843365,-37,2014,NMVOCs,EPA,0.0670811622592593,0.0670811622592593,0.0670811622592593,Cement,115
2468,-10.843365,-37,2015,NMVOCs,EPA,0.0608346487037037,0.0608346487037037,0.0608346487037037,Cement,115
2469,-10.843365,-37,2016,NMVOCs,EPA,0.0434551017407407,0.0434551017407407,0.0434551017407407,Cement,115
2470,-10.843365,-37,2017,NMVOCs,EPA,0.0409848198148148,0.0409848198148148,0.0409848198148148,Cement,115
2471,-10.843365,-37,2018,NMVOCs,EPA,0.0405861065555555,0.0405861065555555,0.0405861065555555,Cement,115
2472,-10.843365,-37,2019,NMVOCs,EPA,0.04115191,0.04115191,0.04115191,Cement,115
2473,-10.843365,-37,2020,NMVOCs,EPA,0.0473845585555556,0.0473845585555556,0.0473845585555556,Cement,115
2474,-10.843365,-37,2021,NMVOCs,EPA,0.0449422732222222,0.0449422732222222,0.0449422732222222,Cement,115
2475,-10.843365,-37,2022,NMVOCs,EPA,0.0245730170740741,0.0245730170740741,0.0245730170740741,Cement,115
2476,-10.843365,-37,2014,SOX,EPA,0.184188954,0.184188954,0.184188954,Cement,115
2477,-10.843365,-37,2015,SOX,EPA,0.16703751,0.16703751,0.16703751,Cement,115
2478,-10.843365,-37,2016,SOX,EPA,0.119317398,0.119317398,0.119317398,Cement,115
2479,-10.843365,-37,2017,SOX,EPA,0.11253459,0.11253459,0.11253459,Cement,115
2480,-10.843365,-37,2018,SOX,EPA,0.111439818,0.111439818,0.111439818,Cement,115
2481,-10.843365,-37,2019,SOX,EPA,0.11299338,0.11299338,0.11299338,Cement,115
2482,-10.843365,-37,2020,SOX,EPA,0.130106754,0.130106754,0.130106754,Cement,115
2483,-10.843365,-37,2021,SOX,EPA,0.123400818,0.123400818,0.123400818,Cement,115
2484,-10.843365,-37,2022,SOX,EPA,0.067471674,0.067471674,0.067471674,Cement,115
2485,-7.333723,-39.305889,2014,TSP,EPA,0.0162786402615556,0.0162786402615556,0.0162786402615556,Cement,115
2486,-7.333723,-39.305889,2015,TSP,EPA,0.0171158069532222,0.0171158069532222,0.0171158069532222,Cement,115
2487,-7.333723,-39.305889,2016,TSP,EPA,0.0162667995264444,0.0162667995264444,0.0162667995264444,Cement,115
2488,-7.333723,-39.305889,2017,TSP,EPA,0.0155162395988889,0.0155162395988889,0.0155162395988889,Cement,115
2489,-7.333723,-39.305889,2018,TSP,EPA,0.0144812275963333,0.0144812275963333,0.0144812275963333,Cement,115
2490,-7.333723,-39.305889,2019,TSP,EPA,0.014462668863,0.014462668863,0.014462668863,Cement,115
2491,-7.333723,-39.305889,2020,TSP,EPA,0.0156361415203333,0.0156361415203333,0.0156361415203333,Cement,115
2492,-7.333723,-39.305889,2021,TSP,EPA,0.0183637777883333,0.0183637777883333,0.0183637777883333,Cement,115
2493,-7.333723,-39.305889,2022,TSP,EPA,0.00976274730344444,0.00976274730344444,0.00976274730344444,Cement,115
2494,-7.333723,-39.305889,2014,PM10,EPA,0.00461727429333333,0.00461727429333333,0.00461727429333333,Cement,115
2495,-7.333723,-39.305889,2015,PM10,EPA,0.00485472829333333,0.00485472829333333,0.00485472829333333,Cement,115
2496,-7.333723,-39.305889,2016,PM10,EPA,0.00461391578666667,0.00461391578666667,0.00461391578666667,Cement,115
2497,-7.333723,-39.305889,2017,PM10,EPA,0.00440102693333333,0.00440102693333333,0.00440102693333333,Cement,115
2498,-7.333723,-39.305889,2018,PM10,EPA,0.00410745608,0.00410745608,0.00410745608,Cement,115
2499,-7.333723,-39.305889,2019,PM10,EPA,0.00410219208,0.00410219208,0.00410219208,Cement,115
2500,-7.333723,-39.305889,2020,PM10,EPA,0.00443503592,0.00443503592,0.00443503592,Cement,115
2501,-7.333723,-39.305889,2021,PM10,EPA,0.0052087028,0.0052087028,0.0052087028,Cement,115
2502,-7.333723,-39.305889,2022,PM10,EPA,0.00276910610666667,0.00276910610666667,0.00276910610666667,Cement,115
2503,-7.333723,-39.305889,2014,NOX,EPA,0.230863714666667,0.230863714666667,0.230863714666667,Cement,115
2504,-7.333723,-39.305889,2015,NOX,EPA,0.242736414666667,0.242736414666667,0.242736414666667,Cement,115
2505,-7.333723,-39.305889,2016,NOX,EPA,0.230695789333333,0.230695789333333,0.230695789333333,Cement,115
2506,-7.333723,-39.305889,2017,NOX,EPA,0.220051346666667,0.220051346666667,0.220051346666667,Cement,115
2507,-7.333723,-39.305889,2018,NOX,EPA,0.205372804,0.205372804,0.205372804,Cement,115
2508,-7.333723,-39.305889,2019,NOX,EPA,0.205109604,0.205109604,0.205109604,Cement,115
2509,-7.333723,-39.305889,2020,NOX,EPA,0.221751796,0.221751796,0.221751796,Cement,115
2510,-7.333723,-39.305889,2021,NOX,EPA,0.26043514,0.26043514,0.26043514,Cement,115
2511,-7.333723,-39.305889,2022,NOX,EPA,0.138455305333333,0.138455305333333,0.138455305333333,Cement,115
2512,-7.333723,-39.305889,2014,CO,EPA,0.0197883184,0.0197883184,0.0197883184,Cement,115
2513,-7.333723,-39.305889,2015,CO,EPA,0.0208059784,0.0208059784,0.0208059784,Cement,115
2514,-7.333723,-39.305889,2016,CO,EPA,0.0197739248,0.0197739248,0.0197739248,Cement,115
2515,-7.333723,-39.305889,2017,CO,EPA,0.018861544,0.018861544,0.018861544,Cement,115
2516,-7.333723,-39.305889,2018,CO,EPA,0.0176033832,0.0176033832,0.0176033832,Cement,115
2517,-7.333723,-39.305889,2019,CO,EPA,0.0175808232,0.0175808232,0.0175808232,Cement,115
2518,-7.333723,-39.305889,2020,CO,EPA,0.0190072968,0.0190072968,0.0190072968,Cement,115
2519,-7.333723,-39.305889,2021,CO,EPA,0.022323012,0.022323012,0.022323012,Cement,115
2520,-7.333723,-39.305889,2022,CO,EPA,0.0118675976,0.0118675976,0.0118675976,Cement,115
2521,-7.333723,-39.305889,2014,NMVOCs,EPA,0.0324308551555555,0.0324308551555555,0.0324308551555555,Cement,115
2522,-7.333723,-39.305889,2015,NMVOCs,EPA,0.0340986868222222,0.0340986868222222,0.0340986868222222,Cement,115
2523,-7.333723,-39.305889,2016,NMVOCs,EPA,0.0324072656444444,0.0324072656444444,0.0324072656444444,Cement,115
2524,-7.333723,-39.305889,2017,NMVOCs,EPA,0.0309119748888889,0.0309119748888889,0.0309119748888889,Cement,115
2525,-7.333723,-39.305889,2018,NMVOCs,EPA,0.0288499891333333,0.0288499891333333,0.0288499891333333,Cement,115
2526,-7.333723,-39.305889,2019,NMVOCs,EPA,0.0288130158,0.0288130158,0.0288130158,Cement,115
2527,-7.333723,-39.305889,2020,NMVOCs,EPA,0.0311508475333333,0.0311508475333333,0.0311508475333333,Cement,115
2528,-7.333723,-39.305889,2021,NMVOCs,EPA,0.0365849363333333,0.0365849363333333,0.0365849363333333,Cement,115
2529,-7.333723,-39.305889,2022,NMVOCs,EPA,0.0194496738444444,0.0194496738444444,0.0194496738444444,Cement,115
2530,-7.333723,-39.305889,2014,SOX,EPA,0.0890474328,0.0890474328,0.0890474328,Cement,115
2531,-7.333723,-39.305889,2015,SOX,EPA,0.0936269028,0.0936269028,0.0936269028,Cement,115
2532,-7.333723,-39.305889,2016,SOX,EPA,0.0889826616,0.0889826616,0.0889826616,Cement,115
2533,-7.333723,-39.305889,2017,SOX,EPA,0.084876948,0.084876948,0.084876948,Cement,115
2534,-7.333723,-39.305889,2018,SOX,EPA,0.0792152244,0.0792152244,0.0792152244,Cement,115
2535,-7.333723,-39.305889,2019,SOX,EPA,0.0791137044,0.0791137044,0.0791137044,Cement,115
2536,-7.333723,-39.305889,2020,SOX,EPA,0.0855328356,0.0855328356,0.0855328356,Cement,115
2537,-7.333723,-39.305889,2021,SOX,EPA,0.100453554,0.100453554,0.100453554,Cement,115
2538,-7.333723,-39.305889,2022,SOX,EPA,0.0534041892,0.0534041892,0.0534041892,Cement,115
2539,-20.786199,-41.117609,2014,TSP,EPA,0.03143543405,0.03143543405,0.03143543405,Cement,115
2540,-20.786199,-41.117609,2015,TSP,EPA,0.0307022752383333,0.0307022752383333,0.0307022752383333,Cement,115
2541,-20.786199,-41.117609,2016,TSP,EPA,0.02943831691,0.02943831691,0.02943831691,Cement,115
2542,-20.786199,-41.117609,2017,TSP,EPA,0.0275534899783333,0.0275534899783333,0.0275534899783333,Cement,115
2543,-20.786199,-41.117609,2018,TSP,EPA,0.01825125066,0.01825125066,0.01825125066,Cement,115
2544,-20.786199,-41.117609,2019,TSP,EPA,0.015841566955,0.015841566955,0.015841566955,Cement,115
2545,-20.786199,-41.117609,2020,TSP,EPA,0.0177418825316667,0.0177418825316667,0.0177418825316667,Cement,115
2546,-20.786199,-41.117609,2021,TSP,EPA,0.0195146660466667,0.0195146660466667,0.0195146660466667,Cement,115
2547,-20.786199,-41.117609,2022,TSP,EPA,0.011051103785,0.011051103785,0.011051103785,Cement,115
2548,-20.786199,-41.117609,2014,PM10,EPA,0.008916348,0.008916348,0.008916348,Cement,115
2549,-20.786199,-41.117609,2015,PM10,EPA,0.0087083948,0.0087083948,0.0087083948,Cement,115
2550,-20.786199,-41.117609,2016,PM10,EPA,0.0083498856,0.0083498856,0.0083498856,Cement,115
2551,-20.786199,-41.117609,2017,PM10,EPA,0.0078152732,0.0078152732,0.0078152732,Cement,115
2552,-20.786199,-41.117609,2018,PM10,EPA,0.0051767856,0.0051767856,0.0051767856,Cement,115
2553,-20.786199,-41.117609,2019,PM10,EPA,0.0044933028,0.0044933028,0.0044933028,Cement,115
2554,-20.786199,-41.117609,2020,PM10,EPA,0.0050323084,0.0050323084,0.0050323084,Cement,115
2555,-20.786199,-41.117609,2021,PM10,EPA,0.0055351408,0.0055351408,0.0055351408,Cement,115
2556,-20.786199,-41.117609,2022,PM10,EPA,0.0031345356,0.0031345356,0.0031345356,Cement,115
2557,-20.786199,-41.117609,2014,NOX,EPA,0.4458174,0.4458174,0.4458174,Cement,115
2558,-20.786199,-41.117609,2015,NOX,EPA,0.43541974,0.43541974,0.43541974,Cement,115
2559,-20.786199,-41.117609,2016,NOX,EPA,0.41749428,0.41749428,0.41749428,Cement,115
2560,-20.786199,-41.117609,2017,NOX,EPA,0.39076366,0.39076366,0.39076366,Cement,115
2561,-20.786199,-41.117609,2018,NOX,EPA,0.25883928,0.25883928,0.25883928,Cement,115
2562,-20.786199,-41.117609,2019,NOX,EPA,0.22466514,0.22466514,0.22466514,Cement,115
2563,-20.786199,-41.117609,2020,NOX,EPA,0.25161542,0.25161542,0.25161542,Cement,115
2564,-20.786199,-41.117609,2021,NOX,EPA,0.27675704,0.27675704,0.27675704,Cement,115
2565,-20.786199,-41.117609,2022,NOX,EPA,0.15672678,0.15672678,0.15672678,Cement,115
2566,-20.786199,-41.117609,2014,CO,EPA,0.03821292,0.03821292,0.03821292,Cement,115
2567,-20.786199,-41.117609,2015,CO,EPA,0.037321692,0.037321692,0.037321692,Cement,115
2568,-20.786199,-41.117609,2016,CO,EPA,0.035785224,0.035785224,0.035785224,Cement,115
2569,-20.786199,-41.117609,2017,CO,EPA,0.033494028,0.033494028,0.033494028,Cement,115
2570,-20.786199,-41.117609,2018,CO,EPA,0.022186224,0.022186224,0.022186224,Cement,115
2571,-20.786199,-41.117609,2019,CO,EPA,0.019257012,0.019257012,0.019257012,Cement,115
2572,-20.786199,-41.117609,2020,CO,EPA,0.021567036,0.021567036,0.021567036,Cement,115
2573,-20.786199,-41.117609,2021,CO,EPA,0.023722032,0.023722032,0.023722032,Cement,115
2574,-20.786199,-41.117609,2022,CO,EPA,0.013433724,0.013433724,0.013433724,Cement,115
2575,-20.786199,-41.117609,2014,NMVOCs,EPA,0.06262673,0.06262673,0.06262673,Cement,115
2576,-20.786199,-41.117609,2015,NMVOCs,EPA,0.0611661063333333,0.0611661063333333,0.0611661063333333,Cement,115
2577,-20.786199,-41.117609,2016,NMVOCs,EPA,0.058648006,0.058648006,0.058648006,Cement,115
2578,-20.786199,-41.117609,2017,NMVOCs,EPA,0.0548929903333333,0.0548929903333333,0.0548929903333333,Cement,115
2579,-20.786199,-41.117609,2018,NMVOCs,EPA,0.036360756,0.036360756,0.036360756,Cement,115
2580,-20.786199,-41.117609,2019,NMVOCs,EPA,0.031560103,0.031560103,0.031560103,Cement,115
2581,-20.786199,-41.117609,2020,NMVOCs,EPA,0.0353459756666667,0.0353459756666667,0.0353459756666667,Cement,115
2582,-20.786199,-41.117609,2021,NMVOCs,EPA,0.0388777746666667,0.0388777746666667,0.0388777746666667,Cement,115
2583,-20.786199,-41.117609,2022,NMVOCs,EPA,0.022016381,0.022016381,0.022016381,Cement,115
2584,-20.786199,-41.117609,2014,SOX,EPA,0.17195814,0.17195814,0.17195814,Cement,115
2585,-20.786199,-41.117609,2015,SOX,EPA,0.167947614,0.167947614,0.167947614,Cement,115
2586,-20.786199,-41.117609,2016,SOX,EPA,0.161033508,0.161033508,0.161033508,Cement,115
2587,-20.786199,-41.117609,2017,SOX,EPA,0.150723126,0.150723126,0.150723126,Cement,115
2588,-20.786199,-41.117609,2018,SOX,EPA,0.099838008,0.099838008,0.099838008,Cement,115
2589,-20.786199,-41.117609,2019,SOX,EPA,0.086656554,0.086656554,0.086656554,Cement,115
2590,-20.786199,-41.117609,2020,SOX,EPA,0.097051662,0.097051662,0.097051662,Cement,115
2591,-20.786199,-41.117609,2021,SOX,EPA,0.106749144,0.106749144,0.106749144,Cement,115
2592,-20.786199,-41.117609,2022,SOX,EPA,0.060451758,0.060451758,0.060451758,Cement,115
2593,-21.182722,-44,2014,TSP,EPA,0.0314208320040625,0.0314208320040625,0.0314208320040625,Cement,115
2594,-21.182722,-44,2015,TSP,EPA,0.027764673309375,0.027764673309375,0.027764673309375,Cement,115
2595,-21.182722,-44,2016,TSP,EPA,0.0244802494984375,0.0244802494984375,0.0244802494984375,Cement,115
2596,-21.182722,-44,2017,TSP,EPA,0.023830542671875,0.023830542671875,0.023830542671875,Cement,115
2597,-21.182722,-44,2018,TSP,EPA,0.025536396286875,0.025536396286875,0.025536396286875,Cement,115
2598,-21.182722,-44,2019,TSP,EPA,0.029467358119375,0.029467358119375,0.029467358119375,Cement,115
2599,-21.182722,-44,2020,TSP,EPA,0.0295193879725,0.0295193879725,0.0295193879725,Cement,115
2600,-21.182722,-44,2021,TSP,EPA,0.030923164885625,0.030923164885625,0.030923164885625,Cement,115
2601,-21.182722,-44,2022,TSP,EPA,0.0171099459390625,0.0171099459390625,0.0171099459390625,Cement,115
2602,-21.182722,-44,2014,PM10,EPA,0.008912206275,0.008912206275,0.008912206275,Cement,115
2603,-21.182722,-44,2015,PM10,EPA,0.00787517325,0.00787517325,0.00787517325,Cement,115
2604,-21.182722,-44,2016,PM10,EPA,0.006943579125,0.006943579125,0.006943579125,Cement,115
2605,-21.182722,-44,2017,PM10,EPA,0.00675929625,0.00675929625,0.00675929625,Cement,115
2606,-21.182722,-44,2018,PM10,EPA,0.00724314465,0.00724314465,0.00724314465,Cement,115
2607,-21.182722,-44,2019,PM10,EPA,0.00835812285,0.00835812285,0.00835812285,Cement,115
2608,-21.182722,-44,2020,PM10,EPA,0.0083728806,0.0083728806,0.0083728806,Cement,115
2609,-21.182722,-44,2021,PM10,EPA,0.00877104795,0.00877104795,0.00877104795,Cement,115
2610,-21.182722,-44,2022,PM10,EPA,0.004853065875,0.004853065875,0.004853065875,Cement,115
2611,-21.182722,-44,2014,NOX,EPA,0.44561031375,0.44561031375,0.44561031375,Cement,115
2612,-21.182722,-44,2015,NOX,EPA,0.3937586625,0.3937586625,0.3937586625,Cement,115
2613,-21.182722,-44,2016,NOX,EPA,0.34717895625,0.34717895625,0.34717895625,Cement,115
2614,-21.182722,-44,2017,NOX,EPA,0.3379648125,0.3379648125,0.3379648125,Cement,115
2615,-21.182722,-44,2018,NOX,EPA,0.3621572325,0.3621572325,0.3621572325,Cement,115
2616,-21.182722,-44,2019,NOX,EPA,0.4179061425,0.4179061425,0.4179061425,Cement,115
2617,-21.182722,-44,2020,NOX,EPA,0.41864403,0.41864403,0.41864403,Cement,115
2618,-21.182722,-44,2021,NOX,EPA,0.4385523975,0.4385523975,0.4385523975,Cement,115
2619,-21.182722,-44,2022,NOX,EPA,0.24265329375,0.24265329375,0.24265329375,Cement,115
2620,-21.182722,-44,2014,CO,EPA,0.03819516975,0.03819516975,0.03819516975,Cement,115
2621,-21.182722,-44,2015,CO,EPA,0.0337507425,0.0337507425,0.0337507425,Cement,115
2622,-21.182722,-44,2016,CO,EPA,0.02975819625,0.02975819625,0.02975819625,Cement,115
2623,-21.182722,-44,2017,CO,EPA,0.0289684125,0.0289684125,0.0289684125,Cement,115
2624,-21.182722,-44,2018,CO,EPA,0.0310420485,0.0310420485,0.0310420485,Cement,115
2625,-21.182722,-44,2019,CO,EPA,0.0358205265,0.0358205265,0.0358205265,Cement,115
2626,-21.182722,-44,2020,CO,EPA,0.035883774,0.035883774,0.035883774,Cement,115
2627,-21.182722,-44,2021,CO,EPA,0.0375902055,0.0375902055,0.0375902055,Cement,115
2628,-21.182722,-44,2022,CO,EPA,0.02079885375,0.02079885375,0.02079885375,Cement,115
2629,-21.182722,-44,2014,NMVOCs,EPA,0.0625976393125,0.0625976393125,0.0625976393125,Cement,115
2630,-21.182722,-44,2015,NMVOCs,EPA,0.055313716875,0.055313716875,0.055313716875,Cement,115
2631,-21.182722,-44,2016,NMVOCs,EPA,0.0487703771875,0.0487703771875,0.0487703771875,Cement,115
2632,-21.182722,-44,2017,NMVOCs,EPA,0.047476009375,0.047476009375,0.047476009375,Cement,115
2633,-21.182722,-44,2018,NMVOCs,EPA,0.050874468375,0.050874468375,0.050874468375,Cement,115
2634,-21.182722,-44,2019,NMVOCs,EPA,0.058705862875,0.058705862875,0.058705862875,Cement,115
2635,-21.182722,-44,2020,NMVOCs,EPA,0.0588095185,0.0588095185,0.0588095185,Cement,115
2636,-21.182722,-44,2021,NMVOCs,EPA,0.061606170125,0.061606170125,0.061606170125,Cement,115
2637,-21.182722,-44,2022,NMVOCs,EPA,0.0340870103125,0.0340870103125,0.0340870103125,Cement,115
2638,-21.182722,-44,2014,SOX,EPA,0.171878263875,0.171878263875,0.171878263875,Cement,115
2639,-21.182722,-44,2015,SOX,EPA,0.15187834125,0.15187834125,0.15187834125,Cement,115
2640,-21.182722,-44,2016,SOX,EPA,0.133911883125,0.133911883125,0.133911883125,Cement,115
2641,-21.182722,-44,2017,SOX,EPA,0.13035785625,0.13035785625,0.13035785625,Cement,115
2642,-21.182722,-44,2018,SOX,EPA,0.13968921825,0.13968921825,0.13968921825,Cement,115
2643,-21.182722,-44,2019,SOX,EPA,0.16119236925,0.16119236925,0.16119236925,Cement,115
2644,-21.182722,-44,2020,SOX,EPA,0.161476983,0.161476983,0.161476983,Cement,115
2645,-21.182722,-44,2021,SOX,EPA,0.16915592475,0.16915592475,0.16915592475,Cement,115
2646,-21.182722,-44,2022,SOX,EPA,0.093594841875,0.093594841875,0.093594841875,Cement,115
2647,-7.523418,-35,2014,TSP,EPA,0.0172004035169444,0.0172004035169444,0.0172004035169444,Cement,115
2648,-7.523418,-35,2015,TSP,EPA,0.0152254211215278,0.0152254211215278,0.0152254211215278,Cement,115
2649,-7.523418,-35,2016,TSP,EPA,0.0183431492955556,0.0183431492955556,0.0183431492955556,Cement,115
2650,-7.523418,-35,2017,TSP,EPA,0.0182761042261111,0.0182761042261111,0.0182761042261111,Cement,115
2651,-7.523418,-35,2018,TSP,EPA,0.0187489702216667,0.0187489702216667,0.0187489702216667,Cement,115
2652,-7.523418,-35,2019,TSP,EPA,0.022316294405,0.022316294405,0.022316294405,Cement,115
2653,-7.523418,-35,2020,TSP,EPA,0.0260301659479167,0.0260301659479167,0.0260301659479167,Cement,115
2654,-7.523418,-35,2021,TSP,EPA,0.0275756395304167,0.0275756395304167,0.0275756395304167,Cement,115
2655,-7.523418,-35,2022,TSP,EPA,0.0155343812543056,0.0155343812543056,0.0155343812543056,Cement,115
2656,-7.523418,-35,2014,PM10,EPA,0.00487872326666667,0.00487872326666667,0.00487872326666667,Cement,115
2657,-7.523418,-35,2015,PM10,EPA,0.00431853916666667,0.00431853916666667,0.00431853916666667,Cement,115
2658,-7.523418,-35,2016,PM10,EPA,0.00520285173333333,0.00520285173333333,0.00520285173333333,Cement,115
2659,-7.523418,-35,2017,PM10,EPA,0.00518383506666667,0.00518383506666667,0.00518383506666667,Cement,115
2660,-7.523418,-35,2018,PM10,EPA,0.0053179588,0.0053179588,0.0053179588,Cement,115
2661,-7.523418,-35,2019,PM10,EPA,0.0063297948,0.0063297948,0.0063297948,Cement,115
2662,-7.523418,-35,2020,PM10,EPA,0.0073831975,0.0073831975,0.0073831975,Cement,115
2663,-7.523418,-35,2021,PM10,EPA,0.0078215557,0.0078215557,0.0078215557,Cement,115
2664,-7.523418,-35,2022,PM10,EPA,0.00440617263333333,0.00440617263333333,0.00440617263333333,Cement,115
2665,-7.523418,-35,2014,NOX,EPA,0.243936163333333,0.243936163333333,0.243936163333333,Cement,115
2666,-7.523418,-35,2015,NOX,EPA,0.215926958333333,0.215926958333333,0.215926958333333,Cement,115
2667,-7.523418,-35,2016,NOX,EPA,0.260142586666667,0.260142586666667,0.260142586666667,Cement,115
2668,-7.523418,-35,2017,NOX,EPA,0.259191753333333,0.259191753333333,0.259191753333333,Cement,115
2669,-7.523418,-35,2018,NOX,EPA,0.26589794,0.26589794,0.26589794,Cement,115
2670,-7.523418,-35,2019,NOX,EPA,0.31648974,0.31648974,0.31648974,Cement,115
2671,-7.523418,-35,2020,NOX,EPA,0.369159875,0.369159875,0.369159875,Cement,115
2672,-7.523418,-35,2021,NOX,EPA,0.391077785,0.391077785,0.391077785,Cement,115
2673,-7.523418,-35,2022,NOX,EPA,0.220308631666667,0.220308631666667,0.220308631666667,Cement,115
2674,-7.523418,-35,2014,CO,EPA,0.020908814,0.020908814,0.020908814,Cement,115
2675,-7.523418,-35,2015,CO,EPA,0.018508025,0.018508025,0.018508025,Cement,115
2676,-7.523418,-35,2016,CO,EPA,0.022297936,0.022297936,0.022297936,Cement,115
2677,-7.523418,-35,2017,CO,EPA,0.022216436,0.022216436,0.022216436,Cement,115
2678,-7.523418,-35,2018,CO,EPA,0.022791252,0.022791252,0.022791252,Cement,115
2679,-7.523418,-35,2019,CO,EPA,0.027127692,0.027127692,0.027127692,Cement,115
2680,-7.523418,-35,2020,CO,EPA,0.031642275,0.031642275,0.031642275,Cement,115
2681,-7.523418,-35,2021,CO,EPA,0.033520953,0.033520953,0.033520953,Cement,115
2682,-7.523418,-35,2022,CO,EPA,0.018883597,0.018883597,0.018883597,Cement,115
2683,-7.523418,-35,2014,NMVOCs,EPA,0.0342672229444444,0.0342672229444444,0.0342672229444444,Cement,115
2684,-7.523418,-35,2015,NMVOCs,EPA,0.0303325965277778,0.0303325965277778,0.0303325965277778,Cement,115
2685,-7.523418,-35,2016,NMVOCs,EPA,0.0365438395555556,0.0365438395555556,0.0365438395555556,Cement,115
2686,-7.523418,-35,2017,NMVOCs,EPA,0.0364102701111111,0.0364102701111111,0.0364102701111111,Cement,115
2687,-7.523418,-35,2018,NMVOCs,EPA,0.0373523296666667,0.0373523296666667,0.0373523296666667,Cement,115
2688,-7.523418,-35,2019,NMVOCs,EPA,0.044459273,0.044459273,0.044459273,Cement,115
2689,-7.523418,-35,2020,NMVOCs,EPA,0.0518581729166667,0.0518581729166667,0.0518581729166667,Cement,115
2690,-7.523418,-35,2021,NMVOCs,EPA,0.0549371174166667,0.0549371174166667,0.0549371174166667,Cement,115
2691,-7.523418,-35,2022,NMVOCs,EPA,0.0309481173055556,0.0309481173055556,0.0309481173055556,Cement,115
2692,-7.523418,-35,2014,SOX,EPA,0.094089663,0.094089663,0.094089663,Cement,115
2693,-7.523418,-35,2015,SOX,EPA,0.0832861125,0.0832861125,0.0832861125,Cement,115
2694,-7.523418,-35,2016,SOX,EPA,0.100340712,0.100340712,0.100340712,Cement,115
2695,-7.523418,-35,2017,SOX,EPA,0.099973962,0.099973962,0.099973962,Cement,115
2696,-7.523418,-35,2018,SOX,EPA,0.102560634,0.102560634,0.102560634,Cement,115
2697,-7.523418,-35,2019,SOX,EPA,0.122074614,0.122074614,0.122074614,Cement,115
2698,-7.523418,-35,2020,SOX,EPA,0.1423902375,0.1423902375,0.1423902375,Cement,115
2699,-7.523418,-35,2021,SOX,EPA,0.1508442885,0.1508442885,0.1508442885,Cement,115
2700,-7.523418,-35,2022,SOX,EPA,0.0849761865,0.0849761865,0.0849761865,Cement,115
2701,-12.718323,-38,2014,TSP,EPA,0.0113846024131944,0.0113846024131944,0.0113846024131944,Cement,115
2702,-12.718323,-38,2015,TSP,EPA,0.0113291754727778,0.0113291754727778,0.0113291754727778,Cement,115
2703,-12.718323,-38,2016,TSP,EPA,0.00965101352805556,0.00965101352805556,0.00965101352805556,Cement,115
2704,-12.718323,-38,2017,TSP,EPA,0.00921293693111111,0.00921293693111111,0.00921293693111111,Cement,115
2705,-12.718323,-38,2018,TSP,EPA,0.00936214799541667,0.00936214799541667,0.00936214799541667,Cement,115
2706,-12.718323,-38,2019,TSP,EPA,0.0101882559525,0.0101882559525,0.0101882559525,Cement,115
2707,-12.718323,-38,2020,TSP,EPA,0.0100435447229167,0.0100435447229167,0.0100435447229167,Cement,115
2708,-12.718323,-38,2021,TSP,EPA,0.0102201611791667,0.0102201611791667,0.0102201611791667,Cement,115
2709,-12.718323,-38,2022,TSP,EPA,0.00588554031555556,0.00588554031555556,0.00588554031555556,Cement,115
2710,-12.718323,-38,2014,PM10,EPA,0.00322912916666667,0.00322912916666667,0.00322912916666667,Cement,115
2711,-12.718323,-38,2015,PM10,EPA,0.00321340786666667,0.00321340786666667,0.00321340786666667,Cement,115
2712,-12.718323,-38,2016,PM10,EPA,0.00273741393333333,0.00273741393333333,0.00273741393333333,Cement,115
2713,-12.718323,-38,2017,PM10,EPA,0.00261315786666667,0.00261315786666667,0.00261315786666667,Cement,115
2714,-12.718323,-38,2018,PM10,EPA,0.0026554801,0.0026554801,0.0026554801,Cement,115
2715,-12.718323,-38,2019,PM10,EPA,0.0028897974,0.0028897974,0.0028897974,Cement,115
2716,-12.718323,-38,2020,PM10,EPA,0.0028487515,0.0028487515,0.0028487515,Cement,115
2717,-12.718323,-38,2021,PM10,EPA,0.002898847,0.002898847,0.002898847,Cement,115
2718,-12.718323,-38,2022,PM10,EPA,0.00166937493333333,0.00166937493333333,0.00166937493333333,Cement,115
2719,-12.718323,-38,2014,NOX,EPA,0.161456458333333,0.161456458333333,0.161456458333333,Cement,115
2720,-12.718323,-38,2015,NOX,EPA,0.160670393333333,0.160670393333333,0.160670393333333,Cement,115
2721,-12.718323,-38,2016,NOX,EPA,0.136870696666667,0.136870696666667,0.136870696666667,Cement,115
2722,-12.718323,-38,2017,NOX,EPA,0.130657893333333,0.130657893333333,0.130657893333333,Cement,115
2723,-12.718323,-38,2018,NOX,EPA,0.132774005,0.132774005,0.132774005,Cement,115
2724,-12.718323,-38,2019,NOX,EPA,0.14448987,0.14448987,0.14448987,Cement,115
2725,-12.718323,-38,2020,NOX,EPA,0.142437575,0.142437575,0.142437575,Cement,115
2726,-12.718323,-38,2021,NOX,EPA,0.14494235,0.14494235,0.14494235,Cement,115
2727,-12.718323,-38,2022,NOX,EPA,0.0834687466666667,0.0834687466666667,0.0834687466666667,Cement,115
2728,-12.718323,-38,2014,CO,EPA,0.013839125,0.013839125,0.013839125,Cement,115
2729,-12.718323,-38,2015,CO,EPA,0.013771748,0.013771748,0.013771748,Cement,115
2730,-12.718323,-38,2016,CO,EPA,0.011731774,0.011731774,0.011731774,Cement,115
2731,-12.718323,-38,2017,CO,EPA,0.011199248,0.011199248,0.011199248,Cement,115
2732,-12.718323,-38,2018,CO,EPA,0.011380629,0.011380629,0.011380629,Cement,115
2733,-12.718323,-38,2019,CO,EPA,0.012384846,0.012384846,0.012384846,Cement,115
2734,-12.718323,-38,2020,CO,EPA,0.012208935,0.012208935,0.012208935,Cement,115
2735,-12.718323,-38,2021,CO,EPA,0.01242363,0.01242363,0.01242363,Cement,115
2736,-12.718323,-38,2022,CO,EPA,0.007154464,0.007154464,0.007154464,Cement,115
2737,-12.718323,-38,2014,NMVOCs,EPA,0.0226807881944444,0.0226807881944444,0.0226807881944444,Cement,115
2738,-12.718323,-38,2015,NMVOCs,EPA,0.0225703647777778,0.0225703647777778,0.0225703647777778,Cement,115
2739,-12.718323,-38,2016,NMVOCs,EPA,0.0192270740555556,0.0192270740555556,0.0192270740555556,Cement,115
2740,-12.718323,-38,2017,NMVOCs,EPA,0.0183543231111111,0.0183543231111111,0.0183543231111111,Cement,115
2741,-12.718323,-38,2018,NMVOCs,EPA,0.0186515864166667,0.0186515864166667,0.0186515864166667,Cement,115
2742,-12.718323,-38,2019,NMVOCs,EPA,0.0202973865,0.0202973865,0.0202973865,Cement,115
2743,-12.718323,-38,2020,NMVOCs,EPA,0.0200090879166667,0.0200090879166667,0.0200090879166667,Cement,115
2744,-12.718323,-38,2021,NMVOCs,EPA,0.0203609491666667,0.0203609491666667,0.0203609491666667,Cement,115
2745,-12.718323,-38,2022,NMVOCs,EPA,0.0117253715555556,0.0117253715555556,0.0117253715555556,Cement,115
2746,-12.718323,-38,2014,SOX,EPA,0.0622760625,0.0622760625,0.0622760625,Cement,115
2747,-12.718323,-38,2015,SOX,EPA,0.061972866,0.061972866,0.061972866,Cement,115
2748,-12.718323,-38,2016,SOX,EPA,0.052792983,0.052792983,0.052792983,Cement,115
2749,-12.718323,-38,2017,SOX,EPA,0.050396616,0.050396616,0.050396616,Cement,115
2750,-12.718323,-38,2018,SOX,EPA,0.0512128305,0.0512128305,0.0512128305,Cement,115
2751,-12.718323,-38,2019,SOX,EPA,0.055731807,0.055731807,0.055731807,Cement,115
2752,-12.718323,-38,2020,SOX,EPA,0.0549402075,0.0549402075,0.0549402075,Cement,115
2753,-12.718323,-38,2021,SOX,EPA,0.055906335,0.055906335,0.055906335,Cement,115
2754,-12.718323,-38,2022,SOX,EPA,0.032195088,0.032195088,0.032195088,Cement,115
2755,-21.941136,-42,2014,TSP,EPA,0.016536316345625,0.016536316345625,0.016536316345625,Cement,115
2756,-21.941136,-42,2015,TSP,EPA,0.0159738423525,0.0159738423525,0.0159738423525,Cement,115
2757,-21.941136,-42,2016,TSP,EPA,0.0138496472475,0.0138496472475,0.0138496472475,Cement,115
2758,-21.941136,-42,2017,TSP,EPA,0.011934145345625,0.011934145345625,0.011934145345625,Cement,115
2759,-21.941136,-42,2018,TSP,EPA,0.01293352203,0.01293352203,0.01293352203,Cement,115
2760,-21.941136,-42,2019,TSP,EPA,0.01442960519625,0.01442960519625,0.01442960519625,Cement,115
2761,-21.941136,-42,2020,TSP,EPA,0.01376294193125,0.01376294193125,0.01376294193125,Cement,115
2762,-21.941136,-42,2021,TSP,EPA,0.01523696932625,0.01523696932625,0.01523696932625,Cement,115
2763,-21.941136,-42,2022,TSP,EPA,0.008377591150625,0.008377591150625,0.008377591150625,Cement,115
2764,-21.941136,-42,2014,PM10,EPA,0.00469036155,0.00469036155,0.00469036155,Cement,115
2765,-21.941136,-42,2015,PM10,EPA,0.0045308214,0.0045308214,0.0045308214,Cement,115
2766,-21.941136,-42,2016,PM10,EPA,0.0039283146,0.0039283146,0.0039283146,Cement,115
2767,-21.941136,-42,2017,PM10,EPA,0.00338500155,0.00338500155,0.00338500155,Cement,115
2768,-21.941136,-42,2018,PM10,EPA,0.0036684648,0.0036684648,0.0036684648,Cement,115
2769,-21.941136,-42,2019,PM10,EPA,0.0040928139,0.0040928139,0.0040928139,Cement,115
2770,-21.941136,-42,2020,PM10,EPA,0.0039037215,0.0039037215,0.0039037215,Cement,115
2771,-21.941136,-42,2021,PM10,EPA,0.0043218147,0.0043218147,0.0043218147,Cement,115
2772,-21.941136,-42,2022,PM10,EPA,0.00237622035,0.00237622035,0.00237622035,Cement,115
2773,-21.941136,-42,2014,NOX,EPA,0.2345180775,0.2345180775,0.2345180775,Cement,115
2774,-21.941136,-42,2015,NOX,EPA,0.22654107,0.22654107,0.22654107,Cement,115
2775,-21.941136,-42,2016,NOX,EPA,0.19641573,0.19641573,0.19641573,Cement,115
2776,-21.941136,-42,2017,NOX,EPA,0.1692500775,0.1692500775,0.1692500775,Cement,115
2777,-21.941136,-42,2018,NOX,EPA,0.18342324,0.18342324,0.18342324,Cement,115
2778,-21.941136,-42,2019,NOX,EPA,0.204640695,0.204640695,0.204640695,Cement,115
2779,-21.941136,-42,2020,NOX,EPA,0.195186075,0.195186075,0.195186075,Cement,115
2780,-21.941136,-42,2021,NOX,EPA,0.216090735,0.216090735,0.216090735,Cement,115
2781,-21.941136,-42,2022,NOX,EPA,0.1188110175,0.1188110175,0.1188110175,Cement,115
2782,-21.941136,-42,2014,CO,EPA,0.0201015495,0.0201015495,0.0201015495,Cement,115
2783,-21.941136,-42,2015,CO,EPA,0.019417806,0.019417806,0.019417806,Cement,115
2784,-21.941136,-42,2016,CO,EPA,0.016835634,0.016835634,0.016835634,Cement,115
2785,-21.941136,-42,2017,CO,EPA,0.0145071495,0.0145071495,0.0145071495,Cement,115
2786,-21.941136,-42,2018,CO,EPA,0.015721992,0.015721992,0.015721992,Cement,115
2787,-21.941136,-42,2019,CO,EPA,0.017540631,0.017540631,0.017540631,Cement,115
2788,-21.941136,-42,2020,CO,EPA,0.016730235,0.016730235,0.016730235,Cement,115
2789,-21.941136,-42,2021,CO,EPA,0.018522063,0.018522063,0.018522063,Cement,115
2790,-21.941136,-42,2022,CO,EPA,0.0101838015,0.0101838015,0.0101838015,Cement,115
2791,-21.941136,-42,2014,NMVOCs,EPA,0.032944206125,0.032944206125,0.032944206125,Cement,115
2792,-21.941136,-42,2015,NMVOCs,EPA,0.0318236265,0.0318236265,0.0318236265,Cement,115
2793,-21.941136,-42,2016,NMVOCs,EPA,0.0275917335,0.0275917335,0.0275917335,Cement,115
2794,-21.941136,-42,2017,NMVOCs,EPA,0.023775606125,0.023775606125,0.023775606125,Cement,115
2795,-21.941136,-42,2018,NMVOCs,EPA,0.025766598,0.025766598,0.025766598,Cement,115
2796,-21.941136,-42,2019,NMVOCs,EPA,0.02874714525,0.02874714525,0.02874714525,Cement,115
2797,-21.941136,-42,2020,NMVOCs,EPA,0.02741899625,0.02741899625,0.02741899625,Cement,115
2798,-21.941136,-42,2021,NMVOCs,EPA,0.03035560325,0.03035560325,0.03035560325,Cement,115
2799,-21.941136,-42,2022,NMVOCs,EPA,0.016690119125,0.016690119125,0.016690119125,Cement,115
2800,-21.941136,-42,2014,SOX,EPA,0.09045697275,0.09045697275,0.09045697275,Cement,115
2801,-21.941136,-42,2015,SOX,EPA,0.087380127,0.087380127,0.087380127,Cement,115
2802,-21.941136,-42,2016,SOX,EPA,0.075760353,0.075760353,0.075760353,Cement,115
2803,-21.941136,-42,2017,SOX,EPA,0.06528217275,0.06528217275,0.06528217275,Cement,115
2804,-21.941136,-42,2018,SOX,EPA,0.070748964,0.070748964,0.070748964,Cement,115
2805,-21.941136,-42,2019,SOX,EPA,0.0789328395,0.0789328395,0.0789328395,Cement,115
2806,-21.941136,-42,2020,SOX,EPA,0.0752860575,0.0752860575,0.0752860575,Cement,115
2807,-21.941136,-42,2021,SOX,EPA,0.0833492835,0.0833492835,0.0833492835,Cement,115
2808,-21.941136,-42,2022,SOX,EPA,0.04582710675,0.04582710675,0.04582710675,Cement,115
2809,-15.787776,-49,2014,TSP,EPA,0.0159659696983333,0.0159659696983333,0.0159659696983333,Cement,115
2810,-15.787776,-49,2015,TSP,EPA,0.01309853681,0.01309853681,0.01309853681,Cement,115
2811,-15.787776,-49,2016,TSP,EPA,0.0105607583583333,0.0105607583583333,0.0105607583583333,Cement,115
2812,-15.787776,-49,2017,TSP,EPA,0.0146691584633333,0.0146691584633333,0.0146691584633333,Cement,115
2813,-15.787776,-49,2018,TSP,EPA,0.0169374502866667,0.0169374502866667,0.0169374502866667,Cement,115
2814,-15.787776,-49,2019,TSP,EPA,0.0189506878583333,0.0189506878583333,0.0189506878583333,Cement,115
2815,-15.787776,-49,2020,TSP,EPA,0.01994043103,0.01994043103,0.01994043103,Cement,115
2816,-15.787776,-49,2021,TSP,EPA,0.0220811414333333,0.0220811414333333,0.0220811414333333,Cement,115
2817,-15.787776,-49,2022,TSP,EPA,0.0126294253383333,0.0126294253383333,0.0126294253383333,Cement,115
2818,-15.787776,-49,2014,PM10,EPA,0.0045285884,0.0045285884,0.0045285884,Cement,115
2819,-15.787776,-49,2015,PM10,EPA,0.0037152696,0.0037152696,0.0037152696,Cement,115
2820,-15.787776,-49,2016,PM10,EPA,0.002995454,0.002995454,0.002995454,Cement,115
2821,-15.787776,-49,2017,PM10,EPA,0.0041607608,0.0041607608,0.0041607608,Cement,115
2822,-15.787776,-49,2018,PM10,EPA,0.0048041392,0.0048041392,0.0048041392,Cement,115
2823,-15.787776,-49,2019,PM10,EPA,0.005375174,0.005375174,0.005375174,Cement,115
2824,-15.787776,-49,2020,PM10,EPA,0.0056559048,0.0056559048,0.0056559048,Cement,115
2825,-15.787776,-49,2021,PM10,EPA,0.006263096,0.006263096,0.006263096,Cement,115
2826,-15.787776,-49,2022,PM10,EPA,0.0035822108,0.0035822108,0.0035822108,Cement,115
2827,-15.787776,-49,2014,NOX,EPA,0.22642942,0.22642942,0.22642942,Cement,115
2828,-15.787776,-49,2015,NOX,EPA,0.18576348,0.18576348,0.18576348,Cement,115
2829,-15.787776,-49,2016,NOX,EPA,0.1497727,0.1497727,0.1497727,Cement,115
2830,-15.787776,-49,2017,NOX,EPA,0.20803804,0.20803804,0.20803804,Cement,115
2831,-15.787776,-49,2018,NOX,EPA,0.24020696,0.24020696,0.24020696,Cement,115
2832,-15.787776,-49,2019,NOX,EPA,0.2687587,0.2687587,0.2687587,Cement,115
2833,-15.787776,-49,2020,NOX,EPA,0.28279524,0.28279524,0.28279524,Cement,115
2834,-15.787776,-49,2021,NOX,EPA,0.3131548,0.3131548,0.3131548,Cement,115
2835,-15.787776,-49,2022,NOX,EPA,0.17911054,0.17911054,0.17911054,Cement,115
2836,-15.787776,-49,2014,CO,EPA,0.019408236,0.019408236,0.019408236,Cement,115
2837,-15.787776,-49,2015,CO,EPA,0.015922584,0.015922584,0.015922584,Cement,115
2838,-15.787776,-49,2016,CO,EPA,0.01283766,0.01283766,0.01283766,Cement,115
2839,-15.787776,-49,2017,CO,EPA,0.017831832,0.017831832,0.017831832,Cement,115
2840,-15.787776,-49,2018,CO,EPA,0.020589168,0.020589168,0.020589168,Cement,115
2841,-15.787776,-49,2019,CO,EPA,0.02303646,0.02303646,0.02303646,Cement,115
2842,-15.787776,-49,2020,CO,EPA,0.024239592,0.024239592,0.024239592,Cement,115
2843,-15.787776,-49,2021,CO,EPA,0.02684184,0.02684184,0.02684184,Cement,115
2844,-15.787776,-49,2022,CO,EPA,0.015352332,0.015352332,0.015352332,Cement,115
2845,-15.787776,-49,2014,NMVOCs,EPA,0.0318079423333333,0.0318079423333333,0.0318079423333333,Cement,115
2846,-15.787776,-49,2015,NMVOCs,EPA,0.026095346,0.026095346,0.026095346,Cement,115
2847,-15.787776,-49,2016,NMVOCs,EPA,0.0210394983333333,0.0210394983333333,0.0210394983333333,Cement,115
2848,-15.787776,-49,2017,NMVOCs,EPA,0.0292243913333333,0.0292243913333333,0.0292243913333333,Cement,115
2849,-15.787776,-49,2018,NMVOCs,EPA,0.0337433586666667,0.0337433586666667,0.0337433586666667,Cement,115
2850,-15.787776,-49,2019,NMVOCs,EPA,0.0377541983333333,0.0377541983333333,0.0377541983333333,Cement,115
2851,-15.787776,-49,2020,NMVOCs,EPA,0.039725998,0.039725998,0.039725998,Cement,115
2852,-15.787776,-49,2021,NMVOCs,EPA,0.0439907933333333,0.0439907933333333,0.0439907933333333,Cement,115
2853,-15.787776,-49,2022,NMVOCs,EPA,0.0251607663333333,0.0251607663333333,0.0251607663333333,Cement,115
2854,-15.787776,-49,2014,SOX,EPA,0.087337062,0.087337062,0.087337062,Cement,115
2855,-15.787776,-49,2015,SOX,EPA,0.071651628,0.071651628,0.071651628,Cement,115
2856,-15.787776,-49,2016,SOX,EPA,0.05776947,0.05776947,0.05776947,Cement,115
2857,-15.787776,-49,2017,SOX,EPA,0.080243244,0.080243244,0.080243244,Cement,115
2858,-15.787776,-49,2018,SOX,EPA,0.092651256,0.092651256,0.092651256,Cement,115
2859,-15.787776,-49,2019,SOX,EPA,0.10366407,0.10366407,0.10366407,Cement,115
2860,-15.787776,-49,2020,SOX,EPA,0.109078164,0.109078164,0.109078164,Cement,115
2861,-15.787776,-49,2021,SOX,EPA,0.12078828,0.12078828,0.12078828,Cement,115
2862,-15.787776,-49,2022,SOX,EPA,0.069085494,0.069085494,0.069085494,Cement,115
2863,-23.985412,-49,2014,TSP,EPA,0.0241225848245833,0.0241225848245833,0.0241225848245833,Cement,115
2864,-23.985412,-49,2015,TSP,EPA,0.021401013215,0.021401013215,0.021401013215,Cement,115
2865,-23.985412,-49,2016,TSP,EPA,0.0175078105075,0.0175078105075,0.0175078105075,Cement,115
2866,-23.985412,-49,2017,TSP,EPA,0.0160270950583333,0.0160270950583333,0.0160270950583333,Cement,115
2867,-23.985412,-49,2018,TSP,EPA,0.0155239436120833,0.0155239436120833,0.0155239436120833,Cement,115
2868,-23.985412,-49,2019,TSP,EPA,0.0151956761445833,0.0151956761445833,0.0151956761445833,Cement,115
2869,-23.985412,-49,2020,TSP,EPA,0.0173426131016667,0.0173426131016667,0.0173426131016667,Cement,115
2870,-23.985412,-49,2021,TSP,EPA,0.01930857279375,0.01930857279375,0.01930857279375,Cement,115
2871,-23.985412,-49,2022,TSP,EPA,0.0105665332833333,0.0105665332833333,0.0105665332833333,Cement,115
2872,-23.985412,-49,2014,PM10,EPA,0.0068421311,0.0068421311,0.0068421311,Cement,115
2873,-23.985412,-49,2015,PM10,EPA,0.0060701844,0.0060701844,0.0060701844,Cement,115
2874,-23.985412,-49,2016,PM10,EPA,0.0049659162,0.0049659162,0.0049659162,Cement,115
2875,-23.985412,-49,2017,PM10,EPA,0.004545926,0.004545926,0.004545926,Cement,115
2876,-23.985412,-49,2018,PM10,EPA,0.0044032121,0.0044032121,0.0044032121,Cement,115
2877,-23.985412,-49,2019,PM10,EPA,0.0043101023,0.0043101023,0.0043101023,Cement,115
2878,-23.985412,-49,2020,PM10,EPA,0.0049190596,0.0049190596,0.0049190596,Cement,115
2879,-23.985412,-49,2021,PM10,EPA,0.0054766845,0.0054766845,0.0054766845,Cement,115
2880,-23.985412,-49,2022,PM10,EPA,0.002997092,0.002997092,0.002997092,Cement,115
2881,-23.985412,-49,2014,NOX,EPA,0.342106555,0.342106555,0.342106555,Cement,115
2882,-23.985412,-49,2015,NOX,EPA,0.30350922,0.30350922,0.30350922,Cement,115
2883,-23.985412,-49,2016,NOX,EPA,0.24829581,0.24829581,0.24829581,Cement,115
2884,-23.985412,-49,2017,NOX,EPA,0.2272963,0.2272963,0.2272963,Cement,115
2885,-23.985412,-49,2018,NOX,EPA,0.220160605,0.220160605,0.220160605,Cement,115
2886,-23.985412,-49,2019,NOX,EPA,0.215505115,0.215505115,0.215505115,Cement,115
2887,-23.985412,-49,2020,NOX,EPA,0.24595298,0.24595298,0.24595298,Cement,115
2888,-23.985412,-49,2021,NOX,EPA,0.273834225,0.273834225,0.273834225,Cement,115
2889,-23.985412,-49,2022,NOX,EPA,0.1498546,0.1498546,0.1498546,Cement,115
2890,-23.985412,-49,2014,CO,EPA,0.029323419,0.029323419,0.029323419,Cement,115
2891,-23.985412,-49,2015,CO,EPA,0.026015076,0.026015076,0.026015076,Cement,115
2892,-23.985412,-49,2016,CO,EPA,0.021282498,0.021282498,0.021282498,Cement,115
2893,-23.985412,-49,2017,CO,EPA,0.01948254,0.01948254,0.01948254,Cement,115
2894,-23.985412,-49,2018,CO,EPA,0.018870909,0.018870909,0.018870909,Cement,115
2895,-23.985412,-49,2019,CO,EPA,0.018471867,0.018471867,0.018471867,Cement,115
2896,-23.985412,-49,2020,CO,EPA,0.021081684,0.021081684,0.021081684,Cement,115
2897,-23.985412,-49,2021,CO,EPA,0.023471505,0.023471505,0.023471505,Cement,115
2898,-23.985412,-49,2022,CO,EPA,0.01284468,0.01284468,0.01284468,Cement,115
2899,-23.985412,-49,2014,NMVOCs,EPA,0.0480578255833333,0.0480578255833333,0.0480578255833333,Cement,115
2900,-23.985412,-49,2015,NMVOCs,EPA,0.042635819,0.042635819,0.042635819,Cement,115
2901,-23.985412,-49,2016,NMVOCs,EPA,0.0348796495,0.0348796495,0.0348796495,Cement,115
2902,-23.985412,-49,2017,NMVOCs,EPA,0.0319297183333333,0.0319297183333333,0.0319297183333333,Cement,115
2903,-23.985412,-49,2018,NMVOCs,EPA,0.0309273230833333,0.0309273230833333,0.0309273230833333,Cement,115
2904,-23.985412,-49,2019,NMVOCs,EPA,0.0302733375833333,0.0302733375833333,0.0302733375833333,Cement,115
2905,-23.985412,-49,2020,NMVOCs,EPA,0.0345505376666667,0.0345505376666667,0.0345505376666667,Cement,115
2906,-23.985412,-49,2021,NMVOCs,EPA,0.03846718875,0.03846718875,0.03846718875,Cement,115
2907,-23.985412,-49,2022,NMVOCs,EPA,0.0210510033333333,0.0210510033333333,0.0210510033333333,Cement,115
2908,-23.985412,-49,2014,SOX,EPA,0.1319553855,0.1319553855,0.1319553855,Cement,115
2909,-23.985412,-49,2015,SOX,EPA,0.117067842,0.117067842,0.117067842,Cement,115
2910,-23.985412,-49,2016,SOX,EPA,0.095771241,0.095771241,0.095771241,Cement,115
2911,-23.985412,-49,2017,SOX,EPA,0.08767143,0.08767143,0.08767143,Cement,115
2912,-23.985412,-49,2018,SOX,EPA,0.0849190905,0.0849190905,0.0849190905,Cement,115
2913,-23.985412,-49,2019,SOX,EPA,0.0831234015,0.0831234015,0.0831234015,Cement,115
2914,-23.985412,-49,2020,SOX,EPA,0.094867578,0.094867578,0.094867578,Cement,115
2915,-23.985412,-49,2021,SOX,EPA,0.1056217725,0.1056217725,0.1056217725,Cement,115
2916,-23.985412,-49,2022,SOX,EPA,0.05780106,0.05780106,0.05780106,Cement,115
2917,-16.680796,-44,2014,TSP,EPA,0.0314208320040625,0.0314208320040625,0.0314208320040625,Cement,115
2918,-16.680796,-44,2015,TSP,EPA,0.027764673309375,0.027764673309375,0.027764673309375,Cement,115
2919,-16.680796,-44,2016,TSP,EPA,0.0244802494984375,0.0244802494984375,0.0244802494984375,Cement,115
2920,-16.680796,-44,2017,TSP,EPA,0.023830542671875,0.023830542671875,0.023830542671875,Cement,115
2921,-16.680796,-44,2018,TSP,EPA,0.025536396286875,0.025536396286875,0.025536396286875,Cement,115
2922,-16.680796,-44,2019,TSP,EPA,0.029467358119375,0.029467358119375,0.029467358119375,Cement,115
2923,-16.680796,-44,2020,TSP,EPA,0.0295193879725,0.0295193879725,0.0295193879725,Cement,115
2924,-16.680796,-44,2021,TSP,EPA,0.030923164885625,0.030923164885625,0.030923164885625,Cement,115
2925,-16.680796,-44,2022,TSP,EPA,0.0171099459390625,0.0171099459390625,0.0171099459390625,Cement,115
2926,-16.680796,-44,2014,PM10,EPA,0.008912206275,0.008912206275,0.008912206275,Cement,115
2927,-16.680796,-44,2015,PM10,EPA,0.00787517325,0.00787517325,0.00787517325,Cement,115
2928,-16.680796,-44,2016,PM10,EPA,0.006943579125,0.006943579125,0.006943579125,Cement,115
2929,-16.680796,-44,2017,PM10,EPA,0.00675929625,0.00675929625,0.00675929625,Cement,115
2930,-16.680796,-44,2018,PM10,EPA,0.00724314465,0.00724314465,0.00724314465,Cement,115
2931,-16.680796,-44,2019,PM10,EPA,0.00835812285,0.00835812285,0.00835812285,Cement,115
2932,-16.680796,-44,2020,PM10,EPA,0.0083728806,0.0083728806,0.0083728806,Cement,115
2933,-16.680796,-44,2021,PM10,EPA,0.00877104795,0.00877104795,0.00877104795,Cement,115
2934,-16.680796,-44,2022,PM10,EPA,0.004853065875,0.004853065875,0.004853065875,Cement,115
2935,-16.680796,-44,2014,NOX,EPA,0.44561031375,0.44561031375,0.44561031375,Cement,115
2936,-16.680796,-44,2015,NOX,EPA,0.3937586625,0.3937586625,0.3937586625,Cement,115
2937,-16.680796,-44,2016,NOX,EPA,0.34717895625,0.34717895625,0.34717895625,Cement,115
2938,-16.680796,-44,2017,NOX,EPA,0.3379648125,0.3379648125,0.3379648125,Cement,115
2939,-16.680796,-44,2018,NOX,EPA,0.3621572325,0.3621572325,0.3621572325,Cement,115
2940,-16.680796,-44,2019,NOX,EPA,0.4179061425,0.4179061425,0.4179061425,Cement,115
2941,-16.680796,-44,2020,NOX,EPA,0.41864403,0.41864403,0.41864403,Cement,115
2942,-16.680796,-44,2021,NOX,EPA,0.4385523975,0.4385523975,0.4385523975,Cement,115
2943,-16.680796,-44,2022,NOX,EPA,0.24265329375,0.24265329375,0.24265329375,Cement,115
2944,-16.680796,-44,2014,CO,EPA,0.03819516975,0.03819516975,0.03819516975,Cement,115
2945,-16.680796,-44,2015,CO,EPA,0.0337507425,0.0337507425,0.0337507425,Cement,115
2946,-16.680796,-44,2016,CO,EPA,0.02975819625,0.02975819625,0.02975819625,Cement,115
2947,-16.680796,-44,2017,CO,EPA,0.0289684125,0.0289684125,0.0289684125,Cement,115
2948,-16.680796,-44,2018,CO,EPA,0.0310420485,0.0310420485,0.0310420485,Cement,115
2949,-16.680796,-44,2019,CO,EPA,0.0358205265,0.0358205265,0.0358205265,Cement,115
2950,-16.680796,-44,2020,CO,EPA,0.035883774,0.035883774,0.035883774,Cement,115
2951,-16.680796,-44,2021,CO,EPA,0.0375902055,0.0375902055,0.0375902055,Cement,115
2952,-16.680796,-44,2022,CO,EPA,0.02079885375,0.02079885375,0.02079885375,Cement,115
2953,-16.680796,-44,2014,NMVOCs,EPA,0.0625976393125,0.0625976393125,0.0625976393125,Cement,115
2954,-16.680796,-44,2015,NMVOCs,EPA,0.055313716875,0.055313716875,0.055313716875,Cement,115
2955,-16.680796,-44,2016,NMVOCs,EPA,0.0487703771875,0.0487703771875,0.0487703771875,Cement,115
2956,-16.680796,-44,2017,NMVOCs,EPA,0.047476009375,0.047476009375,0.047476009375,Cement,115
2957,-16.680796,-44,2018,NMVOCs,EPA,0.050874468375,0.050874468375,0.050874468375,Cement,115
2958,-16.680796,-44,2019,NMVOCs,EPA,0.058705862875,0.058705862875,0.058705862875,Cement,115
2959,-16.680796,-44,2020,NMVOCs,EPA,0.0588095185,0.0588095185,0.0588095185,Cement,115
2960,-16.680796,-44,2021,NMVOCs,EPA,0.061606170125,0.061606170125,0.061606170125,Cement,115
2961,-16.680796,-44,2022,NMVOCs,EPA,0.0340870103125,0.0340870103125,0.0340870103125,Cement,115
2962,-16.680796,-44,2014,SOX,EPA,0.171878263875,0.171878263875,0.171878263875,Cement,115
2963,-16.680796,-44,2015,SOX,EPA,0.15187834125,0.15187834125,0.15187834125,Cement,115
2964,-16.680796,-44,2016,SOX,EPA,0.133911883125,0.133911883125,0.133911883125,Cement,115
2965,-16.680796,-44,2017,SOX,EPA,0.13035785625,0.13035785625,0.13035785625,Cement,115
2966,-16.680796,-44,2018,SOX,EPA,0.13968921825,0.13968921825,0.13968921825,Cement,115
2967,-16.680796,-44,2019,SOX,EPA,0.16119236925,0.16119236925,0.16119236925,Cement,115
2968,-16.680796,-44,2020,SOX,EPA,0.161476983,0.161476983,0.161476983,Cement,115
2969,-16.680796,-44,2021,SOX,EPA,0.16915592475,0.16915592475,0.16915592475,Cement,115
2970,-16.680796,-44,2022,SOX,EPA,0.093594841875,0.093594841875,0.093594841875,Cement,115
2971,-19.608196,-44,2014,TSP,EPA,0.0314208320040625,0.0314208320040625,0.0314208320040625,Cement,115
2972,-19.608196,-44,2015,TSP,EPA,0.027764673309375,0.027764673309375,0.027764673309375,Cement,115
2973,-19.608196,-44,2016,TSP,EPA,0.0244802494984375,0.0244802494984375,0.0244802494984375,Cement,115
2974,-19.608196,-44,2017,TSP,EPA,0.023830542671875,0.023830542671875,0.023830542671875,Cement,115
2975,-19.608196,-44,2018,TSP,EPA,0.025536396286875,0.025536396286875,0.025536396286875,Cement,115
2976,-19.608196,-44,2019,TSP,EPA,0.029467358119375,0.029467358119375,0.029467358119375,Cement,115
2977,-19.608196,-44,2020,TSP,EPA,0.0295193879725,0.0295193879725,0.0295193879725,Cement,115
2978,-19.608196,-44,2021,TSP,EPA,0.030923164885625,0.030923164885625,0.030923164885625,Cement,115
2979,-19.608196,-44,2022,TSP,EPA,0.0171099459390625,0.0171099459390625,0.0171099459390625,Cement,115
2980,-19.608196,-44,2014,PM10,EPA,0.008912206275,0.008912206275,0.008912206275,Cement,115
2981,-19.608196,-44,2015,PM10,EPA,0.00787517325,0.00787517325,0.00787517325,Cement,115
2982,-19.608196,-44,2016,PM10,EPA,0.006943579125,0.006943579125,0.006943579125,Cement,115
2983,-19.608196,-44,2017,PM10,EPA,0.00675929625,0.00675929625,0.00675929625,Cement,115
2984,-19.608196,-44,2018,PM10,EPA,0.00724314465,0.00724314465,0.00724314465,Cement,115
2985,-19.608196,-44,2019,PM10,EPA,0.00835812285,0.00835812285,0.00835812285,Cement,115
2986,-19.608196,-44,2020,PM10,EPA,0.0083728806,0.0083728806,0.0083728806,Cement,115
2987,-19.608196,-44,2021,PM10,EPA,0.00877104795,0.00877104795,0.00877104795,Cement,115
2988,-19.608196,-44,2022,PM10,EPA,0.004853065875,0.004853065875,0.004853065875,Cement,115
2989,-19.608196,-44,2014,NOX,EPA,0.44561031375,0.44561031375,0.44561031375,Cement,115
2990,-19.608196,-44,2015,NOX,EPA,0.3937586625,0.3937586625,0.3937586625,Cement,115
2991,-19.608196,-44,2016,NOX,EPA,0.34717895625,0.34717895625,0.34717895625,Cement,115
2992,-19.608196,-44,2017,NOX,EPA,0.3379648125,0.3379648125,0.3379648125,Cement,115
2993,-19.608196,-44,2018,NOX,EPA,0.3621572325,0.3621572325,0.3621572325,Cement,115
2994,-19.608196,-44,2019,NOX,EPA,0.4179061425,0.4179061425,0.4179061425,Cement,115
2995,-19.608196,-44,2020,NOX,EPA,0.41864403,0.41864403,0.41864403,Cement,115
2996,-19.608196,-44,2021,NOX,EPA,0.4385523975,0.4385523975,0.4385523975,Cement,115
2997,-19.608196,-44,2022,NOX,EPA,0.24265329375,0.24265329375,0.24265329375,Cement,115
2998,-19.608196,-44,2014,CO,EPA,0.03819516975,0.03819516975,0.03819516975,Cement,115
2999,-19.608196,-44,2015,CO,EPA,0.0337507425,0.0337507425,0.0337507425,Cement,115
3000,-19.608196,-44,2016,CO,EPA,0.02975819625,0.02975819625,0.02975819625,Cement,115
3001,-19.608196,-44,2017,CO,EPA,0.0289684125,0.0289684125,0.0289684125,Cement,115
3002,-19.608196,-44,2018,CO,EPA,0.0310420485,0.0310420485,0.0310420485,Cement,115
3003,-19.608196,-44,2019,CO,EPA,0.0358205265,0.0358205265,0.0358205265,Cement,115
3004,-19.608196,-44,2020,CO,EPA,0.035883774,0.035883774,0.035883774,Cement,115
3005,-19.608196,-44,2021,CO,EPA,0.0375902055,0.0375902055,0.0375902055,Cement,115
3006,-19.608196,-44,2022,CO,EPA,0.02079885375,0.02079885375,0.02079885375,Cement,115
3007,-19.608196,-44,2014,NMVOCs,EPA,0.0625976393125,0.0625976393125,0.0625976393125,Cement,115
3008,-19.608196,-44,2015,NMVOCs,EPA,0.055313716875,0.055313716875,0.055313716875,Cement,115
3009,-19.608196,-44,2016,NMVOCs,EPA,0.0487703771875,0.0487703771875,0.0487703771875,Cement,115
3010,-19.608196,-44,2017,NMVOCs,EPA,0.047476009375,0.047476009375,0.047476009375,Cement,115
3011,-19.608196,-44,2018,NMVOCs,EPA,0.050874468375,0.050874468375,0.050874468375,Cement,115
3012,-19.608196,-44,2019,NMVOCs,EPA,0.058705862875,0.058705862875,0.058705862875,Cement,115
3013,-19.608196,-44,2020,NMVOCs,EPA,0.0588095185,0.0588095185,0.0588095185,Cement,115
3014,-19.608196,-44,2021,NMVOCs,EPA,0.061606170125,0.061606170125,0.061606170125,Cement,115
3015,-19.608196,-44,2022,NMVOCs,EPA,0.0340870103125,0.0340870103125,0.0340870103125,Cement,115
3016,-19.608196,-44,2014,SOX,EPA,0.171878263875,0.171878263875,0.171878263875,Cement,115
3017,-19.608196,-44,2015,SOX,EPA,0.15187834125,0.15187834125,0.15187834125,Cement,115
3018,-19.608196,-44,2016,SOX,EPA,0.133911883125,0.133911883125,0.133911883125,Cement,115
3019,-19.608196,-44,2017,SOX,EPA,0.13035785625,0.13035785625,0.13035785625,Cement,115
3020,-19.608196,-44,2018,SOX,EPA,0.13968921825,0.13968921825,0.13968921825,Cement,115
3021,-19.608196,-44,2019,SOX,EPA,0.16119236925,0.16119236925,0.16119236925,Cement,115
3022,-19.608196,-44,2020,SOX,EPA,0.161476983,0.161476983,0.161476983,Cement,115
3023,-19.608196,-44,2021,SOX,EPA,0.16915592475,0.16915592475,0.16915592475,Cement,115
3024,-19.608196,-44,2022,SOX,EPA,0.093594841875,0.093594841875,0.093594841875,Cement,115
3025,-22.889338,-44,2014,TSP,EPA,0.016536316345625,0.016536316345625,0.016536316345625,Cement,115
3026,-22.889338,-44,2015,TSP,EPA,0.0159738423525,0.0159738423525,0.0159738423525,Cement,115
3027,-22.889338,-44,2016,TSP,EPA,0.0138496472475,0.0138496472475,0.0138496472475,Cement,115
3028,-22.889338,-44,2017,TSP,EPA,0.011934145345625,0.011934145345625,0.011934145345625,Cement,115
3029,-22.889338,-44,2018,TSP,EPA,0.01293352203,0.01293352203,0.01293352203,Cement,115
3030,-22.889338,-44,2019,TSP,EPA,0.01442960519625,0.01442960519625,0.01442960519625,Cement,115
3031,-22.889338,-44,2020,TSP,EPA,0.01376294193125,0.01376294193125,0.01376294193125,Cement,115
3032,-22.889338,-44,2021,TSP,EPA,0.01523696932625,0.01523696932625,0.01523696932625,Cement,115
3033,-22.889338,-44,2022,TSP,EPA,0.008377591150625,0.008377591150625,0.008377591150625,Cement,115
3034,-22.889338,-44,2014,PM10,EPA,0.00469036155,0.00469036155,0.00469036155,Cement,115
3035,-22.889338,-44,2015,PM10,EPA,0.0045308214,0.0045308214,0.0045308214,Cement,115
3036,-22.889338,-44,2016,PM10,EPA,0.0039283146,0.0039283146,0.0039283146,Cement,115
3037,-22.889338,-44,2017,PM10,EPA,0.00338500155,0.00338500155,0.00338500155,Cement,115
3038,-22.889338,-44,2018,PM10,EPA,0.0036684648,0.0036684648,0.0036684648,Cement,115
3039,-22.889338,-44,2019,PM10,EPA,0.0040928139,0.0040928139,0.0040928139,Cement,115
3040,-22.889338,-44,2020,PM10,EPA,0.0039037215,0.0039037215,0.0039037215,Cement,115
3041,-22.889338,-44,2021,PM10,EPA,0.0043218147,0.0043218147,0.0043218147,Cement,115
3042,-22.889338,-44,2022,PM10,EPA,0.00237622035,0.00237622035,0.00237622035,Cement,115
3043,-22.889338,-44,2014,NOX,EPA,0.2345180775,0.2345180775,0.2345180775,Cement,115
3044,-22.889338,-44,2015,NOX,EPA,0.22654107,0.22654107,0.22654107,Cement,115
3045,-22.889338,-44,2016,NOX,EPA,0.19641573,0.19641573,0.19641573,Cement,115
3046,-22.889338,-44,2017,NOX,EPA,0.1692500775,0.1692500775,0.1692500775,Cement,115
3047,-22.889338,-44,2018,NOX,EPA,0.18342324,0.18342324,0.18342324,Cement,115
3048,-22.889338,-44,2019,NOX,EPA,0.204640695,0.204640695,0.204640695,Cement,115
3049,-22.889338,-44,2020,NOX,EPA,0.195186075,0.195186075,0.195186075,Cement,115
3050,-22.889338,-44,2021,NOX,EPA,0.216090735,0.216090735,0.216090735,Cement,115
3051,-22.889338,-44,2022,NOX,EPA,0.1188110175,0.1188110175,0.1188110175,Cement,115
3052,-22.889338,-44,2014,CO,EPA,0.0201015495,0.0201015495,0.0201015495,Cement,115
3053,-22.889338,-44,2015,CO,EPA,0.019417806,0.019417806,0.019417806,Cement,115
3054,-22.889338,-44,2016,CO,EPA,0.016835634,0.016835634,0.016835634,Cement,115
3055,-22.889338,-44,2017,CO,EPA,0.0145071495,0.0145071495,0.0145071495,Cement,115
3056,-22.889338,-44,2018,CO,EPA,0.015721992,0.015721992,0.015721992,Cement,115
3057,-22.889338,-44,2019,CO,EPA,0.017540631,0.017540631,0.017540631,Cement,115
3058,-22.889338,-44,2020,CO,EPA,0.016730235,0.016730235,0.016730235,Cement,115
3059,-22.889338,-44,2021,CO,EPA,0.018522063,0.018522063,0.018522063,Cement,115
3060,-22.889338,-44,2022,CO,EPA,0.0101838015,0.0101838015,0.0101838015,Cement,115
3061,-22.889338,-44,2014,NMVOCs,EPA,0.032944206125,0.032944206125,0.032944206125,Cement,115
3062,-22.889338,-44,2015,NMVOCs,EPA,0.0318236265,0.0318236265,0.0318236265,Cement,115
3063,-22.889338,-44,2016,NMVOCs,EPA,0.0275917335,0.0275917335,0.0275917335,Cement,115
3064,-22.889338,-44,2017,NMVOCs,EPA,0.023775606125,0.023775606125,0.023775606125,Cement,115
3065,-22.889338,-44,2018,NMVOCs,EPA,0.025766598,0.025766598,0.025766598,Cement,115
3066,-22.889338,-44,2019,NMVOCs,EPA,0.02874714525,0.02874714525,0.02874714525,Cement,115
3067,-22.889338,-44,2020,NMVOCs,EPA,0.02741899625,0.02741899625,0.02741899625,Cement,115
3068,-22.889338,-44,2021,NMVOCs,EPA,0.03035560325,0.03035560325,0.03035560325,Cement,115
3069,-22.889338,-44,2022,NMVOCs,EPA,0.016690119125,0.016690119125,0.016690119125,Cement,115
3070,-22.889338,-44,2014,SOX,EPA,0.09045697275,0.09045697275,0.09045697275,Cement,115
3071,-22.889338,-44,2015,SOX,EPA,0.087380127,0.087380127,0.087380127,Cement,115
3072,-22.889338,-44,2016,SOX,EPA,0.075760353,0.075760353,0.075760353,Cement,115
3073,-22.889338,-44,2017,SOX,EPA,0.06528217275,0.06528217275,0.06528217275,Cement,115
3074,-22.889338,-44,2018,SOX,EPA,0.070748964,0.070748964,0.070748964,Cement,115
3075,-22.889338,-44,2019,SOX,EPA,0.0789328395,0.0789328395,0.0789328395,Cement,115
3076,-22.889338,-44,2020,SOX,EPA,0.0752860575,0.0752860575,0.0752860575,Cement,115
3077,-22.889338,-44,2021,SOX,EPA,0.0833492835,0.0833492835,0.0833492835,Cement,115
3078,-22.889338,-44,2022,SOX,EPA,0.04582710675,0.04582710675,0.04582710675,Cement,115
3079,-19.810343,-44,2014,TSP,EPA,0.0314208320040625,0.0314208320040625,0.0314208320040625,Cement,115
3080,-19.810343,-44,2015,TSP,EPA,0.027764673309375,0.027764673309375,0.027764673309375,Cement,115
3081,-19.810343,-44,2016,TSP,EPA,0.0244802494984375,0.0244802494984375,0.0244802494984375,Cement,115
3082,-19.810343,-44,2017,TSP,EPA,0.023830542671875,0.023830542671875,0.023830542671875,Cement,115
3083,-19.810343,-44,2018,TSP,EPA,0.025536396286875,0.025536396286875,0.025536396286875,Cement,115
3084,-19.810343,-44,2019,TSP,EPA,0.029467358119375,0.029467358119375,0.029467358119375,Cement,115
3085,-19.810343,-44,2020,TSP,EPA,0.0295193879725,0.0295193879725,0.0295193879725,Cement,115
3086,-19.810343,-44,2021,TSP,EPA,0.030923164885625,0.030923164885625,0.030923164885625,Cement,115
3087,-19.810343,-44,2022,TSP,EPA,0.0171099459390625,0.0171099459390625,0.0171099459390625,Cement,115
3088,-19.810343,-44,2014,PM10,EPA,0.008912206275,0.008912206275,0.008912206275,Cement,115
3089,-19.810343,-44,2015,PM10,EPA,0.00787517325,0.00787517325,0.00787517325,Cement,115
3090,-19.810343,-44,2016,PM10,EPA,0.006943579125,0.006943579125,0.006943579125,Cement,115
3091,-19.810343,-44,2017,PM10,EPA,0.00675929625,0.00675929625,0.00675929625,Cement,115
3092,-19.810343,-44,2018,PM10,EPA,0.00724314465,0.00724314465,0.00724314465,Cement,115
3093,-19.810343,-44,2019,PM10,EPA,0.00835812285,0.00835812285,0.00835812285,Cement,115
3094,-19.810343,-44,2020,PM10,EPA,0.0083728806,0.0083728806,0.0083728806,Cement,115
3095,-19.810343,-44,2021,PM10,EPA,0.00877104795,0.00877104795,0.00877104795,Cement,115
3096,-19.810343,-44,2022,PM10,EPA,0.004853065875,0.004853065875,0.004853065875,Cement,115
3097,-19.810343,-44,2014,NOX,EPA,0.44561031375,0.44561031375,0.44561031375,Cement,115
3098,-19.810343,-44,2015,NOX,EPA,0.3937586625,0.3937586625,0.3937586625,Cement,115
3099,-19.810343,-44,2016,NOX,EPA,0.34717895625,0.34717895625,0.34717895625,Cement,115
3100,-19.810343,-44,2017,NOX,EPA,0.3379648125,0.3379648125,0.3379648125,Cement,115
3101,-19.810343,-44,2018,NOX,EPA,0.3621572325,0.3621572325,0.3621572325,Cement,115
3102,-19.810343,-44,2019,NOX,EPA,0.4179061425,0.4179061425,0.4179061425,Cement,115
3103,-19.810343,-44,2020,NOX,EPA,0.41864403,0.41864403,0.41864403,Cement,115
3104,-19.810343,-44,2021,NOX,EPA,0.4385523975,0.4385523975,0.4385523975,Cement,115
3105,-19.810343,-44,2022,NOX,EPA,0.24265329375,0.24265329375,0.24265329375,Cement,115
3106,-19.810343,-44,2014,CO,EPA,0.03819516975,0.03819516975,0.03819516975,Cement,115
3107,-19.810343,-44,2015,CO,EPA,0.0337507425,0.0337507425,0.0337507425,Cement,115
3108,-19.810343,-44,2016,CO,EPA,0.02975819625,0.02975819625,0.02975819625,Cement,115
3109,-19.810343,-44,2017,CO,EPA,0.0289684125,0.0289684125,0.0289684125,Cement,115
3110,-19.810343,-44,2018,CO,EPA,0.0310420485,0.0310420485,0.0310420485,Cement,115
3111,-19.810343,-44,2019,CO,EPA,0.0358205265,0.0358205265,0.0358205265,Cement,115
3112,-19.810343,-44,2020,CO,EPA,0.035883774,0.035883774,0.035883774,Cement,115
3113,-19.810343,-44,2021,CO,EPA,0.0375902055,0.0375902055,0.0375902055,Cement,115
3114,-19.810343,-44,2022,CO,EPA,0.02079885375,0.02079885375,0.02079885375,Cement,115
3115,-19.810343,-44,2014,NMVOCs,EPA,0.0625976393125,0.0625976393125,0.0625976393125,Cement,115
3116,-19.810343,-44,2015,NMVOCs,EPA,0.055313716875,0.055313716875,0.055313716875,Cement,115
3117,-19.810343,-44,2016,NMVOCs,EPA,0.0487703771875,0.0487703771875,0.0487703771875,Cement,115
3118,-19.810343,-44,2017,NMVOCs,EPA,0.047476009375,0.047476009375,0.047476009375,Cement,115
3119,-19.810343,-44,2018,NMVOCs,EPA,0.050874468375,0.050874468375,0.050874468375,Cement,115
3120,-19.810343,-44,2019,NMVOCs,EPA,0.058705862875,0.058705862875,0.058705862875,Cement,115
3121,-19.810343,-44,2020,NMVOCs,EPA,0.0588095185,0.0588095185,0.0588095185,Cement,115
3122,-19.810343,-44,2021,NMVOCs,EPA,0.061606170125,0.061606170125,0.061606170125,Cement,115
3123,-19.810343,-44,2022,NMVOCs,EPA,0.0340870103125,0.0340870103125,0.0340870103125,Cement,115
3124,-19.810343,-44,2014,SOX,EPA,0.171878263875,0.171878263875,0.171878263875,Cement,115
3125,-19.810343,-44,2015,SOX,EPA,0.15187834125,0.15187834125,0.15187834125,Cement,115
3126,-19.810343,-44,2016,SOX,EPA,0.133911883125,0.133911883125,0.133911883125,Cement,115
3127,-19.810343,-44,2017,SOX,EPA,0.13035785625,0.13035785625,0.13035785625,Cement,115
3128,-19.810343,-44,2018,SOX,EPA,0.13968921825,0.13968921825,0.13968921825,Cement,115
3129,-19.810343,-44,2019,SOX,EPA,0.16119236925,0.16119236925,0.16119236925,Cement,115
3130,-19.810343,-44,2020,SOX,EPA,0.161476983,0.161476983,0.161476983,Cement,115
3131,-19.810343,-44,2021,SOX,EPA,0.16915592475,0.16915592475,0.16915592475,Cement,115
3132,-19.810343,-44,2022,SOX,EPA,0.093594841875,0.093594841875,0.093594841875,Cement,115
3133,-20.189102,-40,2014,TSP,EPA,0.03143543405,0.03143543405,0.03143543405,Cement,115
3134,-20.189102,-40,2015,TSP,EPA,0.0307022752383333,0.0307022752383333,0.0307022752383333,Cement,115
3135,-20.189102,-40,2016,TSP,EPA,0.02943831691,0.02943831691,0.02943831691,Cement,115
3136,-20.189102,-40,2017,TSP,EPA,0.0275534899783333,0.0275534899783333,0.0275534899783333,Cement,115
3137,-20.189102,-40,2018,TSP,EPA,0.01825125066,0.01825125066,0.01825125066,Cement,115
3138,-20.189102,-40,2019,TSP,EPA,0.015841566955,0.015841566955,0.015841566955,Cement,115
3139,-20.189102,-40,2020,TSP,EPA,0.0177418825316667,0.0177418825316667,0.0177418825316667,Cement,115
3140,-20.189102,-40,2021,TSP,EPA,0.0195146660466667,0.0195146660466667,0.0195146660466667,Cement,115
3141,-20.189102,-40,2022,TSP,EPA,0.011051103785,0.011051103785,0.011051103785,Cement,115
3142,-20.189102,-40,2014,PM10,EPA,0.008916348,0.008916348,0.008916348,Cement,115
3143,-20.189102,-40,2015,PM10,EPA,0.0087083948,0.0087083948,0.0087083948,Cement,115
3144,-20.189102,-40,2016,PM10,EPA,0.0083498856,0.0083498856,0.0083498856,Cement,115
3145,-20.189102,-40,2017,PM10,EPA,0.0078152732,0.0078152732,0.0078152732,Cement,115
3146,-20.189102,-40,2018,PM10,EPA,0.0051767856,0.0051767856,0.0051767856,Cement,115
3147,-20.189102,-40,2019,PM10,EPA,0.0044933028,0.0044933028,0.0044933028,Cement,115
3148,-20.189102,-40,2020,PM10,EPA,0.0050323084,0.0050323084,0.0050323084,Cement,115
3149,-20.189102,-40,2021,PM10,EPA,0.0055351408,0.0055351408,0.0055351408,Cement,115
3150,-20.189102,-40,2022,PM10,EPA,0.0031345356,0.0031345356,0.0031345356,Cement,115
3151,-20.189102,-40,2014,NOX,EPA,0.4458174,0.4458174,0.4458174,Cement,115
3152,-20.189102,-40,2015,NOX,EPA,0.43541974,0.43541974,0.43541974,Cement,115
3153,-20.189102,-40,2016,NOX,EPA,0.41749428,0.41749428,0.41749428,Cement,115
3154,-20.189102,-40,2017,NOX,EPA,0.39076366,0.39076366,0.39076366,Cement,115
3155,-20.189102,-40,2018,NOX,EPA,0.25883928,0.25883928,0.25883928,Cement,115
3156,-20.189102,-40,2019,NOX,EPA,0.22466514,0.22466514,0.22466514,Cement,115
3157,-20.189102,-40,2020,NOX,EPA,0.25161542,0.25161542,0.25161542,Cement,115
3158,-20.189102,-40,2021,NOX,EPA,0.27675704,0.27675704,0.27675704,Cement,115
3159,-20.189102,-40,2022,NOX,EPA,0.15672678,0.15672678,0.15672678,Cement,115
3160,-20.189102,-40,2014,CO,EPA,0.03821292,0.03821292,0.03821292,Cement,115
3161,-20.189102,-40,2015,CO,EPA,0.037321692,0.037321692,0.037321692,Cement,115
3162,-20.189102,-40,2016,CO,EPA,0.035785224,0.035785224,0.035785224,Cement,115
3163,-20.189102,-40,2017,CO,EPA,0.033494028,0.033494028,0.033494028,Cement,115
3164,-20.189102,-40,2018,CO,EPA,0.022186224,0.022186224,0.022186224,Cement,115
3165,-20.189102,-40,2019,CO,EPA,0.019257012,0.019257012,0.019257012,Cement,115
3166,-20.189102,-40,2020,CO,EPA,0.021567036,0.021567036,0.021567036,Cement,115
3167,-20.189102,-40,2021,CO,EPA,0.023722032,0.023722032,0.023722032,Cement,115
3168,-20.189102,-40,2022,CO,EPA,0.013433724,0.013433724,0.013433724,Cement,115
3169,-20.189102,-40,2014,NMVOCs,EPA,0.06262673,0.06262673,0.06262673,Cement,115
3170,-20.189102,-40,2015,NMVOCs,EPA,0.0611661063333333,0.0611661063333333,0.0611661063333333,Cement,115
3171,-20.189102,-40,2016,NMVOCs,EPA,0.058648006,0.058648006,0.058648006,Cement,115
3172,-20.189102,-40,2017,NMVOCs,EPA,0.0548929903333333,0.0548929903333333,0.0548929903333333,Cement,115
3173,-20.189102,-40,2018,NMVOCs,EPA,0.036360756,0.036360756,0.036360756,Cement,115
3174,-20.189102,-40,2019,NMVOCs,EPA,0.031560103,0.031560103,0.031560103,Cement,115
3175,-20.189102,-40,2020,NMVOCs,EPA,0.0353459756666667,0.0353459756666667,0.0353459756666667,Cement,115
3176,-20.189102,-40,2021,NMVOCs,EPA,0.0388777746666667,0.0388777746666667,0.0388777746666667,Cement,115
3177,-20.189102,-40,2022,NMVOCs,EPA,0.022016381,0.022016381,0.022016381,Cement,115
3178,-20.189102,-40,2014,SOX,EPA,0.17195814,0.17195814,0.17195814,Cement,115
3179,-20.189102,-40,2015,SOX,EPA,0.167947614,0.167947614,0.167947614,Cement,115
3180,-20.189102,-40,2016,SOX,EPA,0.161033508,0.161033508,0.161033508,Cement,115
3181,-20.189102,-40,2017,SOX,EPA,0.150723126,0.150723126,0.150723126,Cement,115
3182,-20.189102,-40,2018,SOX,EPA,0.099838008,0.099838008,0.099838008,Cement,115
3183,-20.189102,-40,2019,SOX,EPA,0.086656554,0.086656554,0.086656554,Cement,115
3184,-20.189102,-40,2020,SOX,EPA,0.097051662,0.097051662,0.097051662,Cement,115
3185,-20.189102,-40,2021,SOX,EPA,0.106749144,0.106749144,0.106749144,Cement,115
3186,-20.189102,-40,2022,SOX,EPA,0.060451758,0.060451758,0.060451758,Cement,115
3187,-23.518181,-47,2014,TSP,EPA,0.0241225848245833,0.0241225848245833,0.0241225848245833,Cement,115
3188,-23.518181,-47,2015,TSP,EPA,0.021401013215,0.021401013215,0.021401013215,Cement,115
3189,-23.518181,-47,2016,TSP,EPA,0.0175078105075,0.0175078105075,0.0175078105075,Cement,115
3190,-23.518181,-47,2017,TSP,EPA,0.0160270950583333,0.0160270950583333,0.0160270950583333,Cement,115
3191,-23.518181,-47,2018,TSP,EPA,0.0155239436120833,0.0155239436120833,0.0155239436120833,Cement,115
3192,-23.518181,-47,2019,TSP,EPA,0.0151956761445833,0.0151956761445833,0.0151956761445833,Cement,115
3193,-23.518181,-47,2020,TSP,EPA,0.0173426131016667,0.0173426131016667,0.0173426131016667,Cement,115
3194,-23.518181,-47,2021,TSP,EPA,0.01930857279375,0.01930857279375,0.01930857279375,Cement,115
3195,-23.518181,-47,2022,TSP,EPA,0.0105665332833333,0.0105665332833333,0.0105665332833333,Cement,115
3196,-23.518181,-47,2014,PM10,EPA,0.0068421311,0.0068421311,0.0068421311,Cement,115
3197,-23.518181,-47,2015,PM10,EPA,0.0060701844,0.0060701844,0.0060701844,Cement,115
3198,-23.518181,-47,2016,PM10,EPA,0.0049659162,0.0049659162,0.0049659162,Cement,115
3199,-23.518181,-47,2017,PM10,EPA,0.004545926,0.004545926,0.004545926,Cement,115
3200,-23.518181,-47,2018,PM10,EPA,0.0044032121,0.0044032121,0.0044032121,Cement,115
3201,-23.518181,-47,2019,PM10,EPA,0.0043101023,0.0043101023,0.0043101023,Cement,115
3202,-23.518181,-47,2020,PM10,EPA,0.0049190596,0.0049190596,0.0049190596,Cement,115
3203,-23.518181,-47,2021,PM10,EPA,0.0054766845,0.0054766845,0.0054766845,Cement,115
3204,-23.518181,-47,2022,PM10,EPA,0.002997092,0.002997092,0.002997092,Cement,115
3205,-23.518181,-47,2014,NOX,EPA,0.342106555,0.342106555,0.342106555,Cement,115
3206,-23.518181,-47,2015,NOX,EPA,0.30350922,0.30350922,0.30350922,Cement,115
3207,-23.518181,-47,2016,NOX,EPA,0.24829581,0.24829581,0.24829581,Cement,115
3208,-23.518181,-47,2017,NOX,EPA,0.2272963,0.2272963,0.2272963,Cement,115
3209,-23.518181,-47,2018,NOX,EPA,0.220160605,0.220160605,0.220160605,Cement,115
3210,-23.518181,-47,2019,NOX,EPA,0.215505115,0.215505115,0.215505115,Cement,115
3211,-23.518181,-47,2020,NOX,EPA,0.24595298,0.24595298,0.24595298,Cement,115
3212,-23.518181,-47,2021,NOX,EPA,0.273834225,0.273834225,0.273834225,Cement,115
3213,-23.518181,-47,2022,NOX,EPA,0.1498546,0.1498546,0.1498546,Cement,115
3214,-23.518181,-47,2014,CO,EPA,0.029323419,0.029323419,0.029323419,Cement,115
3215,-23.518181,-47,2015,CO,EPA,0.026015076,0.026015076,0.026015076,Cement,115
3216,-23.518181,-47,2016,CO,EPA,0.021282498,0.021282498,0.021282498,Cement,115
3217,-23.518181,-47,2017,CO,EPA,0.01948254,0.01948254,0.01948254,Cement,115
3218,-23.518181,-47,2018,CO,EPA,0.018870909,0.018870909,0.018870909,Cement,115
3219,-23.518181,-47,2019,CO,EPA,0.018471867,0.018471867,0.018471867,Cement,115
3220,-23.518181,-47,2020,CO,EPA,0.021081684,0.021081684,0.021081684,Cement,115
3221,-23.518181,-47,2021,CO,EPA,0.023471505,0.023471505,0.023471505,Cement,115
3222,-23.518181,-47,2022,CO,EPA,0.01284468,0.01284468,0.01284468,Cement,115
3223,-23.518181,-47,2014,NMVOCs,EPA,0.0480578255833333,0.0480578255833333,0.0480578255833333,Cement,115
3224,-23.518181,-47,2015,NMVOCs,EPA,0.042635819,0.042635819,0.042635819,Cement,115
3225,-23.518181,-47,2016,NMVOCs,EPA,0.0348796495,0.0348796495,0.0348796495,Cement,115
3226,-23.518181,-47,2017,NMVOCs,EPA,0.0319297183333333,0.0319297183333333,0.0319297183333333,Cement,115
3227,-23.518181,-47,2018,NMVOCs,EPA,0.0309273230833333,0.0309273230833333,0.0309273230833333,Cement,115
3228,-23.518181,-47,2019,NMVOCs,EPA,0.0302733375833333,0.0302733375833333,0.0302733375833333,Cement,115
3229,-23.518181,-47,2020,NMVOCs,EPA,0.0345505376666667,0.0345505376666667,0.0345505376666667,Cement,115
3230,-23.518181,-47,2021,NMVOCs,EPA,0.03846718875,0.03846718875,0.03846718875,Cement,115
3231,-23.518181,-47,2022,NMVOCs,EPA,0.0210510033333333,0.0210510033333333,0.0210510033333333,Cement,115
3232,-23.518181,-47,2014,SOX,EPA,0.1319553855,0.1319553855,0.1319553855,Cement,115
3233,-23.518181,-47,2015,SOX,EPA,0.117067842,0.117067842,0.117067842,Cement,115
3234,-23.518181,-47,2016,SOX,EPA,0.095771241,0.095771241,0.095771241,Cement,115
3235,-23.518181,-47,2017,SOX,EPA,0.08767143,0.08767143,0.08767143,Cement,115
3236,-23.518181,-47,2018,SOX,EPA,0.0849190905,0.0849190905,0.0849190905,Cement,115
3237,-23.518181,-47,2019,SOX,EPA,0.0831234015,0.0831234015,0.0831234015,Cement,115
3238,-23.518181,-47,2020,SOX,EPA,0.094867578,0.094867578,0.094867578,Cement,115
3239,-23.518181,-47,2021,SOX,EPA,0.1056217725,0.1056217725,0.1056217725,Cement,115
3240,-23.518181,-47,2022,SOX,EPA,0.05780106,0.05780106,0.05780106,Cement,115
3241,-5.073479,-38,2014,TSP,EPA,0.0190485116875926,0.0190485116875926,0.0190485116875926,Cement,115
3242,-5.073479,-38,2015,TSP,EPA,0.019457521162037,0.019457521162037,0.019457521162037,Cement,115
3243,-5.073479,-38,2016,TSP,EPA,0.0148893898624074,0.0148893898624074,0.0148893898624074,Cement,115
3244,-5.073479,-38,2017,TSP,EPA,0.0116574698131481,0.0116574698131481,0.0116574698131481,Cement,115
3245,-5.073479,-38,2018,TSP,EPA,0.0102631012838889,0.0102631012838889,0.0102631012838889,Cement,115
3246,-5.073479,-38,2019,TSP,EPA,0.00984662224833333,0.00984662224833333,0.00984662224833333,Cement,115
3247,-5.073479,-38,2020,TSP,EPA,0.0120859538922222,0.0120859538922222,0.0120859538922222,Cement,115
3248,-5.073479,-38,2021,TSP,EPA,0.0136531895638889,0.0136531895638889,0.0136531895638889,Cement,115
3249,-5.073479,-38,2022,TSP,EPA,0.00679224412407407,0.00679224412407407,0.00679224412407407,Cement,115
3250,-5.073479,-38,2014,PM10,EPA,0.00540292075555556,0.00540292075555556,0.00540292075555556,Cement,115
3251,-5.073479,-38,2015,PM10,EPA,0.00551893222222222,0.00551893222222222,0.00551893222222222,Cement,115
3252,-5.073479,-38,2016,PM10,EPA,0.00422322724444444,0.00422322724444444,0.00422322724444444,Cement,115
3253,-5.073479,-38,2017,PM10,EPA,0.00330652528888889,0.00330652528888889,0.00330652528888889,Cement,115
3254,-5.073479,-38,2018,PM10,EPA,0.00291102653333333,0.00291102653333333,0.00291102653333333,Cement,115
3255,-5.073479,-38,2019,PM10,EPA,0.0027928964,0.0027928964,0.0027928964,Cement,115
3256,-5.073479,-38,2020,PM10,EPA,0.00342806053333333,0.00342806053333333,0.00342806053333333,Cement,115
3257,-5.073479,-38,2021,PM10,EPA,0.00387259133333333,0.00387259133333333,0.00387259133333333,Cement,115
3258,-5.073479,-38,2022,PM10,EPA,0.00192655244444444,0.00192655244444444,0.00192655244444444,Cement,115
3259,-5.073479,-38,2014,NOX,EPA,0.270146037777778,0.270146037777778,0.270146037777778,Cement,115
3260,-5.073479,-38,2015,NOX,EPA,0.275946611111111,0.275946611111111,0.275946611111111,Cement,115
3261,-5.073479,-38,2016,NOX,EPA,0.211161362222222,0.211161362222222,0.211161362222222,Cement,115
3262,-5.073479,-38,2017,NOX,EPA,0.165326264444444,0.165326264444444,0.165326264444444,Cement,115
3263,-5.073479,-38,2018,NOX,EPA,0.145551326666667,0.145551326666667,0.145551326666667,Cement,115
3264,-5.073479,-38,2019,NOX,EPA,0.13964482,0.13964482,0.13964482,Cement,115
3265,-5.073479,-38,2020,NOX,EPA,0.171403026666667,0.171403026666667,0.171403026666667,Cement,115
3266,-5.073479,-38,2021,NOX,EPA,0.193629566666667,0.193629566666667,0.193629566666667,Cement,115
3267,-5.073479,-38,2022,NOX,EPA,0.0963276222222222,0.0963276222222222,0.0963276222222222,Cement,115
3268,-5.073479,-38,2014,CO,EPA,0.0231553746666667,0.0231553746666667,0.0231553746666667,Cement,115
3269,-5.073479,-38,2015,CO,EPA,0.0236525666666667,0.0236525666666667,0.0236525666666667,Cement,115
3270,-5.073479,-38,2016,CO,EPA,0.0180995453333333,0.0180995453333333,0.0180995453333333,Cement,115
3271,-5.073479,-38,2017,CO,EPA,0.0141708226666667,0.0141708226666667,0.0141708226666667,Cement,115
3272,-5.073479,-38,2018,CO,EPA,0.012475828,0.012475828,0.012475828,Cement,115
3273,-5.073479,-38,2019,CO,EPA,0.011969556,0.011969556,0.011969556,Cement,115
3274,-5.073479,-38,2020,CO,EPA,0.014691688,0.014691688,0.014691688,Cement,115
3275,-5.073479,-38,2021,CO,EPA,0.01659682,0.01659682,0.01659682,Cement,115
3276,-5.073479,-38,2022,CO,EPA,0.00825665333333333,0.00825665333333333,0.00825665333333333,Cement,115
3277,-5.073479,-38,2014,NMVOCs,EPA,0.0379490862592593,0.0379490862592593,0.0379490862592593,Cement,115
3278,-5.073479,-38,2015,NMVOCs,EPA,0.0387639287037037,0.0387639287037037,0.0387639287037037,Cement,115
3279,-5.073479,-38,2016,NMVOCs,EPA,0.0296631437407407,0.0296631437407407,0.0296631437407407,Cement,115
3280,-5.073479,-38,2017,NMVOCs,EPA,0.0232244038148148,0.0232244038148148,0.0232244038148148,Cement,115
3281,-5.073479,-38,2018,NMVOCs,EPA,0.0204464958888889,0.0204464958888889,0.0204464958888889,Cement,115
3282,-5.073479,-38,2019,NMVOCs,EPA,0.0196167723333333,0.0196167723333333,0.0196167723333333,Cement,115
3283,-5.073479,-38,2020,NMVOCs,EPA,0.0240780442222222,0.0240780442222222,0.0240780442222222,Cement,115
3284,-5.073479,-38,2021,NMVOCs,EPA,0.0272003438888889,0.0272003438888889,0.0272003438888889,Cement,115
3285,-5.073479,-38,2022,NMVOCs,EPA,0.0135317374074074,0.0135317374074074,0.0135317374074074,Cement,115
3286,-5.073479,-38,2014,SOX,EPA,0.104199186,0.104199186,0.104199186,Cement,115
3287,-5.073479,-38,2015,SOX,EPA,0.10643655,0.10643655,0.10643655,Cement,115
3288,-5.073479,-38,2016,SOX,EPA,0.081447954,0.081447954,0.081447954,Cement,115
3289,-5.073479,-38,2017,SOX,EPA,0.063768702,0.063768702,0.063768702,Cement,115
3290,-5.073479,-38,2018,SOX,EPA,0.056141226,0.056141226,0.056141226,Cement,115
3291,-5.073479,-38,2019,SOX,EPA,0.053863002,0.053863002,0.053863002,Cement,115
3292,-5.073479,-38,2020,SOX,EPA,0.066112596,0.066112596,0.066112596,Cement,115
3293,-5.073479,-38,2021,SOX,EPA,0.07468569,0.07468569,0.07468569,Cement,115
3294,-5.073479,-38,2022,SOX,EPA,0.03715494,0.03715494,0.03715494,Cement,115
3295,-3.14782,-60,2014,TSP,EPA,0.0094557881575,0.0094557881575,0.0094557881575,Cement,115
3296,-3.14782,-60,2015,TSP,EPA,0.009876276735,0.009876276735,0.009876276735,Cement,115
3297,-3.14782,-60,2016,TSP,EPA,0.0094916815375,0.0094916815375,0.0094916815375,Cement,115
3298,-3.14782,-60,2017,TSP,EPA,0.00828076861,0.00828076861,0.00828076861,Cement,115
3299,-3.14782,-60,2018,TSP,EPA,0.00510589888107143,0.00510589888107143,0.00510589888107143,Cement,115
3300,-3.14782,-60,2019,TSP,EPA,0.00546969377178571,0.00546969377178571,0.00546969377178571,Cement,115
3301,-3.14782,-60,2020,TSP,EPA,0.00928347328,0.00928347328,0.00928347328,Cement,115
3302,-3.14782,-60,2021,TSP,EPA,0.007073631595,0.007073631595,0.007073631595,Cement,115
3303,-3.14782,-60,2022,TSP,EPA,0.00416544705642857,0.00416544705642857,0.00416544705642857,Cement,115
3304,-3.14782,-60,2014,PM10,EPA,0.0026820402,0.0026820402,0.0026820402,Cement,115
3305,-3.14782,-60,2015,PM10,EPA,0.0028013076,0.0028013076,0.0028013076,Cement,115
3306,-3.14782,-60,2016,PM10,EPA,0.002692221,0.002692221,0.002692221,Cement,115
3307,-3.14782,-60,2017,PM10,EPA,0.0023487576,0.0023487576,0.0023487576,Cement,115
3308,-3.14782,-60,2018,PM10,EPA,0.0014482374,0.0014482374,0.0014482374,Cement,115
3309,-3.14782,-60,2019,PM10,EPA,0.0015514242,0.0015514242,0.0015514242,Cement,115
3310,-3.14782,-60,2020,PM10,EPA,0.0026331648,0.0026331648,0.0026331648,Cement,115
3311,-3.14782,-60,2021,PM10,EPA,0.0020063652,0.0020063652,0.0020063652,Cement,115
3312,-3.14782,-60,2022,PM10,EPA,0.0011814876,0.0011814876,0.0011814876,Cement,115
3313,-3.14782,-60,2014,NOX,EPA,0.13410201,0.13410201,0.13410201,Cement,115
3314,-3.14782,-60,2015,NOX,EPA,0.14006538,0.14006538,0.14006538,Cement,115
3315,-3.14782,-60,2016,NOX,EPA,0.13461105,0.13461105,0.13461105,Cement,115
3316,-3.14782,-60,2017,NOX,EPA,0.11743788,0.11743788,0.11743788,Cement,115
3317,-3.14782,-60,2018,NOX,EPA,0.07241187,0.07241187,0.07241187,Cement,115
3318,-3.14782,-60,2019,NOX,EPA,0.07757121,0.07757121,0.07757121,Cement,115
3319,-3.14782,-60,2020,NOX,EPA,0.13165824,0.13165824,0.13165824,Cement,115
3320,-3.14782,-60,2021,NOX,EPA,0.10031826,0.10031826,0.10031826,Cement,115
3321,-3.14782,-60,2022,NOX,EPA,0.05907438,0.05907438,0.05907438,Cement,115
3322,-3.14782,-60,2014,CO,EPA,0.011494458,0.011494458,0.011494458,Cement,115
3323,-3.14782,-60,2015,CO,EPA,0.012005604,0.012005604,0.012005604,Cement,115
3324,-3.14782,-60,2016,CO,EPA,0.01153809,0.01153809,0.01153809,Cement,115
3325,-3.14782,-60,2017,CO,EPA,0.010066104,0.010066104,0.010066104,Cement,115
3326,-3.14782,-60,2018,CO,EPA,0.00620673171428571,0.00620673171428571,0.00620673171428571,Cement,115
3327,-3.14782,-60,2019,CO,EPA,0.00664896085714286,0.00664896085714286,0.00664896085714286,Cement,115
3328,-3.14782,-60,2020,CO,EPA,0.011284992,0.011284992,0.011284992,Cement,115
3329,-3.14782,-60,2021,CO,EPA,0.008598708,0.008598708,0.008598708,Cement,115
3330,-3.14782,-60,2022,CO,EPA,0.00506351828571429,0.00506351828571429,0.00506351828571429,Cement,115
3331,-3.14782,-60,2014,NMVOCs,EPA,0.0188381395,0.0188381395,0.0188381395,Cement,115
3332,-3.14782,-60,2015,NMVOCs,EPA,0.019675851,0.019675851,0.019675851,Cement,115
3333,-3.14782,-60,2016,NMVOCs,EPA,0.0189096475,0.0189096475,0.0189096475,Cement,115
3334,-3.14782,-60,2017,NMVOCs,EPA,0.016497226,0.016497226,0.016497226,Cement,115
3335,-3.14782,-60,2018,NMVOCs,EPA,0.0101721436428571,0.0101721436428571,0.0101721436428571,Cement,115
3336,-3.14782,-60,2019,NMVOCs,EPA,0.0108969080714286,0.0108969080714286,0.0108969080714286,Cement,115
3337,-3.14782,-60,2020,NMVOCs,EPA,0.018494848,0.018494848,0.018494848,Cement,115
3338,-3.14782,-60,2021,NMVOCs,EPA,0.014092327,0.014092327,0.014092327,Cement,115
3339,-3.14782,-60,2022,NMVOCs,EPA,0.00829854385714286,0.00829854385714286,0.00829854385714286,Cement,115
3340,-3.14782,-60,2014,SOX,EPA,0.051725061,0.051725061,0.051725061,Cement,115
3341,-3.14782,-60,2015,SOX,EPA,0.054025218,0.054025218,0.054025218,Cement,115
3342,-3.14782,-60,2016,SOX,EPA,0.051921405,0.051921405,0.051921405,Cement,115
3343,-3.14782,-60,2017,SOX,EPA,0.045297468,0.045297468,0.045297468,Cement,115
3344,-3.14782,-60,2018,SOX,EPA,0.0279302927142857,0.0279302927142857,0.0279302927142857,Cement,115
3345,-3.14782,-60,2019,SOX,EPA,0.0299203238571429,0.0299203238571429,0.0299203238571429,Cement,115
3346,-3.14782,-60,2020,SOX,EPA,0.050782464,0.050782464,0.050782464,Cement,115
3347,-3.14782,-60,2021,SOX,EPA,0.038694186,0.038694186,0.038694186,Cement,115
3348,-3.14782,-60,2022,SOX,EPA,0.0227858322857143,0.0227858322857143,0.0227858322857143,Cement,115
3349,-23.449839,-46,2014,TSP,EPA,0.0241225848245833,0.0241225848245833,0.0241225848245833,Cement,115
3350,-23.449839,-46,2015,TSP,EPA,0.021401013215,0.021401013215,0.021401013215,Cement,115
3351,-23.449839,-46,2016,TSP,EPA,0.0175078105075,0.0175078105075,0.0175078105075,Cement,115
3352,-23.449839,-46,2017,TSP,EPA,0.0160270950583333,0.0160270950583333,0.0160270950583333,Cement,115
3353,-23.449839,-46,2018,TSP,EPA,0.0155239436120833,0.0155239436120833,0.0155239436120833,Cement,115
3354,-23.449839,-46,2019,TSP,EPA,0.0151956761445833,0.0151956761445833,0.0151956761445833,Cement,115
3355,-23.449839,-46,2020,TSP,EPA,0.0173426131016667,0.0173426131016667,0.0173426131016667,Cement,115
3356,-23.449839,-46,2021,TSP,EPA,0.01930857279375,0.01930857279375,0.01930857279375,Cement,115
3357,-23.449839,-46,2022,TSP,EPA,0.0105665332833333,0.0105665332833333,0.0105665332833333,Cement,115
3358,-23.449839,-46,2014,PM10,EPA,0.0068421311,0.0068421311,0.0068421311,Cement,115
3359,-23.449839,-46,2015,PM10,EPA,0.0060701844,0.0060701844,0.0060701844,Cement,115
3360,-23.449839,-46,2016,PM10,EPA,0.0049659162,0.0049659162,0.0049659162,Cement,115
3361,-23.449839,-46,2017,PM10,EPA,0.004545926,0.004545926,0.004545926,Cement,115
3362,-23.449839,-46,2018,PM10,EPA,0.0044032121,0.0044032121,0.0044032121,Cement,115
3363,-23.449839,-46,2019,PM10,EPA,0.0043101023,0.0043101023,0.0043101023,Cement,115
3364,-23.449839,-46,2020,PM10,EPA,0.0049190596,0.0049190596,0.0049190596,Cement,115
3365,-23.449839,-46,2021,PM10,EPA,0.0054766845,0.0054766845,0.0054766845,Cement,115
3366,-23.449839,-46,2022,PM10,EPA,0.002997092,0.002997092,0.002997092,Cement,115
3367,-23.449839,-46,2014,NOX,EPA,0.342106555,0.342106555,0.342106555,Cement,115
3368,-23.449839,-46,2015,NOX,EPA,0.30350922,0.30350922,0.30350922,Cement,115
3369,-23.449839,-46,2016,NOX,EPA,0.24829581,0.24829581,0.24829581,Cement,115
3370,-23.449839,-46,2017,NOX,EPA,0.2272963,0.2272963,0.2272963,Cement,115
3371,-23.449839,-46,2018,NOX,EPA,0.220160605,0.220160605,0.220160605,Cement,115
3372,-23.449839,-46,2019,NOX,EPA,0.215505115,0.215505115,0.215505115,Cement,115
3373,-23.449839,-46,2020,NOX,EPA,0.24595298,0.24595298,0.24595298,Cement,115
3374,-23.449839,-46,2021,NOX,EPA,0.273834225,0.273834225,0.273834225,Cement,115
3375,-23.449839,-46,2022,NOX,EPA,0.1498546,0.1498546,0.1498546,Cement,115
3376,-23.449839,-46,2014,CO,EPA,0.029323419,0.029323419,0.029323419,Cement,115
3377,-23.449839,-46,2015,CO,EPA,0.026015076,0.026015076,0.026015076,Cement,115
3378,-23.449839,-46,2016,CO,EPA,0.021282498,0.021282498,0.021282498,Cement,115
3379,-23.449839,-46,2017,CO,EPA,0.01948254,0.01948254,0.01948254,Cement,115
3380,-23.449839,-46,2018,CO,EPA,0.018870909,0.018870909,0.018870909,Cement,115
3381,-23.449839,-46,2019,CO,EPA,0.018471867,0.018471867,0.018471867,Cement,115
3382,-23.449839,-46,2020,CO,EPA,0.021081684,0.021081684,0.021081684,Cement,115
3383,-23.449839,-46,2021,CO,EPA,0.023471505,0.023471505,0.023471505,Cement,115
3384,-23.449839,-46,2022,CO,EPA,0.01284468,0.01284468,0.01284468,Cement,115
3385,-23.449839,-46,2014,NMVOCs,EPA,0.0480578255833333,0.0480578255833333,0.0480578255833333,Cement,115
3386,-23.449839,-46,2015,NMVOCs,EPA,0.042635819,0.042635819,0.042635819,Cement,115
3387,-23.449839,-46,2016,NMVOCs,EPA,0.0348796495,0.0348796495,0.0348796495,Cement,115
3388,-23.449839,-46,2017,NMVOCs,EPA,0.0319297183333333,0.0319297183333333,0.0319297183333333,Cement,115
3389,-23.449839,-46,2018,NMVOCs,EPA,0.0309273230833333,0.0309273230833333,0.0309273230833333,Cement,115
3390,-23.449839,-46,2019,NMVOCs,EPA,0.0302733375833333,0.0302733375833333,0.0302733375833333,Cement,115
3391,-23.449839,-46,2020,NMVOCs,EPA,0.0345505376666667,0.0345505376666667,0.0345505376666667,Cement,115
3392,-23.449839,-46,2021,NMVOCs,EPA,0.03846718875,0.03846718875,0.03846718875,Cement,115
3393,-23.449839,-46,2022,NMVOCs,EPA,0.0210510033333333,0.0210510033333333,0.0210510033333333,Cement,115
3394,-23.449839,-46,2014,SOX,EPA,0.1319553855,0.1319553855,0.1319553855,Cement,115
3395,-23.449839,-46,2015,SOX,EPA,0.117067842,0.117067842,0.117067842,Cement,115
3396,-23.449839,-46,2016,SOX,EPA,0.095771241,0.095771241,0.095771241,Cement,115
3397,-23.449839,-46,2017,SOX,EPA,0.08767143,0.08767143,0.08767143,Cement,115
3398,-23.449839,-46,2018,SOX,EPA,0.0849190905,0.0849190905,0.0849190905,Cement,115
3399,-23.449839,-46,2019,SOX,EPA,0.0831234015,0.0831234015,0.0831234015,Cement,115
3400,-23.449839,-46,2020,SOX,EPA,0.094867578,0.094867578,0.094867578,Cement,115
3401,-23.449839,-46,2021,SOX,EPA,0.1056217725,0.1056217725,0.1056217725,Cement,115
3402,-23.449839,-46,2022,SOX,EPA,0.05780106,0.05780106,0.05780106,Cement,115
3403,-10.416466,-37,2014,TSP,EPA,0.0336713325475926,0.0336713325475926,0.0336713325475926,Cement,115
3404,-10.416466,-37,2015,TSP,EPA,0.030535900362037,0.030535900362037,0.030535900362037,Cement,115
3405,-10.416466,-37,2016,TSP,EPA,0.0218122514924074,0.0218122514924074,0.0218122514924074,Cement,115
3406,-10.416466,-37,2017,TSP,EPA,0.0205722955731481,0.0205722955731481,0.0205722955731481,Cement,115
3407,-10.416466,-37,2018,TSP,EPA,0.0203721617905556,0.0203721617905556,0.0203721617905556,Cement,115
3408,-10.416466,-37,2019,TSP,EPA,0.02065616635,0.02065616635,0.02065616635,Cement,115
3409,-10.416466,-37,2020,TSP,EPA,0.0237846390105556,0.0237846390105556,0.0237846390105556,Cement,115
3410,-10.416466,-37,2021,TSP,EPA,0.0225587359572222,0.0225587359572222,0.0225587359572222,Cement,115
3411,-10.416466,-37,2022,TSP,EPA,0.0123344050957407,0.0123344050957407,0.0123344050957407,Cement,115
3412,-10.416466,-37,2014,PM10,EPA,0.00955053835555555,0.00955053835555555,0.00955053835555555,Cement,115
3413,-10.416466,-37,2015,PM10,EPA,0.00866120422222222,0.00866120422222222,0.00866120422222222,Cement,115
3414,-10.416466,-37,2016,PM10,EPA,0.00618682804444444,0.00618682804444444,0.00618682804444444,Cement,115
3415,-10.416466,-37,2017,PM10,EPA,0.00583512688888889,0.00583512688888889,0.00583512688888889,Cement,115
3416,-10.416466,-37,2018,PM10,EPA,0.00577836093333333,0.00577836093333333,0.00577836093333333,Cement,115
3417,-10.416466,-37,2019,PM10,EPA,0.005858916,0.005858916,0.005858916,Cement,115
3418,-10.416466,-37,2020,PM10,EPA,0.00674627613333333,0.00674627613333333,0.00674627613333333,Cement,115
3419,-10.416466,-37,2021,PM10,EPA,0.00639856093333333,0.00639856093333333,0.00639856093333333,Cement,115
3420,-10.416466,-37,2022,PM10,EPA,0.00349853124444444,0.00349853124444444,0.00349853124444444,Cement,115
3421,-10.416466,-37,2014,NOX,EPA,0.477526917777778,0.477526917777778,0.477526917777778,Cement,115
3422,-10.416466,-37,2015,NOX,EPA,0.433060211111111,0.433060211111111,0.433060211111111,Cement,115
3423,-10.416466,-37,2016,NOX,EPA,0.309341402222222,0.309341402222222,0.309341402222222,Cement,115
3424,-10.416466,-37,2017,NOX,EPA,0.291756344444444,0.291756344444444,0.291756344444444,Cement,115
3425,-10.416466,-37,2018,NOX,EPA,0.288918046666667,0.288918046666667,0.288918046666667,Cement,115
3426,-10.416466,-37,2019,NOX,EPA,0.2929458,0.2929458,0.2929458,Cement,115
3427,-10.416466,-37,2020,NOX,EPA,0.337313806666667,0.337313806666667,0.337313806666667,Cement,115
3428,-10.416466,-37,2021,NOX,EPA,0.319928046666667,0.319928046666667,0.319928046666667,Cement,115
3429,-10.416466,-37,2022,NOX,EPA,0.174926562222222,0.174926562222222,0.174926562222222,Cement,115
3430,-10.416466,-37,2014,CO,EPA,0.0409308786666667,0.0409308786666667,0.0409308786666667,Cement,115
3431,-10.416466,-37,2015,CO,EPA,0.0371194466666667,0.0371194466666667,0.0371194466666667,Cement,115
3432,-10.416466,-37,2016,CO,EPA,0.0265149773333333,0.0265149773333333,0.0265149773333333,Cement,115
3433,-10.416466,-37,2017,CO,EPA,0.0250076866666667,0.0250076866666667,0.0250076866666667,Cement,115
3434,-10.416466,-37,2018,CO,EPA,0.024764404,0.024764404,0.024764404,Cement,115
3435,-10.416466,-37,2019,CO,EPA,0.02510964,0.02510964,0.02510964,Cement,115
3436,-10.416466,-37,2020,CO,EPA,0.028912612,0.028912612,0.028912612,Cement,115
3437,-10.416466,-37,2021,CO,EPA,0.027422404,0.027422404,0.027422404,Cement,115
3438,-10.416466,-37,2022,CO,EPA,0.0149937053333333,0.0149937053333333,0.0149937053333333,Cement,115
3439,-10.416466,-37,2014,NMVOCs,EPA,0.0670811622592593,0.0670811622592593,0.0670811622592593,Cement,115
3440,-10.416466,-37,2015,NMVOCs,EPA,0.0608346487037037,0.0608346487037037,0.0608346487037037,Cement,115
3441,-10.416466,-37,2016,NMVOCs,EPA,0.0434551017407407,0.0434551017407407,0.0434551017407407,Cement,115
3442,-10.416466,-37,2017,NMVOCs,EPA,0.0409848198148148,0.0409848198148148,0.0409848198148148,Cement,115
3443,-10.416466,-37,2018,NMVOCs,EPA,0.0405861065555555,0.0405861065555555,0.0405861065555555,Cement,115
3444,-10.416466,-37,2019,NMVOCs,EPA,0.04115191,0.04115191,0.04115191,Cement,115
3445,-10.416466,-37,2020,NMVOCs,EPA,0.0473845585555556,0.0473845585555556,0.0473845585555556,Cement,115
3446,-10.416466,-37,2021,NMVOCs,EPA,0.0449422732222222,0.0449422732222222,0.0449422732222222,Cement,115
3447,-10.416466,-37,2022,NMVOCs,EPA,0.0245730170740741,0.0245730170740741,0.0245730170740741,Cement,115
3448,-10.416466,-37,2014,SOX,EPA,0.184188954,0.184188954,0.184188954,Cement,115
3449,-10.416466,-37,2015,SOX,EPA,0.16703751,0.16703751,0.16703751,Cement,115
3450,-10.416466,-37,2016,SOX,EPA,0.119317398,0.119317398,0.119317398,Cement,115
3451,-10.416466,-37,2017,SOX,EPA,0.11253459,0.11253459,0.11253459,Cement,115
3452,-10.416466,-37,2018,SOX,EPA,0.111439818,0.111439818,0.111439818,Cement,115
3453,-10.416466,-37,2019,SOX,EPA,0.11299338,0.11299338,0.11299338,Cement,115
3454,-10.416466,-37,2020,SOX,EPA,0.130106754,0.130106754,0.130106754,Cement,115
3455,-10.416466,-37,2021,SOX,EPA,0.123400818,0.123400818,0.123400818,Cement,115
3456,-10.416466,-37,2022,SOX,EPA,0.067471674,0.067471674,0.067471674,Cement,115
3457,-22.860007,-44,2014,TSP,EPA,0.016536316345625,0.016536316345625,0.016536316345625,Cement,115
3458,-22.860007,-44,2015,TSP,EPA,0.0159738423525,0.0159738423525,0.0159738423525,Cement,115
3459,-22.860007,-44,2016,TSP,EPA,0.0138496472475,0.0138496472475,0.0138496472475,Cement,115
3460,-22.860007,-44,2017,TSP,EPA,0.011934145345625,0.011934145345625,0.011934145345625,Cement,115
3461,-22.860007,-44,2018,TSP,EPA,0.01293352203,0.01293352203,0.01293352203,Cement,115
3462,-22.860007,-44,2019,TSP,EPA,0.01442960519625,0.01442960519625,0.01442960519625,Cement,115
3463,-22.860007,-44,2020,TSP,EPA,0.01376294193125,0.01376294193125,0.01376294193125,Cement,115
3464,-22.860007,-44,2021,TSP,EPA,0.01523696932625,0.01523696932625,0.01523696932625,Cement,115
3465,-22.860007,-44,2022,TSP,EPA,0.008377591150625,0.008377591150625,0.008377591150625,Cement,115
3466,-22.860007,-44,2014,PM10,EPA,0.00469036155,0.00469036155,0.00469036155,Cement,115
3467,-22.860007,-44,2015,PM10,EPA,0.0045308214,0.0045308214,0.0045308214,Cement,115
3468,-22.860007,-44,2016,PM10,EPA,0.0039283146,0.0039283146,0.0039283146,Cement,115
3469,-22.860007,-44,2017,PM10,EPA,0.00338500155,0.00338500155,0.00338500155,Cement,115
3470,-22.860007,-44,2018,PM10,EPA,0.0036684648,0.0036684648,0.0036684648,Cement,115
3471,-22.860007,-44,2019,PM10,EPA,0.0040928139,0.0040928139,0.0040928139,Cement,115
3472,-22.860007,-44,2020,PM10,EPA,0.0039037215,0.0039037215,0.0039037215,Cement,115
3473,-22.860007,-44,2021,PM10,EPA,0.0043218147,0.0043218147,0.0043218147,Cement,115
3474,-22.860007,-44,2022,PM10,EPA,0.00237622035,0.00237622035,0.00237622035,Cement,115
3475,-22.860007,-44,2014,NOX,EPA,0.2345180775,0.2345180775,0.2345180775,Cement,115
3476,-22.860007,-44,2015,NOX,EPA,0.22654107,0.22654107,0.22654107,Cement,115
3477,-22.860007,-44,2016,NOX,EPA,0.19641573,0.19641573,0.19641573,Cement,115
3478,-22.860007,-44,2017,NOX,EPA,0.1692500775,0.1692500775,0.1692500775,Cement,115
3479,-22.860007,-44,2018,NOX,EPA,0.18342324,0.18342324,0.18342324,Cement,115
3480,-22.860007,-44,2019,NOX,EPA,0.204640695,0.204640695,0.204640695,Cement,115
3481,-22.860007,-44,2020,NOX,EPA,0.195186075,0.195186075,0.195186075,Cement,115
3482,-22.860007,-44,2021,NOX,EPA,0.216090735,0.216090735,0.216090735,Cement,115
3483,-22.860007,-44,2022,NOX,EPA,0.1188110175,0.1188110175,0.1188110175,Cement,115
3484,-22.860007,-44,2014,CO,EPA,0.0201015495,0.0201015495,0.0201015495,Cement,115
3485,-22.860007,-44,2015,CO,EPA,0.019417806,0.019417806,0.019417806,Cement,115
3486,-22.860007,-44,2016,CO,EPA,0.016835634,0.016835634,0.016835634,Cement,115
3487,-22.860007,-44,2017,CO,EPA,0.0145071495,0.0145071495,0.0145071495,Cement,115
3488,-22.860007,-44,2018,CO,EPA,0.015721992,0.015721992,0.015721992,Cement,115
3489,-22.860007,-44,2019,CO,EPA,0.017540631,0.017540631,0.017540631,Cement,115
3490,-22.860007,-44,2020,CO,EPA,0.016730235,0.016730235,0.016730235,Cement,115
3491,-22.860007,-44,2021,CO,EPA,0.018522063,0.018522063,0.018522063,Cement,115
3492,-22.860007,-44,2022,CO,EPA,0.0101838015,0.0101838015,0.0101838015,Cement,115
3493,-22.860007,-44,2014,NMVOCs,EPA,0.032944206125,0.032944206125,0.032944206125,Cement,115
3494,-22.860007,-44,2015,NMVOCs,EPA,0.0318236265,0.0318236265,0.0318236265,Cement,115
3495,-22.860007,-44,2016,NMVOCs,EPA,0.0275917335,0.0275917335,0.0275917335,Cement,115
3496,-22.860007,-44,2017,NMVOCs,EPA,0.023775606125,0.023775606125,0.023775606125,Cement,115
3497,-22.860007,-44,2018,NMVOCs,EPA,0.025766598,0.025766598,0.025766598,Cement,115
3498,-22.860007,-44,2019,NMVOCs,EPA,0.02874714525,0.02874714525,0.02874714525,Cement,115
3499,-22.860007,-44,2020,NMVOCs,EPA,0.02741899625,0.02741899625,0.02741899625,Cement,115
3500,-22.860007,-44,2021,NMVOCs,EPA,0.03035560325,0.03035560325,0.03035560325,Cement,115
3501,-22.860007,-44,2022,NMVOCs,EPA,0.016690119125,0.016690119125,0.016690119125,Cement,115
3502,-22.860007,-44,2014,SOX,EPA,0.09045697275,0.09045697275,0.09045697275,Cement,115
3503,-22.860007,-44,2015,SOX,EPA,0.087380127,0.087380127,0.087380127,Cement,115
3504,-22.860007,-44,2016,SOX,EPA,0.075760353,0.075760353,0.075760353,Cement,115
3505,-22.860007,-44,2017,SOX,EPA,0.06528217275,0.06528217275,0.06528217275,Cement,115
3506,-22.860007,-44,2018,SOX,EPA,0.070748964,0.070748964,0.070748964,Cement,115
3507,-22.860007,-44,2019,SOX,EPA,0.0789328395,0.0789328395,0.0789328395,Cement,115
3508,-22.860007,-44,2020,SOX,EPA,0.0752860575,0.0752860575,0.0752860575,Cement,115
3509,-22.860007,-44,2021,SOX,EPA,0.0833492835,0.0833492835,0.0833492835,Cement,115
3510,-22.860007,-44,2022,SOX,EPA,0.04582710675,0.04582710675,0.04582710675,Cement,115
3511,-20.261634,-40,2014,TSP,EPA,0.03143543405,0.03143543405,0.03143543405,Cement,115
3512,-20.261634,-40,2015,TSP,EPA,0.0307022752383333,0.0307022752383333,0.0307022752383333,Cement,115
3513,-20.261634,-40,2016,TSP,EPA,0.02943831691,0.02943831691,0.02943831691,Cement,115
3514,-20.261634,-40,2017,TSP,EPA,0.0275534899783333,0.0275534899783333,0.0275534899783333,Cement,115
3515,-20.261634,-40,2018,TSP,EPA,0.01825125066,0.01825125066,0.01825125066,Cement,115
3516,-20.261634,-40,2019,TSP,EPA,0.015841566955,0.015841566955,0.015841566955,Cement,115
3517,-20.261634,-40,2020,TSP,EPA,0.0177418825316667,0.0177418825316667,0.0177418825316667,Cement,115
3518,-20.261634,-40,2021,TSP,EPA,0.0195146660466667,0.0195146660466667,0.0195146660466667,Cement,115
3519,-20.261634,-40,2022,TSP,EPA,0.011051103785,0.011051103785,0.011051103785,Cement,115
3520,-20.261634,-40,2014,PM10,EPA,0.008916348,0.008916348,0.008916348,Cement,115
3521,-20.261634,-40,2015,PM10,EPA,0.0087083948,0.0087083948,0.0087083948,Cement,115
3522,-20.261634,-40,2016,PM10,EPA,0.0083498856,0.0083498856,0.0083498856,Cement,115
3523,-20.261634,-40,2017,PM10,EPA,0.0078152732,0.0078152732,0.0078152732,Cement,115
3524,-20.261634,-40,2018,PM10,EPA,0.0051767856,0.0051767856,0.0051767856,Cement,115
3525,-20.261634,-40,2019,PM10,EPA,0.0044933028,0.0044933028,0.0044933028,Cement,115
3526,-20.261634,-40,2020,PM10,EPA,0.0050323084,0.0050323084,0.0050323084,Cement,115
3527,-20.261634,-40,2021,PM10,EPA,0.0055351408,0.0055351408,0.0055351408,Cement,115
3528,-20.261634,-40,2022,PM10,EPA,0.0031345356,0.0031345356,0.0031345356,Cement,115
3529,-20.261634,-40,2014,NOX,EPA,0.4458174,0.4458174,0.4458174,Cement,115
3530,-20.261634,-40,2015,NOX,EPA,0.43541974,0.43541974,0.43541974,Cement,115
3531,-20.261634,-40,2016,NOX,EPA,0.41749428,0.41749428,0.41749428,Cement,115
3532,-20.261634,-40,2017,NOX,EPA,0.39076366,0.39076366,0.39076366,Cement,115
3533,-20.261634,-40,2018,NOX,EPA,0.25883928,0.25883928,0.25883928,Cement,115
3534,-20.261634,-40,2019,NOX,EPA,0.22466514,0.22466514,0.22466514,Cement,115
3535,-20.261634,-40,2020,NOX,EPA,0.25161542,0.25161542,0.25161542,Cement,115
3536,-20.261634,-40,2021,NOX,EPA,0.27675704,0.27675704,0.27675704,Cement,115
3537,-20.261634,-40,2022,NOX,EPA,0.15672678,0.15672678,0.15672678,Cement,115
3538,-20.261634,-40,2014,CO,EPA,0.03821292,0.03821292,0.03821292,Cement,115
3539,-20.261634,-40,2015,CO,EPA,0.037321692,0.037321692,0.037321692,Cement,115
3540,-20.261634,-40,2016,CO,EPA,0.035785224,0.035785224,0.035785224,Cement,115
3541,-20.261634,-40,2017,CO,EPA,0.033494028,0.033494028,0.033494028,Cement,115
3542,-20.261634,-40,2018,CO,EPA,0.022186224,0.022186224,0.022186224,Cement,115
3543,-20.261634,-40,2019,CO,EPA,0.019257012,0.019257012,0.019257012,Cement,115
3544,-20.261634,-40,2020,CO,EPA,0.021567036,0.021567036,0.021567036,Cement,115
3545,-20.261634,-40,2021,CO,EPA,0.023722032,0.023722032,0.023722032,Cement,115
3546,-20.261634,-40,2022,CO,EPA,0.013433724,0.013433724,0.013433724,Cement,115
3547,-20.261634,-40,2014,NMVOCs,EPA,0.06262673,0.06262673,0.06262673,Cement,115
3548,-20.261634,-40,2015,NMVOCs,EPA,0.0611661063333333,0.0611661063333333,0.0611661063333333,Cement,115
3549,-20.261634,-40,2016,NMVOCs,EPA,0.058648006,0.058648006,0.058648006,Cement,115
3550,-20.261634,-40,2017,NMVOCs,EPA,0.0548929903333333,0.0548929903333333,0.0548929903333333,Cement,115
3551,-20.261634,-40,2018,NMVOCs,EPA,0.036360756,0.036360756,0.036360756,Cement,115
3552,-20.261634,-40,2019,NMVOCs,EPA,0.031560103,0.031560103,0.031560103,Cement,115
3553,-20.261634,-40,2020,NMVOCs,EPA,0.0353459756666667,0.0353459756666667,0.0353459756666667,Cement,115
3554,-20.261634,-40,2021,NMVOCs,EPA,0.0388777746666667,0.0388777746666667,0.0388777746666667,Cement,115
3555,-20.261634,-40,2022,NMVOCs,EPA,0.022016381,0.022016381,0.022016381,Cement,115
3556,-20.261634,-40,2014,SOX,EPA,0.17195814,0.17195814,0.17195814,Cement,115
3557,-20.261634,-40,2015,SOX,EPA,0.167947614,0.167947614,0.167947614,Cement,115
3558,-20.261634,-40,2016,SOX,EPA,0.161033508,0.161033508,0.161033508,Cement,115
3559,-20.261634,-40,2017,SOX,EPA,0.150723126,0.150723126,0.150723126,Cement,115
3560,-20.261634,-40,2018,SOX,EPA,0.099838008,0.099838008,0.099838008,Cement,115
3561,-20.261634,-40,2019,SOX,EPA,0.086656554,0.086656554,0.086656554,Cement,115
3562,-20.261634,-40,2020,SOX,EPA,0.097051662,0.097051662,0.097051662,Cement,115
3563,-20.261634,-40,2021,SOX,EPA,0.106749144,0.106749144,0.106749144,Cement,115
3564,-20.261634,-40,2022,SOX,EPA,0.060451758,0.060451758,0.060451758,Cement,115
3565,-7.802184,-38,2014,TSP,EPA,0.00739918073455556,0.00739918073455556,0.00739918073455556,Cement,115
3566,-7.802184,-38,2015,TSP,EPA,0.00584023331422222,0.00584023331422222,0.00584023331422222,Cement,115
3567,-7.802184,-38,2016,TSP,EPA,0.00404446395244445,0.00404446395244445,0.00404446395244445,Cement,115
3568,-7.802184,-38,2017,TSP,EPA,0.00320447264788889,0.00320447264788889,0.00320447264788889,Cement,115
3569,-7.802184,-38,2018,TSP,EPA,0.00262225030333333,0.00262225030333333,0.00262225030333333,Cement,115
3570,-7.802184,-38,2019,TSP,EPA,0.003062889914,0.003062889914,0.003062889914,Cement,115
3571,-7.802184,-38,2020,TSP,EPA,0.00337823240833333,0.00337823240833333,0.00337823240833333,Cement,115
3572,-7.802184,-38,2021,TSP,EPA,0.00280297880233333,0.00280297880233333,0.00280297880233333,Cement,115
3573,-7.802184,-38,2022,TSP,EPA,0.00126174970744444,0.00126174970744444,0.00126174970744444,Cement,115
3574,-7.802184,-38,2014,PM10,EPA,0.00209870397333333,0.00209870397333333,0.00209870397333333,Cement,115
3575,-7.802184,-38,2015,PM10,EPA,0.00165652405333333,0.00165652405333333,0.00165652405333333,Cement,115
3576,-7.802184,-38,2016,PM10,EPA,0.00114717194666667,0.00114717194666667,0.00114717194666667,Cement,115
3577,-7.802184,-38,2017,PM10,EPA,0.000908916773333333,0.000908916773333333,0.000908916773333333,Cement,115
3578,-7.802184,-38,2018,PM10,EPA,0.0007437752,0.0007437752,0.0007437752,Cement,115
3579,-7.802184,-38,2019,PM10,EPA,0.00086875824,0.00086875824,0.00086875824,Cement,115
3580,-7.802184,-38,2020,PM10,EPA,0.000958202,0.000958202,0.000958202,Cement,115
3581,-7.802184,-38,2021,PM10,EPA,0.00079503704,0.00079503704,0.00079503704,Cement,115
3582,-7.802184,-38,2022,PM10,EPA,0.000357882746666667,0.000357882746666667,0.000357882746666667,Cement,115
3583,-7.802184,-38,2014,NOX,EPA,0.104935198666667,0.104935198666667,0.104935198666667,Cement,115
3584,-7.802184,-38,2015,NOX,EPA,0.0828262026666667,0.0828262026666667,0.0828262026666667,Cement,115
3585,-7.802184,-38,2016,NOX,EPA,0.0573585973333333,0.0573585973333333,0.0573585973333333,Cement,115
3586,-7.802184,-38,2017,NOX,EPA,0.0454458386666667,0.0454458386666667,0.0454458386666667,Cement,115
3587,-7.802184,-38,2018,NOX,EPA,0.03718876,0.03718876,0.03718876,Cement,115
3588,-7.802184,-38,2019,NOX,EPA,0.043437912,0.043437912,0.043437912,Cement,115
3589,-7.802184,-38,2020,NOX,EPA,0.0479101,0.0479101,0.0479101,Cement,115
3590,-7.802184,-38,2021,NOX,EPA,0.039751852,0.039751852,0.039751852,Cement,115
3591,-7.802184,-38,2022,NOX,EPA,0.0178941373333333,0.0178941373333333,0.0178941373333333,Cement,115
3592,-7.802184,-38,2014,CO,EPA,0.0089944456,0.0089944456,0.0089944456,Cement,115
3593,-7.802184,-38,2015,CO,EPA,0.0070993888,0.0070993888,0.0070993888,Cement,115
3594,-7.802184,-38,2016,CO,EPA,0.0049164512,0.0049164512,0.0049164512,Cement,115
3595,-7.802184,-38,2017,CO,EPA,0.0038953576,0.0038953576,0.0038953576,Cement,115
3596,-7.802184,-38,2018,CO,EPA,0.003187608,0.003187608,0.003187608,Cement,115
3597,-7.802184,-38,2019,CO,EPA,0.0037232496,0.0037232496,0.0037232496,Cement,115
3598,-7.802184,-38,2020,CO,EPA,0.00410658,0.00410658,0.00410658,Cement,115
3599,-7.802184,-38,2021,CO,EPA,0.0034073016,0.0034073016,0.0034073016,Cement,115
3600,-7.802184,-38,2022,CO,EPA,0.0015337832,0.0015337832,0.0015337832,Cement,115
3601,-7.802184,-38,2014,NMVOCs,EPA,0.0147408969555556,0.0147408969555556,0.0147408969555556,Cement,115
3602,-7.802184,-38,2015,NMVOCs,EPA,0.0116351094222222,0.0116351094222222,0.0116351094222222,Cement,115
3603,-7.802184,-38,2016,NMVOCs,EPA,0.00805751724444445,0.00805751724444445,0.00805751724444445,Cement,115
3604,-7.802184,-38,2017,NMVOCs,EPA,0.00638405828888889,0.00638405828888889,0.00638405828888889,Cement,115
3605,-7.802184,-38,2018,NMVOCs,EPA,0.00522413533333333,0.00522413533333333,0.00522413533333333,Cement,115
3606,-7.802184,-38,2019,NMVOCs,EPA,0.0061019924,0.0061019924,0.0061019924,Cement,115
3607,-7.802184,-38,2020,NMVOCs,EPA,0.00673022833333333,0.00673022833333333,0.00673022833333333,Cement,115
3608,-7.802184,-38,2021,NMVOCs,EPA,0.00558418873333333,0.00558418873333333,0.00558418873333333,Cement,115
3609,-7.802184,-38,2022,NMVOCs,EPA,0.00251370024444444,0.00251370024444444,0.00251370024444444,Cement,115
3610,-7.802184,-38,2014,SOX,EPA,0.0404750052,0.0404750052,0.0404750052,Cement,115
3611,-7.802184,-38,2015,SOX,EPA,0.0319472496,0.0319472496,0.0319472496,Cement,115
3612,-7.802184,-38,2016,SOX,EPA,0.0221240304,0.0221240304,0.0221240304,Cement,115
3613,-7.802184,-38,2017,SOX,EPA,0.0175291092,0.0175291092,0.0175291092,Cement,115
3614,-7.802184,-38,2018,SOX,EPA,0.014344236,0.014344236,0.014344236,Cement,115
3615,-7.802184,-38,2019,SOX,EPA,0.0167546232,0.0167546232,0.0167546232,Cement,115
3616,-7.802184,-38,2020,SOX,EPA,0.01847961,0.01847961,0.01847961,Cement,115
3617,-7.802184,-38,2021,SOX,EPA,0.0153328572,0.0153328572,0.0153328572,Cement,115
3618,-7.802184,-38,2022,SOX,EPA,0.0069020244,0.0069020244,0.0069020244,Cement,115
3619,-28.42847,-49,2014,TSP,EPA,0.0134856976536667,0.0134856976536667,0.0134856976536667,Cement,115
3620,-28.42847,-49,2015,TSP,EPA,0.0111835736543333,0.0111835736543333,0.0111835736543333,Cement,115
3621,-28.42847,-49,2016,TSP,EPA,0.00872791167466667,0.00872791167466667,0.00872791167466667,Cement,115
3622,-28.42847,-49,2017,TSP,EPA,0.008516107169,0.008516107169,0.008516107169,Cement,115
3623,-28.42847,-49,2018,TSP,EPA,0.00850021970866667,0.00850021970866667,0.00850021970866667,Cement,115
3624,-28.42847,-49,2019,TSP,EPA,0.00902819198,0.00902819198,0.00902819198,Cement,115
3625,-28.42847,-49,2020,TSP,EPA,0.0101669933696667,0.0101669933696667,0.0101669933696667,Cement,115
3626,-28.42847,-49,2021,TSP,EPA,0.011871030598,0.011871030598,0.011871030598,Cement,115
3627,-28.42847,-49,2022,TSP,EPA,0.006943147905,0.006943147905,0.006943147905,Cement,115
3628,-28.42847,-49,2014,PM10,EPA,0.00382508392,0.00382508392,0.00382508392,Cement,115
3629,-28.42847,-49,2015,PM10,EPA,0.00317210936,0.00317210936,0.00317210936,Cement,115
3630,-28.42847,-49,2016,PM10,EPA,0.00247558528,0.00247558528,0.00247558528,Cement,115
3631,-28.42847,-49,2017,PM10,EPA,0.00241550904,0.00241550904,0.00241550904,Cement,115
3632,-28.42847,-49,2018,PM10,EPA,0.00241100272,0.00241100272,0.00241100272,Cement,115
3633,-28.42847,-49,2019,PM10,EPA,0.0025607568,0.0025607568,0.0025607568,Cement,115
3634,-28.42847,-49,2020,PM10,EPA,0.00288376648,0.00288376648,0.00288376648,Cement,115
3635,-28.42847,-49,2021,PM10,EPA,0.00336709968,0.00336709968,0.00336709968,Cement,115
3636,-28.42847,-49,2022,PM10,EPA,0.0019693548,0.0019693548,0.0019693548,Cement,115
3637,-28.42847,-49,2014,NOX,EPA,0.191254196,0.191254196,0.191254196,Cement,115
3638,-28.42847,-49,2015,NOX,EPA,0.158605468,0.158605468,0.158605468,Cement,115
3639,-28.42847,-49,2016,NOX,EPA,0.123779264,0.123779264,0.123779264,Cement,115
3640,-28.42847,-49,2017,NOX,EPA,0.120775452,0.120775452,0.120775452,Cement,115
3641,-28.42847,-49,2018,NOX,EPA,0.120550136,0.120550136,0.120550136,Cement,115
3642,-28.42847,-49,2019,NOX,EPA,0.12803784,0.12803784,0.12803784,Cement,115
3643,-28.42847,-49,2020,NOX,EPA,0.144188324,0.144188324,0.144188324,Cement,115
3644,-28.42847,-49,2021,NOX,EPA,0.168354984,0.168354984,0.168354984,Cement,115
3645,-28.42847,-49,2022,NOX,EPA,0.09846774,0.09846774,0.09846774,Cement,115
3646,-28.42847,-49,2014,CO,EPA,0.0163932168,0.0163932168,0.0163932168,Cement,115
3647,-28.42847,-49,2015,CO,EPA,0.0135947544,0.0135947544,0.0135947544,Cement,115
3648,-28.42847,-49,2016,CO,EPA,0.0106096512,0.0106096512,0.0106096512,Cement,115
3649,-28.42847,-49,2017,CO,EPA,0.0103521816,0.0103521816,0.0103521816,Cement,115
3650,-28.42847,-49,2018,CO,EPA,0.0103328688,0.0103328688,0.0103328688,Cement,115
3651,-28.42847,-49,2019,CO,EPA,0.010974672,0.010974672,0.010974672,Cement,115
3652,-28.42847,-49,2020,CO,EPA,0.0123589992,0.0123589992,0.0123589992,Cement,115
3653,-28.42847,-49,2021,CO,EPA,0.0144304272,0.0144304272,0.0144304272,Cement,115
3654,-28.42847,-49,2022,CO,EPA,0.008440092,0.008440092,0.008440092,Cement,115
3655,-28.42847,-49,2014,NMVOCs,EPA,0.0268666608666667,0.0268666608666667,0.0268666608666667,Cement,115
3656,-28.42847,-49,2015,NMVOCs,EPA,0.0222802919333333,0.0222802919333333,0.0222802919333333,Cement,115
3657,-28.42847,-49,2016,NMVOCs,EPA,0.0173880394666667,0.0173880394666667,0.0173880394666667,Cement,115
3658,-28.42847,-49,2017,NMVOCs,EPA,0.0169660754,0.0169660754,0.0169660754,Cement,115
3659,-28.42847,-49,2018,NMVOCs,EPA,0.0169344238666667,0.0169344238666667,0.0169344238666667,Cement,115
3660,-28.42847,-49,2019,NMVOCs,EPA,0.017986268,0.017986268,0.017986268,Cement,115
3661,-28.42847,-49,2020,NMVOCs,EPA,0.0202550264666667,0.0202550264666667,0.0202550264666667,Cement,115
3662,-28.42847,-49,2021,NMVOCs,EPA,0.0236498668,0.0236498668,0.0236498668,Cement,115
3663,-28.42847,-49,2022,NMVOCs,EPA,0.013832373,0.013832373,0.013832373,Cement,115
3664,-28.42847,-49,2014,SOX,EPA,0.0737694756,0.0737694756,0.0737694756,Cement,115
3665,-28.42847,-49,2015,SOX,EPA,0.0611763948,0.0611763948,0.0611763948,Cement,115
3666,-28.42847,-49,2016,SOX,EPA,0.0477434304,0.0477434304,0.0477434304,Cement,115
3667,-28.42847,-49,2017,SOX,EPA,0.0465848172,0.0465848172,0.0465848172,Cement,115
3668,-28.42847,-49,2018,SOX,EPA,0.0464979096,0.0464979096,0.0464979096,Cement,115
3669,-28.42847,-49,2019,SOX,EPA,0.049386024,0.049386024,0.049386024,Cement,115
3670,-28.42847,-49,2020,SOX,EPA,0.0556154964,0.0556154964,0.0556154964,Cement,115
3671,-28.42847,-49,2021,SOX,EPA,0.0649369224,0.0649369224,0.0649369224,Cement,115
3672,-28.42847,-49,2022,SOX,EPA,0.037980414,0.037980414,0.037980414,Cement,115
3673,-24.66823,-49,2014,TSP,EPA,0.0612284958827778,0.0612284958827778,0.0612284958827778,Cement,115
3674,-24.66823,-49,2015,TSP,EPA,0.0595093023555555,0.0595093023555555,0.0595093023555555,Cement,115
3675,-24.66823,-49,2016,TSP,EPA,0.0622963239377778,0.0622963239377778,0.0622963239377778,Cement,115
3676,-24.66823,-49,2017,TSP,EPA,0.0578034651933333,0.0578034651933333,0.0578034651933333,Cement,115
3677,-24.66823,-49,2018,TSP,EPA,0.0593675090261111,0.0593675090261111,0.0593675090261111,Cement,115
3678,-24.66823,-49,2019,TSP,EPA,0.060933365955,0.060933365955,0.060933365955,Cement,115
3679,-24.66823,-49,2020,TSP,EPA,0.0680092055127778,0.0680092055127778,0.0680092055127778,Cement,115
3680,-24.66823,-49,2021,TSP,EPA,0.0777820206,0.0777820206,0.0777820206,Cement,115
3681,-24.66823,-49,2022,TSP,EPA,0.0438966955466667,0.0438966955466667,0.0438966955466667,Cement,115
3682,-24.66823,-49,2014,PM10,EPA,0.0173668534666667,0.0173668534666667,0.0173668534666667,Cement,115
3683,-24.66823,-49,2015,PM10,EPA,0.0168792213333333,0.0168792213333333,0.0168792213333333,Cement,115
3684,-24.66823,-49,2016,PM10,EPA,0.0176697322666667,0.0176697322666667,0.0176697322666667,Cement,115
3685,-24.66823,-49,2017,PM10,EPA,0.0163953776,0.0163953776,0.0163953776,Cement,115
3686,-24.66823,-49,2018,PM10,EPA,0.0168390030666667,0.0168390030666667,0.0168390030666667,Cement,115
3687,-24.66823,-49,2019,PM10,EPA,0.0172831428,0.0172831428,0.0172831428,Cement,115
3688,-24.66823,-49,2020,PM10,EPA,0.0192901342666667,0.0192901342666667,0.0192901342666667,Cement,115
3689,-24.66823,-49,2021,PM10,EPA,0.022062096,0.022062096,0.022062096,Cement,115
3690,-24.66823,-49,2022,PM10,EPA,0.0124508608,0.0124508608,0.0124508608,Cement,115
3691,-24.66823,-49,2014,NOX,EPA,0.868342673333333,0.868342673333333,0.868342673333333,Cement,115
3692,-24.66823,-49,2015,NOX,EPA,0.843961066666667,0.843961066666667,0.843961066666667,Cement,115
3693,-24.66823,-49,2016,NOX,EPA,0.883486613333333,0.883486613333333,0.883486613333333,Cement,115
3694,-24.66823,-49,2017,NOX,EPA,0.81976888,0.81976888,0.81976888,Cement,115
3695,-24.66823,-49,2018,NOX,EPA,0.841950153333333,0.841950153333333,0.841950153333333,Cement,115
3696,-24.66823,-49,2019,NOX,EPA,0.86415714,0.86415714,0.86415714,Cement,115
3697,-24.66823,-49,2020,NOX,EPA,0.964506713333333,0.964506713333333,0.964506713333333,Cement,115
3698,-24.66823,-49,2021,NOX,EPA,1.1031048,1.1031048,1.1031048,Cement,115
3699,-24.66823,-49,2022,NOX,EPA,0.62254304,0.62254304,0.62254304,Cement,115
3700,-24.66823,-49,2014,CO,EPA,0.074429372,0.074429372,0.074429372,Cement,115
3701,-24.66823,-49,2015,CO,EPA,0.07233952,0.07233952,0.07233952,Cement,115
3702,-24.66823,-49,2016,CO,EPA,0.075727424,0.075727424,0.075727424,Cement,115
3703,-24.66823,-49,2017,CO,EPA,0.070265904,0.070265904,0.070265904,Cement,115
3704,-24.66823,-49,2018,CO,EPA,0.072167156,0.072167156,0.072167156,Cement,115
3705,-24.66823,-49,2019,CO,EPA,0.074070612,0.074070612,0.074070612,Cement,115
3706,-24.66823,-49,2020,CO,EPA,0.082672004,0.082672004,0.082672004,Cement,115
3707,-24.66823,-49,2021,CO,EPA,0.09455184,0.09455184,0.09455184,Cement,115
3708,-24.66823,-49,2022,CO,EPA,0.053360832,0.053360832,0.053360832,Cement,115
3709,-24.66823,-49,2014,NMVOCs,EPA,0.121981470777778,0.121981470777778,0.121981470777778,Cement,115
3710,-24.66823,-49,2015,NMVOCs,EPA,0.118556435555556,0.118556435555556,0.118556435555556,Cement,115
3711,-24.66823,-49,2016,NMVOCs,EPA,0.124108833777778,0.124108833777778,0.124108833777778,Cement,115
3712,-24.66823,-49,2017,NMVOCs,EPA,0.115158009333333,0.115158009333333,0.115158009333333,Cement,115
3713,-24.66823,-49,2018,NMVOCs,EPA,0.118273950111111,0.118273950111111,0.118273950111111,Cement,115
3714,-24.66823,-49,2019,NMVOCs,EPA,0.121393503,0.121393503,0.121393503,Cement,115
3715,-24.66823,-49,2020,NMVOCs,EPA,0.135490228777778,0.135490228777778,0.135490228777778,Cement,115
3716,-24.66823,-49,2021,NMVOCs,EPA,0.15495996,0.15495996,0.15495996,Cement,115
3717,-24.66823,-49,2022,NMVOCs,EPA,0.0874524746666667,0.0874524746666667,0.0874524746666667,Cement,115
3718,-24.66823,-49,2014,SOX,EPA,0.334932174,0.334932174,0.334932174,Cement,115
3719,-24.66823,-49,2015,SOX,EPA,0.32552784,0.32552784,0.32552784,Cement,115
3720,-24.66823,-49,2016,SOX,EPA,0.340773408,0.340773408,0.340773408,Cement,115
3721,-24.66823,-49,2017,SOX,EPA,0.316196568,0.316196568,0.316196568,Cement,115
3722,-24.66823,-49,2018,SOX,EPA,0.324752202,0.324752202,0.324752202,Cement,115
3723,-24.66823,-49,2019,SOX,EPA,0.333317754,0.333317754,0.333317754,Cement,115
3724,-24.66823,-49,2020,SOX,EPA,0.372024018,0.372024018,0.372024018,Cement,115
3725,-24.66823,-49,2021,SOX,EPA,0.42548328,0.42548328,0.42548328,Cement,115
3726,-24.66823,-49,2022,SOX,EPA,0.240123744,0.240123744,0.240123744,Cement,115
3727,-26.818808,-49,2014,TSP,EPA,0.0134856976536667,0.0134856976536667,0.0134856976536667,Cement,115
3728,-26.818808,-49,2015,TSP,EPA,0.0111835736543333,0.0111835736543333,0.0111835736543333,Cement,115
3729,-26.818808,-49,2016,TSP,EPA,0.00872791167466667,0.00872791167466667,0.00872791167466667,Cement,115
3730,-26.818808,-49,2017,TSP,EPA,0.008516107169,0.008516107169,0.008516107169,Cement,115
3731,-26.818808,-49,2018,TSP,EPA,0.00850021970866667,0.00850021970866667,0.00850021970866667,Cement,115
3732,-26.818808,-49,2019,TSP,EPA,0.00902819198,0.00902819198,0.00902819198,Cement,115
3733,-26.818808,-49,2020,TSP,EPA,0.0101669933696667,0.0101669933696667,0.0101669933696667,Cement,115
3734,-26.818808,-49,2021,TSP,EPA,0.011871030598,0.011871030598,0.011871030598,Cement,115
3735,-26.818808,-49,2022,TSP,EPA,0.006943147905,0.006943147905,0.006943147905,Cement,115
3736,-26.818808,-49,2014,PM10,EPA,0.00382508392,0.00382508392,0.00382508392,Cement,115
3737,-26.818808,-49,2015,PM10,EPA,0.00317210936,0.00317210936,0.00317210936,Cement,115
3738,-26.818808,-49,2016,PM10,EPA,0.00247558528,0.00247558528,0.00247558528,Cement,115
3739,-26.818808,-49,2017,PM10,EPA,0.00241550904,0.00241550904,0.00241550904,Cement,115
3740,-26.818808,-49,2018,PM10,EPA,0.00241100272,0.00241100272,0.00241100272,Cement,115
3741,-26.818808,-49,2019,PM10,EPA,0.0025607568,0.0025607568,0.0025607568,Cement,115
3742,-26.818808,-49,2020,PM10,EPA,0.00288376648,0.00288376648,0.00288376648,Cement,115
3743,-26.818808,-49,2021,PM10,EPA,0.00336709968,0.00336709968,0.00336709968,Cement,115
3744,-26.818808,-49,2022,PM10,EPA,0.0019693548,0.0019693548,0.0019693548,Cement,115
3745,-26.818808,-49,2014,NOX,EPA,0.191254196,0.191254196,0.191254196,Cement,115
3746,-26.818808,-49,2015,NOX,EPA,0.158605468,0.158605468,0.158605468,Cement,115
3747,-26.818808,-49,2016,NOX,EPA,0.123779264,0.123779264,0.123779264,Cement,115
3748,-26.818808,-49,2017,NOX,EPA,0.120775452,0.120775452,0.120775452,Cement,115
3749,-26.818808,-49,2018,NOX,EPA,0.120550136,0.120550136,0.120550136,Cement,115
3750,-26.818808,-49,2019,NOX,EPA,0.12803784,0.12803784,0.12803784,Cement,115
3751,-26.818808,-49,2020,NOX,EPA,0.144188324,0.144188324,0.144188324,Cement,115
3752,-26.818808,-49,2021,NOX,EPA,0.168354984,0.168354984,0.168354984,Cement,115
3753,-26.818808,-49,2022,NOX,EPA,0.09846774,0.09846774,0.09846774,Cement,115
3754,-26.818808,-49,2014,CO,EPA,0.0163932168,0.0163932168,0.0163932168,Cement,115
3755,-26.818808,-49,2015,CO,EPA,0.0135947544,0.0135947544,0.0135947544,Cement,115
3756,-26.818808,-49,2016,CO,EPA,0.0106096512,0.0106096512,0.0106096512,Cement,115
3757,-26.818808,-49,2017,CO,EPA,0.0103521816,0.0103521816,0.0103521816,Cement,115
3758,-26.818808,-49,2018,CO,EPA,0.0103328688,0.0103328688,0.0103328688,Cement,115
3759,-26.818808,-49,2019,CO,EPA,0.010974672,0.010974672,0.010974672,Cement,115
3760,-26.818808,-49,2020,CO,EPA,0.0123589992,0.0123589992,0.0123589992,Cement,115
3761,-26.818808,-49,2021,CO,EPA,0.0144304272,0.0144304272,0.0144304272,Cement,115
3762,-26.818808,-49,2022,CO,EPA,0.008440092,0.008440092,0.008440092,Cement,115
3763,-26.818808,-49,2014,NMVOCs,EPA,0.0268666608666667,0.0268666608666667,0.0268666608666667,Cement,115
3764,-26.818808,-49,2015,NMVOCs,EPA,0.0222802919333333,0.0222802919333333,0.0222802919333333,Cement,115
3765,-26.818808,-49,2016,NMVOCs,EPA,0.0173880394666667,0.0173880394666667,0.0173880394666667,Cement,115
3766,-26.818808,-49,2017,NMVOCs,EPA,0.0169660754,0.0169660754,0.0169660754,Cement,115
3767,-26.818808,-49,2018,NMVOCs,EPA,0.0169344238666667,0.0169344238666667,0.0169344238666667,Cement,115
3768,-26.818808,-49,2019,NMVOCs,EPA,0.017986268,0.017986268,0.017986268,Cement,115
3769,-26.818808,-49,2020,NMVOCs,EPA,0.0202550264666667,0.0202550264666667,0.0202550264666667,Cement,115
3770,-26.818808,-49,2021,NMVOCs,EPA,0.0236498668,0.0236498668,0.0236498668,Cement,115
3771,-26.818808,-49,2022,NMVOCs,EPA,0.013832373,0.013832373,0.013832373,Cement,115
3772,-26.818808,-49,2014,SOX,EPA,0.0737694756,0.0737694756,0.0737694756,Cement,115
3773,-26.818808,-49,2015,SOX,EPA,0.0611763948,0.0611763948,0.0611763948,Cement,115
3774,-26.818808,-49,2016,SOX,EPA,0.0477434304,0.0477434304,0.0477434304,Cement,115
3775,-26.818808,-49,2017,SOX,EPA,0.0465848172,0.0465848172,0.0465848172,Cement,115
3776,-26.818808,-49,2018,SOX,EPA,0.0464979096,0.0464979096,0.0464979096,Cement,115
3777,-26.818808,-49,2019,SOX,EPA,0.049386024,0.049386024,0.049386024,Cement,115
3778,-26.818808,-49,2020,SOX,EPA,0.0556154964,0.0556154964,0.0556154964,Cement,115
3779,-26.818808,-49,2021,SOX,EPA,0.0649369224,0.0649369224,0.0649369224,Cement,115
3780,-26.818808,-49,2022,SOX,EPA,0.037980414,0.037980414,0.037980414,Cement,115
3781,-20.899453,-44,2014,TSP,EPA,0.0314208320040625,0.0314208320040625,0.0314208320040625,Cement,115
3782,-20.899453,-44,2015,TSP,EPA,0.027764673309375,0.027764673309375,0.027764673309375,Cement,115
3783,-20.899453,-44,2016,TSP,EPA,0.0244802494984375,0.0244802494984375,0.0244802494984375,Cement,115
3784,-20.899453,-44,2017,TSP,EPA,0.023830542671875,0.023830542671875,0.023830542671875,Cement,115
3785,-20.899453,-44,2018,TSP,EPA,0.025536396286875,0.025536396286875,0.025536396286875,Cement,115
3786,-20.899453,-44,2019,TSP,EPA,0.029467358119375,0.029467358119375,0.029467358119375,Cement,115
3787,-20.899453,-44,2020,TSP,EPA,0.0295193879725,0.0295193879725,0.0295193879725,Cement,115
3788,-20.899453,-44,2021,TSP,EPA,0.030923164885625,0.030923164885625,0.030923164885625,Cement,115
3789,-20.899453,-44,2022,TSP,EPA,0.0171099459390625,0.0171099459390625,0.0171099459390625,Cement,115
3790,-20.899453,-44,2014,PM10,EPA,0.008912206275,0.008912206275,0.008912206275,Cement,115
3791,-20.899453,-44,2015,PM10,EPA,0.00787517325,0.00787517325,0.00787517325,Cement,115
3792,-20.899453,-44,2016,PM10,EPA,0.006943579125,0.006943579125,0.006943579125,Cement,115
3793,-20.899453,-44,2017,PM10,EPA,0.00675929625,0.00675929625,0.00675929625,Cement,115
3794,-20.899453,-44,2018,PM10,EPA,0.00724314465,0.00724314465,0.00724314465,Cement,115
3795,-20.899453,-44,2019,PM10,EPA,0.00835812285,0.00835812285,0.00835812285,Cement,115
3796,-20.899453,-44,2020,PM10,EPA,0.0083728806,0.0083728806,0.0083728806,Cement,115
3797,-20.899453,-44,2021,PM10,EPA,0.00877104795,0.00877104795,0.00877104795,Cement,115
3798,-20.899453,-44,2022,PM10,EPA,0.004853065875,0.004853065875,0.004853065875,Cement,115
3799,-20.899453,-44,2014,NOX,EPA,0.44561031375,0.44561031375,0.44561031375,Cement,115
3800,-20.899453,-44,2015,NOX,EPA,0.3937586625,0.3937586625,0.3937586625,Cement,115
3801,-20.899453,-44,2016,NOX,EPA,0.34717895625,0.34717895625,0.34717895625,Cement,115
3802,-20.899453,-44,2017,NOX,EPA,0.3379648125,0.3379648125,0.3379648125,Cement,115
3803,-20.899453,-44,2018,NOX,EPA,0.3621572325,0.3621572325,0.3621572325,Cement,115
3804,-20.899453,-44,2019,NOX,EPA,0.4179061425,0.4179061425,0.4179061425,Cement,115
3805,-20.899453,-44,2020,NOX,EPA,0.41864403,0.41864403,0.41864403,Cement,115
3806,-20.899453,-44,2021,NOX,EPA,0.4385523975,0.4385523975,0.4385523975,Cement,115
3807,-20.899453,-44,2022,NOX,EPA,0.24265329375,0.24265329375,0.24265329375,Cement,115
3808,-20.899453,-44,2014,CO,EPA,0.03819516975,0.03819516975,0.03819516975,Cement,115
3809,-20.899453,-44,2015,CO,EPA,0.0337507425,0.0337507425,0.0337507425,Cement,115
3810,-20.899453,-44,2016,CO,EPA,0.02975819625,0.02975819625,0.02975819625,Cement,115
3811,-20.899453,-44,2017,CO,EPA,0.0289684125,0.0289684125,0.0289684125,Cement,115
3812,-20.899453,-44,2018,CO,EPA,0.0310420485,0.0310420485,0.0310420485,Cement,115
3813,-20.899453,-44,2019,CO,EPA,0.0358205265,0.0358205265,0.0358205265,Cement,115
3814,-20.899453,-44,2020,CO,EPA,0.035883774,0.035883774,0.035883774,Cement,115
3815,-20.899453,-44,2021,CO,EPA,0.0375902055,0.0375902055,0.0375902055,Cement,115
3816,-20.899453,-44,2022,CO,EPA,0.02079885375,0.02079885375,0.02079885375,Cement,115
3817,-20.899453,-44,2014,NMVOCs,EPA,0.0625976393125,0.0625976393125,0.0625976393125,Cement,115
3818,-20.899453,-44,2015,NMVOCs,EPA,0.055313716875,0.055313716875,0.055313716875,Cement,115
3819,-20.899453,-44,2016,NMVOCs,EPA,0.0487703771875,0.0487703771875,0.0487703771875,Cement,115
3820,-20.899453,-44,2017,NMVOCs,EPA,0.047476009375,0.047476009375,0.047476009375,Cement,115
3821,-20.899453,-44,2018,NMVOCs,EPA,0.050874468375,0.050874468375,0.050874468375,Cement,115
3822,-20.899453,-44,2019,NMVOCs,EPA,0.058705862875,0.058705862875,0.058705862875,Cement,115
3823,-20.899453,-44,2020,NMVOCs,EPA,0.0588095185,0.0588095185,0.0588095185,Cement,115
3824,-20.899453,-44,2021,NMVOCs,EPA,0.061606170125,0.061606170125,0.061606170125,Cement,115
3825,-20.899453,-44,2022,NMVOCs,EPA,0.0340870103125,0.0340870103125,0.0340870103125,Cement,115
3826,-20.899453,-44,2014,SOX,EPA,0.171878263875,0.171878263875,0.171878263875,Cement,115
3827,-20.899453,-44,2015,SOX,EPA,0.15187834125,0.15187834125,0.15187834125,Cement,115
3828,-20.899453,-44,2016,SOX,EPA,0.133911883125,0.133911883125,0.133911883125,Cement,115
3829,-20.899453,-44,2017,SOX,EPA,0.13035785625,0.13035785625,0.13035785625,Cement,115
3830,-20.899453,-44,2018,SOX,EPA,0.13968921825,0.13968921825,0.13968921825,Cement,115
3831,-20.899453,-44,2019,SOX,EPA,0.16119236925,0.16119236925,0.16119236925,Cement,115
3832,-20.899453,-44,2020,SOX,EPA,0.161476983,0.161476983,0.161476983,Cement,115
3833,-20.899453,-44,2021,SOX,EPA,0.16915592475,0.16915592475,0.16915592475,Cement,115
3834,-20.899453,-44,2022,SOX,EPA,0.093594841875,0.093594841875,0.093594841875,Cement,115
3835,-23.431076,-46,2014,TSP,EPA,0.0241225848245833,0.0241225848245833,0.0241225848245833,Cement,115
3836,-23.431076,-46,2015,TSP,EPA,0.021401013215,0.021401013215,0.021401013215,Cement,115
3837,-23.431076,-46,2016,TSP,EPA,0.0175078105075,0.0175078105075,0.0175078105075,Cement,115
3838,-23.431076,-46,2017,TSP,EPA,0.0160270950583333,0.0160270950583333,0.0160270950583333,Cement,115
3839,-23.431076,-46,2018,TSP,EPA,0.0155239436120833,0.0155239436120833,0.0155239436120833,Cement,115
3840,-23.431076,-46,2019,TSP,EPA,0.0151956761445833,0.0151956761445833,0.0151956761445833,Cement,115
3841,-23.431076,-46,2020,TSP,EPA,0.0173426131016667,0.0173426131016667,0.0173426131016667,Cement,115
3842,-23.431076,-46,2021,TSP,EPA,0.01930857279375,0.01930857279375,0.01930857279375,Cement,115
3843,-23.431076,-46,2022,TSP,EPA,0.0105665332833333,0.0105665332833333,0.0105665332833333,Cement,115
3844,-23.431076,-46,2014,PM10,EPA,0.0068421311,0.0068421311,0.0068421311,Cement,115
3845,-23.431076,-46,2015,PM10,EPA,0.0060701844,0.0060701844,0.0060701844,Cement,115
3846,-23.431076,-46,2016,PM10,EPA,0.0049659162,0.0049659162,0.0049659162,Cement,115
3847,-23.431076,-46,2017,PM10,EPA,0.004545926,0.004545926,0.004545926,Cement,115
3848,-23.431076,-46,2018,PM10,EPA,0.0044032121,0.0044032121,0.0044032121,Cement,115
3849,-23.431076,-46,2019,PM10,EPA,0.0043101023,0.0043101023,0.0043101023,Cement,115
3850,-23.431076,-46,2020,PM10,EPA,0.0049190596,0.0049190596,0.0049190596,Cement,115
3851,-23.431076,-46,2021,PM10,EPA,0.0054766845,0.0054766845,0.0054766845,Cement,115
3852,-23.431076,-46,2022,PM10,EPA,0.002997092,0.002997092,0.002997092,Cement,115
3853,-23.431076,-46,2014,NOX,EPA,0.342106555,0.342106555,0.342106555,Cement,115
3854,-23.431076,-46,2015,NOX,EPA,0.30350922,0.30350922,0.30350922,Cement,115
3855,-23.431076,-46,2016,NOX,EPA,0.24829581,0.24829581,0.24829581,Cement,115
3856,-23.431076,-46,2017,NOX,EPA,0.2272963,0.2272963,0.2272963,Cement,115
3857,-23.431076,-46,2018,NOX,EPA,0.220160605,0.220160605,0.220160605,Cement,115
3858,-23.431076,-46,2019,NOX,EPA,0.215505115,0.215505115,0.215505115,Cement,115
3859,-23.431076,-46,2020,NOX,EPA,0.24595298,0.24595298,0.24595298,Cement,115
3860,-23.431076,-46,2021,NOX,EPA,0.273834225,0.273834225,0.273834225,Cement,115
3861,-23.431076,-46,2022,NOX,EPA,0.1498546,0.1498546,0.1498546,Cement,115
3862,-23.431076,-46,2014,CO,EPA,0.029323419,0.029323419,0.029323419,Cement,115
3863,-23.431076,-46,2015,CO,EPA,0.026015076,0.026015076,0.026015076,Cement,115
3864,-23.431076,-46,2016,CO,EPA,0.021282498,0.021282498,0.021282498,Cement,115
3865,-23.431076,-46,2017,CO,EPA,0.01948254,0.01948254,0.01948254,Cement,115
3866,-23.431076,-46,2018,CO,EPA,0.018870909,0.018870909,0.018870909,Cement,115
3867,-23.431076,-46,2019,CO,EPA,0.018471867,0.018471867,0.018471867,Cement,115
3868,-23.431076,-46,2020,CO,EPA,0.021081684,0.021081684,0.021081684,Cement,115
3869,-23.431076,-46,2021,CO,EPA,0.023471505,0.023471505,0.023471505,Cement,115
3870,-23.431076,-46,2022,CO,EPA,0.01284468,0.01284468,0.01284468,Cement,115
3871,-23.431076,-46,2014,NMVOCs,EPA,0.0480578255833333,0.0480578255833333,0.0480578255833333,Cement,115
3872,-23.431076,-46,2015,NMVOCs,EPA,0.042635819,0.042635819,0.042635819,Cement,115
3873,-23.431076,-46,2016,NMVOCs,EPA,0.0348796495,0.0348796495,0.0348796495,Cement,115
3874,-23.431076,-46,2017,NMVOCs,EPA,0.0319297183333333,0.0319297183333333,0.0319297183333333,Cement,115
3875,-23.431076,-46,2018,NMVOCs,EPA,0.0309273230833333,0.0309273230833333,0.0309273230833333,Cement,115
3876,-23.431076,-46,2019,NMVOCs,EPA,0.0302733375833333,0.0302733375833333,0.0302733375833333,Cement,115
3877,-23.431076,-46,2020,NMVOCs,EPA,0.0345505376666667,0.0345505376666667,0.0345505376666667,Cement,115
3878,-23.431076,-46,2021,NMVOCs,EPA,0.03846718875,0.03846718875,0.03846718875,Cement,115
3879,-23.431076,-46,2022,NMVOCs,EPA,0.0210510033333333,0.0210510033333333,0.0210510033333333,Cement,115
3880,-23.431076,-46,2014,SOX,EPA,0.1319553855,0.1319553855,0.1319553855,Cement,115
3881,-23.431076,-46,2015,SOX,EPA,0.117067842,0.117067842,0.117067842,Cement,115
3882,-23.431076,-46,2016,SOX,EPA,0.095771241,0.095771241,0.095771241,Cement,115
3883,-23.431076,-46,2017,SOX,EPA,0.08767143,0.08767143,0.08767143,Cement,115
3884,-23.431076,-46,2018,SOX,EPA,0.0849190905,0.0849190905,0.0849190905,Cement,115
3885,-23.431076,-46,2019,SOX,EPA,0.0831234015,0.0831234015,0.0831234015,Cement,115
3886,-23.431076,-46,2020,SOX,EPA,0.094867578,0.094867578,0.094867578,Cement,115
3887,-23.431076,-46,2021,SOX,EPA,0.1056217725,0.1056217725,0.1056217725,Cement,115
3888,-23.431076,-46,2022,SOX,EPA,0.05780106,0.05780106,0.05780106,Cement,115
3889,-22.521602,-44,2014,TSP,EPA,0.016536316345625,0.016536316345625,0.016536316345625,Cement,115
3890,-22.521602,-44,2015,TSP,EPA,0.0159738423525,0.0159738423525,0.0159738423525,Cement,115
3891,-22.521602,-44,2016,TSP,EPA,0.0138496472475,0.0138496472475,0.0138496472475,Cement,115
3892,-22.521602,-44,2017,TSP,EPA,0.011934145345625,0.011934145345625,0.011934145345625,Cement,115
3893,-22.521602,-44,2018,TSP,EPA,0.01293352203,0.01293352203,0.01293352203,Cement,115
3894,-22.521602,-44,2019,TSP,EPA,0.01442960519625,0.01442960519625,0.01442960519625,Cement,115
3895,-22.521602,-44,2020,TSP,EPA,0.01376294193125,0.01376294193125,0.01376294193125,Cement,115
3896,-22.521602,-44,2021,TSP,EPA,0.01523696932625,0.01523696932625,0.01523696932625,Cement,115
3897,-22.521602,-44,2022,TSP,EPA,0.008377591150625,0.008377591150625,0.008377591150625,Cement,115
3898,-22.521602,-44,2014,PM10,EPA,0.00469036155,0.00469036155,0.00469036155,Cement,115
3899,-22.521602,-44,2015,PM10,EPA,0.0045308214,0.0045308214,0.0045308214,Cement,115
3900,-22.521602,-44,2016,PM10,EPA,0.0039283146,0.0039283146,0.0039283146,Cement,115
3901,-22.521602,-44,2017,PM10,EPA,0.00338500155,0.00338500155,0.00338500155,Cement,115
3902,-22.521602,-44,2018,PM10,EPA,0.0036684648,0.0036684648,0.0036684648,Cement,115
3903,-22.521602,-44,2019,PM10,EPA,0.0040928139,0.0040928139,0.0040928139,Cement,115
3904,-22.521602,-44,2020,PM10,EPA,0.0039037215,0.0039037215,0.0039037215,Cement,115
3905,-22.521602,-44,2021,PM10,EPA,0.0043218147,0.0043218147,0.0043218147,Cement,115
3906,-22.521602,-44,2022,PM10,EPA,0.00237622035,0.00237622035,0.00237622035,Cement,115
3907,-22.521602,-44,2014,NOX,EPA,0.2345180775,0.2345180775,0.2345180775,Cement,115
3908,-22.521602,-44,2015,NOX,EPA,0.22654107,0.22654107,0.22654107,Cement,115
3909,-22.521602,-44,2016,NOX,EPA,0.19641573,0.19641573,0.19641573,Cement,115
3910,-22.521602,-44,2017,NOX,EPA,0.1692500775,0.1692500775,0.1692500775,Cement,115
3911,-22.521602,-44,2018,NOX,EPA,0.18342324,0.18342324,0.18342324,Cement,115
3912,-22.521602,-44,2019,NOX,EPA,0.204640695,0.204640695,0.204640695,Cement,115
3913,-22.521602,-44,2020,NOX,EPA,0.195186075,0.195186075,0.195186075,Cement,115
3914,-22.521602,-44,2021,NOX,EPA,0.216090735,0.216090735,0.216090735,Cement,115
3915,-22.521602,-44,2022,NOX,EPA,0.1188110175,0.1188110175,0.1188110175,Cement,115
3916,-22.521602,-44,2014,CO,EPA,0.0201015495,0.0201015495,0.0201015495,Cement,115
3917,-22.521602,-44,2015,CO,EPA,0.019417806,0.019417806,0.019417806,Cement,115
3918,-22.521602,-44,2016,CO,EPA,0.016835634,0.016835634,0.016835634,Cement,115
3919,-22.521602,-44,2017,CO,EPA,0.0145071495,0.0145071495,0.0145071495,Cement,115
3920,-22.521602,-44,2018,CO,EPA,0.015721992,0.015721992,0.015721992,Cement,115
3921,-22.521602,-44,2019,CO,EPA,0.017540631,0.017540631,0.017540631,Cement,115
3922,-22.521602,-44,2020,CO,EPA,0.016730235,0.016730235,0.016730235,Cement,115
3923,-22.521602,-44,2021,CO,EPA,0.018522063,0.018522063,0.018522063,Cement,115
3924,-22.521602,-44,2022,CO,EPA,0.0101838015,0.0101838015,0.0101838015,Cement,115
3925,-22.521602,-44,2014,NMVOCs,EPA,0.032944206125,0.032944206125,0.032944206125,Cement,115
3926,-22.521602,-44,2015,NMVOCs,EPA,0.0318236265,0.0318236265,0.0318236265,Cement,115
3927,-22.521602,-44,2016,NMVOCs,EPA,0.0275917335,0.0275917335,0.0275917335,Cement,115
3928,-22.521602,-44,2017,NMVOCs,EPA,0.023775606125,0.023775606125,0.023775606125,Cement,115
3929,-22.521602,-44,2018,NMVOCs,EPA,0.025766598,0.025766598,0.025766598,Cement,115
3930,-22.521602,-44,2019,NMVOCs,EPA,0.02874714525,0.02874714525,0.02874714525,Cement,115
3931,-22.521602,-44,2020,NMVOCs,EPA,0.02741899625,0.02741899625,0.02741899625,Cement,115
3932,-22.521602,-44,2021,NMVOCs,EPA,0.03035560325,0.03035560325,0.03035560325,Cement,115
3933,-22.521602,-44,2022,NMVOCs,EPA,0.016690119125,0.016690119125,0.016690119125,Cement,115
3934,-22.521602,-44,2014,SOX,EPA,0.09045697275,0.09045697275,0.09045697275,Cement,115
3935,-22.521602,-44,2015,SOX,EPA,0.087380127,0.087380127,0.087380127,Cement,115
3936,-22.521602,-44,2016,SOX,EPA,0.075760353,0.075760353,0.075760353,Cement,115
3937,-22.521602,-44,2017,SOX,EPA,0.06528217275,0.06528217275,0.06528217275,Cement,115
3938,-22.521602,-44,2018,SOX,EPA,0.070748964,0.070748964,0.070748964,Cement,115
3939,-22.521602,-44,2019,SOX,EPA,0.0789328395,0.0789328395,0.0789328395,Cement,115
3940,-22.521602,-44,2020,SOX,EPA,0.0752860575,0.0752860575,0.0752860575,Cement,115
3941,-22.521602,-44,2021,SOX,EPA,0.0833492835,0.0833492835,0.0833492835,Cement,115
3942,-22.521602,-44,2022,SOX,EPA,0.04582710675,0.04582710675,0.04582710675,Cement,115
3943,-21.912439,-42,2014,TSP,EPA,0.016536316345625,0.016536316345625,0.016536316345625,Cement,115
3944,-21.912439,-42,2015,TSP,EPA,0.0159738423525,0.0159738423525,0.0159738423525,Cement,115
3945,-21.912439,-42,2016,TSP,EPA,0.0138496472475,0.0138496472475,0.0138496472475,Cement,115
3946,-21.912439,-42,2017,TSP,EPA,0.011934145345625,0.011934145345625,0.011934145345625,Cement,115
3947,-21.912439,-42,2018,TSP,EPA,0.01293352203,0.01293352203,0.01293352203,Cement,115
3948,-21.912439,-42,2019,TSP,EPA,0.01442960519625,0.01442960519625,0.01442960519625,Cement,115
3949,-21.912439,-42,2020,TSP,EPA,0.01376294193125,0.01376294193125,0.01376294193125,Cement,115
3950,-21.912439,-42,2021,TSP,EPA,0.01523696932625,0.01523696932625,0.01523696932625,Cement,115
3951,-21.912439,-42,2022,TSP,EPA,0.008377591150625,0.008377591150625,0.008377591150625,Cement,115
3952,-21.912439,-42,2014,PM10,EPA,0.00469036155,0.00469036155,0.00469036155,Cement,115
3953,-21.912439,-42,2015,PM10,EPA,0.0045308214,0.0045308214,0.0045308214,Cement,115
3954,-21.912439,-42,2016,PM10,EPA,0.0039283146,0.0039283146,0.0039283146,Cement,115
3955,-21.912439,-42,2017,PM10,EPA,0.00338500155,0.00338500155,0.00338500155,Cement,115
3956,-21.912439,-42,2018,PM10,EPA,0.0036684648,0.0036684648,0.0036684648,Cement,115
3957,-21.912439,-42,2019,PM10,EPA,0.0040928139,0.0040928139,0.0040928139,Cement,115
3958,-21.912439,-42,2020,PM10,EPA,0.0039037215,0.0039037215,0.0039037215,Cement,115
3959,-21.912439,-42,2021,PM10,EPA,0.0043218147,0.0043218147,0.0043218147,Cement,115
3960,-21.912439,-42,2022,PM10,EPA,0.00237622035,0.00237622035,0.00237622035,Cement,115
3961,-21.912439,-42,2014,NOX,EPA,0.2345180775,0.2345180775,0.2345180775,Cement,115
3962,-21.912439,-42,2015,NOX,EPA,0.22654107,0.22654107,0.22654107,Cement,115
3963,-21.912439,-42,2016,NOX,EPA,0.19641573,0.19641573,0.19641573,Cement,115
3964,-21.912439,-42,2017,NOX,EPA,0.1692500775,0.1692500775,0.1692500775,Cement,115
3965,-21.912439,-42,2018,NOX,EPA,0.18342324,0.18342324,0.18342324,Cement,115
3966,-21.912439,-42,2019,NOX,EPA,0.204640695,0.204640695,0.204640695,Cement,115
3967,-21.912439,-42,2020,NOX,EPA,0.195186075,0.195186075,0.195186075,Cement,115
3968,-21.912439,-42,2021,NOX,EPA,0.216090735,0.216090735,0.216090735,Cement,115
3969,-21.912439,-42,2022,NOX,EPA,0.1188110175,0.1188110175,0.1188110175,Cement,115
3970,-21.912439,-42,2014,CO,EPA,0.0201015495,0.0201015495,0.0201015495,Cement,115
3971,-21.912439,-42,2015,CO,EPA,0.019417806,0.019417806,0.019417806,Cement,115
3972,-21.912439,-42,2016,CO,EPA,0.016835634,0.016835634,0.016835634,Cement,115
3973,-21.912439,-42,2017,CO,EPA,0.0145071495,0.0145071495,0.0145071495,Cement,115
3974,-21.912439,-42,2018,CO,EPA,0.015721992,0.015721992,0.015721992,Cement,115
3975,-21.912439,-42,2019,CO,EPA,0.017540631,0.017540631,0.017540631,Cement,115
3976,-21.912439,-42,2020,CO,EPA,0.016730235,0.016730235,0.016730235,Cement,115
3977,-21.912439,-42,2021,CO,EPA,0.018522063,0.018522063,0.018522063,Cement,115
3978,-21.912439,-42,2022,CO,EPA,0.0101838015,0.0101838015,0.0101838015,Cement,115
3979,-21.912439,-42,2014,NMVOCs,EPA,0.032944206125,0.032944206125,0.032944206125,Cement,115
3980,-21.912439,-42,2015,NMVOCs,EPA,0.0318236265,0.0318236265,0.0318236265,Cement,115
3981,-21.912439,-42,2016,NMVOCs,EPA,0.0275917335,0.0275917335,0.0275917335,Cement,115
3982,-21.912439,-42,2017,NMVOCs,EPA,0.023775606125,0.023775606125,0.023775606125,Cement,115
3983,-21.912439,-42,2018,NMVOCs,EPA,0.025766598,0.025766598,0.025766598,Cement,115
3984,-21.912439,-42,2019,NMVOCs,EPA,0.02874714525,0.02874714525,0.02874714525,Cement,115
3985,-21.912439,-42,2020,NMVOCs,EPA,0.02741899625,0.02741899625,0.02741899625,Cement,115
3986,-21.912439,-42,2021,NMVOCs,EPA,0.03035560325,0.03035560325,0.03035560325,Cement,115
3987,-21.912439,-42,2022,NMVOCs,EPA,0.016690119125,0.016690119125,0.016690119125,Cement,115
3988,-21.912439,-42,2014,SOX,EPA,0.09045697275,0.09045697275,0.09045697275,Cement,115
3989,-21.912439,-42,2015,SOX,EPA,0.087380127,0.087380127,0.087380127,Cement,115
3990,-21.912439,-42,2016,SOX,EPA,0.075760353,0.075760353,0.075760353,Cement,115
3991,-21.912439,-42,2017,SOX,EPA,0.06528217275,0.06528217275,0.06528217275,Cement,115
3992,-21.912439,-42,2018,SOX,EPA,0.070748964,0.070748964,0.070748964,Cement,115
3993,-21.912439,-42,2019,SOX,EPA,0.0789328395,0.0789328395,0.0789328395,Cement,115
3994,-21.912439,-42,2020,SOX,EPA,0.0752860575,0.0752860575,0.0752860575,Cement,115
3995,-21.912439,-42,2021,SOX,EPA,0.0833492835,0.0833492835,0.0833492835,Cement,115
3996,-21.912439,-42,2022,SOX,EPA,0.04582710675,0.04582710675,0.04582710675,Cement,115
3997,-19.004609,-58,2014,TSP,EPA,0.0130039020775,0.0130039020775,0.0130039020775,Cement,115
3998,-19.004609,-58,2015,TSP,EPA,0.0125973473575,0.0125973473575,0.0125973473575,Cement,115
3999,-19.004609,-58,2016,TSP,EPA,0.0108740505075,0.0108740505075,0.0108740505075,Cement,115
4000,-19.004609,-58,2017,TSP,EPA,0.00943279211,0.00943279211,0.00943279211,Cement,115
4001,-19.004609,-58,2018,TSP,EPA,0.009133295615,0.009133295615,0.009133295615,Cement,115
4002,-19.004609,-58,2019,TSP,EPA,0.0103738827725,0.0103738827725,0.0103738827725,Cement,115
4003,-19.004609,-58,2020,TSP,EPA,0.0123269327925,0.0123269327925,0.0123269327925,Cement,115
4004,-19.004609,-58,2021,TSP,EPA,0.0134342376425,0.0134342376425,0.0134342376425,Cement,115
4005,-19.004609,-58,2022,TSP,EPA,0.008005378725,0.008005378725,0.008005378725,Cement,115
4006,-19.004609,-58,2014,PM10,EPA,0.0036884274,0.0036884274,0.0036884274,Cement,115
4007,-19.004609,-58,2015,PM10,EPA,0.0035731122,0.0035731122,0.0035731122,Cement,115
4008,-19.004609,-58,2016,PM10,EPA,0.0030843162,0.0030843162,0.0030843162,Cement,115
4009,-19.004609,-58,2017,PM10,EPA,0.0026755176,0.0026755176,0.0026755176,Cement,115
4010,-19.004609,-58,2018,PM10,EPA,0.0025905684,0.0025905684,0.0025905684,Cement,115
4011,-19.004609,-58,2019,PM10,EPA,0.0029424486,0.0029424486,0.0029424486,Cement,115
4012,-19.004609,-58,2020,PM10,EPA,0.0034964118,0.0034964118,0.0034964118,Cement,115
4013,-19.004609,-58,2021,PM10,EPA,0.0038104878,0.0038104878,0.0038104878,Cement,115
4014,-19.004609,-58,2022,PM10,EPA,0.002270646,0.002270646,0.002270646,Cement,115
4015,-19.004609,-58,2014,NOX,EPA,0.18442137,0.18442137,0.18442137,Cement,115
4016,-19.004609,-58,2015,NOX,EPA,0.17865561,0.17865561,0.17865561,Cement,115
4017,-19.004609,-58,2016,NOX,EPA,0.15421581,0.15421581,0.15421581,Cement,115
4018,-19.004609,-58,2017,NOX,EPA,0.13377588,0.13377588,0.13377588,Cement,115
4019,-19.004609,-58,2018,NOX,EPA,0.12952842,0.12952842,0.12952842,Cement,115
4020,-19.004609,-58,2019,NOX,EPA,0.14712243,0.14712243,0.14712243,Cement,115
4021,-19.004609,-58,2020,NOX,EPA,0.17482059,0.17482059,0.17482059,Cement,115
4022,-19.004609,-58,2021,NOX,EPA,0.19052439,0.19052439,0.19052439,Cement,115
4023,-19.004609,-58,2022,NOX,EPA,0.1135323,0.1135323,0.1135323,Cement,115
4024,-19.004609,-58,2014,CO,EPA,0.015807546,0.015807546,0.015807546,Cement,115
4025,-19.004609,-58,2015,CO,EPA,0.015313338,0.015313338,0.015313338,Cement,115
4026,-19.004609,-58,2016,CO,EPA,0.013218498,0.013218498,0.013218498,Cement,115
4027,-19.004609,-58,2017,CO,EPA,0.011466504,0.011466504,0.011466504,Cement,115
4028,-19.004609,-58,2018,CO,EPA,0.011102436,0.011102436,0.011102436,Cement,115
4029,-19.004609,-58,2019,CO,EPA,0.012610494,0.012610494,0.012610494,Cement,115
4030,-19.004609,-58,2020,CO,EPA,0.014984622,0.014984622,0.014984622,Cement,115
4031,-19.004609,-58,2021,CO,EPA,0.016330662,0.016330662,0.016330662,Cement,115
4032,-19.004609,-58,2022,CO,EPA,0.00973134,0.00973134,0.00973134,Cement,115
4033,-19.004609,-58,2014,NMVOCs,EPA,0.0259068115,0.0259068115,0.0259068115,Cement,115
4034,-19.004609,-58,2015,NMVOCs,EPA,0.0250968595,0.0250968595,0.0250968595,Cement,115
4035,-19.004609,-58,2016,NMVOCs,EPA,0.0216636495,0.0216636495,0.0216636495,Cement,115
4036,-19.004609,-58,2017,NMVOCs,EPA,0.018792326,0.018792326,0.018792326,Cement,115
4037,-19.004609,-58,2018,NMVOCs,EPA,0.018195659,0.018195659,0.018195659,Cement,115
4038,-19.004609,-58,2019,NMVOCs,EPA,0.0206671985,0.0206671985,0.0206671985,Cement,115
4039,-19.004609,-58,2020,NMVOCs,EPA,0.0245581305,0.0245581305,0.0245581305,Cement,115
4040,-19.004609,-58,2021,NMVOCs,EPA,0.0267641405,0.0267641405,0.0267641405,Cement,115
4041,-19.004609,-58,2022,NMVOCs,EPA,0.015948585,0.015948585,0.015948585,Cement,115
4042,-19.004609,-58,2014,SOX,EPA,0.071133957,0.071133957,0.071133957,Cement,115
4043,-19.004609,-58,2015,SOX,EPA,0.068910021,0.068910021,0.068910021,Cement,115
4044,-19.004609,-58,2016,SOX,EPA,0.059483241,0.059483241,0.059483241,Cement,115
4045,-19.004609,-58,2017,SOX,EPA,0.051599268,0.051599268,0.051599268,Cement,115
4046,-19.004609,-58,2018,SOX,EPA,0.049960962,0.049960962,0.049960962,Cement,115
4047,-19.004609,-58,2019,SOX,EPA,0.056747223,0.056747223,0.056747223,Cement,115
4048,-19.004609,-58,2020,SOX,EPA,0.067430799,0.067430799,0.067430799,Cement,115
4049,-19.004609,-58,2021,SOX,EPA,0.073487979,0.073487979,0.073487979,Cement,115
4050,-19.004609,-58,2022,SOX,EPA,0.04379103,0.04379103,0.04379103,Cement,115
4051,-23.857266,-46,2014,TSP,EPA,0.0241225848245833,0.0241225848245833,0.0241225848245833,Cement,115
4052,-23.857266,-46,2015,TSP,EPA,0.021401013215,0.021401013215,0.021401013215,Cement,115
4053,-23.857266,-46,2016,TSP,EPA,0.0175078105075,0.0175078105075,0.0175078105075,Cement,115
4054,-23.857266,-46,2017,TSP,EPA,0.0160270950583333,0.0160270950583333,0.0160270950583333,Cement,115
4055,-23.857266,-46,2018,TSP,EPA,0.0155239436120833,0.0155239436120833,0.0155239436120833,Cement,115
4056,-23.857266,-46,2019,TSP,EPA,0.0151956761445833,0.0151956761445833,0.0151956761445833,Cement,115
4057,-23.857266,-46,2020,TSP,EPA,0.0173426131016667,0.0173426131016667,0.0173426131016667,Cement,115
4058,-23.857266,-46,2021,TSP,EPA,0.01930857279375,0.01930857279375,0.01930857279375,Cement,115
4059,-23.857266,-46,2022,TSP,EPA,0.0105665332833333,0.0105665332833333,0.0105665332833333,Cement,115
4060,-23.857266,-46,2014,PM10,EPA,0.0068421311,0.0068421311,0.0068421311,Cement,115
4061,-23.857266,-46,2015,PM10,EPA,0.0060701844,0.0060701844,0.0060701844,Cement,115
4062,-23.857266,-46,2016,PM10,EPA,0.0049659162,0.0049659162,0.0049659162,Cement,115
4063,-23.857266,-46,2017,PM10,EPA,0.004545926,0.004545926,0.004545926,Cement,115
4064,-23.857266,-46,2018,PM10,EPA,0.0044032121,0.0044032121,0.0044032121,Cement,115
4065,-23.857266,-46,2019,PM10,EPA,0.0043101023,0.0043101023,0.0043101023,Cement,115
4066,-23.857266,-46,2020,PM10,EPA,0.0049190596,0.0049190596,0.0049190596,Cement,115
4067,-23.857266,-46,2021,PM10,EPA,0.0054766845,0.0054766845,0.0054766845,Cement,115
4068,-23.857266,-46,2022,PM10,EPA,0.002997092,0.002997092,0.002997092,Cement,115
4069,-23.857266,-46,2014,NOX,EPA,0.342106555,0.342106555,0.342106555,Cement,115
4070,-23.857266,-46,2015,NOX,EPA,0.30350922,0.30350922,0.30350922,Cement,115
4071,-23.857266,-46,2016,NOX,EPA,0.24829581,0.24829581,0.24829581,Cement,115
4072,-23.857266,-46,2017,NOX,EPA,0.2272963,0.2272963,0.2272963,Cement,115
4073,-23.857266,-46,2018,NOX,EPA,0.220160605,0.220160605,0.220160605,Cement,115
4074,-23.857266,-46,2019,NOX,EPA,0.215505115,0.215505115,0.215505115,Cement,115
4075,-23.857266,-46,2020,NOX,EPA,0.24595298,0.24595298,0.24595298,Cement,115
4076,-23.857266,-46,2021,NOX,EPA,0.273834225,0.273834225,0.273834225,Cement,115
4077,-23.857266,-46,2022,NOX,EPA,0.1498546,0.1498546,0.1498546,Cement,115
4078,-23.857266,-46,2014,CO,EPA,0.029323419,0.029323419,0.029323419,Cement,115
4079,-23.857266,-46,2015,CO,EPA,0.026015076,0.026015076,0.026015076,Cement,115
4080,-23.857266,-46,2016,CO,EPA,0.021282498,0.021282498,0.021282498,Cement,115
4081,-23.857266,-46,2017,CO,EPA,0.01948254,0.01948254,0.01948254,Cement,115
4082,-23.857266,-46,2018,CO,EPA,0.018870909,0.018870909,0.018870909,Cement,115
4083,-23.857266,-46,2019,CO,EPA,0.018471867,0.018471867,0.018471867,Cement,115
4084,-23.857266,-46,2020,CO,EPA,0.021081684,0.021081684,0.021081684,Cement,115
4085,-23.857266,-46,2021,CO,EPA,0.023471505,0.023471505,0.023471505,Cement,115
4086,-23.857266,-46,2022,CO,EPA,0.01284468,0.01284468,0.01284468,Cement,115
4087,-23.857266,-46,2014,NMVOCs,EPA,0.0480578255833333,0.0480578255833333,0.0480578255833333,Cement,115
4088,-23.857266,-46,2015,NMVOCs,EPA,0.042635819,0.042635819,0.042635819,Cement,115
4089,-23.857266,-46,2016,NMVOCs,EPA,0.0348796495,0.0348796495,0.0348796495,Cement,115
4090,-23.857266,-46,2017,NMVOCs,EPA,0.0319297183333333,0.0319297183333333,0.0319297183333333,Cement,115
4091,-23.857266,-46,2018,NMVOCs,EPA,0.0309273230833333,0.0309273230833333,0.0309273230833333,Cement,115
4092,-23.857266,-46,2019,NMVOCs,EPA,0.0302733375833333,0.0302733375833333,0.0302733375833333,Cement,115
4093,-23.857266,-46,2020,NMVOCs,EPA,0.0345505376666667,0.0345505376666667,0.0345505376666667,Cement,115
4094,-23.857266,-46,2021,NMVOCs,EPA,0.03846718875,0.03846718875,0.03846718875,Cement,115
4095,-23.857266,-46,2022,NMVOCs,EPA,0.0210510033333333,0.0210510033333333,0.0210510033333333,Cement,115
4096,-23.857266,-46,2014,SOX,EPA,0.1319553855,0.1319553855,0.1319553855,Cement,115
4097,-23.857266,-46,2015,SOX,EPA,0.117067842,0.117067842,0.117067842,Cement,115
4098,-23.857266,-46,2016,SOX,EPA,0.095771241,0.095771241,0.095771241,Cement,115
4099,-23.857266,-46,2017,SOX,EPA,0.08767143,0.08767143,0.08767143,Cement,115
4100,-23.857266,-46,2018,SOX,EPA,0.0849190905,0.0849190905,0.0849190905,Cement,115
4101,-23.857266,-46,2019,SOX,EPA,0.0831234015,0.0831234015,0.0831234015,Cement,115
4102,-23.857266,-46,2020,SOX,EPA,0.094867578,0.094867578,0.094867578,Cement,115
4103,-23.857266,-46,2021,SOX,EPA,0.1056217725,0.1056217725,0.1056217725,Cement,115
4104,-23.857266,-46,2022,SOX,EPA,0.05780106,0.05780106,0.05780106,Cement,115
4105,-15.332621,-56,2014,TSP,EPA,0.02542696516,0.02542696516,0.02542696516,Cement,115
4106,-15.332621,-56,2015,TSP,EPA,0.02012801244,0.02012801244,0.02012801244,Cement,115
4107,-15.332621,-56,2016,TSP,EPA,0.01541798361,0.01541798361,0.01541798361,Cement,115
4108,-15.332621,-56,2017,TSP,EPA,0.015311517685,0.015311517685,0.015311517685,Cement,115
4109,-15.332621,-56,2018,TSP,EPA,0.0174105252325,0.0174105252325,0.0174105252325,Cement,115
4110,-15.332621,-56,2019,TSP,EPA,0.0167052736225,0.0167052736225,0.0167052736225,Cement,115
4111,-15.332621,-56,2020,TSP,EPA,0.0188685012975,0.0188685012975,0.0188685012975,Cement,115
4112,-15.332621,-56,2021,TSP,EPA,0.020763579955,0.020763579955,0.020763579955,Cement,115
4113,-15.332621,-56,2022,TSP,EPA,0.012505911045,0.012505911045,0.012505911045,Cement,115
4114,-15.332621,-56,2014,PM10,EPA,0.0072121056,0.0072121056,0.0072121056,Cement,115
4115,-15.332621,-56,2015,PM10,EPA,0.0057091104,0.0057091104,0.0057091104,Cement,115
4116,-15.332621,-56,2016,PM10,EPA,0.0043731576,0.0043731576,0.0043731576,Cement,115
4117,-15.332621,-56,2017,PM10,EPA,0.0043429596,0.0043429596,0.0043429596,Cement,115
4118,-15.332621,-56,2018,PM10,EPA,0.0049383222,0.0049383222,0.0049383222,Cement,115
4119,-15.332621,-56,2019,PM10,EPA,0.0047382846,0.0047382846,0.0047382846,Cement,115
4120,-15.332621,-56,2020,PM10,EPA,0.0053518626,0.0053518626,0.0053518626,Cement,115
4121,-15.332621,-56,2021,PM10,EPA,0.0058893828,0.0058893828,0.0058893828,Cement,115
4122,-15.332621,-56,2022,PM10,EPA,0.0035471772,0.0035471772,0.0035471772,Cement,115
4123,-15.332621,-56,2014,NOX,EPA,0.36060528,0.36060528,0.36060528,Cement,115
4124,-15.332621,-56,2015,NOX,EPA,0.28545552,0.28545552,0.28545552,Cement,115
4125,-15.332621,-56,2016,NOX,EPA,0.21865788,0.21865788,0.21865788,Cement,115
4126,-15.332621,-56,2017,NOX,EPA,0.21714798,0.21714798,0.21714798,Cement,115
4127,-15.332621,-56,2018,NOX,EPA,0.24691611,0.24691611,0.24691611,Cement,115
4128,-15.332621,-56,2019,NOX,EPA,0.23691423,0.23691423,0.23691423,Cement,115
4129,-15.332621,-56,2020,NOX,EPA,0.26759313,0.26759313,0.26759313,Cement,115
4130,-15.332621,-56,2021,NOX,EPA,0.29446914,0.29446914,0.29446914,Cement,115
4131,-15.332621,-56,2022,NOX,EPA,0.17735886,0.17735886,0.17735886,Cement,115
4132,-15.332621,-56,2014,CO,EPA,0.030909024,0.030909024,0.030909024,Cement,115
4133,-15.332621,-56,2015,CO,EPA,0.024467616,0.024467616,0.024467616,Cement,115
4134,-15.332621,-56,2016,CO,EPA,0.018742104,0.018742104,0.018742104,Cement,115
4135,-15.332621,-56,2017,CO,EPA,0.018612684,0.018612684,0.018612684,Cement,115
4136,-15.332621,-56,2018,CO,EPA,0.021164238,0.021164238,0.021164238,Cement,115
4137,-15.332621,-56,2019,CO,EPA,0.020306934,0.020306934,0.020306934,Cement,115
4138,-15.332621,-56,2020,CO,EPA,0.022936554,0.022936554,0.022936554,Cement,115
4139,-15.332621,-56,2021,CO,EPA,0.025240212,0.025240212,0.025240212,Cement,115
4140,-15.332621,-56,2022,CO,EPA,0.015202188,0.015202188,0.015202188,Cement,115
4141,-15.332621,-56,2014,NMVOCs,EPA,0.050656456,0.050656456,0.050656456,Cement,115
4142,-15.332621,-56,2015,NMVOCs,EPA,0.040099704,0.040099704,0.040099704,Cement,115
4143,-15.332621,-56,2016,NMVOCs,EPA,0.030716226,0.030716226,0.030716226,Cement,115
4144,-15.332621,-56,2017,NMVOCs,EPA,0.030504121,0.030504121,0.030504121,Cement,115
4145,-15.332621,-56,2018,NMVOCs,EPA,0.0346858345,0.0346858345,0.0346858345,Cement,115
4146,-15.332621,-56,2019,NMVOCs,EPA,0.0332808085,0.0332808085,0.0332808085,Cement,115
4147,-15.332621,-56,2020,NMVOCs,EPA,0.0375904635,0.0375904635,0.0375904635,Cement,115
4148,-15.332621,-56,2021,NMVOCs,EPA,0.041365903,0.041365903,0.041365903,Cement,115
4149,-15.332621,-56,2022,NMVOCs,EPA,0.024914697,0.024914697,0.024914697,Cement,115
4150,-15.332621,-56,2014,SOX,EPA,0.139090608,0.139090608,0.139090608,Cement,115
4151,-15.332621,-56,2015,SOX,EPA,0.110104272,0.110104272,0.110104272,Cement,115
4152,-15.332621,-56,2016,SOX,EPA,0.084339468,0.084339468,0.084339468,Cement,115
4153,-15.332621,-56,2017,SOX,EPA,0.083757078,0.083757078,0.083757078,Cement,115
4154,-15.332621,-56,2018,SOX,EPA,0.095239071,0.095239071,0.095239071,Cement,115
4155,-15.332621,-56,2019,SOX,EPA,0.091381203,0.091381203,0.091381203,Cement,115
4156,-15.332621,-56,2020,SOX,EPA,0.103214493,0.103214493,0.103214493,Cement,115
4157,-15.332621,-56,2021,SOX,EPA,0.113580954,0.113580954,0.113580954,Cement,115
4158,-15.332621,-56,2022,SOX,EPA,0.068409846,0.068409846,0.068409846,Cement,115
4159,-17.260086,-50,2014,TSP,EPA,0.0159659696983333,0.0159659696983333,0.0159659696983333,Cement,115
4160,-17.260086,-50,2015,TSP,EPA,0.01309853681,0.01309853681,0.01309853681,Cement,115
4161,-17.260086,-50,2016,TSP,EPA,0.0105607583583333,0.0105607583583333,0.0105607583583333,Cement,115
4162,-17.260086,-50,2017,TSP,EPA,0.0146691584633333,0.0146691584633333,0.0146691584633333,Cement,115
4163,-17.260086,-50,2018,TSP,EPA,0.0169374502866667,0.0169374502866667,0.0169374502866667,Cement,115
4164,-17.260086,-50,2019,TSP,EPA,0.0189506878583333,0.0189506878583333,0.0189506878583333,Cement,115
4165,-17.260086,-50,2020,TSP,EPA,0.01994043103,0.01994043103,0.01994043103,Cement,115
4166,-17.260086,-50,2021,TSP,EPA,0.0220811414333333,0.0220811414333333,0.0220811414333333,Cement,115
4167,-17.260086,-50,2022,TSP,EPA,0.0126294253383333,0.0126294253383333,0.0126294253383333,Cement,115
4168,-17.260086,-50,2014,PM10,EPA,0.0045285884,0.0045285884,0.0045285884,Cement,115
4169,-17.260086,-50,2015,PM10,EPA,0.0037152696,0.0037152696,0.0037152696,Cement,115
4170,-17.260086,-50,2016,PM10,EPA,0.002995454,0.002995454,0.002995454,Cement,115
4171,-17.260086,-50,2017,PM10,EPA,0.0041607608,0.0041607608,0.0041607608,Cement,115
4172,-17.260086,-50,2018,PM10,EPA,0.0048041392,0.0048041392,0.0048041392,Cement,115
4173,-17.260086,-50,2019,PM10,EPA,0.005375174,0.005375174,0.005375174,Cement,115
4174,-17.260086,-50,2020,PM10,EPA,0.0056559048,0.0056559048,0.0056559048,Cement,115
4175,-17.260086,-50,2021,PM10,EPA,0.006263096,0.006263096,0.006263096,Cement,115
4176,-17.260086,-50,2022,PM10,EPA,0.0035822108,0.0035822108,0.0035822108,Cement,115
4177,-17.260086,-50,2014,NOX,EPA,0.22642942,0.22642942,0.22642942,Cement,115
4178,-17.260086,-50,2015,NOX,EPA,0.18576348,0.18576348,0.18576348,Cement,115
4179,-17.260086,-50,2016,NOX,EPA,0.1497727,0.1497727,0.1497727,Cement,115
4180,-17.260086,-50,2017,NOX,EPA,0.20803804,0.20803804,0.20803804,Cement,115
4181,-17.260086,-50,2018,NOX,EPA,0.24020696,0.24020696,0.24020696,Cement,115
4182,-17.260086,-50,2019,NOX,EPA,0.2687587,0.2687587,0.2687587,Cement,115
4183,-17.260086,-50,2020,NOX,EPA,0.28279524,0.28279524,0.28279524,Cement,115
4184,-17.260086,-50,2021,NOX,EPA,0.3131548,0.3131548,0.3131548,Cement,115
4185,-17.260086,-50,2022,NOX,EPA,0.17911054,0.17911054,0.17911054,Cement,115
4186,-17.260086,-50,2014,CO,EPA,0.019408236,0.019408236,0.019408236,Cement,115
4187,-17.260086,-50,2015,CO,EPA,0.015922584,0.015922584,0.015922584,Cement,115
4188,-17.260086,-50,2016,CO,EPA,0.01283766,0.01283766,0.01283766,Cement,115
4189,-17.260086,-50,2017,CO,EPA,0.017831832,0.017831832,0.017831832,Cement,115
4190,-17.260086,-50,2018,CO,EPA,0.020589168,0.020589168,0.020589168,Cement,115
4191,-17.260086,-50,2019,CO,EPA,0.02303646,0.02303646,0.02303646,Cement,115
4192,-17.260086,-50,2020,CO,EPA,0.024239592,0.024239592,0.024239592,Cement,115
4193,-17.260086,-50,2021,CO,EPA,0.02684184,0.02684184,0.02684184,Cement,115
4194,-17.260086,-50,2022,CO,EPA,0.015352332,0.015352332,0.015352332,Cement,115
4195,-17.260086,-50,2014,NMVOCs,EPA,0.0318079423333333,0.0318079423333333,0.0318079423333333,Cement,115
4196,-17.260086,-50,2015,NMVOCs,EPA,0.026095346,0.026095346,0.026095346,Cement,115
4197,-17.260086,-50,2016,NMVOCs,EPA,0.0210394983333333,0.0210394983333333,0.0210394983333333,Cement,115
4198,-17.260086,-50,2017,NMVOCs,EPA,0.0292243913333333,0.0292243913333333,0.0292243913333333,Cement,115
4199,-17.260086,-50,2018,NMVOCs,EPA,0.0337433586666667,0.0337433586666667,0.0337433586666667,Cement,115
4200,-17.260086,-50,2019,NMVOCs,EPA,0.0377541983333333,0.0377541983333333,0.0377541983333333,Cement,115
4201,-17.260086,-50,2020,NMVOCs,EPA,0.039725998,0.039725998,0.039725998,Cement,115
4202,-17.260086,-50,2021,NMVOCs,EPA,0.0439907933333333,0.0439907933333333,0.0439907933333333,Cement,115
4203,-17.260086,-50,2022,NMVOCs,EPA,0.0251607663333333,0.0251607663333333,0.0251607663333333,Cement,115
4204,-17.260086,-50,2014,SOX,EPA,0.087337062,0.087337062,0.087337062,Cement,115
4205,-17.260086,-50,2015,SOX,EPA,0.071651628,0.071651628,0.071651628,Cement,115
4206,-17.260086,-50,2016,SOX,EPA,0.05776947,0.05776947,0.05776947,Cement,115
4207,-17.260086,-50,2017,SOX,EPA,0.080243244,0.080243244,0.080243244,Cement,115
4208,-17.260086,-50,2018,SOX,EPA,0.092651256,0.092651256,0.092651256,Cement,115
4209,-17.260086,-50,2019,SOX,EPA,0.10366407,0.10366407,0.10366407,Cement,115
4210,-17.260086,-50,2020,SOX,EPA,0.109078164,0.109078164,0.109078164,Cement,115
4211,-17.260086,-50,2021,SOX,EPA,0.12078828,0.12078828,0.12078828,Cement,115
4212,-17.260086,-50,2022,SOX,EPA,0.069085494,0.069085494,0.069085494,Cement,115
4213,-29.842838,-51,2014,TSP,EPA,0.0154356464895833,0.0154356464895833,0.0154356464895833,Cement,115
4214,-29.842838,-51,2015,TSP,EPA,0.0136891660304167,0.0136891660304167,0.0136891660304167,Cement,115
4215,-29.842838,-51,2016,TSP,EPA,0.0113066269408333,0.0113066269408333,0.0113066269408333,Cement,115
4216,-29.842838,-51,2017,TSP,EPA,0.01051425046875,0.01051425046875,0.01051425046875,Cement,115
4217,-29.842838,-51,2018,TSP,EPA,0.0101178142070833,0.0101178142070833,0.0101178142070833,Cement,115
4218,-29.842838,-51,2019,TSP,EPA,0.0102035965225,0.0102035965225,0.0102035965225,Cement,115
4219,-29.842838,-51,2020,TSP,EPA,0.0112080534133333,0.0112080534133333,0.0112080534133333,Cement,115
4220,-29.842838,-51,2021,TSP,EPA,0.01249895152,0.01249895152,0.01249895152,Cement,115
4221,-29.842838,-51,2022,TSP,EPA,0.0067989080475,0.0067989080475,0.0067989080475,Cement,115
4222,-29.842838,-51,2014,PM10,EPA,0.0043781675,0.0043781675,0.0043781675,Cement,115
4223,-29.842838,-51,2015,PM10,EPA,0.0038827957,0.0038827957,0.0038827957,Cement,115
4224,-29.842838,-51,2016,PM10,EPA,0.0032070122,0.0032070122,0.0032070122,Cement,115
4225,-29.842838,-51,2017,PM10,EPA,0.0029822625,0.0029822625,0.0029822625,Cement,115
4226,-29.842838,-51,2018,PM10,EPA,0.0028698173,0.0028698173,0.0028698173,Cement,115
4227,-29.842838,-51,2019,PM10,EPA,0.0028941486,0.0028941486,0.0028941486,Cement,115
4228,-29.842838,-51,2020,PM10,EPA,0.0031790528,0.0031790528,0.0031790528,Cement,115
4229,-29.842838,-51,2021,PM10,EPA,0.0035452032,0.0035452032,0.0035452032,Cement,115
4230,-29.842838,-51,2022,PM10,EPA,0.0019284426,0.0019284426,0.0019284426,Cement,115
4231,-29.842838,-51,2014,NOX,EPA,0.218908375,0.218908375,0.218908375,Cement,115
4232,-29.842838,-51,2015,NOX,EPA,0.194139785,0.194139785,0.194139785,Cement,115
4233,-29.842838,-51,2016,NOX,EPA,0.16035061,0.16035061,0.16035061,Cement,115
4234,-29.842838,-51,2017,NOX,EPA,0.149113125,0.149113125,0.149113125,Cement,115
4235,-29.842838,-51,2018,NOX,EPA,0.143490865,0.143490865,0.143490865,Cement,115
4236,-29.842838,-51,2019,NOX,EPA,0.14470743,0.14470743,0.14470743,Cement,115
4237,-29.842838,-51,2020,NOX,EPA,0.15895264,0.15895264,0.15895264,Cement,115
4238,-29.842838,-51,2021,NOX,EPA,0.17726016,0.17726016,0.17726016,Cement,115
4239,-29.842838,-51,2022,NOX,EPA,0.09642213,0.09642213,0.09642213,Cement,115
4240,-29.842838,-51,2014,CO,EPA,0.018763575,0.018763575,0.018763575,Cement,115
4241,-29.842838,-51,2015,CO,EPA,0.016640553,0.016640553,0.016640553,Cement,115
4242,-29.842838,-51,2016,CO,EPA,0.013744338,0.013744338,0.013744338,Cement,115
4243,-29.842838,-51,2017,CO,EPA,0.012781125,0.012781125,0.012781125,Cement,115
4244,-29.842838,-51,2018,CO,EPA,0.012299217,0.012299217,0.012299217,Cement,115
4245,-29.842838,-51,2019,CO,EPA,0.012403494,0.012403494,0.012403494,Cement,115
4246,-29.842838,-51,2020,CO,EPA,0.013624512,0.013624512,0.013624512,Cement,115
4247,-29.842838,-51,2021,CO,EPA,0.015193728,0.015193728,0.015193728,Cement,115
4248,-29.842838,-51,2022,CO,EPA,0.008264754,0.008264754,0.008264754,Cement,115
4249,-29.842838,-51,2014,NMVOCs,EPA,0.0307514145833333,0.0307514145833333,0.0307514145833333,Cement,115
4250,-29.842838,-51,2015,NMVOCs,EPA,0.0272720174166667,0.0272720174166667,0.0272720174166667,Cement,115
4251,-29.842838,-51,2016,NMVOCs,EPA,0.0225254428333333,0.0225254428333333,0.0225254428333333,Cement,115
4252,-29.842838,-51,2017,NMVOCs,EPA,0.02094684375,0.02094684375,0.02094684375,Cement,115
4253,-29.842838,-51,2018,NMVOCs,EPA,0.0201570500833333,0.0201570500833333,0.0201570500833333,Cement,115
4254,-29.842838,-51,2019,NMVOCs,EPA,0.0203279485,0.0203279485,0.0203279485,Cement,115
4255,-29.842838,-51,2020,NMVOCs,EPA,0.0223290613333333,0.0223290613333333,0.0223290613333333,Cement,115
4256,-29.842838,-51,2021,NMVOCs,EPA,0.024900832,0.024900832,0.024900832,Cement,115
4257,-29.842838,-51,2022,NMVOCs,EPA,0.0135450135,0.0135450135,0.0135450135,Cement,115
4258,-29.842838,-51,2014,SOX,EPA,0.0844360875,0.0844360875,0.0844360875,Cement,115
4259,-29.842838,-51,2015,SOX,EPA,0.0748824885,0.0748824885,0.0748824885,Cement,115
4260,-29.842838,-51,2016,SOX,EPA,0.061849521,0.061849521,0.061849521,Cement,115
4261,-29.842838,-51,2017,SOX,EPA,0.0575150625,0.0575150625,0.0575150625,Cement,115
4262,-29.842838,-51,2018,SOX,EPA,0.0553464765,0.0553464765,0.0553464765,Cement,115
4263,-29.842838,-51,2019,SOX,EPA,0.055815723,0.055815723,0.055815723,Cement,115
4264,-29.842838,-51,2020,SOX,EPA,0.061310304,0.061310304,0.061310304,Cement,115
4265,-29.842838,-51,2021,SOX,EPA,0.068371776,0.068371776,0.068371776,Cement,115
4266,-29.842838,-51,2022,SOX,EPA,0.037191393,0.037191393,0.037191393,Cement,115
4267,-28.211588,-49,2014,TSP,EPA,0.0134856976536667,0.0134856976536667,0.0134856976536667,Cement,115
4268,-28.211588,-49,2015,TSP,EPA,0.0111835736543333,0.0111835736543333,0.0111835736543333,Cement,115
4269,-28.211588,-49,2016,TSP,EPA,0.00872791167466667,0.00872791167466667,0.00872791167466667,Cement,115
4270,-28.211588,-49,2017,TSP,EPA,0.008516107169,0.008516107169,0.008516107169,Cement,115
4271,-28.211588,-49,2018,TSP,EPA,0.00850021970866667,0.00850021970866667,0.00850021970866667,Cement,115
4272,-28.211588,-49,2019,TSP,EPA,0.00902819198,0.00902819198,0.00902819198,Cement,115
4273,-28.211588,-49,2020,TSP,EPA,0.0101669933696667,0.0101669933696667,0.0101669933696667,Cement,115
4274,-28.211588,-49,2021,TSP,EPA,0.011871030598,0.011871030598,0.011871030598,Cement,115
4275,-28.211588,-49,2022,TSP,EPA,0.006943147905,0.006943147905,0.006943147905,Cement,115
4276,-28.211588,-49,2014,PM10,EPA,0.00382508392,0.00382508392,0.00382508392,Cement,115
4277,-28.211588,-49,2015,PM10,EPA,0.00317210936,0.00317210936,0.00317210936,Cement,115
4278,-28.211588,-49,2016,PM10,EPA,0.00247558528,0.00247558528,0.00247558528,Cement,115
4279,-28.211588,-49,2017,PM10,EPA,0.00241550904,0.00241550904,0.00241550904,Cement,115
4280,-28.211588,-49,2018,PM10,EPA,0.00241100272,0.00241100272,0.00241100272,Cement,115
4281,-28.211588,-49,2019,PM10,EPA,0.0025607568,0.0025607568,0.0025607568,Cement,115
4282,-28.211588,-49,2020,PM10,EPA,0.00288376648,0.00288376648,0.00288376648,Cement,115
4283,-28.211588,-49,2021,PM10,EPA,0.00336709968,0.00336709968,0.00336709968,Cement,115
4284,-28.211588,-49,2022,PM10,EPA,0.0019693548,0.0019693548,0.0019693548,Cement,115
4285,-28.211588,-49,2014,NOX,EPA,0.191254196,0.191254196,0.191254196,Cement,115
4286,-28.211588,-49,2015,NOX,EPA,0.158605468,0.158605468,0.158605468,Cement,115
4287,-28.211588,-49,2016,NOX,EPA,0.123779264,0.123779264,0.123779264,Cement,115
4288,-28.211588,-49,2017,NOX,EPA,0.120775452,0.120775452,0.120775452,Cement,115
4289,-28.211588,-49,2018,NOX,EPA,0.120550136,0.120550136,0.120550136,Cement,115
4290,-28.211588,-49,2019,NOX,EPA,0.12803784,0.12803784,0.12803784,Cement,115
4291,-28.211588,-49,2020,NOX,EPA,0.144188324,0.144188324,0.144188324,Cement,115
4292,-28.211588,-49,2021,NOX,EPA,0.168354984,0.168354984,0.168354984,Cement,115
4293,-28.211588,-49,2022,NOX,EPA,0.09846774,0.09846774,0.09846774,Cement,115
4294,-28.211588,-49,2014,CO,EPA,0.0163932168,0.0163932168,0.0163932168,Cement,115
4295,-28.211588,-49,2015,CO,EPA,0.0135947544,0.0135947544,0.0135947544,Cement,115
4296,-28.211588,-49,2016,CO,EPA,0.0106096512,0.0106096512,0.0106096512,Cement,115
4297,-28.211588,-49,2017,CO,EPA,0.0103521816,0.0103521816,0.0103521816,Cement,115
4298,-28.211588,-49,2018,CO,EPA,0.0103328688,0.0103328688,0.0103328688,Cement,115
4299,-28.211588,-49,2019,CO,EPA,0.010974672,0.010974672,0.010974672,Cement,115
4300,-28.211588,-49,2020,CO,EPA,0.0123589992,0.0123589992,0.0123589992,Cement,115
4301,-28.211588,-49,2021,CO,EPA,0.0144304272,0.0144304272,0.0144304272,Cement,115
4302,-28.211588,-49,2022,CO,EPA,0.008440092,0.008440092,0.008440092,Cement,115
4303,-28.211588,-49,2014,NMVOCs,EPA,0.0268666608666667,0.0268666608666667,0.0268666608666667,Cement,115
4304,-28.211588,-49,2015,NMVOCs,EPA,0.0222802919333333,0.0222802919333333,0.0222802919333333,Cement,115
4305,-28.211588,-49,2016,NMVOCs,EPA,0.0173880394666667,0.0173880394666667,0.0173880394666667,Cement,115
4306,-28.211588,-49,2017,NMVOCs,EPA,0.0169660754,0.0169660754,0.0169660754,Cement,115
4307,-28.211588,-49,2018,NMVOCs,EPA,0.0169344238666667,0.0169344238666667,0.0169344238666667,Cement,115
4308,-28.211588,-49,2019,NMVOCs,EPA,0.017986268,0.017986268,0.017986268,Cement,115
4309,-28.211588,-49,2020,NMVOCs,EPA,0.0202550264666667,0.0202550264666667,0.0202550264666667,Cement,115
4310,-28.211588,-49,2021,NMVOCs,EPA,0.0236498668,0.0236498668,0.0236498668,Cement,115
4311,-28.211588,-49,2022,NMVOCs,EPA,0.013832373,0.013832373,0.013832373,Cement,115
4312,-28.211588,-49,2014,SOX,EPA,0.0737694756,0.0737694756,0.0737694756,Cement,115
4313,-28.211588,-49,2015,SOX,EPA,0.0611763948,0.0611763948,0.0611763948,Cement,115
4314,-28.211588,-49,2016,SOX,EPA,0.0477434304,0.0477434304,0.0477434304,Cement,115
4315,-28.211588,-49,2017,SOX,EPA,0.0465848172,0.0465848172,0.0465848172,Cement,115
4316,-28.211588,-49,2018,SOX,EPA,0.0464979096,0.0464979096,0.0464979096,Cement,115
4317,-28.211588,-49,2019,SOX,EPA,0.049386024,0.049386024,0.049386024,Cement,115
4318,-28.211588,-49,2020,SOX,EPA,0.0556154964,0.0556154964,0.0556154964,Cement,115
4319,-28.211588,-49,2021,SOX,EPA,0.0649369224,0.0649369224,0.0649369224,Cement,115
4320,-28.211588,-49,2022,SOX,EPA,0.037980414,0.037980414,0.037980414,Cement,115
4321,-26.879973,-49,2014,TSP,EPA,0.0134856976536667,0.0134856976536667,0.0134856976536667,Cement,115
4322,-26.879973,-49,2015,TSP,EPA,0.0111835736543333,0.0111835736543333,0.0111835736543333,Cement,115
4323,-26.879973,-49,2016,TSP,EPA,0.00872791167466667,0.00872791167466667,0.00872791167466667,Cement,115
4324,-26.879973,-49,2017,TSP,EPA,0.008516107169,0.008516107169,0.008516107169,Cement,115
4325,-26.879973,-49,2018,TSP,EPA,0.00850021970866667,0.00850021970866667,0.00850021970866667,Cement,115
4326,-26.879973,-49,2019,TSP,EPA,0.00902819198,0.00902819198,0.00902819198,Cement,115
4327,-26.879973,-49,2020,TSP,EPA,0.0101669933696667,0.0101669933696667,0.0101669933696667,Cement,115
4328,-26.879973,-49,2021,TSP,EPA,0.011871030598,0.011871030598,0.011871030598,Cement,115
4329,-26.879973,-49,2022,TSP,EPA,0.006943147905,0.006943147905,0.006943147905,Cement,115
4330,-26.879973,-49,2014,PM10,EPA,0.00382508392,0.00382508392,0.00382508392,Cement,115
4331,-26.879973,-49,2015,PM10,EPA,0.00317210936,0.00317210936,0.00317210936,Cement,115
4332,-26.879973,-49,2016,PM10,EPA,0.00247558528,0.00247558528,0.00247558528,Cement,115
4333,-26.879973,-49,2017,PM10,EPA,0.00241550904,0.00241550904,0.00241550904,Cement,115
4334,-26.879973,-49,2018,PM10,EPA,0.00241100272,0.00241100272,0.00241100272,Cement,115
4335,-26.879973,-49,2019,PM10,EPA,0.0025607568,0.0025607568,0.0025607568,Cement,115
4336,-26.879973,-49,2020,PM10,EPA,0.00288376648,0.00288376648,0.00288376648,Cement,115
4337,-26.879973,-49,2021,PM10,EPA,0.00336709968,0.00336709968,0.00336709968,Cement,115
4338,-26.879973,-49,2022,PM10,EPA,0.0019693548,0.0019693548,0.0019693548,Cement,115
4339,-26.879973,-49,2014,NOX,EPA,0.191254196,0.191254196,0.191254196,Cement,115
4340,-26.879973,-49,2015,NOX,EPA,0.158605468,0.158605468,0.158605468,Cement,115
4341,-26.879973,-49,2016,NOX,EPA,0.123779264,0.123779264,0.123779264,Cement,115
4342,-26.879973,-49,2017,NOX,EPA,0.120775452,0.120775452,0.120775452,Cement,115
4343,-26.879973,-49,2018,NOX,EPA,0.120550136,0.120550136,0.120550136,Cement,115
4344,-26.879973,-49,2019,NOX,EPA,0.12803784,0.12803784,0.12803784,Cement,115
4345,-26.879973,-49,2020,NOX,EPA,0.144188324,0.144188324,0.144188324,Cement,115
4346,-26.879973,-49,2021,NOX,EPA,0.168354984,0.168354984,0.168354984,Cement,115
4347,-26.879973,-49,2022,NOX,EPA,0.09846774,0.09846774,0.09846774,Cement,115
4348,-26.879973,-49,2014,CO,EPA,0.0163932168,0.0163932168,0.0163932168,Cement,115
4349,-26.879973,-49,2015,CO,EPA,0.0135947544,0.0135947544,0.0135947544,Cement,115
4350,-26.879973,-49,2016,CO,EPA,0.0106096512,0.0106096512,0.0106096512,Cement,115
4351,-26.879973,-49,2017,CO,EPA,0.0103521816,0.0103521816,0.0103521816,Cement,115
4352,-26.879973,-49,2018,CO,EPA,0.0103328688,0.0103328688,0.0103328688,Cement,115
4353,-26.879973,-49,2019,CO,EPA,0.010974672,0.010974672,0.010974672,Cement,115
4354,-26.879973,-49,2020,CO,EPA,0.0123589992,0.0123589992,0.0123589992,Cement,115
4355,-26.879973,-49,2021,CO,EPA,0.0144304272,0.0144304272,0.0144304272,Cement,115
4356,-26.879973,-49,2022,CO,EPA,0.008440092,0.008440092,0.008440092,Cement,115
4357,-26.879973,-49,2014,NMVOCs,EPA,0.0268666608666667,0.0268666608666667,0.0268666608666667,Cement,115
4358,-26.879973,-49,2015,NMVOCs,EPA,0.0222802919333333,0.0222802919333333,0.0222802919333333,Cement,115
4359,-26.879973,-49,2016,NMVOCs,EPA,0.0173880394666667,0.0173880394666667,0.0173880394666667,Cement,115
4360,-26.879973,-49,2017,NMVOCs,EPA,0.0169660754,0.0169660754,0.0169660754,Cement,115
4361,-26.879973,-49,2018,NMVOCs,EPA,0.0169344238666667,0.0169344238666667,0.0169344238666667,Cement,115
4362,-26.879973,-49,2019,NMVOCs,EPA,0.017986268,0.017986268,0.017986268,Cement,115
4363,-26.879973,-49,2020,NMVOCs,EPA,0.0202550264666667,0.0202550264666667,0.0202550264666667,Cement,115
4364,-26.879973,-49,2021,NMVOCs,EPA,0.0236498668,0.0236498668,0.0236498668,Cement,115
4365,-26.879973,-49,2022,NMVOCs,EPA,0.013832373,0.013832373,0.013832373,Cement,115
4366,-26.879973,-49,2014,SOX,EPA,0.0737694756,0.0737694756,0.0737694756,Cement,115
4367,-26.879973,-49,2015,SOX,EPA,0.0611763948,0.0611763948,0.0611763948,Cement,115
4368,-26.879973,-49,2016,SOX,EPA,0.0477434304,0.0477434304,0.0477434304,Cement,115
4369,-26.879973,-49,2017,SOX,EPA,0.0465848172,0.0465848172,0.0465848172,Cement,115
4370,-26.879973,-49,2018,SOX,EPA,0.0464979096,0.0464979096,0.0464979096,Cement,115
4371,-26.879973,-49,2019,SOX,EPA,0.049386024,0.049386024,0.049386024,Cement,115
4372,-26.879973,-49,2020,SOX,EPA,0.0556154964,0.0556154964,0.0556154964,Cement,115
4373,-26.879973,-49,2021,SOX,EPA,0.0649369224,0.0649369224,0.0649369224,Cement,115
4374,-26.879973,-49,2022,SOX,EPA,0.037980414,0.037980414,0.037980414,Cement,115
4375,-20.761326,-47,2014,TSP,EPA,0.0314208320040625,0.0314208320040625,0.0314208320040625,Cement,115
4376,-20.761326,-47,2015,TSP,EPA,0.027764673309375,0.027764673309375,0.027764673309375,Cement,115
4377,-20.761326,-47,2016,TSP,EPA,0.0244802494984375,0.0244802494984375,0.0244802494984375,Cement,115
4378,-20.761326,-47,2017,TSP,EPA,0.023830542671875,0.023830542671875,0.023830542671875,Cement,115
4379,-20.761326,-47,2018,TSP,EPA,0.025536396286875,0.025536396286875,0.025536396286875,Cement,115
4380,-20.761326,-47,2019,TSP,EPA,0.029467358119375,0.029467358119375,0.029467358119375,Cement,115
4381,-20.761326,-47,2020,TSP,EPA,0.0295193879725,0.0295193879725,0.0295193879725,Cement,115
4382,-20.761326,-47,2021,TSP,EPA,0.030923164885625,0.030923164885625,0.030923164885625,Cement,115
4383,-20.761326,-47,2022,TSP,EPA,0.0171099459390625,0.0171099459390625,0.0171099459390625,Cement,115
4384,-20.761326,-47,2014,PM10,EPA,0.008912206275,0.008912206275,0.008912206275,Cement,115
4385,-20.761326,-47,2015,PM10,EPA,0.00787517325,0.00787517325,0.00787517325,Cement,115
4386,-20.761326,-47,2016,PM10,EPA,0.006943579125,0.006943579125,0.006943579125,Cement,115
4387,-20.761326,-47,2017,PM10,EPA,0.00675929625,0.00675929625,0.00675929625,Cement,115
4388,-20.761326,-47,2018,PM10,EPA,0.00724314465,0.00724314465,0.00724314465,Cement,115
4389,-20.761326,-47,2019,PM10,EPA,0.00835812285,0.00835812285,0.00835812285,Cement,115
4390,-20.761326,-47,2020,PM10,EPA,0.0083728806,0.0083728806,0.0083728806,Cement,115
4391,-20.761326,-47,2021,PM10,EPA,0.00877104795,0.00877104795,0.00877104795,Cement,115
4392,-20.761326,-47,2022,PM10,EPA,0.004853065875,0.004853065875,0.004853065875,Cement,115
4393,-20.761326,-47,2014,NOX,EPA,0.44561031375,0.44561031375,0.44561031375,Cement,115
4394,-20.761326,-47,2015,NOX,EPA,0.3937586625,0.3937586625,0.3937586625,Cement,115
4395,-20.761326,-47,2016,NOX,EPA,0.34717895625,0.34717895625,0.34717895625,Cement,115
4396,-20.761326,-47,2017,NOX,EPA,0.3379648125,0.3379648125,0.3379648125,Cement,115
4397,-20.761326,-47,2018,NOX,EPA,0.3621572325,0.3621572325,0.3621572325,Cement,115
4398,-20.761326,-47,2019,NOX,EPA,0.4179061425,0.4179061425,0.4179061425,Cement,115
4399,-20.761326,-47,2020,NOX,EPA,0.41864403,0.41864403,0.41864403,Cement,115
4400,-20.761326,-47,2021,NOX,EPA,0.4385523975,0.4385523975,0.4385523975,Cement,115
4401,-20.761326,-47,2022,NOX,EPA,0.24265329375,0.24265329375,0.24265329375,Cement,115
4402,-20.761326,-47,2014,CO,EPA,0.03819516975,0.03819516975,0.03819516975,Cement,115
4403,-20.761326,-47,2015,CO,EPA,0.0337507425,0.0337507425,0.0337507425,Cement,115
4404,-20.761326,-47,2016,CO,EPA,0.02975819625,0.02975819625,0.02975819625,Cement,115
4405,-20.761326,-47,2017,CO,EPA,0.0289684125,0.0289684125,0.0289684125,Cement,115
4406,-20.761326,-47,2018,CO,EPA,0.0310420485,0.0310420485,0.0310420485,Cement,115
4407,-20.761326,-47,2019,CO,EPA,0.0358205265,0.0358205265,0.0358205265,Cement,115
4408,-20.761326,-47,2020,CO,EPA,0.035883774,0.035883774,0.035883774,Cement,115
4409,-20.761326,-47,2021,CO,EPA,0.0375902055,0.0375902055,0.0375902055,Cement,115
4410,-20.761326,-47,2022,CO,EPA,0.02079885375,0.02079885375,0.02079885375,Cement,115
4411,-20.761326,-47,2014,NMVOCs,EPA,0.0625976393125,0.0625976393125,0.0625976393125,Cement,115
4412,-20.761326,-47,2015,NMVOCs,EPA,0.055313716875,0.055313716875,0.055313716875,Cement,115
4413,-20.761326,-47,2016,NMVOCs,EPA,0.0487703771875,0.0487703771875,0.0487703771875,Cement,115
4414,-20.761326,-47,2017,NMVOCs,EPA,0.047476009375,0.047476009375,0.047476009375,Cement,115
4415,-20.761326,-47,2018,NMVOCs,EPA,0.050874468375,0.050874468375,0.050874468375,Cement,115
4416,-20.761326,-47,2019,NMVOCs,EPA,0.058705862875,0.058705862875,0.058705862875,Cement,115
4417,-20.761326,-47,2020,NMVOCs,EPA,0.0588095185,0.0588095185,0.0588095185,Cement,115
4418,-20.761326,-47,2021,NMVOCs,EPA,0.061606170125,0.061606170125,0.061606170125,Cement,115
4419,-20.761326,-47,2022,NMVOCs,EPA,0.0340870103125,0.0340870103125,0.0340870103125,Cement,115
4420,-20.761326,-47,2014,SOX,EPA,0.171878263875,0.171878263875,0.171878263875,Cement,115
4421,-20.761326,-47,2015,SOX,EPA,0.15187834125,0.15187834125,0.15187834125,Cement,115
4422,-20.761326,-47,2016,SOX,EPA,0.133911883125,0.133911883125,0.133911883125,Cement,115
4423,-20.761326,-47,2017,SOX,EPA,0.13035785625,0.13035785625,0.13035785625,Cement,115
4424,-20.761326,-47,2018,SOX,EPA,0.13968921825,0.13968921825,0.13968921825,Cement,115
4425,-20.761326,-47,2019,SOX,EPA,0.16119236925,0.16119236925,0.16119236925,Cement,115
4426,-20.761326,-47,2020,SOX,EPA,0.161476983,0.161476983,0.161476983,Cement,115
4427,-20.761326,-47,2021,SOX,EPA,0.16915592475,0.16915592475,0.16915592475,Cement,115
4428,-20.761326,-47,2022,SOX,EPA,0.093594841875,0.093594841875,0.093594841875,Cement,115
4429,-10.826338,-37,2014,TSP,EPA,0.0336713325475926,0.0336713325475926,0.0336713325475926,Cement,115
4430,-10.826338,-37,2015,TSP,EPA,0.030535900362037,0.030535900362037,0.030535900362037,Cement,115
4431,-10.826338,-37,2016,TSP,EPA,0.0218122514924074,0.0218122514924074,0.0218122514924074,Cement,115
4432,-10.826338,-37,2017,TSP,EPA,0.0205722955731481,0.0205722955731481,0.0205722955731481,Cement,115
4433,-10.826338,-37,2018,TSP,EPA,0.0203721617905556,0.0203721617905556,0.0203721617905556,Cement,115
4434,-10.826338,-37,2019,TSP,EPA,0.02065616635,0.02065616635,0.02065616635,Cement,115
4435,-10.826338,-37,2020,TSP,EPA,0.0237846390105556,0.0237846390105556,0.0237846390105556,Cement,115
4436,-10.826338,-37,2021,TSP,EPA,0.0225587359572222,0.0225587359572222,0.0225587359572222,Cement,115
4437,-10.826338,-37,2022,TSP,EPA,0.0123344050957407,0.0123344050957407,0.0123344050957407,Cement,115
4438,-10.826338,-37,2014,PM10,EPA,0.00955053835555555,0.00955053835555555,0.00955053835555555,Cement,115
4439,-10.826338,-37,2015,PM10,EPA,0.00866120422222222,0.00866120422222222,0.00866120422222222,Cement,115
4440,-10.826338,-37,2016,PM10,EPA,0.00618682804444444,0.00618682804444444,0.00618682804444444,Cement,115
4441,-10.826338,-37,2017,PM10,EPA,0.00583512688888889,0.00583512688888889,0.00583512688888889,Cement,115
4442,-10.826338,-37,2018,PM10,EPA,0.00577836093333333,0.00577836093333333,0.00577836093333333,Cement,115
4443,-10.826338,-37,2019,PM10,EPA,0.005858916,0.005858916,0.005858916,Cement,115
4444,-10.826338,-37,2020,PM10,EPA,0.00674627613333333,0.00674627613333333,0.00674627613333333,Cement,115
4445,-10.826338,-37,2021,PM10,EPA,0.00639856093333333,0.00639856093333333,0.00639856093333333,Cement,115
4446,-10.826338,-37,2022,PM10,EPA,0.00349853124444444,0.00349853124444444,0.00349853124444444,Cement,115
4447,-10.826338,-37,2014,NOX,EPA,0.477526917777778,0.477526917777778,0.477526917777778,Cement,115
4448,-10.826338,-37,2015,NOX,EPA,0.433060211111111,0.433060211111111,0.433060211111111,Cement,115
4449,-10.826338,-37,2016,NOX,EPA,0.309341402222222,0.309341402222222,0.309341402222222,Cement,115
4450,-10.826338,-37,2017,NOX,EPA,0.291756344444444,0.291756344444444,0.291756344444444,Cement,115
4451,-10.826338,-37,2018,NOX,EPA,0.288918046666667,0.288918046666667,0.288918046666667,Cement,115
4452,-10.826338,-37,2019,NOX,EPA,0.2929458,0.2929458,0.2929458,Cement,115
4453,-10.826338,-37,2020,NOX,EPA,0.337313806666667,0.337313806666667,0.337313806666667,Cement,115
4454,-10.826338,-37,2021,NOX,EPA,0.319928046666667,0.319928046666667,0.319928046666667,Cement,115
4455,-10.826338,-37,2022,NOX,EPA,0.174926562222222,0.174926562222222,0.174926562222222,Cement,115
4456,-10.826338,-37,2014,CO,EPA,0.0409308786666667,0.0409308786666667,0.0409308786666667,Cement,115
4457,-10.826338,-37,2015,CO,EPA,0.0371194466666667,0.0371194466666667,0.0371194466666667,Cement,115
4458,-10.826338,-37,2016,CO,EPA,0.0265149773333333,0.0265149773333333,0.0265149773333333,Cement,115
4459,-10.826338,-37,2017,CO,EPA,0.0250076866666667,0.0250076866666667,0.0250076866666667,Cement,115
4460,-10.826338,-37,2018,CO,EPA,0.024764404,0.024764404,0.024764404,Cement,115
4461,-10.826338,-37,2019,CO,EPA,0.02510964,0.02510964,0.02510964,Cement,115
4462,-10.826338,-37,2020,CO,EPA,0.028912612,0.028912612,0.028912612,Cement,115
4463,-10.826338,-37,2021,CO,EPA,0.027422404,0.027422404,0.027422404,Cement,115
4464,-10.826338,-37,2022,CO,EPA,0.0149937053333333,0.0149937053333333,0.0149937053333333,Cement,115
4465,-10.826338,-37,2014,NMVOCs,EPA,0.0670811622592593,0.0670811622592593,0.0670811622592593,Cement,115
4466,-10.826338,-37,2015,NMVOCs,EPA,0.0608346487037037,0.0608346487037037,0.0608346487037037,Cement,115
4467,-10.826338,-37,2016,NMVOCs,EPA,0.0434551017407407,0.0434551017407407,0.0434551017407407,Cement,115
4468,-10.826338,-37,2017,NMVOCs,EPA,0.0409848198148148,0.0409848198148148,0.0409848198148148,Cement,115
4469,-10.826338,-37,2018,NMVOCs,EPA,0.0405861065555555,0.0405861065555555,0.0405861065555555,Cement,115
4470,-10.826338,-37,2019,NMVOCs,EPA,0.04115191,0.04115191,0.04115191,Cement,115
4471,-10.826338,-37,2020,NMVOCs,EPA,0.0473845585555556,0.0473845585555556,0.0473845585555556,Cement,115
4472,-10.826338,-37,2021,NMVOCs,EPA,0.0449422732222222,0.0449422732222222,0.0449422732222222,Cement,115
4473,-10.826338,-37,2022,NMVOCs,EPA,0.0245730170740741,0.0245730170740741,0.0245730170740741,Cement,115
4474,-10.826338,-37,2014,SOX,EPA,0.184188954,0.184188954,0.184188954,Cement,115
4475,-10.826338,-37,2015,SOX,EPA,0.16703751,0.16703751,0.16703751,Cement,115
4476,-10.826338,-37,2016,SOX,EPA,0.119317398,0.119317398,0.119317398,Cement,115
4477,-10.826338,-37,2017,SOX,EPA,0.11253459,0.11253459,0.11253459,Cement,115
4478,-10.826338,-37,2018,SOX,EPA,0.111439818,0.111439818,0.111439818,Cement,115
4479,-10.826338,-37,2019,SOX,EPA,0.11299338,0.11299338,0.11299338,Cement,115
4480,-10.826338,-37,2020,SOX,EPA,0.130106754,0.130106754,0.130106754,Cement,115
4481,-10.826338,-37,2021,SOX,EPA,0.123400818,0.123400818,0.123400818,Cement,115
4482,-10.826338,-37,2022,SOX,EPA,0.067471674,0.067471674,0.067471674,Cement,115
4483,-14.64112,-56,2014,TSP,EPA,0.02542696516,0.02542696516,0.02542696516,Cement,115
4484,-14.64112,-56,2015,TSP,EPA,0.02012801244,0.02012801244,0.02012801244,Cement,115
4485,-14.64112,-56,2016,TSP,EPA,0.01541798361,0.01541798361,0.01541798361,Cement,115
4486,-14.64112,-56,2017,TSP,EPA,0.015311517685,0.015311517685,0.015311517685,Cement,115
4487,-14.64112,-56,2018,TSP,EPA,0.0174105252325,0.0174105252325,0.0174105252325,Cement,115
4488,-14.64112,-56,2019,TSP,EPA,0.0167052736225,0.0167052736225,0.0167052736225,Cement,115
4489,-14.64112,-56,2020,TSP,EPA,0.0188685012975,0.0188685012975,0.0188685012975,Cement,115
4490,-14.64112,-56,2021,TSP,EPA,0.020763579955,0.020763579955,0.020763579955,Cement,115
4491,-14.64112,-56,2022,TSP,EPA,0.012505911045,0.012505911045,0.012505911045,Cement,115
4492,-14.64112,-56,2014,PM10,EPA,0.0072121056,0.0072121056,0.0072121056,Cement,115
4493,-14.64112,-56,2015,PM10,EPA,0.0057091104,0.0057091104,0.0057091104,Cement,115
4494,-14.64112,-56,2016,PM10,EPA,0.0043731576,0.0043731576,0.0043731576,Cement,115
4495,-14.64112,-56,2017,PM10,EPA,0.0043429596,0.0043429596,0.0043429596,Cement,115
4496,-14.64112,-56,2018,PM10,EPA,0.0049383222,0.0049383222,0.0049383222,Cement,115
4497,-14.64112,-56,2019,PM10,EPA,0.0047382846,0.0047382846,0.0047382846,Cement,115
4498,-14.64112,-56,2020,PM10,EPA,0.0053518626,0.0053518626,0.0053518626,Cement,115
4499,-14.64112,-56,2021,PM10,EPA,0.0058893828,0.0058893828,0.0058893828,Cement,115
4500,-14.64112,-56,2022,PM10,EPA,0.0035471772,0.0035471772,0.0035471772,Cement,115
4501,-14.64112,-56,2014,NOX,EPA,0.36060528,0.36060528,0.36060528,Cement,115
4502,-14.64112,-56,2015,NOX,EPA,0.28545552,0.28545552,0.28545552,Cement,115
4503,-14.64112,-56,2016,NOX,EPA,0.21865788,0.21865788,0.21865788,Cement,115
4504,-14.64112,-56,2017,NOX,EPA,0.21714798,0.21714798,0.21714798,Cement,115
4505,-14.64112,-56,2018,NOX,EPA,0.24691611,0.24691611,0.24691611,Cement,115
4506,-14.64112,-56,2019,NOX,EPA,0.23691423,0.23691423,0.23691423,Cement,115
4507,-14.64112,-56,2020,NOX,EPA,0.26759313,0.26759313,0.26759313,Cement,115
4508,-14.64112,-56,2021,NOX,EPA,0.29446914,0.29446914,0.29446914,Cement,115
4509,-14.64112,-56,2022,NOX,EPA,0.17735886,0.17735886,0.17735886,Cement,115
4510,-14.64112,-56,2014,CO,EPA,0.030909024,0.030909024,0.030909024,Cement,115
4511,-14.64112,-56,2015,CO,EPA,0.024467616,0.024467616,0.024467616,Cement,115
4512,-14.64112,-56,2016,CO,EPA,0.018742104,0.018742104,0.018742104,Cement,115
4513,-14.64112,-56,2017,CO,EPA,0.018612684,0.018612684,0.018612684,Cement,115
4514,-14.64112,-56,2018,CO,EPA,0.021164238,0.021164238,0.021164238,Cement,115
4515,-14.64112,-56,2019,CO,EPA,0.020306934,0.020306934,0.020306934,Cement,115
4516,-14.64112,-56,2020,CO,EPA,0.022936554,0.022936554,0.022936554,Cement,115
4517,-14.64112,-56,2021,CO,EPA,0.025240212,0.025240212,0.025240212,Cement,115
4518,-14.64112,-56,2022,CO,EPA,0.015202188,0.015202188,0.015202188,Cement,115
4519,-14.64112,-56,2014,NMVOCs,EPA,0.050656456,0.050656456,0.050656456,Cement,115
4520,-14.64112,-56,2015,NMVOCs,EPA,0.040099704,0.040099704,0.040099704,Cement,115
4521,-14.64112,-56,2016,NMVOCs,EPA,0.030716226,0.030716226,0.030716226,Cement,115
4522,-14.64112,-56,2017,NMVOCs,EPA,0.030504121,0.030504121,0.030504121,Cement,115
4523,-14.64112,-56,2018,NMVOCs,EPA,0.0346858345,0.0346858345,0.0346858345,Cement,115
4524,-14.64112,-56,2019,NMVOCs,EPA,0.0332808085,0.0332808085,0.0332808085,Cement,115
4525,-14.64112,-56,2020,NMVOCs,EPA,0.0375904635,0.0375904635,0.0375904635,Cement,115
4526,-14.64112,-56,2021,NMVOCs,EPA,0.041365903,0.041365903,0.041365903,Cement,115
4527,-14.64112,-56,2022,NMVOCs,EPA,0.024914697,0.024914697,0.024914697,Cement,115
4528,-14.64112,-56,2014,SOX,EPA,0.139090608,0.139090608,0.139090608,Cement,115
4529,-14.64112,-56,2015,SOX,EPA,0.110104272,0.110104272,0.110104272,Cement,115
4530,-14.64112,-56,2016,SOX,EPA,0.084339468,0.084339468,0.084339468,Cement,115
4531,-14.64112,-56,2017,SOX,EPA,0.083757078,0.083757078,0.083757078,Cement,115
4532,-14.64112,-56,2018,SOX,EPA,0.095239071,0.095239071,0.095239071,Cement,115
4533,-14.64112,-56,2019,SOX,EPA,0.091381203,0.091381203,0.091381203,Cement,115
4534,-14.64112,-56,2020,SOX,EPA,0.103214493,0.103214493,0.103214493,Cement,115
4535,-14.64112,-56,2021,SOX,EPA,0.113580954,0.113580954,0.113580954,Cement,115
4536,-14.64112,-56,2022,SOX,EPA,0.068409846,0.068409846,0.068409846,Cement,115
4537,-7.874628,-35,2014,TSP,EPA,0.00739918073455556,0.00739918073455556,0.00739918073455556,Cement,115
4538,-7.874628,-35,2015,TSP,EPA,0.00584023331422222,0.00584023331422222,0.00584023331422222,Cement,115
4539,-7.874628,-35,2016,TSP,EPA,0.00404446395244445,0.00404446395244445,0.00404446395244445,Cement,115
4540,-7.874628,-35,2017,TSP,EPA,0.00320447264788889,0.00320447264788889,0.00320447264788889,Cement,115
4541,-7.874628,-35,2018,TSP,EPA,0.00262225030333333,0.00262225030333333,0.00262225030333333,Cement,115
4542,-7.874628,-35,2019,TSP,EPA,0.003062889914,0.003062889914,0.003062889914,Cement,115
4543,-7.874628,-35,2020,TSP,EPA,0.00337823240833333,0.00337823240833333,0.00337823240833333,Cement,115
4544,-7.874628,-35,2021,TSP,EPA,0.00280297880233333,0.00280297880233333,0.00280297880233333,Cement,115
4545,-7.874628,-35,2022,TSP,EPA,0.00126174970744444,0.00126174970744444,0.00126174970744444,Cement,115
4546,-7.874628,-35,2014,PM10,EPA,0.00209870397333333,0.00209870397333333,0.00209870397333333,Cement,115
4547,-7.874628,-35,2015,PM10,EPA,0.00165652405333333,0.00165652405333333,0.00165652405333333,Cement,115
4548,-7.874628,-35,2016,PM10,EPA,0.00114717194666667,0.00114717194666667,0.00114717194666667,Cement,115
4549,-7.874628,-35,2017,PM10,EPA,0.000908916773333333,0.000908916773333333,0.000908916773333333,Cement,115
4550,-7.874628,-35,2018,PM10,EPA,0.0007437752,0.0007437752,0.0007437752,Cement,115
4551,-7.874628,-35,2019,PM10,EPA,0.00086875824,0.00086875824,0.00086875824,Cement,115
4552,-7.874628,-35,2020,PM10,EPA,0.000958202,0.000958202,0.000958202,Cement,115
4553,-7.874628,-35,2021,PM10,EPA,0.00079503704,0.00079503704,0.00079503704,Cement,115
4554,-7.874628,-35,2022,PM10,EPA,0.000357882746666667,0.000357882746666667,0.000357882746666667,Cement,115
4555,-7.874628,-35,2014,NOX,EPA,0.104935198666667,0.104935198666667,0.104935198666667,Cement,115
4556,-7.874628,-35,2015,NOX,EPA,0.0828262026666667,0.0828262026666667,0.0828262026666667,Cement,115
4557,-7.874628,-35,2016,NOX,EPA,0.0573585973333333,0.0573585973333333,0.0573585973333333,Cement,115
4558,-7.874628,-35,2017,NOX,EPA,0.0454458386666667,0.0454458386666667,0.0454458386666667,Cement,115
4559,-7.874628,-35,2018,NOX,EPA,0.03718876,0.03718876,0.03718876,Cement,115
4560,-7.874628,-35,2019,NOX,EPA,0.043437912,0.043437912,0.043437912,Cement,115
4561,-7.874628,-35,2020,NOX,EPA,0.0479101,0.0479101,0.0479101,Cement,115
4562,-7.874628,-35,2021,NOX,EPA,0.039751852,0.039751852,0.039751852,Cement,115
4563,-7.874628,-35,2022,NOX,EPA,0.0178941373333333,0.0178941373333333,0.0178941373333333,Cement,115
4564,-7.874628,-35,2014,CO,EPA,0.0089944456,0.0089944456,0.0089944456,Cement,115
4565,-7.874628,-35,2015,CO,EPA,0.0070993888,0.0070993888,0.0070993888,Cement,115
4566,-7.874628,-35,2016,CO,EPA,0.0049164512,0.0049164512,0.0049164512,Cement,115
4567,-7.874628,-35,2017,CO,EPA,0.0038953576,0.0038953576,0.0038953576,Cement,115
4568,-7.874628,-35,2018,CO,EPA,0.003187608,0.003187608,0.003187608,Cement,115
4569,-7.874628,-35,2019,CO,EPA,0.0037232496,0.0037232496,0.0037232496,Cement,115
4570,-7.874628,-35,2020,CO,EPA,0.00410658,0.00410658,0.00410658,Cement,115
4571,-7.874628,-35,2021,CO,EPA,0.0034073016,0.0034073016,0.0034073016,Cement,115
4572,-7.874628,-35,2022,CO,EPA,0.0015337832,0.0015337832,0.0015337832,Cement,115
4573,-7.874628,-35,2014,NMVOCs,EPA,0.0147408969555556,0.0147408969555556,0.0147408969555556,Cement,115
4574,-7.874628,-35,2015,NMVOCs,EPA,0.0116351094222222,0.0116351094222222,0.0116351094222222,Cement,115
4575,-7.874628,-35,2016,NMVOCs,EPA,0.00805751724444445,0.00805751724444445,0.00805751724444445,Cement,115
4576,-7.874628,-35,2017,NMVOCs,EPA,0.00638405828888889,0.00638405828888889,0.00638405828888889,Cement,115
4577,-7.874628,-35,2018,NMVOCs,EPA,0.00522413533333333,0.00522413533333333,0.00522413533333333,Cement,115
4578,-7.874628,-35,2019,NMVOCs,EPA,0.0061019924,0.0061019924,0.0061019924,Cement,115
4579,-7.874628,-35,2020,NMVOCs,EPA,0.00673022833333333,0.00673022833333333,0.00673022833333333,Cement,115
4580,-7.874628,-35,2021,NMVOCs,EPA,0.00558418873333333,0.00558418873333333,0.00558418873333333,Cement,115
4581,-7.874628,-35,2022,NMVOCs,EPA,0.00251370024444444,0.00251370024444444,0.00251370024444444,Cement,115
4582,-7.874628,-35,2014,SOX,EPA,0.0404750052,0.0404750052,0.0404750052,Cement,115
4583,-7.874628,-35,2015,SOX,EPA,0.0319472496,0.0319472496,0.0319472496,Cement,115
4584,-7.874628,-35,2016,SOX,EPA,0.0221240304,0.0221240304,0.0221240304,Cement,115
4585,-7.874628,-35,2017,SOX,EPA,0.0175291092,0.0175291092,0.0175291092,Cement,115
4586,-7.874628,-35,2018,SOX,EPA,0.014344236,0.014344236,0.014344236,Cement,115
4587,-7.874628,-35,2019,SOX,EPA,0.0167546232,0.0167546232,0.0167546232,Cement,115
4588,-7.874628,-35,2020,SOX,EPA,0.01847961,0.01847961,0.01847961,Cement,115
4589,-7.874628,-35,2021,SOX,EPA,0.0153328572,0.0153328572,0.0153328572,Cement,115
4590,-7.874628,-35,2022,SOX,EPA,0.0069020244,0.0069020244,0.0069020244,Cement,115
4591,-3.653844,-39,2014,TSP,EPA,0.0162786402615556,0.0162786402615556,0.0162786402615556,Cement,115
4592,-3.653844,-39,2015,TSP,EPA,0.0171158069532222,0.0171158069532222,0.0171158069532222,Cement,115
4593,-3.653844,-39,2016,TSP,EPA,0.0162667995264444,0.0162667995264444,0.0162667995264444,Cement,115
4594,-3.653844,-39,2017,TSP,EPA,0.0155162395988889,0.0155162395988889,0.0155162395988889,Cement,115
4595,-3.653844,-39,2018,TSP,EPA,0.0144812275963333,0.0144812275963333,0.0144812275963333,Cement,115
4596,-3.653844,-39,2019,TSP,EPA,0.014462668863,0.014462668863,0.014462668863,Cement,115
4597,-3.653844,-39,2020,TSP,EPA,0.0156361415203333,0.0156361415203333,0.0156361415203333,Cement,115
4598,-3.653844,-39,2021,TSP,EPA,0.0183637777883333,0.0183637777883333,0.0183637777883333,Cement,115
4599,-3.653844,-39,2022,TSP,EPA,0.00976274730344444,0.00976274730344444,0.00976274730344444,Cement,115
4600,-3.653844,-39,2014,PM10,EPA,0.00461727429333333,0.00461727429333333,0.00461727429333333,Cement,115
4601,-3.653844,-39,2015,PM10,EPA,0.00485472829333333,0.00485472829333333,0.00485472829333333,Cement,115
4602,-3.653844,-39,2016,PM10,EPA,0.00461391578666667,0.00461391578666667,0.00461391578666667,Cement,115
4603,-3.653844,-39,2017,PM10,EPA,0.00440102693333333,0.00440102693333333,0.00440102693333333,Cement,115
4604,-3.653844,-39,2018,PM10,EPA,0.00410745608,0.00410745608,0.00410745608,Cement,115
4605,-3.653844,-39,2019,PM10,EPA,0.00410219208,0.00410219208,0.00410219208,Cement,115
4606,-3.653844,-39,2020,PM10,EPA,0.00443503592,0.00443503592,0.00443503592,Cement,115
4607,-3.653844,-39,2021,PM10,EPA,0.0052087028,0.0052087028,0.0052087028,Cement,115
4608,-3.653844,-39,2022,PM10,EPA,0.00276910610666667,0.00276910610666667,0.00276910610666667,Cement,115
4609,-3.653844,-39,2014,NOX,EPA,0.230863714666667,0.230863714666667,0.230863714666667,Cement,115
4610,-3.653844,-39,2015,NOX,EPA,0.242736414666667,0.242736414666667,0.242736414666667,Cement,115
4611,-3.653844,-39,2016,NOX,EPA,0.230695789333333,0.230695789333333,0.230695789333333,Cement,115
4612,-3.653844,-39,2017,NOX,EPA,0.220051346666667,0.220051346666667,0.220051346666667,Cement,115
4613,-3.653844,-39,2018,NOX,EPA,0.205372804,0.205372804,0.205372804,Cement,115
4614,-3.653844,-39,2019,NOX,EPA,0.205109604,0.205109604,0.205109604,Cement,115
4615,-3.653844,-39,2020,NOX,EPA,0.221751796,0.221751796,0.221751796,Cement,115
4616,-3.653844,-39,2021,NOX,EPA,0.26043514,0.26043514,0.26043514,Cement,115
4617,-3.653844,-39,2022,NOX,EPA,0.138455305333333,0.138455305333333,0.138455305333333,Cement,115
4618,-3.653844,-39,2014,CO,EPA,0.0197883184,0.0197883184,0.0197883184,Cement,115
4619,-3.653844,-39,2015,CO,EPA,0.0208059784,0.0208059784,0.0208059784,Cement,115
4620,-3.653844,-39,2016,CO,EPA,0.0197739248,0.0197739248,0.0197739248,Cement,115
4621,-3.653844,-39,2017,CO,EPA,0.018861544,0.018861544,0.018861544,Cement,115
4622,-3.653844,-39,2018,CO,EPA,0.0176033832,0.0176033832,0.0176033832,Cement,115
4623,-3.653844,-39,2019,CO,EPA,0.0175808232,0.0175808232,0.0175808232,Cement,115
4624,-3.653844,-39,2020,CO,EPA,0.0190072968,0.0190072968,0.0190072968,Cement,115
4625,-3.653844,-39,2021,CO,EPA,0.022323012,0.022323012,0.022323012,Cement,115
4626,-3.653844,-39,2022,CO,EPA,0.0118675976,0.0118675976,0.0118675976,Cement,115
4627,-3.653844,-39,2014,NMVOCs,EPA,0.0324308551555555,0.0324308551555555,0.0324308551555555,Cement,115
4628,-3.653844,-39,2015,NMVOCs,EPA,0.0340986868222222,0.0340986868222222,0.0340986868222222,Cement,115
4629,-3.653844,-39,2016,NMVOCs,EPA,0.0324072656444444,0.0324072656444444,0.0324072656444444,Cement,115
4630,-3.653844,-39,2017,NMVOCs,EPA,0.0309119748888889,0.0309119748888889,0.0309119748888889,Cement,115
4631,-3.653844,-39,2018,NMVOCs,EPA,0.0288499891333333,0.0288499891333333,0.0288499891333333,Cement,115
4632,-3.653844,-39,2019,NMVOCs,EPA,0.0288130158,0.0288130158,0.0288130158,Cement,115
4633,-3.653844,-39,2020,NMVOCs,EPA,0.0311508475333333,0.0311508475333333,0.0311508475333333,Cement,115
4634,-3.653844,-39,2021,NMVOCs,EPA,0.0365849363333333,0.0365849363333333,0.0365849363333333,Cement,115
4635,-3.653844,-39,2022,NMVOCs,EPA,0.0194496738444444,0.0194496738444444,0.0194496738444444,Cement,115
4636,-3.653844,-39,2014,SOX,EPA,0.0890474328,0.0890474328,0.0890474328,Cement,115
4637,-3.653844,-39,2015,SOX,EPA,0.0936269028,0.0936269028,0.0936269028,Cement,115
4638,-3.653844,-39,2016,SOX,EPA,0.0889826616,0.0889826616,0.0889826616,Cement,115
4639,-3.653844,-39,2017,SOX,EPA,0.084876948,0.084876948,0.084876948,Cement,115
4640,-3.653844,-39,2018,SOX,EPA,0.0792152244,0.0792152244,0.0792152244,Cement,115
4641,-3.653844,-39,2019,SOX,EPA,0.0791137044,0.0791137044,0.0791137044,Cement,115
4642,-3.653844,-39,2020,SOX,EPA,0.0855328356,0.0855328356,0.0855328356,Cement,115
4643,-3.653844,-39,2021,SOX,EPA,0.100453554,0.100453554,0.100453554,Cement,115
4644,-3.653844,-39,2022,SOX,EPA,0.0534041892,0.0534041892,0.0534041892,Cement,115
4645,-31.513336,-54,2014,TSP,EPA,0.0154356464895833,0.0154356464895833,0.0154356464895833,Cement,115
4646,-31.513336,-54,2015,TSP,EPA,0.0136891660304167,0.0136891660304167,0.0136891660304167,Cement,115
4647,-31.513336,-54,2016,TSP,EPA,0.0113066269408333,0.0113066269408333,0.0113066269408333,Cement,115
4648,-31.513336,-54,2017,TSP,EPA,0.01051425046875,0.01051425046875,0.01051425046875,Cement,115
4649,-31.513336,-54,2018,TSP,EPA,0.0101178142070833,0.0101178142070833,0.0101178142070833,Cement,115
4650,-31.513336,-54,2019,TSP,EPA,0.0102035965225,0.0102035965225,0.0102035965225,Cement,115
4651,-31.513336,-54,2020,TSP,EPA,0.0112080534133333,0.0112080534133333,0.0112080534133333,Cement,115
4652,-31.513336,-54,2021,TSP,EPA,0.01249895152,0.01249895152,0.01249895152,Cement,115
4653,-31.513336,-54,2022,TSP,EPA,0.0067989080475,0.0067989080475,0.0067989080475,Cement,115
4654,-31.513336,-54,2014,PM10,EPA,0.0043781675,0.0043781675,0.0043781675,Cement,115
4655,-31.513336,-54,2015,PM10,EPA,0.0038827957,0.0038827957,0.0038827957,Cement,115
4656,-31.513336,-54,2016,PM10,EPA,0.0032070122,0.0032070122,0.0032070122,Cement,115
4657,-31.513336,-54,2017,PM10,EPA,0.0029822625,0.0029822625,0.0029822625,Cement,115
4658,-31.513336,-54,2018,PM10,EPA,0.0028698173,0.0028698173,0.0028698173,Cement,115
4659,-31.513336,-54,2019,PM10,EPA,0.0028941486,0.0028941486,0.0028941486,Cement,115
4660,-31.513336,-54,2020,PM10,EPA,0.0031790528,0.0031790528,0.0031790528,Cement,115
4661,-31.513336,-54,2021,PM10,EPA,0.0035452032,0.0035452032,0.0035452032,Cement,115
4662,-31.513336,-54,2022,PM10,EPA,0.0019284426,0.0019284426,0.0019284426,Cement,115
4663,-31.513336,-54,2014,NOX,EPA,0.218908375,0.218908375,0.218908375,Cement,115
4664,-31.513336,-54,2015,NOX,EPA,0.194139785,0.194139785,0.194139785,Cement,115
4665,-31.513336,-54,2016,NOX,EPA,0.16035061,0.16035061,0.16035061,Cement,115
4666,-31.513336,-54,2017,NOX,EPA,0.149113125,0.149113125,0.149113125,Cement,115
4667,-31.513336,-54,2018,NOX,EPA,0.143490865,0.143490865,0.143490865,Cement,115
4668,-31.513336,-54,2019,NOX,EPA,0.14470743,0.14470743,0.14470743,Cement,115
4669,-31.513336,-54,2020,NOX,EPA,0.15895264,0.15895264,0.15895264,Cement,115
4670,-31.513336,-54,2021,NOX,EPA,0.17726016,0.17726016,0.17726016,Cement,115
4671,-31.513336,-54,2022,NOX,EPA,0.09642213,0.09642213,0.09642213,Cement,115
4672,-31.513336,-54,2014,CO,EPA,0.018763575,0.018763575,0.018763575,Cement,115
4673,-31.513336,-54,2015,CO,EPA,0.016640553,0.016640553,0.016640553,Cement,115
4674,-31.513336,-54,2016,CO,EPA,0.013744338,0.013744338,0.013744338,Cement,115
4675,-31.513336,-54,2017,CO,EPA,0.012781125,0.012781125,0.012781125,Cement,115
4676,-31.513336,-54,2018,CO,EPA,0.012299217,0.012299217,0.012299217,Cement,115
4677,-31.513336,-54,2019,CO,EPA,0.012403494,0.012403494,0.012403494,Cement,115
4678,-31.513336,-54,2020,CO,EPA,0.013624512,0.013624512,0.013624512,Cement,115
4679,-31.513336,-54,2021,CO,EPA,0.015193728,0.015193728,0.015193728,Cement,115
4680,-31.513336,-54,2022,CO,EPA,0.008264754,0.008264754,0.008264754,Cement,115
4681,-31.513336,-54,2014,NMVOCs,EPA,0.0307514145833333,0.0307514145833333,0.0307514145833333,Cement,115
4682,-31.513336,-54,2015,NMVOCs,EPA,0.0272720174166667,0.0272720174166667,0.0272720174166667,Cement,115
4683,-31.513336,-54,2016,NMVOCs,EPA,0.0225254428333333,0.0225254428333333,0.0225254428333333,Cement,115
4684,-31.513336,-54,2017,NMVOCs,EPA,0.02094684375,0.02094684375,0.02094684375,Cement,115
4685,-31.513336,-54,2018,NMVOCs,EPA,0.0201570500833333,0.0201570500833333,0.0201570500833333,Cement,115
4686,-31.513336,-54,2019,NMVOCs,EPA,0.0203279485,0.0203279485,0.0203279485,Cement,115
4687,-31.513336,-54,2020,NMVOCs,EPA,0.0223290613333333,0.0223290613333333,0.0223290613333333,Cement,115
4688,-31.513336,-54,2021,NMVOCs,EPA,0.024900832,0.024900832,0.024900832,Cement,115
4689,-31.513336,-54,2022,NMVOCs,EPA,0.0135450135,0.0135450135,0.0135450135,Cement,115
4690,-31.513336,-54,2014,SOX,EPA,0.0844360875,0.0844360875,0.0844360875,Cement,115
4691,-31.513336,-54,2015,SOX,EPA,0.0748824885,0.0748824885,0.0748824885,Cement,115
4692,-31.513336,-54,2016,SOX,EPA,0.061849521,0.061849521,0.061849521,Cement,115
4693,-31.513336,-54,2017,SOX,EPA,0.0575150625,0.0575150625,0.0575150625,Cement,115
4694,-31.513336,-54,2018,SOX,EPA,0.0553464765,0.0553464765,0.0553464765,Cement,115
4695,-31.513336,-54,2019,SOX,EPA,0.055815723,0.055815723,0.055815723,Cement,115
4696,-31.513336,-54,2020,SOX,EPA,0.061310304,0.061310304,0.061310304,Cement,115
4697,-31.513336,-54,2021,SOX,EPA,0.068371776,0.068371776,0.068371776,Cement,115
4698,-31.513336,-54,2022,SOX,EPA,0.037191393,0.037191393,0.037191393,Cement,115
4699,-8.800253,-64,2014,TSP,EPA,0.012184173685,0.012184173685,0.012184173685,Cement,115
4700,-8.800253,-64,2015,TSP,EPA,0.01355549626,0.01355549626,0.01355549626,Cement,115
4701,-8.800253,-64,2016,TSP,EPA,0.00758605994,0.00758605994,0.00758605994,Cement,115
4702,-8.800253,-64,2017,TSP,EPA,0.006113868675,0.006113868675,0.006113868675,Cement,115
4703,-8.800253,-64,2018,TSP,EPA,0.00829120578214286,0.00829120578214286,0.00829120578214286,Cement,115
4704,-8.800253,-64,2019,TSP,EPA,0.00634544951357143,0.00634544951357143,0.00634544951357143,Cement,115
4705,-8.800253,-64,2020,TSP,EPA,0.00902232821,0.00902232821,0.00902232821,Cement,115
4706,-8.800253,-64,2021,TSP,EPA,0.00826039349,0.00826039349,0.00826039349,Cement,115
4707,-8.800253,-64,2022,TSP,EPA,0.00425489281785714,0.00425489281785714,0.00425489281785714,Cement,115
4708,-8.800253,-64,2014,PM10,EPA,0.0034559196,0.0034559196,0.0034559196,Cement,115
4709,-8.800253,-64,2015,PM10,EPA,0.0038448816,0.0038448816,0.0038448816,Cement,115
4710,-8.800253,-64,2016,PM10,EPA,0.0021517104,0.0021517104,0.0021517104,Cement,115
4711,-8.800253,-64,2017,PM10,EPA,0.001734138,0.001734138,0.001734138,Cement,115
4712,-8.800253,-64,2018,PM10,EPA,0.002351718,0.002351718,0.002351718,Cement,115
4713,-8.800253,-64,2019,PM10,EPA,0.0017998236,0.0017998236,0.0017998236,Cement,115
4714,-8.800253,-64,2020,PM10,EPA,0.0025590936,0.0025590936,0.0025590936,Cement,115
4715,-8.800253,-64,2021,PM10,EPA,0.0023429784,0.0023429784,0.0023429784,Cement,115
4716,-8.800253,-64,2022,PM10,EPA,0.001206858,0.001206858,0.001206858,Cement,115
4717,-8.800253,-64,2014,NOX,EPA,0.17279598,0.17279598,0.17279598,Cement,115
4718,-8.800253,-64,2015,NOX,EPA,0.19224408,0.19224408,0.19224408,Cement,115
4719,-8.800253,-64,2016,NOX,EPA,0.10758552,0.10758552,0.10758552,Cement,115
4720,-8.800253,-64,2017,NOX,EPA,0.0867069,0.0867069,0.0867069,Cement,115
4721,-8.800253,-64,2018,NOX,EPA,0.1175859,0.1175859,0.1175859,Cement,115
4722,-8.800253,-64,2019,NOX,EPA,0.08999118,0.08999118,0.08999118,Cement,115
4723,-8.800253,-64,2020,NOX,EPA,0.12795468,0.12795468,0.12795468,Cement,115
4724,-8.800253,-64,2021,NOX,EPA,0.11714892,0.11714892,0.11714892,Cement,115
4725,-8.800253,-64,2022,NOX,EPA,0.0603429,0.0603429,0.0603429,Cement,115
4726,-8.800253,-64,2014,CO,EPA,0.014811084,0.014811084,0.014811084,Cement,115
4727,-8.800253,-64,2015,CO,EPA,0.016478064,0.016478064,0.016478064,Cement,115
4728,-8.800253,-64,2016,CO,EPA,0.009221616,0.009221616,0.009221616,Cement,115
4729,-8.800253,-64,2017,CO,EPA,0.00743202,0.00743202,0.00743202,Cement,115
4730,-8.800253,-64,2018,CO,EPA,0.0100787914285714,0.0100787914285714,0.0100787914285714,Cement,115
4731,-8.800253,-64,2019,CO,EPA,0.00771352971428571,0.00771352971428571,0.00771352971428571,Cement,115
4732,-8.800253,-64,2020,CO,EPA,0.010967544,0.010967544,0.010967544,Cement,115
4733,-8.800253,-64,2021,CO,EPA,0.010041336,0.010041336,0.010041336,Cement,115
4734,-8.800253,-64,2022,CO,EPA,0.00517224857142857,0.00517224857142857,0.00517224857142857,Cement,115
4735,-8.800253,-64,2014,NMVOCs,EPA,0.024273721,0.024273721,0.024273721,Cement,115
4736,-8.800253,-64,2015,NMVOCs,EPA,0.027005716,0.027005716,0.027005716,Cement,115
4737,-8.800253,-64,2016,NMVOCs,EPA,0.015113204,0.015113204,0.015113204,Cement,115
4738,-8.800253,-64,2017,NMVOCs,EPA,0.012180255,0.012180255,0.012180255,Cement,115
4739,-8.800253,-64,2018,NMVOCs,EPA,0.0165180192857143,0.0165180192857143,0.0165180192857143,Cement,115
4740,-8.800253,-64,2019,NMVOCs,EPA,0.0126416181428571,0.0126416181428571,0.0126416181428571,Cement,115
4741,-8.800253,-64,2020,NMVOCs,EPA,0.017974586,0.017974586,0.017974586,Cement,115
4742,-8.800253,-64,2021,NMVOCs,EPA,0.016456634,0.016456634,0.016456634,Cement,115
4743,-8.800253,-64,2022,NMVOCs,EPA,0.00847674071428571,0.00847674071428571,0.00847674071428571,Cement,115
4744,-8.800253,-64,2014,SOX,EPA,0.066649878,0.066649878,0.066649878,Cement,115
4745,-8.800253,-64,2015,SOX,EPA,0.074151288,0.074151288,0.074151288,Cement,115
4746,-8.800253,-64,2016,SOX,EPA,0.041497272,0.041497272,0.041497272,Cement,115
4747,-8.800253,-64,2017,SOX,EPA,0.03344409,0.03344409,0.03344409,Cement,115
4748,-8.800253,-64,2018,SOX,EPA,0.0453545614285714,0.0453545614285714,0.0453545614285714,Cement,115
4749,-8.800253,-64,2019,SOX,EPA,0.0347108837142857,0.0347108837142857,0.0347108837142857,Cement,115
4750,-8.800253,-64,2020,SOX,EPA,0.049353948,0.049353948,0.049353948,Cement,115
4751,-8.800253,-64,2021,SOX,EPA,0.045186012,0.045186012,0.045186012,Cement,115
4752,-8.800253,-64,2022,SOX,EPA,0.0232751185714286,0.0232751185714286,0.0232751185714286,Cement,115
4753,-0.981969,-47,2014,TSP,EPA,0.0157642816766667,0.0157642816766667,0.0157642816766667,Cement,115
4754,-0.981969,-47,2015,TSP,EPA,0.0125591390716667,0.0125591390716667,0.0125591390716667,Cement,115
4755,-0.981969,-47,2016,TSP,EPA,0.0146732354616667,0.0146732354616667,0.0146732354616667,Cement,115
4756,-0.981969,-47,2017,TSP,EPA,0.0131595634533333,0.0131595634533333,0.0131595634533333,Cement,115
4757,-0.981969,-47,2018,TSP,EPA,0.00938555054404762,0.00938555054404762,0.00938555054404762,Cement,115
4758,-0.981969,-47,2019,TSP,EPA,0.00830634327785714,0.00830634327785714,0.00830634327785714,Cement,115
4759,-0.981969,-47,2020,TSP,EPA,0.00803062057666667,0.00803062057666667,0.00803062057666667,Cement,115
4760,-0.981969,-47,2021,TSP,EPA,0.00874275273833333,0.00874275273833333,0.00874275273833333,Cement,115
4761,-0.981969,-47,2022,TSP,EPA,0.00512856352261905,0.00512856352261905,0.00512856352261905,Cement,115
4762,-0.981969,-47,2014,PM10,EPA,0.0044713816,0.0044713816,0.0044713816,Cement,115
4763,-0.981969,-47,2015,PM10,EPA,0.0035622748,0.0035622748,0.0035622748,Cement,115
4764,-0.981969,-47,2016,PM10,EPA,0.0041619172,0.0041619172,0.0041619172,Cement,115
4765,-0.981969,-47,2017,PM10,EPA,0.0037325792,0.0037325792,0.0037325792,Cement,115
4766,-0.981969,-47,2018,PM10,EPA,0.002662118,0.002662118,0.002662118,Cement,115
4767,-0.981969,-47,2019,PM10,EPA,0.0023560116,0.0023560116,0.0023560116,Cement,115
4768,-0.981969,-47,2020,PM10,EPA,0.0022778056,0.0022778056,0.0022778056,Cement,115
4769,-0.981969,-47,2021,PM10,EPA,0.0024797948,0.0024797948,0.0024797948,Cement,115
4770,-0.981969,-47,2022,PM10,EPA,0.001454666,0.001454666,0.001454666,Cement,115
4771,-0.981969,-47,2014,NOX,EPA,0.22356908,0.22356908,0.22356908,Cement,115
4772,-0.981969,-47,2015,NOX,EPA,0.17811374,0.17811374,0.17811374,Cement,115
4773,-0.981969,-47,2016,NOX,EPA,0.20809586,0.20809586,0.20809586,Cement,115
4774,-0.981969,-47,2017,NOX,EPA,0.18662896,0.18662896,0.18662896,Cement,115
4775,-0.981969,-47,2018,NOX,EPA,0.1331059,0.1331059,0.1331059,Cement,115
4776,-0.981969,-47,2019,NOX,EPA,0.11780058,0.11780058,0.11780058,Cement,115
4777,-0.981969,-47,2020,NOX,EPA,0.11389028,0.11389028,0.11389028,Cement,115
4778,-0.981969,-47,2021,NOX,EPA,0.12398974,0.12398974,0.12398974,Cement,115
4779,-0.981969,-47,2022,NOX,EPA,0.0727333,0.0727333,0.0727333,Cement,115
4780,-0.981969,-47,2014,CO,EPA,0.019163064,0.019163064,0.019163064,Cement,115
4781,-0.981969,-47,2015,CO,EPA,0.015266892,0.015266892,0.015266892,Cement,115
4782,-0.981969,-47,2016,CO,EPA,0.017836788,0.017836788,0.017836788,Cement,115
4783,-0.981969,-47,2017,CO,EPA,0.015996768,0.015996768,0.015996768,Cement,115
4784,-0.981969,-47,2018,CO,EPA,0.0114090771428571,0.0114090771428571,0.0114090771428571,Cement,115
4785,-0.981969,-47,2019,CO,EPA,0.0100971925714286,0.0100971925714286,0.0100971925714286,Cement,115
4786,-0.981969,-47,2020,CO,EPA,0.009762024,0.009762024,0.009762024,Cement,115
4787,-0.981969,-47,2021,CO,EPA,0.010627692,0.010627692,0.010627692,Cement,115
4788,-0.981969,-47,2022,CO,EPA,0.00623428285714286,0.00623428285714286,0.00623428285714286,Cement,115
4789,-0.981969,-47,2014,NMVOCs,EPA,0.0314061326666667,0.0314061326666667,0.0314061326666667,Cement,115
4790,-0.981969,-47,2015,NMVOCs,EPA,0.0250207396666667,0.0250207396666667,0.0250207396666667,Cement,115
4791,-0.981969,-47,2016,NMVOCs,EPA,0.0292325136666667,0.0292325136666667,0.0292325136666667,Cement,115
4792,-0.981969,-47,2017,NMVOCs,EPA,0.0262169253333333,0.0262169253333333,0.0262169253333333,Cement,115
4793,-0.981969,-47,2018,NMVOCs,EPA,0.0186982097619048,0.0186982097619048,0.0186982097619048,Cement,115
4794,-0.981969,-47,2019,NMVOCs,EPA,0.0165481767142857,0.0165481767142857,0.0165481767142857,Cement,115
4795,-0.981969,-47,2020,NMVOCs,EPA,0.0159988726666667,0.0159988726666667,0.0159988726666667,Cement,115
4796,-0.981969,-47,2021,NMVOCs,EPA,0.0174176063333333,0.0174176063333333,0.0174176063333333,Cement,115
4797,-0.981969,-47,2022,NMVOCs,EPA,0.0102172969047619,0.0102172969047619,0.0102172969047619,Cement,115
4798,-0.981969,-47,2014,SOX,EPA,0.086233788,0.086233788,0.086233788,Cement,115
4799,-0.981969,-47,2015,SOX,EPA,0.068701014,0.068701014,0.068701014,Cement,115
4800,-0.981969,-47,2016,SOX,EPA,0.080265546,0.080265546,0.080265546,Cement,115
4801,-0.981969,-47,2017,SOX,EPA,0.071985456,0.071985456,0.071985456,Cement,115
4802,-0.981969,-47,2018,SOX,EPA,0.0513408471428571,0.0513408471428571,0.0513408471428571,Cement,115
4803,-0.981969,-47,2019,SOX,EPA,0.0454373665714286,0.0454373665714286,0.0454373665714286,Cement,115
4804,-0.981969,-47,2020,SOX,EPA,0.043929108,0.043929108,0.043929108,Cement,115
4805,-0.981969,-47,2021,SOX,EPA,0.047824614,0.047824614,0.047824614,Cement,115
4806,-0.981969,-47,2022,SOX,EPA,0.0280542728571429,0.0280542728571429,0.0280542728571429,Cement,115
4807,-24.160399,-48,2014,TSP,EPA,0.0241225848245833,0.0241225848245833,0.0241225848245833,Cement,115
4808,-24.160399,-48,2015,TSP,EPA,0.021401013215,0.021401013215,0.021401013215,Cement,115
4809,-24.160399,-48,2016,TSP,EPA,0.0175078105075,0.0175078105075,0.0175078105075,Cement,115
4810,-24.160399,-48,2017,TSP,EPA,0.0160270950583333,0.0160270950583333,0.0160270950583333,Cement,115
4811,-24.160399,-48,2018,TSP,EPA,0.0155239436120833,0.0155239436120833,0.0155239436120833,Cement,115
4812,-24.160399,-48,2019,TSP,EPA,0.0151956761445833,0.0151956761445833,0.0151956761445833,Cement,115
4813,-24.160399,-48,2020,TSP,EPA,0.0173426131016667,0.0173426131016667,0.0173426131016667,Cement,115
4814,-24.160399,-48,2021,TSP,EPA,0.01930857279375,0.01930857279375,0.01930857279375,Cement,115
4815,-24.160399,-48,2022,TSP,EPA,0.0105665332833333,0.0105665332833333,0.0105665332833333,Cement,115
4816,-24.160399,-48,2014,PM10,EPA,0.0068421311,0.0068421311,0.0068421311,Cement,115
4817,-24.160399,-48,2015,PM10,EPA,0.0060701844,0.0060701844,0.0060701844,Cement,115
4818,-24.160399,-48,2016,PM10,EPA,0.0049659162,0.0049659162,0.0049659162,Cement,115
4819,-24.160399,-48,2017,PM10,EPA,0.004545926,0.004545926,0.004545926,Cement,115
4820,-24.160399,-48,2018,PM10,EPA,0.0044032121,0.0044032121,0.0044032121,Cement,115
4821,-24.160399,-48,2019,PM10,EPA,0.0043101023,0.0043101023,0.0043101023,Cement,115
4822,-24.160399,-48,2020,PM10,EPA,0.0049190596,0.0049190596,0.0049190596,Cement,115
4823,-24.160399,-48,2021,PM10,EPA,0.0054766845,0.0054766845,0.0054766845,Cement,115
4824,-24.160399,-48,2022,PM10,EPA,0.002997092,0.002997092,0.002997092,Cement,115
4825,-24.160399,-48,2014,NOX,EPA,0.342106555,0.342106555,0.342106555,Cement,115
4826,-24.160399,-48,2015,NOX,EPA,0.30350922,0.30350922,0.30350922,Cement,115
4827,-24.160399,-48,2016,NOX,EPA,0.24829581,0.24829581,0.24829581,Cement,115
4828,-24.160399,-48,2017,NOX,EPA,0.2272963,0.2272963,0.2272963,Cement,115
4829,-24.160399,-48,2018,NOX,EPA,0.220160605,0.220160605,0.220160605,Cement,115
4830,-24.160399,-48,2019,NOX,EPA,0.215505115,0.215505115,0.215505115,Cement,115
4831,-24.160399,-48,2020,NOX,EPA,0.24595298,0.24595298,0.24595298,Cement,115
4832,-24.160399,-48,2021,NOX,EPA,0.273834225,0.273834225,0.273834225,Cement,115
4833,-24.160399,-48,2022,NOX,EPA,0.1498546,0.1498546,0.1498546,Cement,115
4834,-24.160399,-48,2014,CO,EPA,0.029323419,0.029323419,0.029323419,Cement,115
4835,-24.160399,-48,2015,CO,EPA,0.026015076,0.026015076,0.026015076,Cement,115
4836,-24.160399,-48,2016,CO,EPA,0.021282498,0.021282498,0.021282498,Cement,115
4837,-24.160399,-48,2017,CO,EPA,0.01948254,0.01948254,0.01948254,Cement,115
4838,-24.160399,-48,2018,CO,EPA,0.018870909,0.018870909,0.018870909,Cement,115
4839,-24.160399,-48,2019,CO,EPA,0.018471867,0.018471867,0.018471867,Cement,115
4840,-24.160399,-48,2020,CO,EPA,0.021081684,0.021081684,0.021081684,Cement,115
4841,-24.160399,-48,2021,CO,EPA,0.023471505,0.023471505,0.023471505,Cement,115
4842,-24.160399,-48,2022,CO,EPA,0.01284468,0.01284468,0.01284468,Cement,115
4843,-24.160399,-48,2014,NMVOCs,EPA,0.0480578255833333,0.0480578255833333,0.0480578255833333,Cement,115
4844,-24.160399,-48,2015,NMVOCs,EPA,0.042635819,0.042635819,0.042635819,Cement,115
4845,-24.160399,-48,2016,NMVOCs,EPA,0.0348796495,0.0348796495,0.0348796495,Cement,115
4846,-24.160399,-48,2017,NMVOCs,EPA,0.0319297183333333,0.0319297183333333,0.0319297183333333,Cement,115
4847,-24.160399,-48,2018,NMVOCs,EPA,0.0309273230833333,0.0309273230833333,0.0309273230833333,Cement,115
4848,-24.160399,-48,2019,NMVOCs,EPA,0.0302733375833333,0.0302733375833333,0.0302733375833333,Cement,115
4849,-24.160399,-48,2020,NMVOCs,EPA,0.0345505376666667,0.0345505376666667,0.0345505376666667,Cement,115
4850,-24.160399,-48,2021,NMVOCs,EPA,0.03846718875,0.03846718875,0.03846718875,Cement,115
4851,-24.160399,-48,2022,NMVOCs,EPA,0.0210510033333333,0.0210510033333333,0.0210510033333333,Cement,115
4852,-24.160399,-48,2014,SOX,EPA,0.1319553855,0.1319553855,0.1319553855,Cement,115
4853,-24.160399,-48,2015,SOX,EPA,0.117067842,0.117067842,0.117067842,Cement,115
4854,-24.160399,-48,2016,SOX,EPA,0.095771241,0.095771241,0.095771241,Cement,115
4855,-24.160399,-48,2017,SOX,EPA,0.08767143,0.08767143,0.08767143,Cement,115
4856,-24.160399,-48,2018,SOX,EPA,0.0849190905,0.0849190905,0.0849190905,Cement,115
4857,-24.160399,-48,2019,SOX,EPA,0.0831234015,0.0831234015,0.0831234015,Cement,115
4858,-24.160399,-48,2020,SOX,EPA,0.094867578,0.094867578,0.094867578,Cement,115
4859,-24.160399,-48,2021,SOX,EPA,0.1056217725,0.1056217725,0.1056217725,Cement,115
4860,-24.160399,-48,2022,SOX,EPA,0.05780106,0.05780106,0.05780106,Cement,115
4861,-25.192063,-49,2014,TSP,EPA,0.0612284958827778,0.0612284958827778,0.0612284958827778,Cement,115
4862,-25.192063,-49,2015,TSP,EPA,0.0595093023555555,0.0595093023555555,0.0595093023555555,Cement,115
4863,-25.192063,-49,2016,TSP,EPA,0.0622963239377778,0.0622963239377778,0.0622963239377778,Cement,115
4864,-25.192063,-49,2017,TSP,EPA,0.0578034651933333,0.0578034651933333,0.0578034651933333,Cement,115
4865,-25.192063,-49,2018,TSP,EPA,0.0593675090261111,0.0593675090261111,0.0593675090261111,Cement,115
4866,-25.192063,-49,2019,TSP,EPA,0.060933365955,0.060933365955,0.060933365955,Cement,115
4867,-25.192063,-49,2020,TSP,EPA,0.0680092055127778,0.0680092055127778,0.0680092055127778,Cement,115
4868,-25.192063,-49,2021,TSP,EPA,0.0777820206,0.0777820206,0.0777820206,Cement,115
4869,-25.192063,-49,2022,TSP,EPA,0.0438966955466667,0.0438966955466667,0.0438966955466667,Cement,115
4870,-25.192063,-49,2014,PM10,EPA,0.0173668534666667,0.0173668534666667,0.0173668534666667,Cement,115
4871,-25.192063,-49,2015,PM10,EPA,0.0168792213333333,0.0168792213333333,0.0168792213333333,Cement,115
4872,-25.192063,-49,2016,PM10,EPA,0.0176697322666667,0.0176697322666667,0.0176697322666667,Cement,115
4873,-25.192063,-49,2017,PM10,EPA,0.0163953776,0.0163953776,0.0163953776,Cement,115
4874,-25.192063,-49,2018,PM10,EPA,0.0168390030666667,0.0168390030666667,0.0168390030666667,Cement,115
4875,-25.192063,-49,2019,PM10,EPA,0.0172831428,0.0172831428,0.0172831428,Cement,115
4876,-25.192063,-49,2020,PM10,EPA,0.0192901342666667,0.0192901342666667,0.0192901342666667,Cement,115
4877,-25.192063,-49,2021,PM10,EPA,0.022062096,0.022062096,0.022062096,Cement,115
4878,-25.192063,-49,2022,PM10,EPA,0.0124508608,0.0124508608,0.0124508608,Cement,115
4879,-25.192063,-49,2014,NOX,EPA,0.868342673333333,0.868342673333333,0.868342673333333,Cement,115
4880,-25.192063,-49,2015,NOX,EPA,0.843961066666667,0.843961066666667,0.843961066666667,Cement,115
4881,-25.192063,-49,2016,NOX,EPA,0.883486613333333,0.883486613333333,0.883486613333333,Cement,115
4882,-25.192063,-49,2017,NOX,EPA,0.81976888,0.81976888,0.81976888,Cement,115
4883,-25.192063,-49,2018,NOX,EPA,0.841950153333333,0.841950153333333,0.841950153333333,Cement,115
4884,-25.192063,-49,2019,NOX,EPA,0.86415714,0.86415714,0.86415714,Cement,115
4885,-25.192063,-49,2020,NOX,EPA,0.964506713333333,0.964506713333333,0.964506713333333,Cement,115
4886,-25.192063,-49,2021,NOX,EPA,1.1031048,1.1031048,1.1031048,Cement,115
4887,-25.192063,-49,2022,NOX,EPA,0.62254304,0.62254304,0.62254304,Cement,115
4888,-25.192063,-49,2014,CO,EPA,0.074429372,0.074429372,0.074429372,Cement,115
4889,-25.192063,-49,2015,CO,EPA,0.07233952,0.07233952,0.07233952,Cement,115
4890,-25.192063,-49,2016,CO,EPA,0.075727424,0.075727424,0.075727424,Cement,115
4891,-25.192063,-49,2017,CO,EPA,0.070265904,0.070265904,0.070265904,Cement,115
4892,-25.192063,-49,2018,CO,EPA,0.072167156,0.072167156,0.072167156,Cement,115
4893,-25.192063,-49,2019,CO,EPA,0.074070612,0.074070612,0.074070612,Cement,115
4894,-25.192063,-49,2020,CO,EPA,0.082672004,0.082672004,0.082672004,Cement,115
4895,-25.192063,-49,2021,CO,EPA,0.09455184,0.09455184,0.09455184,Cement,115
4896,-25.192063,-49,2022,CO,EPA,0.053360832,0.053360832,0.053360832,Cement,115
4897,-25.192063,-49,2014,NMVOCs,EPA,0.121981470777778,0.121981470777778,0.121981470777778,Cement,115
4898,-25.192063,-49,2015,NMVOCs,EPA,0.118556435555556,0.118556435555556,0.118556435555556,Cement,115
4899,-25.192063,-49,2016,NMVOCs,EPA,0.124108833777778,0.124108833777778,0.124108833777778,Cement,115
4900,-25.192063,-49,2017,NMVOCs,EPA,0.115158009333333,0.115158009333333,0.115158009333333,Cement,115
4901,-25.192063,-49,2018,NMVOCs,EPA,0.118273950111111,0.118273950111111,0.118273950111111,Cement,115
4902,-25.192063,-49,2019,NMVOCs,EPA,0.121393503,0.121393503,0.121393503,Cement,115
4903,-25.192063,-49,2020,NMVOCs,EPA,0.135490228777778,0.135490228777778,0.135490228777778,Cement,115
4904,-25.192063,-49,2021,NMVOCs,EPA,0.15495996,0.15495996,0.15495996,Cement,115
4905,-25.192063,-49,2022,NMVOCs,EPA,0.0874524746666667,0.0874524746666667,0.0874524746666667,Cement,115
4906,-25.192063,-49,2014,SOX,EPA,0.334932174,0.334932174,0.334932174,Cement,115
4907,-25.192063,-49,2015,SOX,EPA,0.32552784,0.32552784,0.32552784,Cement,115
4908,-25.192063,-49,2016,SOX,EPA,0.340773408,0.340773408,0.340773408,Cement,115
4909,-25.192063,-49,2017,SOX,EPA,0.316196568,0.316196568,0.316196568,Cement,115
4910,-25.192063,-49,2018,SOX,EPA,0.324752202,0.324752202,0.324752202,Cement,115
4911,-25.192063,-49,2019,SOX,EPA,0.333317754,0.333317754,0.333317754,Cement,115
4912,-25.192063,-49,2020,SOX,EPA,0.372024018,0.372024018,0.372024018,Cement,115
4913,-25.192063,-49,2021,SOX,EPA,0.42548328,0.42548328,0.42548328,Cement,115
4914,-25.192063,-49,2022,SOX,EPA,0.240123744,0.240123744,0.240123744,Cement,115
4915,-23.628209,-47,2014,TSP,EPA,0.0241225848245833,0.0241225848245833,0.0241225848245833,Cement,115
4916,-23.628209,-47,2015,TSP,EPA,0.021401013215,0.021401013215,0.021401013215,Cement,115
4917,-23.628209,-47,2016,TSP,EPA,0.0175078105075,0.0175078105075,0.0175078105075,Cement,115
4918,-23.628209,-47,2017,TSP,EPA,0.0160270950583333,0.0160270950583333,0.0160270950583333,Cement,115
4919,-23.628209,-47,2018,TSP,EPA,0.0155239436120833,0.0155239436120833,0.0155239436120833,Cement,115
4920,-23.628209,-47,2019,TSP,EPA,0.0151956761445833,0.0151956761445833,0.0151956761445833,Cement,115
4921,-23.628209,-47,2020,TSP,EPA,0.0173426131016667,0.0173426131016667,0.0173426131016667,Cement,115
4922,-23.628209,-47,2021,TSP,EPA,0.01930857279375,0.01930857279375,0.01930857279375,Cement,115
4923,-23.628209,-47,2022,TSP,EPA,0.0105665332833333,0.0105665332833333,0.0105665332833333,Cement,115
4924,-23.628209,-47,2014,PM10,EPA,0.0068421311,0.0068421311,0.0068421311,Cement,115
4925,-23.628209,-47,2015,PM10,EPA,0.0060701844,0.0060701844,0.0060701844,Cement,115
4926,-23.628209,-47,2016,PM10,EPA,0.0049659162,0.0049659162,0.0049659162,Cement,115
4927,-23.628209,-47,2017,PM10,EPA,0.004545926,0.004545926,0.004545926,Cement,115
4928,-23.628209,-47,2018,PM10,EPA,0.0044032121,0.0044032121,0.0044032121,Cement,115
4929,-23.628209,-47,2019,PM10,EPA,0.0043101023,0.0043101023,0.0043101023,Cement,115
4930,-23.628209,-47,2020,PM10,EPA,0.0049190596,0.0049190596,0.0049190596,Cement,115
4931,-23.628209,-47,2021,PM10,EPA,0.0054766845,0.0054766845,0.0054766845,Cement,115
4932,-23.628209,-47,2022,PM10,EPA,0.002997092,0.002997092,0.002997092,Cement,115
4933,-23.628209,-47,2014,NOX,EPA,0.342106555,0.342106555,0.342106555,Cement,115
4934,-23.628209,-47,2015,NOX,EPA,0.30350922,0.30350922,0.30350922,Cement,115
4935,-23.628209,-47,2016,NOX,EPA,0.24829581,0.24829581,0.24829581,Cement,115
4936,-23.628209,-47,2017,NOX,EPA,0.2272963,0.2272963,0.2272963,Cement,115
4937,-23.628209,-47,2018,NOX,EPA,0.220160605,0.220160605,0.220160605,Cement,115
4938,-23.628209,-47,2019,NOX,EPA,0.215505115,0.215505115,0.215505115,Cement,115
4939,-23.628209,-47,2020,NOX,EPA,0.24595298,0.24595298,0.24595298,Cement,115
4940,-23.628209,-47,2021,NOX,EPA,0.273834225,0.273834225,0.273834225,Cement,115
4941,-23.628209,-47,2022,NOX,EPA,0.1498546,0.1498546,0.1498546,Cement,115
4942,-23.628209,-47,2014,CO,EPA,0.029323419,0.029323419,0.029323419,Cement,115
4943,-23.628209,-47,2015,CO,EPA,0.026015076,0.026015076,0.026015076,Cement,115
4944,-23.628209,-47,2016,CO,EPA,0.021282498,0.021282498,0.021282498,Cement,115
4945,-23.628209,-47,2017,CO,EPA,0.01948254,0.01948254,0.01948254,Cement,115
4946,-23.628209,-47,2018,CO,EPA,0.018870909,0.018870909,0.018870909,Cement,115
4947,-23.628209,-47,2019,CO,EPA,0.018471867,0.018471867,0.018471867,Cement,115
4948,-23.628209,-47,2020,CO,EPA,0.021081684,0.021081684,0.021081684,Cement,115
4949,-23.628209,-47,2021,CO,EPA,0.023471505,0.023471505,0.023471505,Cement,115
4950,-23.628209,-47,2022,CO,EPA,0.01284468,0.01284468,0.01284468,Cement,115
4951,-23.628209,-47,2014,NMVOCs,EPA,0.0480578255833333,0.0480578255833333,0.0480578255833333,Cement,115
4952,-23.628209,-47,2015,NMVOCs,EPA,0.042635819,0.042635819,0.042635819,Cement,115
4953,-23.628209,-47,2016,NMVOCs,EPA,0.0348796495,0.0348796495,0.0348796495,Cement,115
4954,-23.628209,-47,2017,NMVOCs,EPA,0.0319297183333333,0.0319297183333333,0.0319297183333333,Cement,115
4955,-23.628209,-47,2018,NMVOCs,EPA,0.0309273230833333,0.0309273230833333,0.0309273230833333,Cement,115
4956,-23.628209,-47,2019,NMVOCs,EPA,0.0302733375833333,0.0302733375833333,0.0302733375833333,Cement,115
4957,-23.628209,-47,2020,NMVOCs,EPA,0.0345505376666667,0.0345505376666667,0.0345505376666667,Cement,115
4958,-23.628209,-47,2021,NMVOCs,EPA,0.03846718875,0.03846718875,0.03846718875,Cement,115
4959,-23.628209,-47,2022,NMVOCs,EPA,0.0210510033333333,0.0210510033333333,0.0210510033333333,Cement,115
4960,-23.628209,-47,2014,SOX,EPA,0.1319553855,0.1319553855,0.1319553855,Cement,115
4961,-23.628209,-47,2015,SOX,EPA,0.117067842,0.117067842,0.117067842,Cement,115
4962,-23.628209,-47,2016,SOX,EPA,0.095771241,0.095771241,0.095771241,Cement,115
4963,-23.628209,-47,2017,SOX,EPA,0.08767143,0.08767143,0.08767143,Cement,115
4964,-23.628209,-47,2018,SOX,EPA,0.0849190905,0.0849190905,0.0849190905,Cement,115
4965,-23.628209,-47,2019,SOX,EPA,0.0831234015,0.0831234015,0.0831234015,Cement,115
4966,-23.628209,-47,2020,SOX,EPA,0.094867578,0.094867578,0.094867578,Cement,115
4967,-23.628209,-47,2021,SOX,EPA,0.1056217725,0.1056217725,0.1056217725,Cement,115
4968,-23.628209,-47,2022,SOX,EPA,0.05780106,0.05780106,0.05780106,Cement,115
4969,-22.904392,-44,2014,TSP,EPA,0.016536316345625,0.016536316345625,0.016536316345625,Cement,115
4970,-22.904392,-44,2015,TSP,EPA,0.0159738423525,0.0159738423525,0.0159738423525,Cement,115
4971,-22.904392,-44,2016,TSP,EPA,0.0138496472475,0.0138496472475,0.0138496472475,Cement,115
4972,-22.904392,-44,2017,TSP,EPA,0.011934145345625,0.011934145345625,0.011934145345625,Cement,115
4973,-22.904392,-44,2018,TSP,EPA,0.01293352203,0.01293352203,0.01293352203,Cement,115
4974,-22.904392,-44,2019,TSP,EPA,0.01442960519625,0.01442960519625,0.01442960519625,Cement,115
4975,-22.904392,-44,2020,TSP,EPA,0.01376294193125,0.01376294193125,0.01376294193125,Cement,115
4976,-22.904392,-44,2021,TSP,EPA,0.01523696932625,0.01523696932625,0.01523696932625,Cement,115
4977,-22.904392,-44,2022,TSP,EPA,0.008377591150625,0.008377591150625,0.008377591150625,Cement,115
4978,-22.904392,-44,2014,PM10,EPA,0.00469036155,0.00469036155,0.00469036155,Cement,115
4979,-22.904392,-44,2015,PM10,EPA,0.0045308214,0.0045308214,0.0045308214,Cement,115
4980,-22.904392,-44,2016,PM10,EPA,0.0039283146,0.0039283146,0.0039283146,Cement,115
4981,-22.904392,-44,2017,PM10,EPA,0.00338500155,0.00338500155,0.00338500155,Cement,115
4982,-22.904392,-44,2018,PM10,EPA,0.0036684648,0.0036684648,0.0036684648,Cement,115
4983,-22.904392,-44,2019,PM10,EPA,0.0040928139,0.0040928139,0.0040928139,Cement,115
4984,-22.904392,-44,2020,PM10,EPA,0.0039037215,0.0039037215,0.0039037215,Cement,115
4985,-22.904392,-44,2021,PM10,EPA,0.0043218147,0.0043218147,0.0043218147,Cement,115
4986,-22.904392,-44,2022,PM10,EPA,0.00237622035,0.00237622035,0.00237622035,Cement,115
4987,-22.904392,-44,2014,NOX,EPA,0.2345180775,0.2345180775,0.2345180775,Cement,115
4988,-22.904392,-44,2015,NOX,EPA,0.22654107,0.22654107,0.22654107,Cement,115
4989,-22.904392,-44,2016,NOX,EPA,0.19641573,0.19641573,0.19641573,Cement,115
4990,-22.904392,-44,2017,NOX,EPA,0.1692500775,0.1692500775,0.1692500775,Cement,115
4991,-22.904392,-44,2018,NOX,EPA,0.18342324,0.18342324,0.18342324,Cement,115
4992,-22.904392,-44,2019,NOX,EPA,0.204640695,0.204640695,0.204640695,Cement,115
4993,-22.904392,-44,2020,NOX,EPA,0.195186075,0.195186075,0.195186075,Cement,115
4994,-22.904392,-44,2021,NOX,EPA,0.216090735,0.216090735,0.216090735,Cement,115
4995,-22.904392,-44,2022,NOX,EPA,0.1188110175,0.1188110175,0.1188110175,Cement,115
4996,-22.904392,-44,2014,CO,EPA,0.0201015495,0.0201015495,0.0201015495,Cement,115
4997,-22.904392,-44,2015,CO,EPA,0.019417806,0.019417806,0.019417806,Cement,115
4998,-22.904392,-44,2016,CO,EPA,0.016835634,0.016835634,0.016835634,Cement,115
4999,-22.904392,-44,2017,CO,EPA,0.0145071495,0.0145071495,0.0145071495,Cement,115
5000,-22.904392,-44,2018,CO,EPA,0.015721992,0.015721992,0.015721992,Cement,115
5001,-22.904392,-44,2019,CO,EPA,0.017540631,0.017540631,0.017540631,Cement,115
5002,-22.904392,-44,2020,CO,EPA,0.016730235,0.016730235,0.016730235,Cement,115
5003,-22.904392,-44,2021,CO,EPA,0.018522063,0.018522063,0.018522063,Cement,115
5004,-22.904392,-44,2022,CO,EPA,0.0101838015,0.0101838015,0.0101838015,Cement,115
5005,-22.904392,-44,2014,NMVOCs,EPA,0.032944206125,0.032944206125,0.032944206125,Cement,115
5006,-22.904392,-44,2015,NMVOCs,EPA,0.0318236265,0.0318236265,0.0318236265,Cement,115
5007,-22.904392,-44,2016,NMVOCs,EPA,0.0275917335,0.0275917335,0.0275917335,Cement,115
5008,-22.904392,-44,2017,NMVOCs,EPA,0.023775606125,0.023775606125,0.023775606125,Cement,115
5009,-22.904392,-44,2018,NMVOCs,EPA,0.025766598,0.025766598,0.025766598,Cement,115
5010,-22.904392,-44,2019,NMVOCs,EPA,0.02874714525,0.02874714525,0.02874714525,Cement,115
5011,-22.904392,-44,2020,NMVOCs,EPA,0.02741899625,0.02741899625,0.02741899625,Cement,115
5012,-22.904392,-44,2021,NMVOCs,EPA,0.03035560325,0.03035560325,0.03035560325,Cement,115
5013,-22.904392,-44,2022,NMVOCs,EPA,0.016690119125,0.016690119125,0.016690119125,Cement,115
5014,-22.904392,-44,2014,SOX,EPA,0.09045697275,0.09045697275,0.09045697275,Cement,115
5015,-22.904392,-44,2015,SOX,EPA,0.087380127,0.087380127,0.087380127,Cement,115
5016,-22.904392,-44,2016,SOX,EPA,0.075760353,0.075760353,0.075760353,Cement,115
5017,-22.904392,-44,2017,SOX,EPA,0.06528217275,0.06528217275,0.06528217275,Cement,115
5018,-22.904392,-44,2018,SOX,EPA,0.070748964,0.070748964,0.070748964,Cement,115
5019,-22.904392,-44,2019,SOX,EPA,0.0789328395,0.0789328395,0.0789328395,Cement,115
5020,-22.904392,-44,2020,SOX,EPA,0.0752860575,0.0752860575,0.0752860575,Cement,115
5021,-22.904392,-44,2021,SOX,EPA,0.0833492835,0.0833492835,0.0833492835,Cement,115
5022,-22.904392,-44,2022,SOX,EPA,0.04582710675,0.04582710675,0.04582710675,Cement,115
5023,-2.63764,-44,2014,TSP,EPA,0.00488171619855556,0.00488171619855556,0.00488171619855556,Cement,115
5024,-2.63764,-44,2015,TSP,EPA,0.00506000837022222,0.00506000837022222,0.00506000837022222,Cement,115
5025,-2.63764,-44,2016,TSP,EPA,0.00476920223244444,0.00476920223244444,0.00476920223244444,Cement,115
5026,-2.63764,-44,2017,TSP,EPA,0.00370772626588889,0.00370772626588889,0.00370772626588889,Cement,115
5027,-2.63764,-44,2018,TSP,EPA,0.00321263717433333,0.00321263717433333,0.00321263717433333,Cement,115
5028,-2.63764,-44,2019,TSP,EPA,0.002950370683,0.002950370683,0.002950370683,Cement,115
5029,-2.63764,-44,2020,TSP,EPA,0.00292024235633333,0.00292024235633333,0.00292024235633333,Cement,115
5030,-2.63764,-44,2021,TSP,EPA,0.00292882478333333,0.00292882478333333,0.00292882478333333,Cement,115
5031,-2.63764,-44,2022,TSP,EPA,0.00151463811544444,0.00151463811544444,0.00151463811544444,Cement,115
5032,-2.63764,-44,2014,PM10,EPA,0.00138465021333333,0.00138465021333333,0.00138465021333333,Cement,115
5033,-2.63764,-44,2015,PM10,EPA,0.00143522101333333,0.00143522101333333,0.00143522101333333,Cement,115
5034,-2.63764,-44,2016,PM10,EPA,0.00135273674666667,0.00135273674666667,0.00135273674666667,Cement,115
5035,-2.63764,-44,2017,PM10,EPA,0.00105165965333333,0.00105165965333333,0.00105165965333333,Cement,115
5036,-2.63764,-44,2018,PM10,EPA,0.00091123256,0.00091123256,0.00091123256,Cement,115
5037,-2.63764,-44,2019,PM10,EPA,0.00083684328,0.00083684328,0.00083684328,Cement,115
5038,-2.63764,-44,2020,PM10,EPA,0.00082829768,0.00082829768,0.00082829768,Cement,115
5039,-2.63764,-44,2021,PM10,EPA,0.000830732,0.000830732,0.000830732,Cement,115
5040,-2.63764,-44,2022,PM10,EPA,0.000429612026666667,0.000429612026666667,0.000429612026666667,Cement,115
5041,-2.63764,-44,2014,NOX,EPA,0.0692325106666667,0.0692325106666667,0.0692325106666667,Cement,115
5042,-2.63764,-44,2015,NOX,EPA,0.0717610506666667,0.0717610506666667,0.0717610506666667,Cement,115
5043,-2.63764,-44,2016,NOX,EPA,0.0676368373333333,0.0676368373333333,0.0676368373333333,Cement,115
5044,-2.63764,-44,2017,NOX,EPA,0.0525829826666667,0.0525829826666667,0.0525829826666667,Cement,115
5045,-2.63764,-44,2018,NOX,EPA,0.045561628,0.045561628,0.045561628,Cement,115
5046,-2.63764,-44,2019,NOX,EPA,0.041842164,0.041842164,0.041842164,Cement,115
5047,-2.63764,-44,2020,NOX,EPA,0.041414884,0.041414884,0.041414884,Cement,115
5048,-2.63764,-44,2021,NOX,EPA,0.0415366,0.0415366,0.0415366,Cement,115
5049,-2.63764,-44,2022,NOX,EPA,0.0214806013333333,0.0214806013333333,0.0214806013333333,Cement,115
5050,-2.63764,-44,2014,CO,EPA,0.0059342152,0.0059342152,0.0059342152,Cement,115
5051,-2.63764,-44,2015,CO,EPA,0.0061509472,0.0061509472,0.0061509472,Cement,115
5052,-2.63764,-44,2016,CO,EPA,0.0057974432,0.0057974432,0.0057974432,Cement,115
5053,-2.63764,-44,2017,CO,EPA,0.0045071128,0.0045071128,0.0045071128,Cement,115
5054,-2.63764,-44,2018,CO,EPA,0.0039052824,0.0039052824,0.0039052824,Cement,115
5055,-2.63764,-44,2019,CO,EPA,0.0035864712,0.0035864712,0.0035864712,Cement,115
5056,-2.63764,-44,2020,CO,EPA,0.0035498472,0.0035498472,0.0035498472,Cement,115
5057,-2.63764,-44,2021,CO,EPA,0.00356028,0.00356028,0.00356028,Cement,115
5058,-2.63764,-44,2022,CO,EPA,0.0018411944,0.0018411944,0.0018411944,Cement,115
5059,-2.63764,-44,2014,NMVOCs,EPA,0.00972551935555556,0.00972551935555556,0.00972551935555556,Cement,115
5060,-2.63764,-44,2015,NMVOCs,EPA,0.0100807190222222,0.0100807190222222,0.0100807190222222,Cement,115
5061,-2.63764,-44,2016,NMVOCs,EPA,0.00950136524444445,0.00950136524444445,0.00950136524444445,Cement,115
5062,-2.63764,-44,2017,NMVOCs,EPA,0.00738665708888889,0.00738665708888889,0.00738665708888889,Cement,115
5063,-2.63764,-44,2018,NMVOCs,EPA,0.00640032393333333,0.00640032393333333,0.00640032393333333,Cement,115
5064,-2.63764,-44,2019,NMVOCs,EPA,0.0058778278,0.0058778278,0.0058778278,Cement,115
5065,-2.63764,-44,2020,NMVOCs,EPA,0.00581780513333333,0.00581780513333333,0.00581780513333333,Cement,115
5066,-2.63764,-44,2021,NMVOCs,EPA,0.00583490333333333,0.00583490333333333,0.00583490333333333,Cement,115
5067,-2.63764,-44,2022,NMVOCs,EPA,0.00301751304444444,0.00301751304444444,0.00301751304444444,Cement,115
5068,-2.63764,-44,2014,SOX,EPA,0.0267039684,0.0267039684,0.0267039684,Cement,115
5069,-2.63764,-44,2015,SOX,EPA,0.0276792624,0.0276792624,0.0276792624,Cement,115
5070,-2.63764,-44,2016,SOX,EPA,0.0260884944,0.0260884944,0.0260884944,Cement,115
5071,-2.63764,-44,2017,SOX,EPA,0.0202820076,0.0202820076,0.0202820076,Cement,115
5072,-2.63764,-44,2018,SOX,EPA,0.0175737708,0.0175737708,0.0175737708,Cement,115
5073,-2.63764,-44,2019,SOX,EPA,0.0161391204,0.0161391204,0.0161391204,Cement,115
5074,-2.63764,-44,2020,SOX,EPA,0.0159743124,0.0159743124,0.0159743124,Cement,115
5075,-2.63764,-44,2021,SOX,EPA,0.01602126,0.01602126,0.01602126,Cement,115
5076,-2.63764,-44,2022,SOX,EPA,0.0082853748,0.0082853748,0.0082853748,Cement,115
5077,-15.586358,-48,2014,TSP,EPA,0.065703394775,0.065703394775,0.065703394775,Cement,115
5078,-15.586358,-48,2015,TSP,EPA,0.060241322635,0.060241322635,0.060241322635,Cement,115
5079,-15.586358,-48,2016,TSP,EPA,0.04355815661,0.04355815661,0.04355815661,Cement,115
5080,-15.586358,-48,2017,TSP,EPA,0.0387995739875,0.0387995739875,0.0387995739875,Cement,115
5081,-15.586358,-48,2018,TSP,EPA,0.03742962851,0.03742962851,0.03742962851,Cement,115
5082,-15.586358,-48,2019,TSP,EPA,0.036289539855,0.036289539855,0.036289539855,Cement,115
5083,-15.586358,-48,2020,TSP,EPA,0.0423481321325,0.0423481321325,0.0423481321325,Cement,115
5084,-15.586358,-48,2021,TSP,EPA,0.04561509605,0.04561509605,0.04561509605,Cement,115
5085,-15.586358,-48,2022,TSP,EPA,0.0256370391625,0.0256370391625,0.0256370391625,Cement,115
5086,-15.586358,-48,2014,PM10,EPA,0.018636114,0.018636114,0.018636114,Cement,115
5087,-15.586358,-48,2015,PM10,EPA,0.0170868516,0.0170868516,0.0170868516,Cement,115
5088,-15.586358,-48,2016,PM10,EPA,0.0123548376,0.0123548376,0.0123548376,Cement,115
5089,-15.586358,-48,2017,PM10,EPA,0.011005113,0.011005113,0.011005113,Cement,115
5090,-15.586358,-48,2018,PM10,EPA,0.0106165416,0.0106165416,0.0106165416,Cement,115
5091,-15.586358,-48,2019,PM10,EPA,0.0102931668,0.0102931668,0.0102931668,Cement,115
5092,-15.586358,-48,2020,PM10,EPA,0.0120116262,0.0120116262,0.0120116262,Cement,115
5093,-15.586358,-48,2021,PM10,EPA,0.012938268,0.012938268,0.012938268,Cement,115
5094,-15.586358,-48,2022,PM10,EPA,0.007271691,0.007271691,0.007271691,Cement,115
5095,-15.586358,-48,2014,NOX,EPA,0.9318057,0.9318057,0.9318057,Cement,115
5096,-15.586358,-48,2015,NOX,EPA,0.85434258,0.85434258,0.85434258,Cement,115
5097,-15.586358,-48,2016,NOX,EPA,0.61774188,0.61774188,0.61774188,Cement,115
5098,-15.586358,-48,2017,NOX,EPA,0.55025565,0.55025565,0.55025565,Cement,115
5099,-15.586358,-48,2018,NOX,EPA,0.53082708,0.53082708,0.53082708,Cement,115
5100,-15.586358,-48,2019,NOX,EPA,0.51465834,0.51465834,0.51465834,Cement,115
5101,-15.586358,-48,2020,NOX,EPA,0.60058131,0.60058131,0.60058131,Cement,115
5102,-15.586358,-48,2021,NOX,EPA,0.6469134,0.6469134,0.6469134,Cement,115
5103,-15.586358,-48,2022,NOX,EPA,0.36358455,0.36358455,0.36358455,Cement,115
5104,-15.586358,-48,2014,CO,EPA,0.07986906,0.07986906,0.07986906,Cement,115
5105,-15.586358,-48,2015,CO,EPA,0.073229364,0.073229364,0.073229364,Cement,115
5106,-15.586358,-48,2016,CO,EPA,0.052949304,0.052949304,0.052949304,Cement,115
5107,-15.586358,-48,2017,CO,EPA,0.04716477,0.04716477,0.04716477,Cement,115
5108,-15.586358,-48,2018,CO,EPA,0.045499464,0.045499464,0.045499464,Cement,115
5109,-15.586358,-48,2019,CO,EPA,0.044113572,0.044113572,0.044113572,Cement,115
5110,-15.586358,-48,2020,CO,EPA,0.051478398,0.051478398,0.051478398,Cement,115
5111,-15.586358,-48,2021,CO,EPA,0.05544972,0.05544972,0.05544972,Cement,115
5112,-15.586358,-48,2022,CO,EPA,0.03116439,0.03116439,0.03116439,Cement,115
5113,-15.586358,-48,2014,NMVOCs,EPA,0.130896515,0.130896515,0.130896515,Cement,115
5114,-15.586358,-48,2015,NMVOCs,EPA,0.120014791,0.120014791,0.120014791,Cement,115
5115,-15.586358,-48,2016,NMVOCs,EPA,0.086778026,0.086778026,0.086778026,Cement,115
5116,-15.586358,-48,2017,NMVOCs,EPA,0.0772978175,0.0772978175,0.0772978175,Cement,115
5117,-15.586358,-48,2018,NMVOCs,EPA,0.074568566,0.074568566,0.074568566,Cement,115
5118,-15.586358,-48,2019,NMVOCs,EPA,0.072297243,0.072297243,0.072297243,Cement,115
5119,-15.586358,-48,2020,NMVOCs,EPA,0.0843673745,0.0843673745,0.0843673745,Cement,115
5120,-15.586358,-48,2021,NMVOCs,EPA,0.09087593,0.09087593,0.09087593,Cement,115
5121,-15.586358,-48,2022,NMVOCs,EPA,0.0510749725,0.0510749725,0.0510749725,Cement,115
5122,-15.586358,-48,2014,SOX,EPA,0.35941077,0.35941077,0.35941077,Cement,115
5123,-15.586358,-48,2015,SOX,EPA,0.329532138,0.329532138,0.329532138,Cement,115
5124,-15.586358,-48,2016,SOX,EPA,0.238271868,0.238271868,0.238271868,Cement,115
5125,-15.586358,-48,2017,SOX,EPA,0.212241465,0.212241465,0.212241465,Cement,115
5126,-15.586358,-48,2018,SOX,EPA,0.204747588,0.204747588,0.204747588,Cement,115
5127,-15.586358,-48,2019,SOX,EPA,0.198511074,0.198511074,0.198511074,Cement,115
5128,-15.586358,-48,2020,SOX,EPA,0.231652791,0.231652791,0.231652791,Cement,115
5129,-15.586358,-48,2021,SOX,EPA,0.24952374,0.24952374,0.24952374,Cement,115
5130,-15.586358,-48,2022,SOX,EPA,0.140239755,0.140239755,0.140239755,Cement,115
5131,-3.690606,-40,2014,TSP,EPA,0.0162786402615556,0.0162786402615556,0.0162786402615556,Cement,115
5132,-3.690606,-40,2015,TSP,EPA,0.0171158069532222,0.0171158069532222,0.0171158069532222,Cement,115
5133,-3.690606,-40,2016,TSP,EPA,0.0162667995264444,0.0162667995264444,0.0162667995264444,Cement,115
5134,-3.690606,-40,2017,TSP,EPA,0.0155162395988889,0.0155162395988889,0.0155162395988889,Cement,115
5135,-3.690606,-40,2018,TSP,EPA,0.0144812275963333,0.0144812275963333,0.0144812275963333,Cement,115
5136,-3.690606,-40,2019,TSP,EPA,0.014462668863,0.014462668863,0.014462668863,Cement,115
5137,-3.690606,-40,2020,TSP,EPA,0.0156361415203333,0.0156361415203333,0.0156361415203333,Cement,115
5138,-3.690606,-40,2021,TSP,EPA,0.0183637777883333,0.0183637777883333,0.0183637777883333,Cement,115
5139,-3.690606,-40,2022,TSP,EPA,0.00976274730344444,0.00976274730344444,0.00976274730344444,Cement,115
5140,-3.690606,-40,2014,PM10,EPA,0.00461727429333333,0.00461727429333333,0.00461727429333333,Cement,115
5141,-3.690606,-40,2015,PM10,EPA,0.00485472829333333,0.00485472829333333,0.00485472829333333,Cement,115
5142,-3.690606,-40,2016,PM10,EPA,0.00461391578666667,0.00461391578666667,0.00461391578666667,Cement,115
5143,-3.690606,-40,2017,PM10,EPA,0.00440102693333333,0.00440102693333333,0.00440102693333333,Cement,115
5144,-3.690606,-40,2018,PM10,EPA,0.00410745608,0.00410745608,0.00410745608,Cement,115
5145,-3.690606,-40,2019,PM10,EPA,0.00410219208,0.00410219208,0.00410219208,Cement,115
5146,-3.690606,-40,2020,PM10,EPA,0.00443503592,0.00443503592,0.00443503592,Cement,115
5147,-3.690606,-40,2021,PM10,EPA,0.0052087028,0.0052087028,0.0052087028,Cement,115
5148,-3.690606,-40,2022,PM10,EPA,0.00276910610666667,0.00276910610666667,0.00276910610666667,Cement,115
5149,-3.690606,-40,2014,NOX,EPA,0.230863714666667,0.230863714666667,0.230863714666667,Cement,115
5150,-3.690606,-40,2015,NOX,EPA,0.242736414666667,0.242736414666667,0.242736414666667,Cement,115
5151,-3.690606,-40,2016,NOX,EPA,0.230695789333333,0.230695789333333,0.230695789333333,Cement,115
5152,-3.690606,-40,2017,NOX,EPA,0.220051346666667,0.220051346666667,0.220051346666667,Cement,115
5153,-3.690606,-40,2018,NOX,EPA,0.205372804,0.205372804,0.205372804,Cement,115
5154,-3.690606,-40,2019,NOX,EPA,0.205109604,0.205109604,0.205109604,Cement,115
5155,-3.690606,-40,2020,NOX,EPA,0.221751796,0.221751796,0.221751796,Cement,115
5156,-3.690606,-40,2021,NOX,EPA,0.26043514,0.26043514,0.26043514,Cement,115
5157,-3.690606,-40,2022,NOX,EPA,0.138455305333333,0.138455305333333,0.138455305333333,Cement,115
5158,-3.690606,-40,2014,CO,EPA,0.0197883184,0.0197883184,0.0197883184,Cement,115
5159,-3.690606,-40,2015,CO,EPA,0.0208059784,0.0208059784,0.0208059784,Cement,115
5160,-3.690606,-40,2016,CO,EPA,0.0197739248,0.0197739248,0.0197739248,Cement,115
5161,-3.690606,-40,2017,CO,EPA,0.018861544,0.018861544,0.018861544,Cement,115
5162,-3.690606,-40,2018,CO,EPA,0.0176033832,0.0176033832,0.0176033832,Cement,115
5163,-3.690606,-40,2019,CO,EPA,0.0175808232,0.0175808232,0.0175808232,Cement,115
5164,-3.690606,-40,2020,CO,EPA,0.0190072968,0.0190072968,0.0190072968,Cement,115
5165,-3.690606,-40,2021,CO,EPA,0.022323012,0.022323012,0.022323012,Cement,115
5166,-3.690606,-40,2022,CO,EPA,0.0118675976,0.0118675976,0.0118675976,Cement,115
5167,-3.690606,-40,2014,NMVOCs,EPA,0.0324308551555555,0.0324308551555555,0.0324308551555555,Cement,115
5168,-3.690606,-40,2015,NMVOCs,EPA,0.0340986868222222,0.0340986868222222,0.0340986868222222,Cement,115
5169,-3.690606,-40,2016,NMVOCs,EPA,0.0324072656444444,0.0324072656444444,0.0324072656444444,Cement,115
5170,-3.690606,-40,2017,NMVOCs,EPA,0.0309119748888889,0.0309119748888889,0.0309119748888889,Cement,115
5171,-3.690606,-40,2018,NMVOCs,EPA,0.0288499891333333,0.0288499891333333,0.0288499891333333,Cement,115
5172,-3.690606,-40,2019,NMVOCs,EPA,0.0288130158,0.0288130158,0.0288130158,Cement,115
5173,-3.690606,-40,2020,NMVOCs,EPA,0.0311508475333333,0.0311508475333333,0.0311508475333333,Cement,115
5174,-3.690606,-40,2021,NMVOCs,EPA,0.0365849363333333,0.0365849363333333,0.0365849363333333,Cement,115
5175,-3.690606,-40,2022,NMVOCs,EPA,0.0194496738444444,0.0194496738444444,0.0194496738444444,Cement,115
5176,-3.690606,-40,2014,SOX,EPA,0.0890474328,0.0890474328,0.0890474328,Cement,115
5177,-3.690606,-40,2015,SOX,EPA,0.0936269028,0.0936269028,0.0936269028,Cement,115
5178,-3.690606,-40,2016,SOX,EPA,0.0889826616,0.0889826616,0.0889826616,Cement,115
5179,-3.690606,-40,2017,SOX,EPA,0.084876948,0.084876948,0.084876948,Cement,115
5180,-3.690606,-40,2018,SOX,EPA,0.0792152244,0.0792152244,0.0792152244,Cement,115
5181,-3.690606,-40,2019,SOX,EPA,0.0791137044,0.0791137044,0.0791137044,Cement,115
5182,-3.690606,-40,2020,SOX,EPA,0.0855328356,0.0855328356,0.0855328356,Cement,115
5183,-3.690606,-40,2021,SOX,EPA,0.100453554,0.100453554,0.100453554,Cement,115
5184,-3.690606,-40,2022,SOX,EPA,0.0534041892,0.0534041892,0.0534041892,Cement,115
5185,-27.3566,-49,2014,TSP,EPA,0.0134856976536667,0.0134856976536667,0.0134856976536667,Cement,115
5186,-27.3566,-49,2015,TSP,EPA,0.0111835736543333,0.0111835736543333,0.0111835736543333,Cement,115
5187,-27.3566,-49,2016,TSP,EPA,0.00872791167466667,0.00872791167466667,0.00872791167466667,Cement,115
5188,-27.3566,-49,2017,TSP,EPA,0.008516107169,0.008516107169,0.008516107169,Cement,115
5189,-27.3566,-49,2018,TSP,EPA,0.00850021970866667,0.00850021970866667,0.00850021970866667,Cement,115
5190,-27.3566,-49,2019,TSP,EPA,0.00902819198,0.00902819198,0.00902819198,Cement,115
5191,-27.3566,-49,2020,TSP,EPA,0.0101669933696667,0.0101669933696667,0.0101669933696667,Cement,115
5192,-27.3566,-49,2021,TSP,EPA,0.011871030598,0.011871030598,0.011871030598,Cement,115
5193,-27.3566,-49,2022,TSP,EPA,0.006943147905,0.006943147905,0.006943147905,Cement,115
5194,-27.3566,-49,2014,PM10,EPA,0.00382508392,0.00382508392,0.00382508392,Cement,115
5195,-27.3566,-49,2015,PM10,EPA,0.00317210936,0.00317210936,0.00317210936,Cement,115
5196,-27.3566,-49,2016,PM10,EPA,0.00247558528,0.00247558528,0.00247558528,Cement,115
5197,-27.3566,-49,2017,PM10,EPA,0.00241550904,0.00241550904,0.00241550904,Cement,115
5198,-27.3566,-49,2018,PM10,EPA,0.00241100272,0.00241100272,0.00241100272,Cement,115
5199,-27.3566,-49,2019,PM10,EPA,0.0025607568,0.0025607568,0.0025607568,Cement,115
5200,-27.3566,-49,2020,PM10,EPA,0.00288376648,0.00288376648,0.00288376648,Cement,115
5201,-27.3566,-49,2021,PM10,EPA,0.00336709968,0.00336709968,0.00336709968,Cement,115
5202,-27.3566,-49,2022,PM10,EPA,0.0019693548,0.0019693548,0.0019693548,Cement,115
5203,-27.3566,-49,2014,NOX,EPA,0.191254196,0.191254196,0.191254196,Cement,115
5204,-27.3566,-49,2015,NOX,EPA,0.158605468,0.158605468,0.158605468,Cement,115
5205,-27.3566,-49,2016,NOX,EPA,0.123779264,0.123779264,0.123779264,Cement,115
5206,-27.3566,-49,2017,NOX,EPA,0.120775452,0.120775452,0.120775452,Cement,115
5207,-27.3566,-49,2018,NOX,EPA,0.120550136,0.120550136,0.120550136,Cement,115
5208,-27.3566,-49,2019,NOX,EPA,0.12803784,0.12803784,0.12803784,Cement,115
5209,-27.3566,-49,2020,NOX,EPA,0.144188324,0.144188324,0.144188324,Cement,115
5210,-27.3566,-49,2021,NOX,EPA,0.168354984,0.168354984,0.168354984,Cement,115
5211,-27.3566,-49,2022,NOX,EPA,0.09846774,0.09846774,0.09846774,Cement,115
5212,-27.3566,-49,2014,CO,EPA,0.0163932168,0.0163932168,0.0163932168,Cement,115
5213,-27.3566,-49,2015,CO,EPA,0.0135947544,0.0135947544,0.0135947544,Cement,115
5214,-27.3566,-49,2016,CO,EPA,0.0106096512,0.0106096512,0.0106096512,Cement,115
5215,-27.3566,-49,2017,CO,EPA,0.0103521816,0.0103521816,0.0103521816,Cement,115
5216,-27.3566,-49,2018,CO,EPA,0.0103328688,0.0103328688,0.0103328688,Cement,115
5217,-27.3566,-49,2019,CO,EPA,0.010974672,0.010974672,0.010974672,Cement,115
5218,-27.3566,-49,2020,CO,EPA,0.0123589992,0.0123589992,0.0123589992,Cement,115
5219,-27.3566,-49,2021,CO,EPA,0.0144304272,0.0144304272,0.0144304272,Cement,115
5220,-27.3566,-49,2022,CO,EPA,0.008440092,0.008440092,0.008440092,Cement,115
5221,-27.3566,-49,2014,NMVOCs,EPA,0.0268666608666667,0.0268666608666667,0.0268666608666667,Cement,115
5222,-27.3566,-49,2015,NMVOCs,EPA,0.0222802919333333,0.0222802919333333,0.0222802919333333,Cement,115
5223,-27.3566,-49,2016,NMVOCs,EPA,0.0173880394666667,0.0173880394666667,0.0173880394666667,Cement,115
5224,-27.3566,-49,2017,NMVOCs,EPA,0.0169660754,0.0169660754,0.0169660754,Cement,115
5225,-27.3566,-49,2018,NMVOCs,EPA,0.0169344238666667,0.0169344238666667,0.0169344238666667,Cement,115
5226,-27.3566,-49,2019,NMVOCs,EPA,0.017986268,0.017986268,0.017986268,Cement,115
5227,-27.3566,-49,2020,NMVOCs,EPA,0.0202550264666667,0.0202550264666667,0.0202550264666667,Cement,115
5228,-27.3566,-49,2021,NMVOCs,EPA,0.0236498668,0.0236498668,0.0236498668,Cement,115
5229,-27.3566,-49,2022,NMVOCs,EPA,0.013832373,0.013832373,0.013832373,Cement,115
5230,-27.3566,-49,2014,SOX,EPA,0.0737694756,0.0737694756,0.0737694756,Cement,115
5231,-27.3566,-49,2015,SOX,EPA,0.0611763948,0.0611763948,0.0611763948,Cement,115
5232,-27.3566,-49,2016,SOX,EPA,0.0477434304,0.0477434304,0.0477434304,Cement,115
5233,-27.3566,-49,2017,SOX,EPA,0.0465848172,0.0465848172,0.0465848172,Cement,115
5234,-27.3566,-49,2018,SOX,EPA,0.0464979096,0.0464979096,0.0464979096,Cement,115
5235,-27.3566,-49,2019,SOX,EPA,0.049386024,0.049386024,0.049386024,Cement,115
5236,-27.3566,-49,2020,SOX,EPA,0.0556154964,0.0556154964,0.0556154964,Cement,115
5237,-27.3566,-49,2021,SOX,EPA,0.0649369224,0.0649369224,0.0649369224,Cement,115
5238,-27.3566,-49,2022,SOX,EPA,0.037980414,0.037980414,0.037980414,Cement,115
5239,-23.591484,-47,2014,TSP,EPA,0.0241225848245833,0.0241225848245833,0.0241225848245833,Cement,115
5240,-23.591484,-47,2015,TSP,EPA,0.021401013215,0.021401013215,0.021401013215,Cement,115
5241,-23.591484,-47,2016,TSP,EPA,0.0175078105075,0.0175078105075,0.0175078105075,Cement,115
5242,-23.591484,-47,2017,TSP,EPA,0.0160270950583333,0.0160270950583333,0.0160270950583333,Cement,115
5243,-23.591484,-47,2018,TSP,EPA,0.0155239436120833,0.0155239436120833,0.0155239436120833,Cement,115
5244,-23.591484,-47,2019,TSP,EPA,0.0151956761445833,0.0151956761445833,0.0151956761445833,Cement,115
5245,-23.591484,-47,2020,TSP,EPA,0.0173426131016667,0.0173426131016667,0.0173426131016667,Cement,115
5246,-23.591484,-47,2021,TSP,EPA,0.01930857279375,0.01930857279375,0.01930857279375,Cement,115
5247,-23.591484,-47,2022,TSP,EPA,0.0105665332833333,0.0105665332833333,0.0105665332833333,Cement,115
5248,-23.591484,-47,2014,PM10,EPA,0.0068421311,0.0068421311,0.0068421311,Cement,115
5249,-23.591484,-47,2015,PM10,EPA,0.0060701844,0.0060701844,0.0060701844,Cement,115
5250,-23.591484,-47,2016,PM10,EPA,0.0049659162,0.0049659162,0.0049659162,Cement,115
5251,-23.591484,-47,2017,PM10,EPA,0.004545926,0.004545926,0.004545926,Cement,115
5252,-23.591484,-47,2018,PM10,EPA,0.0044032121,0.0044032121,0.0044032121,Cement,115
5253,-23.591484,-47,2019,PM10,EPA,0.0043101023,0.0043101023,0.0043101023,Cement,115
5254,-23.591484,-47,2020,PM10,EPA,0.0049190596,0.0049190596,0.0049190596,Cement,115
5255,-23.591484,-47,2021,PM10,EPA,0.0054766845,0.0054766845,0.0054766845,Cement,115
5256,-23.591484,-47,2022,PM10,EPA,0.002997092,0.002997092,0.002997092,Cement,115
5257,-23.591484,-47,2014,NOX,EPA,0.342106555,0.342106555,0.342106555,Cement,115
5258,-23.591484,-47,2015,NOX,EPA,0.30350922,0.30350922,0.30350922,Cement,115
5259,-23.591484,-47,2016,NOX,EPA,0.24829581,0.24829581,0.24829581,Cement,115
5260,-23.591484,-47,2017,NOX,EPA,0.2272963,0.2272963,0.2272963,Cement,115
5261,-23.591484,-47,2018,NOX,EPA,0.220160605,0.220160605,0.220160605,Cement,115
5262,-23.591484,-47,2019,NOX,EPA,0.215505115,0.215505115,0.215505115,Cement,115
5263,-23.591484,-47,2020,NOX,EPA,0.24595298,0.24595298,0.24595298,Cement,115
5264,-23.591484,-47,2021,NOX,EPA,0.273834225,0.273834225,0.273834225,Cement,115
5265,-23.591484,-47,2022,NOX,EPA,0.1498546,0.1498546,0.1498546,Cement,115
5266,-23.591484,-47,2014,CO,EPA,0.029323419,0.029323419,0.029323419,Cement,115
5267,-23.591484,-47,2015,CO,EPA,0.026015076,0.026015076,0.026015076,Cement,115
5268,-23.591484,-47,2016,CO,EPA,0.021282498,0.021282498,0.021282498,Cement,115
5269,-23.591484,-47,2017,CO,EPA,0.01948254,0.01948254,0.01948254,Cement,115
5270,-23.591484,-47,2018,CO,EPA,0.018870909,0.018870909,0.018870909,Cement,115
5271,-23.591484,-47,2019,CO,EPA,0.018471867,0.018471867,0.018471867,Cement,115
5272,-23.591484,-47,2020,CO,EPA,0.021081684,0.021081684,0.021081684,Cement,115
5273,-23.591484,-47,2021,CO,EPA,0.023471505,0.023471505,0.023471505,Cement,115
5274,-23.591484,-47,2022,CO,EPA,0.01284468,0.01284468,0.01284468,Cement,115
5275,-23.591484,-47,2014,NMVOCs,EPA,0.0480578255833333,0.0480578255833333,0.0480578255833333,Cement,115
5276,-23.591484,-47,2015,NMVOCs,EPA,0.042635819,0.042635819,0.042635819,Cement,115
5277,-23.591484,-47,2016,NMVOCs,EPA,0.0348796495,0.0348796495,0.0348796495,Cement,115
5278,-23.591484,-47,2017,NMVOCs,EPA,0.0319297183333333,0.0319297183333333,0.0319297183333333,Cement,115
5279,-23.591484,-47,2018,NMVOCs,EPA,0.0309273230833333,0.0309273230833333,0.0309273230833333,Cement,115
5280,-23.591484,-47,2019,NMVOCs,EPA,0.0302733375833333,0.0302733375833333,0.0302733375833333,Cement,115
5281,-23.591484,-47,2020,NMVOCs,EPA,0.0345505376666667,0.0345505376666667,0.0345505376666667,Cement,115
5282,-23.591484,-47,2021,NMVOCs,EPA,0.03846718875,0.03846718875,0.03846718875,Cement,115
5283,-23.591484,-47,2022,NMVOCs,EPA,0.0210510033333333,0.0210510033333333,0.0210510033333333,Cement,115
5284,-23.591484,-47,2014,SOX,EPA,0.1319553855,0.1319553855,0.1319553855,Cement,115
5285,-23.591484,-47,2015,SOX,EPA,0.117067842,0.117067842,0.117067842,Cement,115
5286,-23.591484,-47,2016,SOX,EPA,0.095771241,0.095771241,0.095771241,Cement,115
5287,-23.591484,-47,2017,SOX,EPA,0.08767143,0.08767143,0.08767143,Cement,115
5288,-23.591484,-47,2018,SOX,EPA,0.0849190905,0.0849190905,0.0849190905,Cement,115
5289,-23.591484,-47,2019,SOX,EPA,0.0831234015,0.0831234015,0.0831234015,Cement,115
5290,-23.591484,-47,2020,SOX,EPA,0.094867578,0.094867578,0.094867578,Cement,115
5291,-23.591484,-47,2021,SOX,EPA,0.1056217725,0.1056217725,0.1056217725,Cement,115
5292,-23.591484,-47,2022,SOX,EPA,0.05780106,0.05780106,0.05780106,Cement,115
5293,-6.429763,-48,2014,TSP,EPA,0.01868404427,0.01868404427,0.01868404427,Cement,115
5294,-6.429763,-48,2015,TSP,EPA,0.024455089705,0.024455089705,0.024455089705,Cement,115
5295,-6.429763,-48,2016,TSP,EPA,0.02087626503,0.02087626503,0.02087626503,Cement,115
5296,-6.429763,-48,2017,TSP,EPA,0.015961566935,0.015961566935,0.015961566935,Cement,115
5297,-6.429763,-48,2018,TSP,EPA,0.0217571758971428,0.0217571758971428,0.0217571758971428,Cement,115
5298,-6.429763,-48,2019,TSP,EPA,0.0179827229935714,0.0179827229935714,0.0179827229935714,Cement,115
5299,-6.429763,-48,2020,TSP,EPA,0.02197699535,0.02197699535,0.02197699535,Cement,115
5300,-6.429763,-48,2021,TSP,EPA,0.026248337185,0.026248337185,0.026248337185,Cement,115
5301,-6.429763,-48,2022,TSP,EPA,0.0130345261028571,0.0130345261028571,0.0130345261028571,Cement,115
5302,-6.429763,-48,2014,PM10,EPA,0.0052995432,0.0052995432,0.0052995432,Cement,115
5303,-6.429763,-48,2015,PM10,EPA,0.0069364428,0.0069364428,0.0069364428,Cement,115
5304,-6.429763,-48,2016,PM10,EPA,0.0059213448,0.0059213448,0.0059213448,Cement,115
5305,-6.429763,-48,2017,PM10,EPA,0.0045273396,0.0045273396,0.0045273396,Cement,115
5306,-6.429763,-48,2018,PM10,EPA,0.0061712064,0.0061712064,0.0061712064,Cement,115
5307,-6.429763,-48,2019,PM10,EPA,0.0051006204,0.0051006204,0.0051006204,Cement,115
5308,-6.429763,-48,2020,PM10,EPA,0.006233556,0.006233556,0.006233556,Cement,115
5309,-6.429763,-48,2021,PM10,EPA,0.0074450796,0.0074450796,0.0074450796,Cement,115
5310,-6.429763,-48,2022,PM10,EPA,0.0036971136,0.0036971136,0.0036971136,Cement,115
5311,-6.429763,-48,2014,NOX,EPA,0.26497716,0.26497716,0.26497716,Cement,115
5312,-6.429763,-48,2015,NOX,EPA,0.34682214,0.34682214,0.34682214,Cement,115
5313,-6.429763,-48,2016,NOX,EPA,0.29606724,0.29606724,0.29606724,Cement,115
5314,-6.429763,-48,2017,NOX,EPA,0.22636698,0.22636698,0.22636698,Cement,115
5315,-6.429763,-48,2018,NOX,EPA,0.30856032,0.30856032,0.30856032,Cement,115
5316,-6.429763,-48,2019,NOX,EPA,0.25503102,0.25503102,0.25503102,Cement,115
5317,-6.429763,-48,2020,NOX,EPA,0.3116778,0.3116778,0.3116778,Cement,115
5318,-6.429763,-48,2021,NOX,EPA,0.37225398,0.37225398,0.37225398,Cement,115
5319,-6.429763,-48,2022,NOX,EPA,0.18485568,0.18485568,0.18485568,Cement,115
5320,-6.429763,-48,2014,CO,EPA,0.022712328,0.022712328,0.022712328,Cement,115
5321,-6.429763,-48,2015,CO,EPA,0.029727612,0.029727612,0.029727612,Cement,115
5322,-6.429763,-48,2016,CO,EPA,0.025377192,0.025377192,0.025377192,Cement,115
5323,-6.429763,-48,2017,CO,EPA,0.019402884,0.019402884,0.019402884,Cement,115
5324,-6.429763,-48,2018,CO,EPA,0.0264480274285714,0.0264480274285714,0.0264480274285714,Cement,115
5325,-6.429763,-48,2019,CO,EPA,0.0218598017142857,0.0218598017142857,0.0218598017142857,Cement,115
5326,-6.429763,-48,2020,CO,EPA,0.02671524,0.02671524,0.02671524,Cement,115
5327,-6.429763,-48,2021,CO,EPA,0.031907484,0.031907484,0.031907484,Cement,115
5328,-6.429763,-48,2022,CO,EPA,0.0158447725714286,0.0158447725714286,0.0158447725714286,Cement,115
5329,-6.429763,-48,2014,NMVOCs,EPA,0.037222982,0.037222982,0.037222982,Cement,115
5330,-6.429763,-48,2015,NMVOCs,EPA,0.048720253,0.048720253,0.048720253,Cement,115
5331,-6.429763,-48,2016,NMVOCs,EPA,0.041590398,0.041590398,0.041590398,Cement,115
5332,-6.429763,-48,2017,NMVOCs,EPA,0.031799171,0.031799171,0.031799171,Cement,115
5333,-6.429763,-48,2018,NMVOCs,EPA,0.0433453782857143,0.0433453782857143,0.0433453782857143,Cement,115
5334,-6.429763,-48,2019,NMVOCs,EPA,0.0358257861428571,0.0358257861428571,0.0358257861428571,Cement,115
5335,-6.429763,-48,2020,NMVOCs,EPA,0.04378331,0.04378331,0.04378331,Cement,115
5336,-6.429763,-48,2021,NMVOCs,EPA,0.052292821,0.052292821,0.052292821,Cement,115
5337,-6.429763,-48,2022,NMVOCs,EPA,0.0259678217142857,0.0259678217142857,0.0259678217142857,Cement,115
5338,-6.429763,-48,2014,SOX,EPA,0.102205476,0.102205476,0.102205476,Cement,115
5339,-6.429763,-48,2015,SOX,EPA,0.133774254,0.133774254,0.133774254,Cement,115
5340,-6.429763,-48,2016,SOX,EPA,0.114197364,0.114197364,0.114197364,Cement,115
5341,-6.429763,-48,2017,SOX,EPA,0.087312978,0.087312978,0.087312978,Cement,115
5342,-6.429763,-48,2018,SOX,EPA,0.119016123428571,0.119016123428571,0.119016123428571,Cement,115
5343,-6.429763,-48,2019,SOX,EPA,0.0983691077142857,0.0983691077142857,0.0983691077142857,Cement,115
5344,-6.429763,-48,2020,SOX,EPA,0.12021858,0.12021858,0.12021858,Cement,115
5345,-6.429763,-48,2021,SOX,EPA,0.143583678,0.143583678,0.143583678,Cement,115
5346,-6.429763,-48,2022,SOX,EPA,0.0713014765714286,0.0713014765714286,0.0713014765714286,Cement,115
