ID,latitude,longitude,year,pollutant,agency,E_original_Gg,E_lower_Gg,E_upper_Gg,industry,height
1,-12.62,-38.09,1990,NMVOCs,EPA,0,0,0,Refineries,75
2,-12.62,-38.09,1991,NMVOCs,EPA,0,0,0,Refineries,75
3,-12.62,-38.09,1992,NMVOCs,EPA,0,0,0,Refineries,75
4,-12.62,-38.09,1993,NMVOCs,EPA,0,0,0,Refineries,75
5,-12.62,-38.09,1994,NMVOCs,EPA,0,0,0,Refineries,75
6,-12.62,-38.09,1995,NMVOCs,EPA,0.000116512396,0.000116512396,0.000116512396,Refineries,75
7,-12.62,-38.09,1996,NMVOCs,EPA,0,0,0,Refineries,75
8,-12.62,-38.09,1997,NMVOCs,EPA,0,0,0,Refineries,75
9,-12.62,-38.09,1998,NMVOCs,EPA,0,0,0,Refineries,75
10,-12.62,-38.09,1999,NMVOCs,EPA,0,0,0,Refineries,75
11,-12.62,-38.09,2000,NMVOCs,EPA,0,0,0,Refineries,75
12,-12.62,-38.09,2001,NMVOCs,EPA,0,0,0,Refineries,75
13,-12.62,-38.09,2002,NMVOCs,EPA,0,0,0,Refineries,75
14,-12.62,-38.09,2003,NMVOCs,EPA,0,0,0,Refineries,75
15,-12.62,-38.09,2004,NMVOCs,EPA,0,0,0,Refineries,75
16,-12.62,-38.09,2005,NMVOCs,EPA,0,0,0,Refineries,75
17,-12.62,-38.09,2006,NMVOCs,EPA,0,0,0,Refineries,75
18,-12.62,-38.09,2007,NMVOCs,EPA,0,0,0,Refineries,75
19,-12.62,-38.09,2008,NMVOCs,EPA,0,0,0,Refineries,75
20,-12.62,-38.09,2009,NMVOCs,EPA,1.354948e-06,1.354948e-06,1.354948e-06,Refineries,75
21,-12.62,-38.09,2010,NMVOCs,EPA,5.280828e-06,5.280828e-06,5.280828e-06,Refineries,75
22,-12.62,-38.09,2011,NMVOCs,EPA,1.2173364e-05,1.2173364e-05,1.2173364e-05,Refineries,75
23,-12.62,-38.09,2012,NMVOCs,EPA,1.7917928e-05,1.7917928e-05,1.7917928e-05,Refineries,75
24,-12.62,-38.09,2013,NMVOCs,EPA,1.402184e-05,1.402184e-05,1.402184e-05,Refineries,75
25,-12.62,-38.09,2014,NMVOCs,EPA,9.091852e-06,9.091852e-06,9.091852e-06,Refineries,75
26,-12.62,-38.09,2015,NMVOCs,EPA,9.922304e-06,9.922304e-06,9.922304e-06,Refineries,75
27,-12.62,-38.09,2016,NMVOCs,EPA,9.847432e-06,9.847432e-06,9.847432e-06,Refineries,75
28,-12.62,-38.09,2017,NMVOCs,EPA,1.3866804e-05,1.3866804e-05,1.3866804e-05,Refineries,75
29,-12.62,-38.09,2018,NMVOCs,EPA,1.5209796e-05,1.5209796e-05,1.5209796e-05,Refineries,75
30,-12.62,-38.09,2019,NMVOCs,EPA,1.9649196e-05,1.9649196e-05,1.9649196e-05,Refineries,75
31,-12.62,-38.09,2020,NMVOCs,EPA,2.4508624e-05,2.4508624e-05,2.4508624e-05,Refineries,75
32,-12.62,-38.09,2021,NMVOCs,EPA,2.4059e-05,2.4059e-05,2.4059e-05,Refineries,75
33,-12.62,-38.09,2022,NMVOCs,EPA,2.795842e-05,2.795842e-05,2.795842e-05,Refineries,75
34,-12.62,-38.09,2023,NMVOCs,EPA,4.82356e-06,4.82356e-06,4.82356e-06,Refineries,75
35,-22.89,-43.24,1990,NMVOCs,EPA,0.000109247068,0.000109247068,0.000109247068,Refineries,75
36,-22.89,-43.24,1991,NMVOCs,EPA,9.9774192e-05,9.9774192e-05,9.9774192e-05,Refineries,75
37,-22.89,-43.24,1992,NMVOCs,EPA,0.000114302104,0.000114302104,0.000114302104,Refineries,75
38,-22.89,-43.24,1993,NMVOCs,EPA,0.000112775852,0.000112775852,0.000112775852,Refineries,75
39,-22.89,-43.24,1994,NMVOCs,EPA,0.000112489496,0.000112489496,0.000112489496,Refineries,75
40,-22.89,-43.24,1995,NMVOCs,EPA,0.000113873844,0.000113873844,0.000113873844,Refineries,75
41,-22.89,-43.24,1996,NMVOCs,EPA,0.000113905204,0.000113905204,0.000113905204,Refineries,75
42,-22.89,-43.24,1997,NMVOCs,EPA,0.00011127508,0.00011127508,0.00011127508,Refineries,75
43,-22.89,-43.24,1998,NMVOCs,EPA,0.000106862336,0.000106862336,0.000106862336,Refineries,75
44,-22.89,-43.24,1999,NMVOCs,EPA,0.000127153628,0.000127153628,0.000127153628,Refineries,75
45,-22.89,-43.24,2000,NMVOCs,EPA,0.000133816256,0.000133816256,0.000133816256,Refineries,75
46,-22.89,-43.24,2001,NMVOCs,EPA,0.000160444032,0.000160444032,0.000160444032,Refineries,75
47,-22.89,-43.24,2002,NMVOCs,EPA,0.000148073688,0.000148073688,0.000148073688,Refineries,75
48,-22.89,-43.24,2003,NMVOCs,EPA,0.0001667127,0.0001667127,0.0001667127,Refineries,75
49,-22.89,-43.24,2004,NMVOCs,EPA,0.000162706264,0.000162706264,0.000162706264,Refineries,75
50,-22.89,-43.24,2005,NMVOCs,EPA,7.3843588e-05,7.3843588e-05,7.3843588e-05,Refineries,75
51,-22.89,-43.24,2006,NMVOCs,EPA,0,0,0,Refineries,75
52,-22.89,-43.24,2007,NMVOCs,EPA,0,0,0,Refineries,75
53,-22.89,-43.24,2008,NMVOCs,EPA,0,0,0,Refineries,75
54,-22.89,-43.24,2009,NMVOCs,EPA,0,0,0,Refineries,75
55,-22.89,-43.24,2010,NMVOCs,EPA,6.928012e-05,6.928012e-05,6.928012e-05,Refineries,75
56,-22.89,-43.24,2011,NMVOCs,EPA,0.00011476584,0.00011476584,0.00011476584,Refineries,75
57,-22.89,-43.24,2012,NMVOCs,EPA,0.000119061376,0.000119061376,0.000119061376,Refineries,75
58,-22.89,-43.24,2013,NMVOCs,EPA,3.145408e-06,3.145408e-06,3.145408e-06,Refineries,75
59,-22.89,-43.24,2014,NMVOCs,EPA,3.080728e-05,3.080728e-05,3.080728e-05,Refineries,75
60,-22.89,-43.24,2015,NMVOCs,EPA,7.7120904e-05,7.7120904e-05,7.7120904e-05,Refineries,75
61,-22.89,-43.24,2016,NMVOCs,EPA,9.0362272e-05,9.0362272e-05,9.0362272e-05,Refineries,75
62,-22.89,-43.24,2017,NMVOCs,EPA,4.6491592e-05,4.6491592e-05,4.6491592e-05,Refineries,75
63,-22.89,-43.24,2018,NMVOCs,EPA,3.8893456e-05,3.8893456e-05,3.8893456e-05,Refineries,75
64,-22.89,-43.24,2019,NMVOCs,EPA,8.8558288e-05,8.8558288e-05,8.8558288e-05,Refineries,75
65,-22.89,-43.24,2020,NMVOCs,EPA,0.000102675384,0.000102675384,0.000102675384,Refineries,75
66,-22.89,-43.24,2021,NMVOCs,EPA,9.6909652e-05,9.6909652e-05,9.6909652e-05,Refineries,75
67,-22.89,-43.24,2022,NMVOCs,EPA,0.00010765104,0.00010765104,0.00010765104,Refineries,75
68,-22.89,-43.24,2023,NMVOCs,EPA,1.4635712e-05,1.4635712e-05,1.4635712e-05,Refineries,75
69,-23.64,-46.48,1990,NMVOCs,EPA,0.000263380292,0.000263380292,0.000263380292,Refineries,75
70,-23.64,-46.48,1991,NMVOCs,EPA,0.000285506144,0.000285506144,0.000285506144,Refineries,75
71,-23.64,-46.48,1992,NMVOCs,EPA,0.000313377148,0.000313377148,0.000313377148,Refineries,75
72,-23.64,-46.48,1993,NMVOCs,EPA,0.00037890328,0.00037890328,0.00037890328,Refineries,75
73,-23.64,-46.48,1994,NMVOCs,EPA,0.00035973252,0.00035973252,0.00035973252,Refineries,75
74,-23.64,-46.48,1995,NMVOCs,EPA,0.00043169196,0.00043169196,0.00043169196,Refineries,75
75,-23.64,-46.48,1996,NMVOCs,EPA,0.00043943004,0.00043943004,0.00043943004,Refineries,75
76,-23.64,-46.48,1997,NMVOCs,EPA,0.00050575448,0.00050575448,0.00050575448,Refineries,75
77,-23.64,-46.48,1998,NMVOCs,EPA,0.000513553908,0.000513553908,0.000513553908,Refineries,75
78,-23.64,-46.48,1999,NMVOCs,EPA,0.000399745528,0.000399745528,0.000399745528,Refineries,75
79,-23.64,-46.48,2000,NMVOCs,EPA,0.000460635476,0.000460635476,0.000460635476,Refineries,75
80,-23.64,-46.48,2001,NMVOCs,EPA,0.000526182384,0.000526182384,0.000526182384,Refineries,75
81,-23.64,-46.48,2002,NMVOCs,EPA,0.000544308268,0.000544308268,0.000544308268,Refineries,75
82,-23.64,-46.48,2003,NMVOCs,EPA,0.00050058988,0.00050058988,0.00050058988,Refineries,75
83,-23.64,-46.48,2004,NMVOCs,EPA,0.000529638844,0.000529638844,0.000529638844,Refineries,75
84,-23.64,-46.48,2005,NMVOCs,EPA,0.000409308956,0.000409308956,0.000409308956,Refineries,75
85,-23.64,-46.48,2006,NMVOCs,EPA,0.000460279148,0.000460279148,0.000460279148,Refineries,75
86,-23.64,-46.48,2007,NMVOCs,EPA,0.000473350584,0.000473350584,0.000473350584,Refineries,75
87,-23.64,-46.48,2008,NMVOCs,EPA,0.0005149312,0.0005149312,0.0005149312,Refineries,75
88,-23.64,-46.48,2009,NMVOCs,EPA,0.000474303536,0.000474303536,0.000474303536,Refineries,75
89,-23.64,-46.48,2010,NMVOCs,EPA,0.000415065476,0.000415065476,0.000415065476,Refineries,75
90,-23.64,-46.48,2011,NMVOCs,EPA,0.000488475316,0.000488475316,0.000488475316,Refineries,75
91,-23.64,-46.48,2012,NMVOCs,EPA,0.000607517876,0.000607517876,0.000607517876,Refineries,75
92,-23.64,-46.48,2013,NMVOCs,EPA,0.000608008072,0.000608008072,0.000608008072,Refineries,75
93,-23.64,-46.48,2014,NMVOCs,EPA,0.000619368232,0.000619368232,0.000619368232,Refineries,75
94,-23.64,-46.48,2015,NMVOCs,EPA,0.000461123516,0.000461123516,0.000461123516,Refineries,75
95,-23.64,-46.48,2016,NMVOCs,EPA,0.0006178459,0.0006178459,0.0006178459,Refineries,75
96,-23.64,-46.48,2017,NMVOCs,EPA,0.00057221514,0.00057221514,0.00057221514,Refineries,75
97,-23.64,-46.48,2018,NMVOCs,EPA,0.000565211276,0.000565211276,0.000565211276,Refineries,75
98,-23.64,-46.48,2019,NMVOCs,EPA,0.000565577404,0.000565577404,0.000565577404,Refineries,75
99,-23.64,-46.48,2020,NMVOCs,EPA,0.000442342208,0.000442342208,0.000442342208,Refineries,75
100,-23.64,-46.48,2021,NMVOCs,EPA,0.000615178144,0.000615178144,0.000615178144,Refineries,75
101,-23.64,-46.48,2022,NMVOCs,EPA,0.000661897684,0.000661897684,0.000661897684,Refineries,75
102,-23.64,-46.48,2023,NMVOCs,EPA,8.9848752e-05,8.9848752e-05,8.9848752e-05,Refineries,75
103,-22.72,-43.27,1990,NMVOCs,EPA,0.001978794832,0.001978794832,0.001978794832,Refineries,75
104,-22.72,-43.27,1991,NMVOCs,EPA,0.00205216508,0.00205216508,0.00205216508,Refineries,75
105,-22.72,-43.27,1992,NMVOCs,EPA,0.00216218184,0.00216218184,0.00216218184,Refineries,75
106,-22.72,-43.27,1993,NMVOCs,EPA,0.00194744522,0.00194744522,0.00194744522,Refineries,75
107,-22.72,-43.27,1994,NMVOCs,EPA,0.001845853324,0.001845853324,0.001845853324,Refineries,75
108,-22.72,-43.27,1995,NMVOCs,EPA,0.00159948348,0.00159948348,0.00159948348,Refineries,75
109,-22.72,-43.27,1996,NMVOCs,EPA,0.002241904252,0.002241904252,0.002241904252,Refineries,75
110,-22.72,-43.27,1997,NMVOCs,EPA,0.00193320974,0.00193320974,0.00193320974,Refineries,75
111,-22.72,-43.27,1998,NMVOCs,EPA,0.002360625764,0.002360625764,0.002360625764,Refineries,75
112,-22.72,-43.27,1999,NMVOCs,EPA,0.002389505972,0.002389505972,0.002389505972,Refineries,75
113,-22.72,-43.27,2000,NMVOCs,EPA,0.002120935012,0.002120935012,0.002120935012,Refineries,75
114,-22.72,-43.27,2001,NMVOCs,EPA,0.002186994264,0.002186994264,0.002186994264,Refineries,75
115,-22.72,-43.27,2002,NMVOCs,EPA,0.002203064108,0.002203064108,0.002203064108,Refineries,75
116,-22.72,-43.27,2003,NMVOCs,EPA,0.00223874532,0.00223874532,0.00223874532,Refineries,75
117,-22.72,-43.27,2004,NMVOCs,EPA,0.00249430286,0.00249430286,0.00249430286,Refineries,75
118,-22.72,-43.27,2005,NMVOCs,EPA,0.002435106744,0.002435106744,0.002435106744,Refineries,75
119,-22.72,-43.27,2006,NMVOCs,EPA,0.00249750844,0.00249750844,0.00249750844,Refineries,75
120,-22.72,-43.27,2007,NMVOCs,EPA,0.00239559334,0.00239559334,0.00239559334,Refineries,75
121,-22.72,-43.27,2008,NMVOCs,EPA,0.002537797024,0.002537797024,0.002537797024,Refineries,75
122,-22.72,-43.27,2009,NMVOCs,EPA,0.002380067592,0.002380067592,0.002380067592,Refineries,75
123,-22.72,-43.27,2010,NMVOCs,EPA,0.002523601136,0.002523601136,0.002523601136,Refineries,75
124,-22.72,-43.27,2011,NMVOCs,EPA,0.002473623684,0.002473623684,0.002473623684,Refineries,75
125,-22.72,-43.27,2012,NMVOCs,EPA,0.00259236558,0.00259236558,0.00259236558,Refineries,75
126,-22.72,-43.27,2013,NMVOCs,EPA,0.00277205446,0.00277205446,0.00277205446,Refineries,75
127,-22.72,-43.27,2014,NMVOCs,EPA,0.00270736662,0.00270736662,0.00270736662,Refineries,75
128,-22.72,-43.27,2015,NMVOCs,EPA,0.002284778272,0.002284778272,0.002284778272,Refineries,75
129,-22.72,-43.27,2016,NMVOCs,EPA,0.002222757796,0.002222757796,0.002222757796,Refineries,75
130,-22.72,-43.27,2017,NMVOCs,EPA,0.002043769616,0.002043769616,0.002043769616,Refineries,75
131,-22.72,-43.27,2018,NMVOCs,EPA,0.002188181632,0.002188181632,0.002188181632,Refineries,75
132,-22.72,-43.27,2019,NMVOCs,EPA,0.002185979768,0.002185979768,0.002185979768,Refineries,75
133,-22.72,-43.27,2020,NMVOCs,EPA,0.002076636268,0.002076636268,0.002076636268,Refineries,75
134,-22.72,-43.27,2021,NMVOCs,EPA,0.002148140988,0.002148140988,0.002148140988,Refineries,75
135,-22.72,-43.27,2022,NMVOCs,EPA,0.002360471904,0.002360471904,0.002360471904,Refineries,75
136,-22.72,-43.27,2023,NMVOCs,EPA,0.000423103828,0.000423103828,0.000423103828,Refineries,75
137,-29.87,-51.17,1990,NMVOCs,EPA,0.000742471716,0.000742471716,0.000742471716,Refineries,75
138,-29.87,-51.17,1991,NMVOCs,EPA,0.000645233568,0.000645233568,0.000645233568,Refineries,75
139,-29.87,-51.17,1992,NMVOCs,EPA,0.000770080668,0.000770080668,0.000770080668,Refineries,75
140,-29.87,-51.17,1993,NMVOCs,EPA,0.000861450576,0.000861450576,0.000861450576,Refineries,75
141,-29.87,-51.17,1994,NMVOCs,EPA,0.001163718052,0.001163718052,0.001163718052,Refineries,75
142,-29.87,-51.17,1995,NMVOCs,EPA,0.001110916828,0.001110916828,0.001110916828,Refineries,75
143,-29.87,-51.17,1996,NMVOCs,EPA,0.00130749248,0.00130749248,0.00130749248,Refineries,75
144,-29.87,-51.17,1997,NMVOCs,EPA,0.00116918116,0.00116918116,0.00116918116,Refineries,75
145,-29.87,-51.17,1998,NMVOCs,EPA,0.001287980876,0.001287980876,0.001287980876,Refineries,75
146,-29.87,-51.17,1999,NMVOCs,EPA,0.00135031162,0.00135031162,0.00135031162,Refineries,75
147,-29.87,-51.17,2000,NMVOCs,EPA,0.001400725956,0.001400725956,0.001400725956,Refineries,75
148,-29.87,-51.17,2001,NMVOCs,EPA,0.001309117124,0.001309117124,0.001309117124,Refineries,75
149,-29.87,-51.17,2002,NMVOCs,EPA,0.001238055952,0.001238055952,0.001238055952,Refineries,75
150,-29.87,-51.17,2003,NMVOCs,EPA,0.001195569032,0.001195569032,0.001195569032,Refineries,75
151,-29.87,-51.17,2004,NMVOCs,EPA,0.001180748492,0.001180748492,0.001180748492,Refineries,75
152,-29.87,-51.17,2005,NMVOCs,EPA,0.001360454816,0.001360454816,0.001360454816,Refineries,75
153,-29.87,-51.17,2006,NMVOCs,EPA,0.0013320944,0.0013320944,0.0013320944,Refineries,75
154,-29.87,-51.17,2007,NMVOCs,EPA,0.001696257696,0.001696257696,0.001696257696,Refineries,75
155,-29.87,-51.17,2008,NMVOCs,EPA,0.001663544708,0.001663544708,0.001663544708,Refineries,75
156,-29.87,-51.17,2009,NMVOCs,EPA,0.001903341692,0.001903341692,0.001903341692,Refineries,75
157,-29.87,-51.17,2010,NMVOCs,EPA,0.001698048156,0.001698048156,0.001698048156,Refineries,75
158,-29.87,-51.17,2011,NMVOCs,EPA,0.001703410128,0.001703410128,0.001703410128,Refineries,75
159,-29.87,-51.17,2012,NMVOCs,EPA,0.001787497264,0.001787497264,0.001787497264,Refineries,75
160,-29.87,-51.17,2013,NMVOCs,EPA,0.002257869628,0.002257869628,0.002257869628,Refineries,75
161,-29.87,-51.17,2014,NMVOCs,EPA,0.002191993832,0.002191993832,0.002191993832,Refineries,75
162,-29.87,-51.17,2015,NMVOCs,EPA,0.001998963036,0.001998963036,0.001998963036,Refineries,75
163,-29.87,-51.17,2016,NMVOCs,EPA,0.001731727228,0.001731727228,0.001731727228,Refineries,75
164,-29.87,-51.17,2017,NMVOCs,EPA,0.001587679772,0.001587679772,0.001587679772,Refineries,75
165,-29.87,-51.17,2018,NMVOCs,EPA,0.001569805356,0.001569805356,0.001569805356,Refineries,75
166,-29.87,-51.17,2019,NMVOCs,EPA,0.001634215268,0.001634215268,0.001634215268,Refineries,75
167,-29.87,-51.17,2020,NMVOCs,EPA,0.001545935888,0.001545935888,0.001545935888,Refineries,75
168,-29.87,-51.17,2021,NMVOCs,EPA,0.00172761358,0.00172761358,0.00172761358,Refineries,75
169,-29.87,-51.17,2022,NMVOCs,EPA,0.001878838752,0.001878838752,0.001878838752,Refineries,75
170,-29.87,-51.17,2023,NMVOCs,EPA,0.000154323148,0.000154323148,0.000154323148,Refineries,75
171,-19.97,-44.1,1990,NMVOCs,EPA,0.00145094782,0.00145094782,0.00145094782,Refineries,75
172,-19.97,-44.1,1991,NMVOCs,EPA,0.001494185224,0.001494185224,0.001494185224,Refineries,75
173,-19.97,-44.1,1992,NMVOCs,EPA,0.001450179304,0.001450179304,0.001450179304,Refineries,75
174,-19.97,-44.1,1993,NMVOCs,EPA,0.001493542736,0.001493542736,0.001493542736,Refineries,75
175,-19.97,-44.1,1994,NMVOCs,EPA,0.001460952052,0.001460952052,0.001460952052,Refineries,75
176,-19.97,-44.1,1995,NMVOCs,EPA,0.001477106764,0.001477106764,0.001477106764,Refineries,75
177,-19.97,-44.1,1996,NMVOCs,EPA,0.001295210532,0.001295210532,0.001295210532,Refineries,75
178,-19.97,-44.1,1997,NMVOCs,EPA,0.001489535124,0.001489535124,0.001489535124,Refineries,75
179,-19.97,-44.1,1998,NMVOCs,EPA,0.001376254376,0.001376254376,0.001376254376,Refineries,75
180,-19.97,-44.1,1999,NMVOCs,EPA,0.001524034652,0.001524034652,0.001524034652,Refineries,75
181,-19.97,-44.1,2000,NMVOCs,EPA,0.00148472646,0.00148472646,0.00148472646,Refineries,75
182,-19.97,-44.1,2001,NMVOCs,EPA,0.001509260368,0.001509260368,0.001509260368,Refineries,75
183,-19.97,-44.1,2002,NMVOCs,EPA,0.00142245138,0.00142245138,0.00142245138,Refineries,75
184,-19.97,-44.1,2003,NMVOCs,EPA,0.001465946916,0.001465946916,0.001465946916,Refineries,75
185,-19.97,-44.1,2004,NMVOCs,EPA,0.0015228857,0.0015228857,0.0015228857,Refineries,75
186,-19.97,-44.1,2005,NMVOCs,EPA,0.001515131744,0.001515131744,0.001515131744,Refineries,75
187,-19.97,-44.1,2006,NMVOCs,EPA,0.001573929196,0.001573929196,0.001573929196,Refineries,75
188,-19.97,-44.1,2007,NMVOCs,EPA,0.001521344748,0.001521344748,0.001521344748,Refineries,75
189,-19.97,-44.1,2008,NMVOCs,EPA,0.001674483664,0.001674483664,0.001674483664,Refineries,75
190,-19.97,-44.1,2009,NMVOCs,EPA,0.001635157244,0.001635157244,0.001635157244,Refineries,75
191,-19.97,-44.1,2010,NMVOCs,EPA,0.001675421524,0.001675421524,0.001675421524,Refineries,75
192,-19.97,-44.1,2011,NMVOCs,EPA,0.001516511584,0.001516511584,0.001516511584,Refineries,75
193,-19.97,-44.1,2012,NMVOCs,EPA,0.00167766886,0.00167766886,0.00167766886,Refineries,75
194,-19.97,-44.1,2013,NMVOCs,EPA,0.001701562044,0.001701562044,0.001701562044,Refineries,75
195,-19.97,-44.1,2014,NMVOCs,EPA,0.001804643344,0.001804643344,0.001804643344,Refineries,75
196,-19.97,-44.1,2015,NMVOCs,EPA,0.001735936916,0.001735936916,0.001735936916,Refineries,75
197,-19.97,-44.1,2016,NMVOCs,EPA,0.001710979648,0.001710979648,0.001710979648,Refineries,75
198,-19.97,-44.1,2017,NMVOCs,EPA,0.001607550448,0.001607550448,0.001607550448,Refineries,75
199,-19.97,-44.1,2018,NMVOCs,EPA,0.001630588876,0.001630588876,0.001630588876,Refineries,75
200,-19.97,-44.1,2019,NMVOCs,EPA,0.001577607332,0.001577607332,0.001577607332,Refineries,75
201,-19.97,-44.1,2020,NMVOCs,EPA,0.001421923356,0.001421923356,0.001421923356,Refineries,75
202,-19.97,-44.1,2021,NMVOCs,EPA,0.001562919484,0.001562919484,0.001562919484,Refineries,75
203,-19.97,-44.1,2022,NMVOCs,EPA,0.001692008612,0.001692008612,0.001692008612,Refineries,75
204,-19.97,-44.1,2023,NMVOCs,EPA,0.00027426574,0.00027426574,0.00027426574,Refineries,75
205,-3.15,-59.95,1990,NMVOCs,EPA,9.9165612e-05,9.9165612e-05,9.9165612e-05,Refineries,75
206,-3.15,-59.95,1991,NMVOCs,EPA,0.000115938116,0.000115938116,0.000115938116,Refineries,75
207,-3.15,-59.95,1992,NMVOCs,EPA,0.000121563316,0.000121563316,0.000121563316,Refineries,75
208,-3.15,-59.95,1993,NMVOCs,EPA,0.000111478528,0.000111478528,0.000111478528,Refineries,75
209,-3.15,-59.95,1994,NMVOCs,EPA,0.0001191925,0.0001191925,0.0001191925,Refineries,75
210,-3.15,-59.95,1995,NMVOCs,EPA,0.000116815412,0.000116815412,0.000116815412,Refineries,75
211,-3.15,-59.95,1996,NMVOCs,EPA,0.00013732348,0.00013732348,0.00013732348,Refineries,75
212,-3.15,-59.95,1997,NMVOCs,EPA,0.00015377376,0.00015377376,0.00015377376,Refineries,75
213,-3.15,-59.95,1998,NMVOCs,EPA,0.000162450092,0.000162450092,0.000162450092,Refineries,75
214,-3.15,-59.95,1999,NMVOCs,EPA,0.0001578241,0.0001578241,0.0001578241,Refineries,75
215,-3.15,-59.95,2000,NMVOCs,EPA,0.000348360404,0.000348360404,0.000348360404,Refineries,75
216,-3.15,-59.95,2001,NMVOCs,EPA,0.000501928364,0.000501928364,0.000501928364,Refineries,75
217,-3.15,-59.95,2002,NMVOCs,EPA,0.000529358564,0.000529358564,0.000529358564,Refineries,75
218,-3.15,-59.95,2003,NMVOCs,EPA,0.00050359652,0.00050359652,0.00050359652,Refineries,75
219,-3.15,-59.95,2004,NMVOCs,EPA,0.000519871576,0.000519871576,0.000519871576,Refineries,75
220,-3.15,-59.95,2005,NMVOCs,EPA,0.000505170988,0.000505170988,0.000505170988,Refineries,75
221,-3.15,-59.95,2006,NMVOCs,EPA,0.000410025728,0.000410025728,0.000410025728,Refineries,75
222,-3.15,-59.95,2007,NMVOCs,EPA,0.000468220676,0.000468220676,0.000468220676,Refineries,75
223,-3.15,-59.95,2008,NMVOCs,EPA,0.000452448948,0.000452448948,0.000452448948,Refineries,75
224,-3.15,-59.95,2009,NMVOCs,EPA,0.000465808504,0.000465808504,0.000465808504,Refineries,75
225,-3.15,-59.95,2010,NMVOCs,EPA,0.000479448732,0.000479448732,0.000479448732,Refineries,75
226,-3.15,-59.95,2011,NMVOCs,EPA,0.0004851588,0.0004851588,0.0004851588,Refineries,75
227,-3.15,-59.95,2012,NMVOCs,EPA,0.00041174896,0.00041174896,0.00041174896,Refineries,75
228,-3.15,-59.95,2013,NMVOCs,EPA,0.000442392972,0.000442392972,0.000442392972,Refineries,75
229,-3.15,-59.95,2014,NMVOCs,EPA,0.00046958758,0.00046958758,0.00046958758,Refineries,75
230,-3.15,-59.95,2015,NMVOCs,EPA,0.000399942116,0.000399942116,0.000399942116,Refineries,75
231,-3.15,-59.95,2016,NMVOCs,EPA,0.00035349972,0.00035349972,0.00035349972,Refineries,75
232,-3.15,-59.95,2017,NMVOCs,EPA,0.000328081068,0.000328081068,0.000328081068,Refineries,75
233,-3.15,-59.95,2018,NMVOCs,EPA,0.00033483758,0.00033483758,0.00033483758,Refineries,75
234,-3.15,-59.95,2019,NMVOCs,EPA,0.00035927388,0.00035927388,0.00035927388,Refineries,75
235,-3.15,-59.95,2020,NMVOCs,EPA,0.000310648436,0.000310648436,0.000310648436,Refineries,75
236,-3.15,-59.95,2021,NMVOCs,EPA,0.000345796724,0.000345796724,0.000345796724,Refineries,75
237,-3.15,-59.95,2022,NMVOCs,EPA,0.000351428588,0.000351428588,0.000351428588,Refineries,75
238,-3.15,-59.95,2023,NMVOCs,EPA,4.8976676e-05,4.8976676e-05,4.8976676e-05,Refineries,75
239,-25.57,-49.36,1990,NMVOCs,EPA,0.00155896636,0.00155896636,0.00155896636,Refineries,75
240,-25.57,-49.36,1991,NMVOCs,EPA,0.001542265788,0.001542265788,0.001542265788,Refineries,75
241,-25.57,-49.36,1992,NMVOCs,EPA,0.001443948464,0.001443948464,0.001443948464,Refineries,75
242,-25.57,-49.36,1993,NMVOCs,EPA,0.001702412488,0.001702412488,0.001702412488,Refineries,75
243,-25.57,-49.36,1994,NMVOCs,EPA,0.001869375676,0.001869375676,0.001869375676,Refineries,75
244,-25.57,-49.36,1995,NMVOCs,EPA,0.001572429796,0.001572429796,0.001572429796,Refineries,75
245,-25.57,-49.36,1996,NMVOCs,EPA,0.001838292428,0.001838292428,0.001838292428,Refineries,75
246,-25.57,-49.36,1997,NMVOCs,EPA,0.001881292868,0.001881292868,0.001881292868,Refineries,75
247,-25.57,-49.36,1998,NMVOCs,EPA,0.001819044052,0.001819044052,0.001819044052,Refineries,75
248,-25.57,-49.36,1999,NMVOCs,EPA,0.002155964132,0.002155964132,0.002155964132,Refineries,75
249,-25.57,-49.36,2000,NMVOCs,EPA,0.002151545312,0.002151545312,0.002151545312,Refineries,75
250,-25.57,-49.36,2001,NMVOCs,EPA,0.002174012792,0.002174012792,0.002174012792,Refineries,75
251,-25.57,-49.36,2002,NMVOCs,EPA,0.002229894156,0.002229894156,0.002229894156,Refineries,75
252,-25.57,-49.36,2003,NMVOCs,EPA,0.002175983964,0.002175983964,0.002175983964,Refineries,75
253,-25.57,-49.36,2004,NMVOCs,EPA,0.001893312568,0.001893312568,0.001893312568,Refineries,75
254,-25.57,-49.36,2005,NMVOCs,EPA,0.002160145596,0.002160145596,0.002160145596,Refineries,75
255,-25.57,-49.36,2006,NMVOCs,EPA,0.002097958324,0.002097958324,0.002097958324,Refineries,75
256,-25.57,-49.36,2007,NMVOCs,EPA,0.001927524956,0.001927524956,0.001927524956,Refineries,75
257,-25.57,-49.36,2008,NMVOCs,EPA,0.002114055216,0.002114055216,0.002114055216,Refineries,75
258,-25.57,-49.36,2009,NMVOCs,EPA,0.002148128444,0.002148128444,0.002148128444,Refineries,75
259,-25.57,-49.36,2010,NMVOCs,EPA,0.00195076252,0.00195076252,0.00195076252,Refineries,75
260,-25.57,-49.36,2011,NMVOCs,EPA,0.002211642244,0.002211642244,0.002211642244,Refineries,75
261,-25.57,-49.36,2012,NMVOCs,EPA,0.00227406354,0.00227406354,0.00227406354,Refineries,75
262,-25.57,-49.36,2013,NMVOCs,EPA,0.002218924036,0.002218924036,0.002218924036,Refineries,75
263,-25.57,-49.36,2014,NMVOCs,EPA,0.002325307348,0.002325307348,0.002325307348,Refineries,75
264,-25.57,-49.36,2015,NMVOCs,EPA,0.00225772498,0.00225772498,0.00225772498,Refineries,75
265,-25.57,-49.36,2016,NMVOCs,EPA,0.00193226208,0.00193226208,0.00193226208,Refineries,75
266,-25.57,-49.36,2017,NMVOCs,EPA,0.001849917384,0.001849917384,0.001849917384,Refineries,75
267,-25.57,-49.36,2018,NMVOCs,EPA,0.0019683447,0.0019683447,0.0019683447,Refineries,75
268,-25.57,-49.36,2019,NMVOCs,EPA,0.001917848436,0.001917848436,0.001917848436,Refineries,75
269,-25.57,-49.36,2020,NMVOCs,EPA,0.002044510496,0.002044510496,0.002044510496,Refineries,75
270,-25.57,-49.36,2021,NMVOCs,EPA,0.002072926184,0.002072926184,0.002072926184,Refineries,75
271,-25.57,-49.36,2022,NMVOCs,EPA,0.001838357892,0.001838357892,0.001838357892,Refineries,75
272,-25.57,-49.36,2023,NMVOCs,EPA,0.00034087438,0.00034087438,0.00034087438,Refineries,75
273,-22.73,-47.14,1990,NMVOCs,EPA,0.00238482804,0.00238482804,0.00238482804,Refineries,75
274,-22.73,-47.14,1991,NMVOCs,EPA,0.002459485812,0.002459485812,0.002459485812,Refineries,75
275,-22.73,-47.14,1992,NMVOCs,EPA,0.00230536474,0.00230536474,0.00230536474,Refineries,75
276,-22.73,-47.14,1993,NMVOCs,EPA,0.002411807832,0.002411807832,0.002411807832,Refineries,75
277,-22.73,-47.14,1994,NMVOCs,EPA,0.00251813744,0.00251813744,0.00251813744,Refineries,75
278,-22.73,-47.14,1995,NMVOCs,EPA,0.002772087584,0.002772087584,0.002772087584,Refineries,75
279,-22.73,-47.14,1996,NMVOCs,EPA,0.002822637748,0.002822637748,0.002822637748,Refineries,75
280,-22.73,-47.14,1997,NMVOCs,EPA,0.002991615816,0.002991615816,0.002991615816,Refineries,75
281,-22.73,-47.14,1998,NMVOCs,EPA,0.003527648376,0.003527648376,0.003527648376,Refineries,75
282,-22.73,-47.14,1999,NMVOCs,EPA,0.0033436179,0.0033436179,0.0033436179,Refineries,75
283,-22.73,-47.14,2000,NMVOCs,EPA,0.003786688836,0.003786688836,0.003786688836,Refineries,75
284,-22.73,-47.14,2001,NMVOCs,EPA,0.003696064904,0.003696064904,0.003696064904,Refineries,75
285,-22.73,-47.14,2002,NMVOCs,EPA,0.00372151766,0.00372151766,0.00372151766,Refineries,75
286,-22.73,-47.14,2003,NMVOCs,EPA,0.003376763264,0.003376763264,0.003376763264,Refineries,75
287,-22.73,-47.14,2004,NMVOCs,EPA,0.004066147596,0.004066147596,0.004066147596,Refineries,75
288,-22.73,-47.14,2005,NMVOCs,EPA,0.003800552308,0.003800552308,0.003800552308,Refineries,75
289,-22.73,-47.14,2006,NMVOCs,EPA,0.003992121728,0.003992121728,0.003992121728,Refineries,75
290,-22.73,-47.14,2007,NMVOCs,EPA,0.004023351584,0.004023351584,0.004023351584,Refineries,75
291,-22.73,-47.14,2008,NMVOCs,EPA,0.003757801376,0.003757801376,0.003757801376,Refineries,75
292,-22.73,-47.14,2009,NMVOCs,EPA,0.0039364885,0.0039364885,0.0039364885,Refineries,75
293,-22.73,-47.14,2010,NMVOCs,EPA,0.003665273892,0.003665273892,0.003665273892,Refineries,75
294,-22.73,-47.14,2011,NMVOCs,EPA,0.004314228912,0.004314228912,0.004314228912,Refineries,75
295,-22.73,-47.14,2012,NMVOCs,EPA,0.004506818904,0.004506818904,0.004506818904,Refineries,75
296,-22.73,-47.14,2013,NMVOCs,EPA,0.004849033336,0.004849033336,0.004849033336,Refineries,75
297,-22.73,-47.14,2014,NMVOCs,EPA,0.004705633464,0.004705633464,0.004705633464,Refineries,75
298,-22.73,-47.14,2015,NMVOCs,EPA,0.004487754572,0.004487754572,0.004487754572,Refineries,75
299,-22.73,-47.14,2016,NMVOCs,EPA,0.00382935784,0.00382935784,0.00382935784,Refineries,75
300,-22.73,-47.14,2017,NMVOCs,EPA,0.003716232912,0.003716232912,0.003716232912,Refineries,75
301,-22.73,-47.14,2018,NMVOCs,EPA,0.003277864996,0.003277864996,0.003277864996,Refineries,75
302,-22.73,-47.14,2019,NMVOCs,EPA,0.003755036012,0.003755036012,0.003755036012,Refineries,75
303,-22.73,-47.14,2020,NMVOCs,EPA,0.003518113564,0.003518113564,0.003518113564,Refineries,75
304,-22.73,-47.14,2021,NMVOCs,EPA,0.004070227728,0.004070227728,0.004070227728,Refineries,75
305,-22.73,-47.14,2022,NMVOCs,EPA,0.004311225408,0.004311225408,0.004311225408,Refineries,75
306,-22.73,-47.14,2023,NMVOCs,EPA,0.000741469568,0.000741469568,0.000741469568,Refineries,75
307,-23.19,-45.82,1990,NMVOCs,EPA,0.002044856632,0.002044856632,0.002044856632,Refineries,75
308,-23.19,-45.82,1991,NMVOCs,EPA,0.001777963824,0.001777963824,0.001777963824,Refineries,75
309,-23.19,-45.82,1992,NMVOCs,EPA,0.002056676608,0.002056676608,0.002056676608,Refineries,75
310,-23.19,-45.82,1993,NMVOCs,EPA,0.001815574264,0.001815574264,0.001815574264,Refineries,75
311,-23.19,-45.82,1994,NMVOCs,EPA,0.00227061492,0.00227061492,0.00227061492,Refineries,75
312,-23.19,-45.82,1995,NMVOCs,EPA,0.00201198214,0.00201198214,0.00201198214,Refineries,75
313,-23.19,-45.82,1996,NMVOCs,EPA,0.001939176764,0.001939176764,0.001939176764,Refineries,75
314,-23.19,-45.82,1997,NMVOCs,EPA,0.002142881524,0.002142881524,0.002142881524,Refineries,75
315,-23.19,-45.82,1998,NMVOCs,EPA,0.00237813072,0.00237813072,0.00237813072,Refineries,75
316,-23.19,-45.82,1999,NMVOCs,EPA,0.00226121574,0.00226121574,0.00226121574,Refineries,75
317,-23.19,-45.82,2000,NMVOCs,EPA,0.002535575168,0.002535575168,0.002535575168,Refineries,75
318,-23.19,-45.82,2001,NMVOCs,EPA,0.002526776924,0.002526776924,0.002526776924,Refineries,75
319,-23.19,-45.82,2002,NMVOCs,EPA,0.002256904524,0.002256904524,0.002256904524,Refineries,75
320,-23.19,-45.82,2003,NMVOCs,EPA,0.002488861508,0.002488861508,0.002488861508,Refineries,75
321,-23.19,-45.82,2004,NMVOCs,EPA,0.002743757548,0.002743757548,0.002743757548,Refineries,75
322,-23.19,-45.82,2005,NMVOCs,EPA,0.002761743292,0.002761743292,0.002761743292,Refineries,75
323,-23.19,-45.82,2006,NMVOCs,EPA,0.002460374084,0.002460374084,0.002460374084,Refineries,75
324,-23.19,-45.82,2007,NMVOCs,EPA,0.002733285464,0.002733285464,0.002733285464,Refineries,75
325,-23.19,-45.82,2008,NMVOCs,EPA,0.002390478916,0.002390478916,0.002390478916,Refineries,75
326,-23.19,-45.82,2009,NMVOCs,EPA,0.002782595732,0.002782595732,0.002782595732,Refineries,75
327,-23.19,-45.82,2010,NMVOCs,EPA,0.002760680188,0.002760680188,0.002760680188,Refineries,75
328,-23.19,-45.82,2011,NMVOCs,EPA,0.002747832192,0.002747832192,0.002747832192,Refineries,75
329,-23.19,-45.82,2012,NMVOCs,EPA,0.002780355648,0.002780355648,0.002780355648,Refineries,75
330,-23.19,-45.82,2013,NMVOCs,EPA,0.002625274372,0.002625274372,0.002625274372,Refineries,75
331,-23.19,-45.82,2014,NMVOCs,EPA,0.002930160212,0.002930160212,0.002930160212,Refineries,75
332,-23.19,-45.82,2015,NMVOCs,EPA,0.00278166826,0.00278166826,0.00278166826,Refineries,75
333,-23.19,-45.82,2016,NMVOCs,EPA,0.0024873674,0.0024873674,0.0024873674,Refineries,75
334,-23.19,-45.82,2017,NMVOCs,EPA,0.002381512504,0.002381512504,0.002381512504,Refineries,75
335,-23.19,-45.82,2018,NMVOCs,EPA,0.002434623016,0.002434623016,0.002434623016,Refineries,75
336,-23.19,-45.82,2019,NMVOCs,EPA,0.002125716628,0.002125716628,0.002125716628,Refineries,75
337,-23.19,-45.82,2020,NMVOCs,EPA,0.002496727772,0.002496727772,0.002496727772,Refineries,75
338,-23.19,-45.82,2021,NMVOCs,EPA,0.002634984408,0.002634984408,0.002634984408,Refineries,75
339,-23.19,-45.82,2022,NMVOCs,EPA,0.002621540964,0.002621540964,0.002621540964,Refineries,75
340,-23.19,-45.82,2023,NMVOCs,EPA,0.000345381596,0.000345381596,0.000345381596,Refineries,75
341,-32.04,-52.09,1990,NMVOCs,EPA,0.000112865816,0.000112865816,0.000112865816,Refineries,75
342,-32.04,-52.09,1991,NMVOCs,EPA,0.000107163784,0.000107163784,0.000107163784,Refineries,75
343,-32.04,-52.09,1992,NMVOCs,EPA,0.000107106356,0.000107106356,0.000107106356,Refineries,75
344,-32.04,-52.09,1993,NMVOCs,EPA,0.000110768616,0.000110768616,0.000110768616,Refineries,75
345,-32.04,-52.09,1994,NMVOCs,EPA,0.00010644956,0.00010644956,0.00010644956,Refineries,75
346,-32.04,-52.09,1995,NMVOCs,EPA,0.000107227092,0.000107227092,0.000107227092,Refineries,75
347,-32.04,-52.09,1996,NMVOCs,EPA,0.000108616144,0.000108616144,0.000108616144,Refineries,75
348,-32.04,-52.09,1997,NMVOCs,EPA,0.000109333896,0.000109333896,0.000109333896,Refineries,75
349,-32.04,-52.09,1998,NMVOCs,EPA,0.000113723708,0.000113723708,0.000113723708,Refineries,75
350,-32.04,-52.09,1999,NMVOCs,EPA,0.000136844848,0.000136844848,0.000136844848,Refineries,75
351,-32.04,-52.09,2000,NMVOCs,EPA,0.000147269108,0.000147269108,0.000147269108,Refineries,75
352,-32.04,-52.09,2001,NMVOCs,EPA,0.00014793492,0.00014793492,0.00014793492,Refineries,75
353,-32.04,-52.09,2002,NMVOCs,EPA,0.000139550628,0.000139550628,0.000139550628,Refineries,75
354,-32.04,-52.09,2003,NMVOCs,EPA,0.000157584196,0.000157584196,0.000157584196,Refineries,75
355,-32.04,-52.09,2004,NMVOCs,EPA,0.000128698892,0.000128698892,0.000128698892,Refineries,75
356,-32.04,-52.09,2005,NMVOCs,EPA,5.195078e-05,5.195078e-05,5.195078e-05,Refineries,75
357,-32.04,-52.09,2006,NMVOCs,EPA,8.1410168e-05,8.1410168e-05,8.1410168e-05,Refineries,75
358,-32.04,-52.09,2007,NMVOCs,EPA,0.000150727724,0.000150727724,0.000150727724,Refineries,75
359,-32.04,-52.09,2008,NMVOCs,EPA,8.9367964e-05,8.9367964e-05,8.9367964e-05,Refineries,75
360,-32.04,-52.09,2009,NMVOCs,EPA,0.000155862728,0.000155862728,0.000155862728,Refineries,75
361,-32.04,-52.09,2010,NMVOCs,EPA,0.000160897184,0.000160897184,0.000160897184,Refineries,75
362,-32.04,-52.09,2011,NMVOCs,EPA,0.00017198216,0.00017198216,0.00017198216,Refineries,75
363,-32.04,-52.09,2012,NMVOCs,EPA,0.000183143184,0.000183143184,0.000183143184,Refineries,75
364,-32.04,-52.09,2013,NMVOCs,EPA,0.000178633616,0.000178633616,0.000178633616,Refineries,75
365,-32.04,-52.09,2014,NMVOCs,EPA,0.00015271242,0.00015271242,0.00015271242,Refineries,75
366,-32.04,-52.09,2015,NMVOCs,EPA,0.000111690208,0.000111690208,0.000111690208,Refineries,75
367,-32.04,-52.09,2016,NMVOCs,EPA,0.000158665136,0.000158665136,0.000158665136,Refineries,75
368,-32.04,-52.09,2017,NMVOCs,EPA,0.00016583266,0.00016583266,0.00016583266,Refineries,75
369,-32.04,-52.09,2018,NMVOCs,EPA,0.000163904804,0.000163904804,0.000163904804,Refineries,75
370,-32.04,-52.09,2019,NMVOCs,EPA,0.00017584042,0.00017584042,0.00017584042,Refineries,75
371,-32.04,-52.09,2020,NMVOCs,EPA,0.000137266836,0.000137266836,0.000137266836,Refineries,75
372,-32.04,-52.09,2021,NMVOCs,EPA,0.000128009952,0.000128009952,0.000128009952,Refineries,75
373,-32.04,-52.09,2022,NMVOCs,EPA,0.00013567218,0.00013567218,0.00013567218,Refineries,75
374,-32.04,-52.09,2023,NMVOCs,EPA,2.8413532e-05,2.8413532e-05,2.8413532e-05,Refineries,75
375,-12.71,-38.57,1990,NMVOCs,EPA,0.001411199608,0.001411199608,0.001411199608,Refineries,75
376,-12.71,-38.57,1991,NMVOCs,EPA,0.001259500508,0.001259500508,0.001259500508,Refineries,75
377,-12.71,-38.57,1992,NMVOCs,EPA,0.00146253926,0.00146253926,0.00146253926,Refineries,75
378,-12.71,-38.57,1993,NMVOCs,EPA,0.001428740824,0.001428740824,0.001428740824,Refineries,75
379,-12.71,-38.57,1994,NMVOCs,EPA,0.001331437408,0.001331437408,0.001331437408,Refineries,75
380,-12.71,-38.57,1995,NMVOCs,EPA,0.001333880744,0.001333880744,0.001333880744,Refineries,75
381,-12.71,-38.57,1996,NMVOCs,EPA,0.00125336316,0.00125336316,0.00125336316,Refineries,75
382,-12.71,-38.57,1997,NMVOCs,EPA,0.001389160192,0.001389160192,0.001389160192,Refineries,75
383,-12.71,-38.57,1998,NMVOCs,EPA,0.001966032292,0.001966032292,0.001966032292,Refineries,75
384,-12.71,-38.57,1999,NMVOCs,EPA,0.00219010302,0.00219010302,0.00219010302,Refineries,75
385,-12.71,-38.57,2000,NMVOCs,EPA,0.00194831938,0.00194831938,0.00194831938,Refineries,75
386,-12.71,-38.57,2001,NMVOCs,EPA,0.00236469394,0.00236469394,0.00236469394,Refineries,75
387,-12.71,-38.57,2002,NMVOCs,EPA,0.00231185332,0.00231185332,0.00231185332,Refineries,75
388,-12.71,-38.57,2003,NMVOCs,EPA,0.002196535152,0.002196535152,0.002196535152,Refineries,75
389,-12.71,-38.57,2004,NMVOCs,EPA,0.002670384556,0.002670384556,0.002670384556,Refineries,75
390,-12.71,-38.57,2005,NMVOCs,EPA,0.002797491732,0.002797491732,0.002797491732,Refineries,75
391,-12.71,-38.57,2006,NMVOCs,EPA,0.002956611588,0.002956611588,0.002956611588,Refineries,75
392,-12.71,-38.57,2007,NMVOCs,EPA,0.002947158312,0.002947158312,0.002947158312,Refineries,75
393,-12.71,-38.57,2008,NMVOCs,EPA,0.0029061312,0.0029061312,0.0029061312,Refineries,75
394,-12.71,-38.57,2009,NMVOCs,EPA,0.002515199204,0.002515199204,0.002515199204,Refineries,75
395,-12.71,-38.57,2010,NMVOCs,EPA,0.002855183156,0.002855183156,0.002855183156,Refineries,75
396,-12.71,-38.57,2011,NMVOCs,EPA,0.0027125763,0.0027125763,0.0027125763,Refineries,75
397,-12.71,-38.57,2012,NMVOCs,EPA,0.002714137048,0.002714137048,0.002714137048,Refineries,75
398,-12.71,-38.57,2013,NMVOCs,EPA,0.003186888656,0.003186888656,0.003186888656,Refineries,75
399,-12.71,-38.57,2014,NMVOCs,EPA,0.003427063528,0.003427063528,0.003427063528,Refineries,75
400,-12.71,-38.57,2015,NMVOCs,EPA,0.002966353768,0.002966353768,0.002966353768,Refineries,75
401,-12.71,-38.57,2016,NMVOCs,EPA,0.002655101064,0.002655101064,0.002655101064,Refineries,75
402,-12.71,-38.57,2017,NMVOCs,EPA,0.002480102072,0.002480102072,0.002480102072,Refineries,75
403,-12.71,-38.57,2018,NMVOCs,EPA,0.002476923344,0.002476923344,0.002476923344,Refineries,75
404,-12.71,-38.57,2019,NMVOCs,EPA,0.002570002372,0.002570002372,0.002570002372,Refineries,75
405,-12.71,-38.57,2020,NMVOCs,EPA,0.002831403456,0.002831403456,0.002831403456,Refineries,75
406,-12.71,-38.57,2021,NMVOCs,EPA,0.002348743852,0.002348743852,0.002348743852,Refineries,75
407,-12.71,-38.57,2022,NMVOCs,EPA,0.002834366388,0.002834366388,0.002834366388,Refineries,75
408,-23.87,-46.44,1990,NMVOCs,EPA,0.0011489618,0.0011489618,0.0011489618,Refineries,75
409,-23.87,-46.44,1991,NMVOCs,EPA,0.001214847004,0.001214847004,0.001214847004,Refineries,75
410,-23.87,-46.44,1992,NMVOCs,EPA,0.001221159968,0.001221159968,0.001221159968,Refineries,75
411,-23.87,-46.44,1993,NMVOCs,EPA,0.001197387128,0.001197387128,0.001197387128,Refineries,75
412,-23.87,-46.44,1994,NMVOCs,EPA,0.001362663736,0.001362663736,0.001362663736,Refineries,75
413,-23.87,-46.44,1995,NMVOCs,EPA,0.001514710148,0.001514710148,0.001514710148,Refineries,75
414,-23.87,-46.44,1996,NMVOCs,EPA,0.001487058468,0.001487058468,0.001487058468,Refineries,75
415,-23.87,-46.44,1997,NMVOCs,EPA,0.001623094228,0.001623094228,0.001623094228,Refineries,75
416,-23.87,-46.44,1998,NMVOCs,EPA,0.001590455132,0.001590455132,0.001590455132,Refineries,75
417,-23.87,-46.44,1999,NMVOCs,EPA,0.001788634064,0.001788634064,0.001788634064,Refineries,75
418,-23.87,-46.44,2000,NMVOCs,EPA,0.00180107732,0.00180107732,0.00180107732,Refineries,75
419,-23.87,-46.44,2001,NMVOCs,EPA,0.001757837956,0.001757837956,0.001757837956,Refineries,75
420,-23.87,-46.44,2002,NMVOCs,EPA,0.00173825246,0.00173825246,0.00173825246,Refineries,75
421,-23.87,-46.44,2003,NMVOCs,EPA,0.001867275144,0.001867275144,0.001867275144,Refineries,75
422,-23.87,-46.44,2004,NMVOCs,EPA,0.001765765176,0.001765765176,0.001765765176,Refineries,75
423,-23.87,-46.44,2005,NMVOCs,EPA,0.00180096952,0.00180096952,0.00180096952,Refineries,75
424,-23.87,-46.44,2006,NMVOCs,EPA,0.001863171884,0.001863171884,0.001863171884,Refineries,75
425,-23.87,-46.44,2007,NMVOCs,EPA,0.001748179076,0.001748179076,0.001748179076,Refineries,75
426,-23.87,-46.44,2008,NMVOCs,EPA,0.00192135174,0.00192135174,0.00192135174,Refineries,75
427,-23.87,-46.44,2009,NMVOCs,EPA,0.001887673452,0.001887673452,0.001887673452,Refineries,75
428,-23.87,-46.44,2010,NMVOCs,EPA,0.001825840744,0.001825840744,0.001825840744,Refineries,75
429,-23.87,-46.44,2011,NMVOCs,EPA,0.00172600834,0.00172600834,0.00172600834,Refineries,75
430,-23.87,-46.44,2012,NMVOCs,EPA,0.00178779832,0.00178779832,0.00178779832,Refineries,75
431,-23.87,-46.44,2013,NMVOCs,EPA,0.001999180596,0.001999180596,0.001999180596,Refineries,75
432,-23.87,-46.44,2014,NMVOCs,EPA,0.0020174672,0.0020174672,0.0020174672,Refineries,75
433,-23.87,-46.44,2015,NMVOCs,EPA,0.001790597396,0.001790597396,0.001790597396,Refineries,75
434,-23.87,-46.44,2016,NMVOCs,EPA,0.001624328244,0.001624328244,0.001624328244,Refineries,75
435,-23.87,-46.44,2017,NMVOCs,EPA,0.00164580024,0.00164580024,0.00164580024,Refineries,75
436,-23.87,-46.44,2018,NMVOCs,EPA,0.00162977332,0.00162977332,0.00162977332,Refineries,75
437,-23.87,-46.44,2019,NMVOCs,EPA,0.0015156631,0.0015156631,0.0015156631,Refineries,75
438,-23.87,-46.44,2020,NMVOCs,EPA,0.001635955356,0.001635955356,0.001635955356,Refineries,75
439,-23.87,-46.44,2021,NMVOCs,EPA,0.001704379152,0.001704379152,0.001704379152,Refineries,75
440,-23.87,-46.44,2022,NMVOCs,EPA,0.00198177854,0.00198177854,0.00198177854,Refineries,75
441,-23.87,-46.44,2023,NMVOCs,EPA,0.000293891808,0.000293891808,0.000293891808,Refineries,75
442,-5.13,-36.38,1990,NMVOCs,EPA,0,0,0,Refineries,75
443,-5.13,-36.38,1991,NMVOCs,EPA,0,0,0,Refineries,75
444,-5.13,-36.38,1992,NMVOCs,EPA,0,0,0,Refineries,75
445,-5.13,-36.38,1993,NMVOCs,EPA,0,0,0,Refineries,75
446,-5.13,-36.38,1994,NMVOCs,EPA,0,0,0,Refineries,75
447,-5.13,-36.38,1995,NMVOCs,EPA,0,0,0,Refineries,75
448,-5.13,-36.38,1996,NMVOCs,EPA,0,0,0,Refineries,75
449,-5.13,-36.38,1997,NMVOCs,EPA,0,0,0,Refineries,75
450,-5.13,-36.38,1998,NMVOCs,EPA,0,0,0,Refineries,75
451,-5.13,-36.38,1999,NMVOCs,EPA,0,0,0,Refineries,75
452,-5.13,-36.38,2000,NMVOCs,EPA,3.7830352e-05,3.7830352e-05,3.7830352e-05,Refineries,75
453,-5.13,-36.38,2001,NMVOCs,EPA,3.4211212e-05,3.4211212e-05,3.4211212e-05,Refineries,75
454,-5.13,-36.38,2002,NMVOCs,EPA,4.28358e-05,4.28358e-05,4.28358e-05,Refineries,75
455,-5.13,-36.38,2003,NMVOCs,EPA,4.495064e-05,4.495064e-05,4.495064e-05,Refineries,75
456,-5.13,-36.38,2004,NMVOCs,EPA,4.89069e-05,4.89069e-05,4.89069e-05,Refineries,75
457,-5.13,-36.38,2005,NMVOCs,EPA,7.4190704e-05,7.4190704e-05,7.4190704e-05,Refineries,75
458,-5.13,-36.38,2006,NMVOCs,EPA,0.00010305484,0.00010305484,0.00010305484,Refineries,75
459,-5.13,-36.38,2007,NMVOCs,EPA,0.0001098923,0.0001098923,0.0001098923,Refineries,75
460,-5.13,-36.38,2008,NMVOCs,EPA,0.000110488532,0.000110488532,0.000110488532,Refineries,75
461,-5.13,-36.38,2009,NMVOCs,EPA,0.000158179448,0.000158179448,0.000158179448,Refineries,75
462,-5.13,-36.38,2010,NMVOCs,EPA,0.00037248232,0.00037248232,0.00037248232,Refineries,75
463,-5.13,-36.38,2011,NMVOCs,EPA,0.00038989496,0.00038989496,0.00038989496,Refineries,75
464,-5.13,-36.38,2012,NMVOCs,EPA,0.000415807336,0.000415807336,0.000415807336,Refineries,75
465,-5.13,-36.38,2013,NMVOCs,EPA,0.000423926832,0.000423926832,0.000423926832,Refineries,75
466,-5.13,-36.38,2014,NMVOCs,EPA,0.0004309158,0.0004309158,0.0004309158,Refineries,75
467,-5.13,-36.38,2015,NMVOCs,EPA,0.000385818356,0.000385818356,0.000385818356,Refineries,75
468,-5.13,-36.38,2016,NMVOCs,EPA,0.000380749012,0.000380749012,0.000380749012,Refineries,75
469,-5.13,-36.38,2017,NMVOCs,EPA,0.000376813332,0.000376813332,0.000376813332,Refineries,75
470,-5.13,-36.38,2018,NMVOCs,EPA,0.000352744336,0.000352744336,0.000352744336,Refineries,75
471,-5.13,-36.38,2019,NMVOCs,EPA,0.00036030484,0.00036030484,0.00036030484,Refineries,75
472,-5.13,-36.38,2020,NMVOCs,EPA,0.000328520696,0.000328520696,0.000328520696,Refineries,75
473,-5.13,-36.38,2021,NMVOCs,EPA,0.00032358914,0.00032358914,0.00032358914,Refineries,75
474,-5.13,-36.38,2022,NMVOCs,EPA,0.000274968008,0.000274968008,0.000274968008,Refineries,75
475,-5.13,-36.38,2023,NMVOCs,EPA,4.8291656e-05,4.8291656e-05,4.8291656e-05,Refineries,75
476,-23.14,-47.02,1990,NMVOCs,EPA,0,0,0,Refineries,75
477,-23.14,-47.02,1991,NMVOCs,EPA,0,0,0,Refineries,75
478,-23.14,-47.02,1992,NMVOCs,EPA,0,0,0,Refineries,75
479,-23.14,-47.02,1993,NMVOCs,EPA,0,0,0,Refineries,75
480,-23.14,-47.02,1994,NMVOCs,EPA,0,0,0,Refineries,75
481,-23.14,-47.02,1995,NMVOCs,EPA,0,0,0,Refineries,75
482,-23.14,-47.02,1996,NMVOCs,EPA,0,0,0,Refineries,75
483,-23.14,-47.02,1997,NMVOCs,EPA,0,0,0,Refineries,75
484,-23.14,-47.02,1998,NMVOCs,EPA,0,0,0,Refineries,75
485,-23.14,-47.02,1999,NMVOCs,EPA,0,0,0,Refineries,75
486,-23.14,-47.02,2000,NMVOCs,EPA,0,0,0,Refineries,75
487,-23.14,-47.02,2001,NMVOCs,EPA,0,0,0,Refineries,75
488,-23.14,-47.02,2002,NMVOCs,EPA,0,0,0,Refineries,75
489,-23.14,-47.02,2003,NMVOCs,EPA,0,0,0,Refineries,75
490,-23.14,-47.02,2004,NMVOCs,EPA,0,0,0,Refineries,75
491,-23.14,-47.02,2005,NMVOCs,EPA,0,0,0,Refineries,75
492,-23.14,-47.02,2006,NMVOCs,EPA,3.0941344e-05,3.0941344e-05,3.0941344e-05,Refineries,75
493,-23.14,-47.02,2007,NMVOCs,EPA,5.7764924e-05,5.7764924e-05,5.7764924e-05,Refineries,75
494,-23.14,-47.02,2008,NMVOCs,EPA,2.30888e-05,2.30888e-05,2.30888e-05,Refineries,75
495,-23.14,-47.02,2009,NMVOCs,EPA,7.8265936e-05,7.8265936e-05,7.8265936e-05,Refineries,75
496,-23.14,-47.02,2010,NMVOCs,EPA,9.7616624e-05,9.7616624e-05,9.7616624e-05,Refineries,75
497,-23.14,-47.02,2011,NMVOCs,EPA,5.9374476e-05,5.9374476e-05,5.9374476e-05,Refineries,75
498,-23.14,-47.02,2012,NMVOCs,EPA,8.988756e-06,8.988756e-06,8.988756e-06,Refineries,75
499,-23.14,-47.02,2013,NMVOCs,EPA,7.29512e-07,7.29512e-07,7.29512e-07,Refineries,75
500,-23.14,-47.02,2014,NMVOCs,EPA,2.0188e-07,2.0188e-07,2.0188e-07,Refineries,75
501,-23.14,-47.02,2015,NMVOCs,EPA,0,0,0,Refineries,75
502,-23.14,-47.02,2016,NMVOCs,EPA,0,0,0,Refineries,75
503,-23.14,-47.02,2017,NMVOCs,EPA,0,0,0,Refineries,75
504,-23.14,-47.02,2018,NMVOCs,EPA,0,0,0,Refineries,75
505,-23.14,-47.02,2019,NMVOCs,EPA,0,0,0,Refineries,75
506,-23.14,-47.02,2020,NMVOCs,EPA,0,0,0,Refineries,75
507,-23.14,-47.02,2021,NMVOCs,EPA,0,0,0,Refineries,75
508,-23.14,-47.02,2022,NMVOCs,EPA,0,0,0,Refineries,75
509,-23.14,-47.02,2023,NMVOCs,EPA,0,0,0,Refineries,75
510,-8.38,-35.01,1990,NMVOCs,EPA,0,0,0,Refineries,75
511,-8.38,-35.01,1991,NMVOCs,EPA,0,0,0,Refineries,75
512,-8.38,-35.01,1992,NMVOCs,EPA,0,0,0,Refineries,75
513,-8.38,-35.01,1993,NMVOCs,EPA,0,0,0,Refineries,75
514,-8.38,-35.01,1994,NMVOCs,EPA,0,0,0,Refineries,75
515,-8.38,-35.01,1995,NMVOCs,EPA,0,0,0,Refineries,75
516,-8.38,-35.01,1996,NMVOCs,EPA,0,0,0,Refineries,75
517,-8.38,-35.01,1997,NMVOCs,EPA,0,0,0,Refineries,75
518,-8.38,-35.01,1998,NMVOCs,EPA,0,0,0,Refineries,75
519,-8.38,-35.01,1999,NMVOCs,EPA,0,0,0,Refineries,75
520,-8.38,-35.01,2000,NMVOCs,EPA,0,0,0,Refineries,75
521,-8.38,-35.01,2001,NMVOCs,EPA,0,0,0,Refineries,75
522,-8.38,-35.01,2002,NMVOCs,EPA,0,0,0,Refineries,75
523,-8.38,-35.01,2003,NMVOCs,EPA,0,0,0,Refineries,75
524,-8.38,-35.01,2004,NMVOCs,EPA,0,0,0,Refineries,75
525,-8.38,-35.01,2005,NMVOCs,EPA,0,0,0,Refineries,75
526,-8.38,-35.01,2006,NMVOCs,EPA,0,0,0,Refineries,75
527,-8.38,-35.01,2007,NMVOCs,EPA,0,0,0,Refineries,75
528,-8.38,-35.01,2008,NMVOCs,EPA,0,0,0,Refineries,75
529,-8.38,-35.01,2009,NMVOCs,EPA,0,0,0,Refineries,75
530,-8.38,-35.01,2010,NMVOCs,EPA,0,0,0,Refineries,75
531,-8.38,-35.01,2011,NMVOCs,EPA,0,0,0,Refineries,75
532,-8.38,-35.01,2012,NMVOCs,EPA,0,0,0,Refineries,75
533,-8.38,-35.01,2013,NMVOCs,EPA,0,0,0,Refineries,75
534,-8.38,-35.01,2014,NMVOCs,EPA,3.9872084e-05,3.9872084e-05,3.9872084e-05,Refineries,75
535,-8.38,-35.01,2015,NMVOCs,EPA,0.000720624772,0.000720624772,0.000720624772,Refineries,75
536,-8.38,-35.01,2016,NMVOCs,EPA,0.000976082352,0.000976082352,0.000976082352,Refineries,75
537,-8.38,-35.01,2017,NMVOCs,EPA,0.000857773616,0.000857773616,0.000857773616,Refineries,75
538,-8.38,-35.01,2018,NMVOCs,EPA,0.000896039284,0.000896039284,0.000896039284,Refineries,75
539,-8.38,-35.01,2019,NMVOCs,EPA,0.000946892072,0.000946892072,0.000946892072,Refineries,75
540,-8.38,-35.01,2020,NMVOCs,EPA,0.001157810416,0.001157810416,0.001157810416,Refineries,75
541,-8.38,-35.01,2021,NMVOCs,EPA,0.000790287876,0.000790287876,0.000790287876,Refineries,75
542,-8.38,-35.01,2022,NMVOCs,EPA,0.000831242272,0.000831242272,0.000831242272,Refineries,75
543,-8.38,-35.01,2023,NMVOCs,EPA,0.000146142108,0.000146142108,0.000146142108,Refineries,75
544,-21.37,-50.28,2000,NMVOCs,EPA,0,0,0,Refineries,75
545,-21.37,-50.28,2001,NMVOCs,EPA,0,0,0,Refineries,75
546,-21.37,-50.28,2002,NMVOCs,EPA,0,0,0,Refineries,75
547,-21.37,-50.28,2003,NMVOCs,EPA,0,0,0,Refineries,75
548,-21.37,-50.28,2004,NMVOCs,EPA,0,0,0,Refineries,75
549,-21.37,-50.28,2005,NMVOCs,EPA,0,0,0,Refineries,75
550,-21.37,-50.28,2006,NMVOCs,EPA,0,0,0,Refineries,75
551,-21.37,-50.28,2007,NMVOCs,EPA,0,0,0,Refineries,75
552,-21.37,-50.28,2008,NMVOCs,EPA,0,0,0,Refineries,75
553,-21.37,-50.28,2009,NMVOCs,EPA,0,0,0,Refineries,75
554,-21.37,-50.28,2010,NMVOCs,EPA,0,0,0,Refineries,75
555,-21.37,-50.28,2011,NMVOCs,EPA,0,0,0,Refineries,75
556,-21.37,-50.28,2012,NMVOCs,EPA,0,0,0,Refineries,75
557,-21.37,-50.28,2013,NMVOCs,EPA,0,0,0,Refineries,75
558,-21.37,-50.28,2014,NMVOCs,EPA,0,0,0,Refineries,75
559,-21.37,-50.28,2015,NMVOCs,EPA,0,0,0,Refineries,75
560,-21.37,-50.28,2016,NMVOCs,EPA,0,0,0,Refineries,75
561,-21.37,-50.28,2017,NMVOCs,EPA,0,0,0,Refineries,75
562,-21.37,-50.28,2018,NMVOCs,EPA,0,0,0,Refineries,75
563,-21.37,-50.28,2019,NMVOCs,EPA,0,0,0,Refineries,75
564,-21.37,-50.28,2020,NMVOCs,EPA,0,0,0,Refineries,75
565,-21.37,-50.28,2021,NMVOCs,EPA,0,0,0,Refineries,75
566,-21.37,-50.28,2022,NMVOCs,EPA,2.051924e-06,2.051924e-06,2.051924e-06,Refineries,75
567,-21.37,-50.28,2023,NMVOCs,EPA,7.056e-08,7.056e-08,7.056e-08,Refineries,75
568,-12.62,-38.09,1990,TSP,EPA,0,0,0,Refineries,75
569,-12.62,-38.09,1991,TSP,EPA,0,0,0,Refineries,75
570,-12.62,-38.09,1992,TSP,EPA,0,0,0,Refineries,75
571,-12.62,-38.09,1993,TSP,EPA,0,0,0,Refineries,75
572,-12.62,-38.09,1994,TSP,EPA,0,0,0,Refineries,75
573,-12.62,-38.09,1995,TSP,EPA,0.015286307465,0.005872581429,0.021466814512,Refineries,75
574,-12.62,-38.09,1996,TSP,EPA,0,0,0,Refineries,75
575,-12.62,-38.09,1997,TSP,EPA,0,0,0,Refineries,75
576,-12.62,-38.09,1998,TSP,EPA,0,0,0,Refineries,75
577,-12.62,-38.09,1999,TSP,EPA,0,0,0,Refineries,75
578,-12.62,-38.09,2000,TSP,EPA,0,0,0,Refineries,75
579,-12.62,-38.09,2001,TSP,EPA,0,0,0,Refineries,75
580,-12.62,-38.09,2002,TSP,EPA,0,0,0,Refineries,75
581,-12.62,-38.09,2003,TSP,EPA,0,0,0,Refineries,75
582,-12.62,-38.09,2004,TSP,EPA,0,0,0,Refineries,75
583,-12.62,-38.09,2005,TSP,EPA,0,0,0,Refineries,75
584,-12.62,-38.09,2006,TSP,EPA,0,0,0,Refineries,75
585,-12.62,-38.09,2007,TSP,EPA,0,0,0,Refineries,75
586,-12.62,-38.09,2008,TSP,EPA,0,0,0,Refineries,75
587,-12.62,-38.09,2009,TSP,EPA,0.000177767795,6.8293527e-05,0.000249642256,Refineries,75
588,-12.62,-38.09,2010,TSP,EPA,0.000692839245,0.000266169897,0.000972965616,Refineries,75
589,-12.62,-38.09,2011,TSP,EPA,0.001597132935,0.000613574811,0.002242880208,Refineries,75
590,-12.62,-38.09,2012,TSP,EPA,0.00235081387,0.000903118422,0.003301286816,Refineries,75
591,-12.62,-38.09,2013,TSP,EPA,0.0018396511,0.00070674366,0.00258345248,Refineries,75
592,-12.62,-38.09,2014,TSP,EPA,0.001192841705,0.000458257173,0.001675127344,Refineries,75
593,-12.62,-38.09,2015,TSP,EPA,0.00130179616,0.000500114496,0.001828133888,Refineries,75
594,-12.62,-38.09,2016,TSP,EPA,0.00129197303,0.000496340718,0.001814339104,Refineries,75
595,-12.62,-38.09,2017,TSP,EPA,0.001819310535,0.000698929371,0.002554887888,Refineries,75
596,-12.62,-38.09,2018,TSP,EPA,0.001995509715,0.000766620279,0.002802327312,Refineries,75
597,-12.62,-38.09,2019,TSP,EPA,0.002577954465,0.000990379629,0.003620264112,Refineries,75
598,-12.62,-38.09,2020,TSP,EPA,0.00321550646,0.001235309676,0.004515588928,Refineries,75
599,-12.62,-38.09,2021,TSP,EPA,0.00315651625,0.00121264725,0.004432748,Refineries,75
600,-12.62,-38.09,2022,TSP,EPA,0.003668116175,0.001409189955,0.00515119624,Refineries,75
601,-12.62,-38.09,2023,TSP,EPA,0.00063284615,0.00024312219,0.00088871632,Refineries,75
602,-3.72,-38.47,1990,TSP,EPA,0.00627209422,0.002409567132,0.008808005696,Refineries,75
603,-3.72,-38.47,1991,TSP,EPA,0.006093554975,0.002340977235,0.00855728008,Refineries,75
604,-3.72,-38.47,1992,TSP,EPA,0.006878891075,0.002642681895,0.00966014056,Refineries,75
605,-3.72,-38.47,1993,TSP,EPA,0.00689357434,0.002648322804,0.009680760512,Refineries,75
606,-3.72,-38.47,1994,TSP,EPA,0.006265588325,0.002407067745,0.00879886936,Refineries,75
607,-3.72,-38.47,1995,TSP,EPA,0.007094074195,0.002725349367,0.009962325776,Refineries,75
608,-3.72,-38.47,1996,TSP,EPA,0.02200993137,0.008455613922,0.030908910816,Refineries,75
609,-3.72,-38.47,1997,TSP,EPA,0.006340727555,0.002435934183,0.008904388624,Refineries,75
610,-3.72,-38.47,1998,TSP,EPA,0.008805253155,0.003382737543,0.012365362704,Refineries,75
611,-3.72,-38.47,1999,TSP,EPA,0.00837131253,0.003216029418,0.011755972704,Refineries,75
612,-3.72,-38.47,2000,TSP,EPA,0.00795272376,0.003055219056,0.011168141568,Refineries,75
613,-3.72,-38.47,2001,TSP,EPA,0.00844238879,0.003243334974,0.011855786272,Refineries,75
614,-3.72,-38.47,2002,TSP,EPA,0.0098395876,0.00378010056,0.01381789568,Refineries,75
615,-3.72,-38.47,2003,TSP,EPA,0.00634728488,0.002438453328,0.008913597184,Refineries,75
616,-3.72,-38.47,2004,TSP,EPA,0.006610529335,0.002539584651,0.009283275728,Refineries,75
617,-3.72,-38.47,2005,TSP,EPA,0.00692222085,0.00265932801,0.00972098928,Refineries,75
618,-3.72,-38.47,2006,TSP,EPA,0.009907192335,0.003806072451,0.013912834128,Refineries,75
619,-3.72,-38.47,2007,TSP,EPA,0.009235207955,0.003547914423,0.012969155344,Refineries,75
620,-3.72,-38.47,2008,TSP,EPA,0.00926429162,0.003559087572,0.013009998016,Refineries,75
621,-3.72,-38.47,2009,TSP,EPA,0.00902344493,0.003466560858,0.012671773024,Refineries,75
622,-3.72,-38.47,2010,TSP,EPA,0.01185559217,0.004554594402,0.016649004256,Refineries,75
623,-3.72,-38.47,2011,TSP,EPA,0.010415269305,0.004001261733,0.014626335024,Refineries,75
624,-3.72,-38.47,2012,TSP,EPA,0.011743294765,0.004511452809,0.016491303152,Refineries,75
625,-3.72,-38.47,2013,TSP,EPA,0.01255313726,0.004822572156,0.017628578368,Refineries,75
626,-3.72,-38.47,2014,TSP,EPA,0.013347653615,0.005127803619,0.018744330832,Refineries,75
627,-3.72,-38.47,2015,TSP,EPA,0.012647228445,0.004858719417,0.017760712176,Refineries,75
628,-3.72,-38.47,2016,TSP,EPA,0.01343428745,0.00516108597,0.01886599216,Refineries,75
629,-3.72,-38.47,2017,TSP,EPA,0.01141000265,0.00438341109,0.01602325552,Refineries,75
630,-3.72,-38.47,2018,TSP,EPA,0.012102430455,0.004649422923,0.016995643344,Refineries,75
631,-3.72,-38.47,2019,TSP,EPA,0.01059936299,0.004071985494,0.014884860832,Refineries,75
632,-3.72,-38.47,2020,TSP,EPA,0.012655200095,0.004861781907,0.017771906896,Refineries,75
633,-3.72,-38.47,2021,TSP,EPA,0.011531917465,0.004430247429,0.016194462512,Refineries,75
634,-3.72,-38.47,2022,TSP,EPA,0.013016752995,0.005000680647,0.018279641616,Refineries,75
635,-3.72,-38.47,2023,TSP,EPA,0.002151908345,0.000826704357,0.003021960496,Refineries,75
636,-22.89,-43.24,1990,TSP,EPA,0.014333103845,0.005506386657,0.020128214896,Refineries,75
637,-22.89,-43.24,1991,TSP,EPA,0.01309027218,0.005028924708,0.018382885824,Refineries,75
638,-22.89,-43.24,1992,TSP,EPA,0.01499631941,0.005761175946,0.021059579488,Refineries,75
639,-22.89,-43.24,1993,TSP,EPA,0.014796076705,0.005684248173,0.020778375344,Refineries,75
640,-22.89,-43.24,1994,TSP,EPA,0.01475850709,0.005669814954,0.020725615712,Refineries,75
641,-22.89,-43.24,1995,TSP,EPA,0.014940132135,0.005739590331,0.020980674768,Refineries,75
642,-22.89,-43.24,1996,TSP,EPA,0.014944246535,0.005741170971,0.020986452688,Refineries,75
643,-22.89,-43.24,1997,TSP,EPA,0.01459917695,0.00560860467,0.02050186576,Refineries,75
644,-22.89,-43.24,1998,TSP,EPA,0.01402022944,0.005386188864,0.019688840192,Refineries,75
645,-22.89,-43.24,1999,TSP,EPA,0.016682426245,0.006408932097,0.023427407216,Refineries,75
646,-22.89,-43.24,2000,TSP,EPA,0.01755655624,0.006744748944,0.024654962432,Refineries,75
647,-22.89,-43.24,2001,TSP,EPA,0.02105009328,0.008086870368,0.029560994304,Refineries,75
648,-22.89,-43.24,2002,TSP,EPA,0.01942711677,0.007463367162,0.027281821536,Refineries,75
649,-22.89,-43.24,2003,TSP,EPA,0.021872536125,0.008402830425,0.0307159644,Refineries,75
650,-22.89,-43.24,2004,TSP,EPA,0.02134689581,0.008200893786,0.029977799008,Refineries,75
651,-22.89,-43.24,2005,TSP,EPA,0.009688203395,0.003721942887,0.013605304336,Refineries,75
652,-22.89,-43.24,2006,TSP,EPA,0,0,0,Refineries,75
653,-22.89,-43.24,2007,TSP,EPA,0,0,0,Refineries,75
654,-22.89,-43.24,2008,TSP,EPA,0,0,0,Refineries,75
655,-22.89,-43.24,2009,TSP,EPA,0,0,0,Refineries,75
656,-22.89,-43.24,2010,TSP,EPA,0.00908948105,0.00349193013,0.01276450864,Refineries,75
657,-22.89,-43.24,2011,TSP,EPA,0.0150571611,0.00578454966,0.02114502048,Refineries,75
658,-22.89,-43.24,2012,TSP,EPA,0.01562073104,0.006001057824,0.021936451072,Refineries,75
659,-22.89,-43.24,2013,TSP,EPA,0.00041267432,0.000158538192,0.000579525376,Refineries,75
660,-22.89,-43.24,2014,TSP,EPA,0.0040418837,0.00155278122,0.00567608416,Refineries,75
661,-22.89,-43.24,2015,TSP,EPA,0.01011818391,0.003887129646,0.014209133088,Refineries,75
662,-22.89,-43.24,2016,TSP,EPA,0.01185543788,0.004554535128,0.016648787584,Refineries,75
663,-22.89,-43.24,2017,TSP,EPA,0.00609964943,0.002343318558,0.008565838624,Refineries,75
664,-22.89,-43.24,2018,TSP,EPA,0.00510278174,0.001960349244,0.007165920832,Refineries,75
665,-22.89,-43.24,2019,TSP,EPA,0.01161875702,0.004463608812,0.016316412736,Refineries,75
666,-22.89,-43.24,2020,TSP,EPA,0.01347090561,0.005175153666,0.018917415648,Refineries,75
667,-22.89,-43.24,2021,TSP,EPA,0.012714447455,0.004884543123,0.017855108944,Refineries,75
668,-22.89,-43.24,2022,TSP,EPA,0.0141237066,0.00542594196,0.01983415488,Refineries,75
669,-22.89,-43.24,2023,TSP,EPA,0.00192019048,0.000737684688,0.002696555264,Refineries,75
670,-23.64,-46.48,1990,TSP,EPA,0.034555225555,0.013275172983,0.048526475024,Refineries,75
671,-23.64,-46.48,1991,TSP,EPA,0.03745811476,0.014390383656,0.052603050368,Refineries,75
672,-23.64,-46.48,1992,TSP,EPA,0.041114762045,0.015795167577,0.057738140656,Refineries,75
673,-23.64,-46.48,1993,TSP,EPA,0.0497117237,0.01909788522,0.06981099616,Refineries,75
674,-23.64,-46.48,1994,TSP,EPA,0.04719653955,0.01813162023,0.06627888144,Refineries,75
675,-23.64,-46.48,1995,TSP,EPA,0.05663754465,0.02175859629,0.07953704112,Refineries,75
676,-23.64,-46.48,1996,TSP,EPA,0.05765277285,0.02214861921,0.08096274288,Refineries,75
677,-23.64,-46.48,1997,TSP,EPA,0.0663544717,0.02549157402,0.09318268256,Refineries,75
678,-23.64,-46.48,1998,TSP,EPA,0.067377748695,0.025884689067,0.094619687376,Refineries,75
679,-23.64,-46.48,1999,TSP,EPA,0.05244620537,0.020148398322,0.073651074016,Refineries,75
680,-23.64,-46.48,2000,TSP,EPA,0.060434904415,0.023217438099,0.084869736272,Refineries,75
681,-23.64,-46.48,2001,TSP,EPA,0.06903459186,0.026521202916,0.096946419648,Refineries,75
682,-23.64,-46.48,2002,TSP,EPA,0.071412689345,0.027434802957,0.100286021296,Refineries,75
683,-23.64,-46.48,2003,TSP,EPA,0.06567688145,0.02523126237,0.09223113136,Refineries,75
684,-23.64,-46.48,2004,TSP,EPA,0.069488075885,0.026695419081,0.097583254768,Refineries,75
685,-23.64,-46.48,2005,TSP,EPA,0.053700917365,0.020630424369,0.075413086832,Refineries,75
686,-23.64,-46.48,2006,TSP,EPA,0.060388154545,0.023199478077,0.084804084656,Refineries,75
687,-23.64,-46.48,2007,TSP,EPA,0.06210311361,0.023858318466,0.087212430048,Refineries,75
688,-23.64,-46.48,2008,TSP,EPA,0.067558448,0.0259541088,0.0948734464,Refineries,75
689,-23.64,-46.48,2009,TSP,EPA,0.06222813994,0.023906350164,0.087388006592,Refineries,75
690,-23.64,-46.48,2010,TSP,EPA,0.054456166915,0.020920570599,0.076473696272,Refineries,75
691,-23.64,-46.48,2011,TSP,EPA,0.064087463015,0.024620651259,0.089999084752,Refineries,75
692,-23.64,-46.48,2012,TSP,EPA,0.079705725415,0.030620760699,0.111932069072,Refineries,75
693,-23.64,-46.48,2013,TSP,EPA,0.07977003863,0.030645468078,0.112022385184,Refineries,75
694,-23.64,-46.48,2014,TSP,EPA,0.08126048003,0.031218054918,0.114115436704,Refineries,75
695,-23.64,-46.48,2015,TSP,EPA,0.060498934765,0.023242036809,0.084959655152,Refineries,75
696,-23.64,-46.48,2016,TSP,EPA,0.081060751625,0.031141324725,0.1138349548,Refineries,75
697,-23.64,-46.48,2017,TSP,EPA,0.075074042475,0.028841394735,0.10542772008,Refineries,75
698,-23.64,-46.48,2018,TSP,EPA,0.074155142665,0.028488378549,0.104137293872,Refineries,75
699,-23.64,-46.48,2019,TSP,EPA,0.074203178285,0.028506832521,0.104204751088,Refineries,75
700,-23.64,-46.48,2020,TSP,EPA,0.05803484632,0.022295401392,0.081499294976,Refineries,75
701,-23.64,-46.48,2021,TSP,EPA,0.08071074476,0.031006861656,0.113343434368,Refineries,75
702,-23.64,-46.48,2022,TSP,EPA,0.086840300735,0.033361669491,0.121951271248,Refineries,75
703,-23.64,-46.48,2023,TSP,EPA,0.01178806458,0.004528652148,0.016554174144,Refineries,75
704,-22.72,-43.27,1990,TSP,EPA,0.25961586278,0.099737317068,0.364582851904,Refineries,75
705,-22.72,-43.27,1991,TSP,EPA,0.26924196445,0.10343540217,0.37810094576,Refineries,75
706,-22.72,-43.27,1992,TSP,EPA,0.2836760511,0.10898058366,0.39837097248,Refineries,75
707,-22.72,-43.27,1993,TSP,EPA,0.255502825675,0.098157200655,0.35880684584,Refineries,75
708,-22.72,-43.27,1994,TSP,EPA,0.242174072585,0.093036658101,0.340089057328,Refineries,75
709,-22.72,-43.27,1995,TSP,EPA,0.20985060045,0.08061886377,0.29469667056,Refineries,75
710,-22.72,-43.27,1996,TSP,EPA,0.294135550205,0.112998837273,0.413059420144,Refineries,75
711,-22.72,-43.27,1997,TSP,EPA,0.253635145225,0.097439688885,0.35618403128,Refineries,75
712,-22.72,-43.27,1998,TSP,EPA,0.309711691435,0.118982764911,0.434933253008,Refineries,75
713,-22.72,-43.27,1999,TSP,EPA,0.313500745255,0.120438415803,0.440254283984,Refineries,75
714,-22.72,-43.27,2000,TSP,EPA,0.278264509355,0.106901617263,0.390771454864,Refineries,75
715,-22.72,-43.27,2001,TSP,EPA,0.28693141581,0.110231205786,0.402942535008,Refineries,75
716,-22.72,-43.27,2002,TSP,EPA,0.289039762945,0.111041175117,0.405903321776,Refineries,75
717,-22.72,-43.27,2003,TSP,EPA,0.29372110155,0.11283961743,0.41247740304,Refineries,75
718,-22.72,-43.27,2004,TSP,EPA,0.327249990025,0.125720499765,0.45956257592,Refineries,75
719,-22.72,-43.27,2005,TSP,EPA,0.31948352001,0.122736834306,0.448655993568,Refineries,75
720,-22.72,-43.27,2006,TSP,EPA,0.32767055885,0.12588207081,0.46015318768,Refineries,75
721,-22.72,-43.27,2007,TSP,EPA,0.314299401725,0.120745237785,0.44137585048,Refineries,75
722,-22.72,-43.27,2008,TSP,EPA,0.33295637996,0.127912738776,0.467576153728,Refineries,75
723,-22.72,-43.27,2009,TSP,EPA,0.31226243943,0.119962692558,0.438515310624,Refineries,75
724,-22.72,-43.27,2010,TSP,EPA,0.33109389394,0.127197222564,0.464960633792,Refineries,75
725,-22.72,-43.27,2011,TSP,EPA,0.324536903235,0.124678205991,0.455752543248,Refineries,75
726,-22.72,-43.27,2012,TSP,EPA,0.340115718825,0.130663161045,0.47763013176,Refineries,75
727,-22.72,-43.27,2013,TSP,EPA,0.363690716525,0.139720030665,0.51073689112,Refineries,75
728,-22.72,-43.27,2014,TSP,EPA,0.355203737925,0.136459565505,0.49881848664,Refineries,75
729,-22.72,-43.27,2015,TSP,EPA,0.29976057788,0.115159819128,0.420958739584,Refineries,75
730,-22.72,-43.27,2016,TSP,EPA,0.291623554715,0.112033797279,0.409531783312,Refineries,75
731,-22.72,-43.27,2017,TSP,EPA,0.26814048814,0.103012245084,0.376554124352,Refineries,75
732,-22.72,-43.27,2018,TSP,EPA,0.28708719728,0.110291052768,0.403161301504,Refineries,75
733,-22.72,-43.27,2019,TSP,EPA,0.28679831497,0.110180072082,0.402755619296,Refineries,75
734,-22.72,-43.27,2020,TSP,EPA,0.272452559345,0.104668824957,0.382609637296,Refineries,75
735,-22.72,-43.27,2021,TSP,EPA,0.281833905645,0.108272881737,0.395784017136,Refineries,75
736,-22.72,-43.27,2022,TSP,EPA,0.30969150516,0.118975009896,0.434904905088,Refineries,75
737,-22.72,-43.27,2023,TSP,EPA,0.055510790495,0.021325728147,0.077954721616,Refineries,75
738,-29.87,-51.17,1990,TSP,EPA,0.097411531515,0.037422847359,0.136796625552,Refineries,75
739,-29.87,-51.17,1991,TSP,EPA,0.08465398572,0.032521747032,0.118880992896,Refineries,75
740,-29.87,-51.17,1992,TSP,EPA,0.101033797845,0.038814423057,0.141883434096,Refineries,75
741,-29.87,-51.17,1993,TSP,EPA,0.11302143654,0.043419746124,0.158717873472,Refineries,75
742,-29.87,-51.17,1994,TSP,EPA,0.152678620955,0.058654952223,0.214409113744,Refineries,75
743,-29.87,-51.17,1995,TSP,EPA,0.145751154245,0.055993608897,0.204680757616,Refineries,75
744,-29.87,-51.17,1996,TSP,EPA,0.1715416792,0.06590162352,0.24089881856,Refineries,75
745,-29.87,-51.17,1997,TSP,EPA,0.15339537515,0.05893030959,0.21541566352,Refineries,75
746,-29.87,-51.17,1998,TSP,EPA,0.168981776665,0.064918178949,0.237303905072,Refineries,75
747,-29.87,-51.17,1999,TSP,EPA,0.177159506675,0.068059839255,0.24878802664,Refineries,75
748,-29.87,-51.17,2000,TSP,EPA,0.183773816115,0.070600876119,0.258076610832,Refineries,75
749,-29.87,-51.17,2001,TSP,EPA,0.171754830835,0.065983510551,0.241198150928,Refineries,75
750,-29.87,-51.17,2002,TSP,EPA,0.16243167758,0.062401809948,0.228105492544,Refineries,75
751,-29.87,-51.17,2003,TSP,EPA,0.15685743703,0.060260339118,0.220277494304,Refineries,75
752,-29.87,-51.17,2004,TSP,EPA,0.154912997305,0.059513338533,0.217546885424,Refineries,75
753,-29.87,-51.17,2005,TSP,EPA,0.17849028364,0.068571087384,0.250656858752,Refineries,75
754,-29.87,-51.17,2006,TSP,EPA,0.174769426,0.0671416356,0.2454315968,Refineries,75
755,-29.87,-51.17,2007,TSP,EPA,0.22254727884,0.085496580504,0.312526826112,Refineries,75
756,-29.87,-51.17,2008,TSP,EPA,0.218255368195,0.083847745767,0.306499624976,Refineries,75
757,-29.87,-51.17,2009,TSP,EPA,0.249716487805,0.095934247833,0.350680995824,Refineries,75
758,-29.87,-51.17,2010,TSP,EPA,0.222782185365,0.085586825169,0.312856709232,Refineries,75
759,-29.87,-51.17,2011,TSP,EPA,0.22348567062,0.085857084972,0.313844625216,Refineries,75
760,-29.87,-51.17,2012,TSP,EPA,0.23451781706,0.090095334036,0.329337251008,Refineries,75
761,-29.87,-51.17,2013,TSP,EPA,0.296230191245,0.113803541097,0.416000959216,Refineries,75
762,-29.87,-51.17,2014,TSP,EPA,0.28758735403,0.110483199318,0.403863679904,Refineries,75
763,-29.87,-51.17,2015,TSP,EPA,0.262261910565,0.100753856289,0.368298740592,Refineries,75
764,-29.87,-51.17,2016,TSP,EPA,0.227200845245,0.087284353497,0.319061906416,Refineries,75
765,-29.87,-51.17,2017,TSP,EPA,0.208301966005,0.080023920753,0.292521897584,Refineries,75
766,-29.87,-51.17,2018,TSP,EPA,0.205956860865,0.079122995469,0.289228627632,Refineries,75
767,-29.87,-51.17,2019,TSP,EPA,0.214407375595,0.082369452207,0.301095825296,Refineries,75
768,-29.87,-51.17,2020,TSP,EPA,0.20282521102,0.077919901212,0.284830799936,Refineries,75
769,-29.87,-51.17,2021,TSP,EPA,0.226661138825,0.087077013045,0.31830398776,Refineries,75
770,-29.87,-51.17,2022,TSP,EPA,0.24650172708,0.094699224648,0.346166454144,Refineries,75
771,-29.87,-51.17,2023,TSP,EPA,0.020247039545,0.007778359077,0.028433252656,Refineries,75
772,-19.97,-44.1,1990,TSP,EPA,0.190362873425,0.073132211805,0.26732973304,Refineries,75
773,-19.97,-44.1,1991,TSP,EPA,0.19603557671,0.075311509326,0.275296004128,Refineries,75
774,-19.97,-44.1,1992,TSP,EPA,0.19026204491,0.073093476246,0.267188137888,Refineries,75
775,-19.97,-44.1,1993,TSP,EPA,0.19595128294,0.075279125964,0.275177628992,Refineries,75
776,-19.97,-44.1,1994,TSP,EPA,0.191675418455,0.073636455723,0.269172961744,Refineries,75
777,-19.97,-44.1,1995,TSP,EPA,0.193794900185,0.074450702661,0.272149385008,Refineries,75
778,-19.97,-44.1,1996,TSP,EPA,0.169930300155,0.065282575743,0.238635932304,Refineries,75
779,-19.97,-44.1,1997,TSP,EPA,0.195425488335,0.075077130051,0.274439246928,Refineries,75
780,-19.97,-44.1,1998,TSP,EPA,0.18056316979,0.069367433574,0.253567847072,Refineries,75
781,-19.97,-44.1,1999,TSP,EPA,0.199951791205,0.076816011873,0.280795608944,Refineries,75
782,-19.97,-44.1,2000,TSP,EPA,0.194794596525,0.074834758665,0.27355327512,Refineries,75
783,-19.97,-44.1,2001,TSP,EPA,0.19801342022,0.076071342732,0.278073522496,Refineries,75
784,-19.97,-44.1,2002,TSP,EPA,0.186624169575,0.071695903995,0.26207940936,Refineries,75
785,-19.97,-44.1,2003,TSP,EPA,0.192330739515,0.073888212159,0.270093239952,Refineries,75
786,-19.97,-44.1,2004,TSP,EPA,0.199801049875,0.076758101175,0.2805839204,Refineries,75
787,-19.97,-44.1,2005,TSP,EPA,0.19878373876,0.076367278056,0.279155293568,Refineries,75
788,-19.97,-44.1,2006,TSP,EPA,0.206497904465,0.079330849629,0.289988424112,Refineries,75
789,-19.97,-44.1,2007,TSP,EPA,0.199598878545,0.076680432477,0.280300007856,Refineries,75
790,-19.97,-44.1,2008,TSP,EPA,0.21969054806,0.084399102636,0.308515071808,Refineries,75
791,-19.97,-44.1,2009,TSP,EPA,0.214530961885,0.082416930681,0.301269379568,Refineries,75
792,-19.97,-44.1,2010,TSP,EPA,0.219813594335,0.084446373651,0.308687867728,Refineries,75
793,-19.97,-44.1,2011,TSP,EPA,0.19896477236,0.076436826216,0.279409522048,Refineries,75
794,-19.97,-44.1,2012,TSP,EPA,0.220108442525,0.084559646265,0.30910192792,Refineries,75
795,-19.97,-44.1,2013,TSP,EPA,0.223243203885,0.085763935881,0.313504125168,Refineries,75
796,-19.97,-44.1,2014,TSP,EPA,0.23676736526,0.090959548956,0.332496328768,Refineries,75
797,-19.97,-44.1,2015,TSP,EPA,0.227753152015,0.087496534659,0.319837519952,Refineries,75
798,-19.97,-44.1,2016,TSP,EPA,0.22447878392,0.086238611952,0.315239270656,Refineries,75
799,-19.97,-44.1,2017,TSP,EPA,0.21090897842,0.081025463652,0.296182968256,Refineries,75
800,-19.97,-44.1,2018,TSP,EPA,0.213931596665,0.082186670949,0.300427681072,Refineries,75
801,-19.97,-44.1,2019,TSP,EPA,0.206980472155,0.079516238943,0.290666101904,Refineries,75
802,-19.97,-44.1,2020,TSP,EPA,0.186554893365,0.071669289969,0.261982123632,Refineries,75
803,-19.97,-44.1,2021,TSP,EPA,0.205053441485,0.078775926441,0.287959940848,Refineries,75
804,-19.97,-44.1,2022,TSP,EPA,0.221989803355,0.085282413663,0.311743954064,Refineries,75
805,-19.97,-44.1,2023,TSP,EPA,0.035983385225,0.013823832885,0.05053206328,Refineries,75
806,-3.15,-59.95,1990,TSP,EPA,0.013010427105,0.004998250413,0.018270758064,Refineries,75
807,-3.15,-59.95,1991,TSP,EPA,0.015210962515,0.005843635959,0.021361006352,Refineries,75
808,-3.15,-59.95,1992,TSP,EPA,0.015948983015,0.006127163259,0.022397420752,Refineries,75
809,-3.15,-59.95,1993,TSP,EPA,0.01462586912,0.005618859072,0.020539350016,Refineries,75
810,-3.15,-59.95,1994,TSP,EPA,0.015637934375,0.006007666875,0.02196061,Refineries,75
811,-3.15,-59.95,1995,TSP,EPA,0.015326062855,0.005887854363,0.021522643664,Refineries,75
812,-3.15,-59.95,1996,TSP,EPA,0.01801670045,0.00692152377,0.02530115056,Refineries,75
813,-3.15,-59.95,1997,TSP,EPA,0.0201749604,0.00775066824,0.02833203072,Refineries,75
814,-3.15,-59.95,1998,TSP,EPA,0.021313286305,0.008187981933,0.029930600624,Refineries,75
815,-3.15,-59.95,1999,TSP,EPA,0.020706360875,0.007954817775,0.0290782852,Refineries,75
816,-3.15,-59.95,2000,TSP,EPA,0.045704529535,0.017558430771,0.064183627088,Refineries,75
817,-3.15,-59.95,2001,TSP,EPA,0.065852489185,0.025298726061,0.092477740208,Refineries,75
818,-3.15,-59.95,2002,TSP,EPA,0.069451303435,0.026681292111,0.097531614608,Refineries,75
819,-3.15,-59.95,2003,TSP,EPA,0.06607134955,0.02538280623,0.09278508944,Refineries,75
820,-3.15,-59.95,2004,TSP,EPA,0.06820662029,0.026203118874,0.095783685472,Refineries,75
821,-3.15,-59.95,2005,TSP,EPA,0.066277918145,0.025462164237,0.093075177136,Refineries,75
822,-3.15,-59.95,2006,TSP,EPA,0.05379495712,0.020666551872,0.075545148416,Refineries,75
823,-3.15,-59.95,2007,TSP,EPA,0.061430074915,0.023599755399,0.086267270672,Refineries,75
824,-3.15,-59.95,2008,TSP,EPA,0.059360840295,0.022804812027,0.083361410256,Refineries,75
825,-3.15,-59.95,2009,TSP,EPA,0.06111360041,0.023478174546,0.085822840288,Refineries,75
826,-3.15,-59.95,2010,TSP,EPA,0.062903184405,0.024165683793,0.088335982704,Refineries,75
827,-3.15,-59.95,2011,TSP,EPA,0.0636523395,0.0244534887,0.0893880336,Refineries,75
828,-3.15,-59.95,2012,TSP,EPA,0.0540210434,0.02075340804,0.07586264512,Refineries,75
829,-3.15,-59.95,2013,TSP,EPA,0.058041506505,0.022297960053,0.081508647984,Refineries,75
830,-3.15,-59.95,2014,TSP,EPA,0.061609411325,0.023668651545,0.08651911576,Refineries,75
831,-3.15,-59.95,2015,TSP,EPA,0.052471997515,0.020158306959,0.073687294352,Refineries,75
832,-3.15,-59.95,2016,TSP,EPA,0.04637880255,0.01781746803,0.06513051984,Refineries,75
833,-3.15,-59.95,2017,TSP,EPA,0.043043901345,0.016536290157,0.060447262896,Refineries,75
834,-3.15,-59.95,2018,TSP,EPA,0.043930348825,0.016876839045,0.06169211576,Refineries,75
835,-3.15,-59.95,2019,TSP,EPA,0.04713636645,0.01810850337,0.06619437936,Refineries,75
836,-3.15,-59.95,2020,TSP,EPA,0.040756757815,0.015657632139,0.057235389392,Refineries,75
837,-3.15,-59.95,2021,TSP,EPA,0.045368177335,0.017429213451,0.063711282128,Refineries,75
838,-3.15,-59.95,2022,TSP,EPA,0.046107072145,0.017713076637,0.064748924336,Refineries,75
839,-3.15,-59.95,2023,TSP,EPA,0.006425689915,0.002468574399,0.009023702672,Refineries,75
840,-25.57,-49.36,1990,TSP,EPA,0.20453479565,0.07857667689,0.28723159792,Refineries,75
841,-25.57,-49.36,1991,TSP,EPA,0.202343697645,0.077734916937,0.284154602736,Refineries,75
842,-25.57,-49.36,1992,TSP,EPA,0.18944456506,0.072779422836,0.266040137408,Refineries,75
843,-25.57,-49.36,1993,TSP,EPA,0.22335478127,0.085806800862,0.313660815136,Refineries,75
844,-25.57,-49.36,1994,TSP,EPA,0.245260181165,0.094222256649,0.344422930672,Refineries,75
845,-25.57,-49.36,1995,TSP,EPA,0.206301184715,0.079255275279,0.289712167312,Refineries,75
846,-25.57,-49.36,1996,TSP,EPA,0.241182090745,0.092655565797,0.338696000816,Refineries,75
847,-25.57,-49.36,1997,TSP,EPA,0.246823704595,0.094822919607,0.346618612496,Refineries,75
848,-25.57,-49.36,1998,TSP,EPA,0.238656723455,0.091685388723,0.335149585744,Refineries,75
849,-25.57,-49.36,1999,TSP,EPA,0.282860294155,0.108667192143,0.397225391504,Refineries,75
850,-25.57,-49.36,2000,TSP,EPA,0.28228054948,0.108444470088,0.396411246464,Refineries,75
851,-25.57,-49.36,2001,TSP,EPA,0.28522825993,0.109576899858,0.400550765024,Refineries,75
852,-25.57,-49.36,2002,TSP,EPA,0.292559837865,0.112393491669,0.410846621232,Refineries,75
853,-25.57,-49.36,2003,TSP,EPA,0.285486875685,0.109676252961,0.400913943408,Refineries,75
854,-25.57,-49.36,2004,TSP,EPA,0.24840067697,0.095428749282,0.348833180896,Refineries,75
855,-25.57,-49.36,2005,TSP,EPA,0.283408897965,0.108877950729,0.397995804912,Refineries,75
856,-25.57,-49.36,2006,TSP,EPA,0.275249991335,0.105743521851,0.386538117328,Refineries,75
857,-25.57,-49.36,2007,TSP,EPA,0.252889307365,0.097153158369,0.355136638832,Refineries,75
858,-25.57,-49.36,2008,TSP,EPA,0.27736188714,0.106554854484,0.389503887552,Refineries,75
859,-25.57,-49.36,2009,TSP,EPA,0.281832259885,0.108272249481,0.395781705968,Refineries,75
860,-25.57,-49.36,2010,TSP,EPA,0.25593805205,0.09832440273,0.35941804144,Refineries,75
861,-25.57,-49.36,2011,TSP,EPA,0.290165205635,0.111473539431,0.407483799568,Refineries,75
862,-25.57,-49.36,2012,TSP,EPA,0.298354815975,0.114619763835,0.41898460488,Refineries,75
863,-25.57,-49.36,2013,TSP,EPA,0.291120569315,0.111840564039,0.408825432592,Refineries,75
864,-25.57,-49.36,2014,TSP,EPA,0.305077951295,0.117202608627,0.428426015056,Refineries,75
865,-25.57,-49.36,2015,TSP,EPA,0.296211213575,0.113796250395,0.41597430856,Refineries,75
866,-25.57,-49.36,2016,TSP,EPA,0.2535108132,0.09739192392,0.35600942976,Refineries,75
867,-25.57,-49.36,2017,TSP,EPA,0.24270727311,0.093241499166,0.340837839648,Refineries,75
868,-25.57,-49.36,2018,TSP,EPA,0.258244816125,0.099210598425,0.3626574684,Refineries,75
869,-25.57,-49.36,2019,TSP,EPA,0.251619757815,0.096665432139,0.353353789392,Refineries,75
870,-25.57,-49.36,2020,TSP,EPA,0.26823769084,0.103049587704,0.376690627712,Refineries,75
871,-25.57,-49.36,2021,TSP,EPA,0.27196580011,0.104481825366,0.381926073248,Refineries,75
872,-25.57,-49.36,2022,TSP,EPA,0.241190679555,0.092658865383,0.338708062224,Refineries,75
873,-25.57,-49.36,2023,TSP,EPA,0.044722370825,0.017181112245,0.06280436536,Refineries,75
874,-22.73,-47.14,1990,TSP,EPA,0.31288700535,0.12020263371,0.43939239888,Refineries,75
875,-22.73,-47.14,1991,TSP,EPA,0.322682028855,0.123965613963,0.453147712464,Refineries,75
876,-22.73,-47.14,1992,TSP,EPA,0.302461501475,0.116197440135,0.42475169128,Refineries,75
877,-22.73,-47.14,1993,TSP,EPA,0.31642672653,0.121562497818,0.444363287904,Refineries,75
878,-22.73,-47.14,1994,TSP,EPA,0.3303770626,0.12692183556,0.46395397568,Refineries,75
879,-22.73,-47.14,1995,TSP,EPA,0.36369506236,0.139721700216,0.510742994048,Refineries,75
880,-22.73,-47.14,1996,TSP,EPA,0.370327192295,0.142269583227,0.520056603856,Refineries,75
881,-22.73,-47.14,1997,TSP,EPA,0.39249694239,0.150786595134,0.551189950752,Refineries,75
882,-22.73,-47.14,1998,TSP,EPA,0.46282386729,0.177804277074,0.649951215072,Refineries,75
883,-22.73,-47.14,1999,TSP,EPA,0.438679256625,0.168528577725,0.6160445388,Refineries,75
884,-22.73,-47.14,2000,TSP,EPA,0.496809711315,0.190860709239,0.697678098192,Refineries,75
885,-22.73,-47.14,2001,TSP,EPA,0.48491994391,0.186292985646,0.680981101088,Refineries,75
886,-22.73,-47.14,2002,TSP,EPA,0.488259319525,0.187575882465,0.68567064152,Refineries,75
887,-22.73,-47.14,2003,TSP,EPA,0.44302789456,0.170199205536,0.622151403008,Refineries,75
888,-22.73,-47.14,2004,TSP,EPA,0.533474415465,0.204946286229,0.749166948912,Refineries,75
889,-22.73,-47.14,2005,TSP,EPA,0.498628584695,0.191559470667,0.700232372176,Refineries,75
890,-22.73,-47.14,2006,TSP,EPA,0.52376229712,0.201215155872,0.735528060416,Refineries,75
891,-22.73,-47.14,2007,TSP,EPA,0.52785962236,0.202789236216,0.741282002048,Refineries,75
892,-22.73,-47.14,2008,TSP,EPA,0.49301970604,0.189404692824,0.692355731072,Refineries,75
893,-22.73,-47.14,2009,TSP,EPA,0.516463274375,0.198411070875,0.725277922,Refineries,75
894,-22.73,-47.14,2010,TSP,EPA,0.480880194555,0.184741024383,0.675308014224,Refineries,75
895,-22.73,-47.14,2011,TSP,EPA,0.56602243098,0.217450343988,0.794874665664,Refineries,75
896,-22.73,-47.14,2012,TSP,EPA,0.59129004141,0.227157469146,0.830358389088,Refineries,75
897,-22.73,-47.14,2013,TSP,EPA,0.63618822569,0.244406124114,0.893409652192,Refineries,75
898,-22.73,-47.14,2014,TSP,EPA,0.61737430881,0.237178331586,0.866988957408,Refineries,75
899,-22.73,-47.14,2015,TSP,EPA,0.588788820505,0.226196568453,0.826845883184,Refineries,75
900,-22.73,-47.14,2016,TSP,EPA,0.5024078411,0.19301135766,0.70553964448,Refineries,75
901,-22.73,-47.14,2017,TSP,EPA,0.48756596598,0.187309514988,0.684696953664,Refineries,75
902,-22.73,-47.14,2018,TSP,EPA,0.430052542715,0.165214430079,0.603929901712,Refineries,75
903,-22.73,-47.14,2019,TSP,EPA,0.492656893105,0.189265310013,0.691846226864,Refineries,75
904,-22.73,-47.14,2020,TSP,EPA,0.461572909685,0.177323693361,0.648194474608,Refineries,75
905,-22.73,-47.14,2021,TSP,EPA,0.53400972462,0.205151937372,0.749918692416,Refineries,75
906,-22.73,-47.14,2022,TSP,EPA,0.56562837432,0.217298958192,0.794321285376,Refineries,75
907,-22.73,-47.14,2023,TSP,EPA,0.09728005072,0.037372336032,0.136611984896,Refineries,75
908,-23.19,-45.82,1990,TSP,EPA,0.26828310353,0.103067034018,0.376754401504,Refineries,75
909,-23.19,-45.82,1991,TSP,EPA,0.23326703946,0.089614819476,0.327580763328,Refineries,75
910,-23.19,-45.82,1992,TSP,EPA,0.26983387232,0.103662796992,0.378932171776,Refineries,75
911,-23.19,-45.82,1993,TSP,EPA,0.23820149081,0.091510500786,0.334510295008,Refineries,75
912,-23.19,-45.82,1994,TSP,EPA,0.29790236055,0.11444594283,0.41834921424,Refineries,75
913,-23.19,-45.82,1995,TSP,EPA,0.263970003725,0.101410058985,0.37069744408,Refineries,75
914,-23.19,-45.82,1996,TSP,EPA,0.254418012685,0.097740445161,0.357283425008,Refineries,75
915,-23.19,-45.82,1997,TSP,EPA,0.281143869335,0.108007788651,0.394814987728,Refineries,75
916,-23.19,-45.82,1998,TSP,EPA,0.3120083238,0.11986506828,0.43815845184,Refineries,75
917,-23.19,-45.82,1999,TSP,EPA,0.296669197725,0.113972195385,0.41661746328,Refineries,75
918,-23.19,-45.82,2000,TSP,EPA,0.33266487472,0.127800750432,0.467166788096,Refineries,75
919,-23.19,-45.82,2001,TSP,EPA,0.331510554085,0.127357292001,0.465545756528,Refineries,75
920,-23.19,-45.82,2002,TSP,EPA,0.296103570585,0.113754896901,0.415823143728,Refineries,75
921,-23.19,-45.82,2003,TSP,EPA,0.326536090195,0.125446238967,0.458560034576,Refineries,75
922,-23.19,-45.82,2004,TSP,EPA,0.359978190545,0.138293779677,0.505523329456,Refineries,75
923,-23.19,-45.82,2005,TSP,EPA,0.362337901805,0.139200316233,0.508837111024,Refineries,75
924,-23.19,-45.82,2006,TSP,EPA,0.322798569235,0.124010385591,0.453311372048,Refineries,75
925,-23.19,-45.82,2007,TSP,EPA,0.35860426381,0.137765954586,0.503593901408,Refineries,75
926,-23.19,-45.82,2008,TSP,EPA,0.313628394515,0.120487455159,0.440433543952,Refineries,75
927,-23.19,-45.82,2009,TSP,EPA,0.365073720655,0.140251343043,0.512679066704,Refineries,75
928,-23.19,-45.82,2010,TSP,EPA,0.362198423645,0.139146732537,0.508641239536,Refineries,75
929,-23.19,-45.82,2011,TSP,EPA,0.36051277968,0.138499154208,0.506274061824,Refineries,75
930,-23.19,-45.82,2012,TSP,EPA,0.36477982392,0.140138435952,0.512266342656,Refineries,75
931,-23.19,-45.82,2013,TSP,EPA,0.344433318755,0.132321864903,0.483693408784,Refineries,75
932,-23.19,-45.82,2014,TSP,EPA,0.384434029855,0.147689044563,0.539867069264,Refineries,75
933,-23.19,-45.82,2015,TSP,EPA,0.364952037275,0.140204595615,0.51250818472,Refineries,75
934,-23.19,-45.82,2016,TSP,EPA,0.32634006475,0.12537093135,0.4582847528,Refineries,75
935,-23.19,-45.82,2017,TSP,EPA,0.31245201041,0.120035520546,0.438781528288,Refineries,75
936,-23.19,-45.82,2018,TSP,EPA,0.31942005539,0.122712452934,0.448566869152,Refineries,75
937,-23.19,-45.82,2019,TSP,EPA,0.278891852495,0.107142625347,0.391652443216,Refineries,75
938,-23.19,-45.82,2020,TSP,EPA,0.327568136005,0.125842722753,0.460009353584,Refineries,75
939,-23.19,-45.82,2021,TSP,EPA,0.34570726557,0.132811280442,0.485482433376,Refineries,75
940,-23.19,-45.82,2022,TSP,EPA,0.343943499435,0.132133689711,0.483005547408,Refineries,75
941,-23.19,-45.82,2023,TSP,EPA,0.045313712965,0.017408289729,0.063634796912,Refineries,75
942,-32.04,-52.09,1990,TSP,EPA,0.01480787989,0.005688782634,0.020794950752,Refineries,75
943,-32.04,-52.09,1991,TSP,EPA,0.01405977911,0.005401382766,0.019744380448,Refineries,75
944,-32.04,-52.09,1992,TSP,EPA,0.014052244615,0.005398488219,0.019733799632,Refineries,75
945,-32.04,-52.09,1993,TSP,EPA,0.01453272939,0.005583077334,0.020408552352,Refineries,75
946,-32.04,-52.09,1994,TSP,EPA,0.01396607365,0.00536538369,0.01961278832,Refineries,75
947,-32.04,-52.09,1995,TSP,EPA,0.014068085055,0.005404573683,0.019756044624,Refineries,75
948,-32.04,-52.09,1996,TSP,EPA,0.01425032726,0.005474586156,0.020011970368,Refineries,75
949,-32.04,-52.09,1997,TSP,EPA,0.01434449559,0.005510763054,0.020144212512,Refineries,75
950,-32.04,-52.09,1998,TSP,EPA,0.014920434445,0.005732023017,0.020953012976,Refineries,75
951,-32.04,-52.09,1999,TSP,EPA,0.01795390442,0.006897399252,0.025212965056,Refineries,75
952,-32.04,-52.09,2000,TSP,EPA,0.019321556695,0.007422813867,0.027133581776,Refineries,75
953,-32.04,-52.09,2001,TSP,EPA,0.01940891055,0.00745637283,0.02725625424,Refineries,75
954,-32.04,-52.09,2002,TSP,EPA,0.018308899995,0.007033778847,0.025711491216,Refineries,75
955,-32.04,-52.09,2003,TSP,EPA,0.020674885715,0.007942725879,0.029034084112,Refineries,75
956,-32.04,-52.09,2004,TSP,EPA,0.016885163305,0.006486818133,0.023712114224,Refineries,75
957,-32.04,-52.09,2005,TSP,EPA,0.006815889325,0.002618478345,0.00957166616,Refineries,75
958,-32.04,-52.09,2006,TSP,EPA,0.01068093097,0.004103321682,0.014999408096,Refineries,75
959,-32.04,-52.09,2007,TSP,EPA,0.019775323585,0.007597138701,0.027770814128,Refineries,75
960,-32.04,-52.09,2008,TSP,EPA,0.011724985685,0.004504418961,0.016465591408,Refineries,75
961,-32.04,-52.09,2009,TSP,EPA,0.02044903087,0.007855958622,0.028716912416,Refineries,75
962,-32.04,-52.09,2010,TSP,EPA,0.02110954636,0.008109710616,0.029644485248,Refineries,75
963,-32.04,-52.09,2011,TSP,EPA,0.0225638839,0.00866842734,0.03168683552,Refineries,75
964,-32.04,-52.09,2012,TSP,EPA,0.02402819886,0.009230977116,0.033743197248,Refineries,75
965,-32.04,-52.09,2013,TSP,EPA,0.02343654814,0.009003681084,0.032912332352,Refineries,75
966,-32.04,-52.09,2014,TSP,EPA,0.020035713675,0.007697173455,0.02813648424,Refineries,75
967,-32.04,-52.09,2015,TSP,EPA,0.01465364132,0.005629528392,0.020578350976,Refineries,75
968,-32.04,-52.09,2016,TSP,EPA,0.02081670394,0.007997208564,0.029233241792,Refineries,75
969,-32.04,-52.09,2017,TSP,EPA,0.021757075775,0.008358473715,0.03055382152,Refineries,75
970,-32.04,-52.09,2018,TSP,EPA,0.021504143035,0.008261303871,0.030198623888,Refineries,75
971,-32.04,-52.09,2019,TSP,EPA,0.023070083675,0.008862895455,0.03239770024,Refineries,75
972,-32.04,-52.09,2020,TSP,EPA,0.018009268815,0.006918668739,0.025290714192,Refineries,75
973,-32.04,-52.09,2021,TSP,EPA,0.01679477508,0.006452093448,0.023585180544,Refineries,75
974,-32.04,-52.09,2022,TSP,EPA,0.017800051575,0.006838293195,0.02499690696,Refineries,75
975,-32.04,-52.09,2023,TSP,EPA,0.003727826405,0.001432128993,0.005235048304,Refineries,75
976,-12.71,-38.57,1990,TSP,EPA,0.18514794857,0.071128780242,0.260006327776,Refineries,75
977,-12.71,-38.57,1991,TSP,EPA,0.165245181445,0.063482681217,0.232056542576,Refineries,75
978,-12.71,-38.57,1992,TSP,EPA,0.191883658525,0.073716455865,0.26946539672,Refineries,75
979,-12.71,-38.57,1993,TSP,EPA,0.18744933821,0.072012911226,0.263238207328,Refineries,75
980,-12.71,-38.57,1994,TSP,EPA,0.17468322932,0.067108521192,0.245310549376,Refineries,75
981,-12.71,-38.57,1995,TSP,EPA,0.17500379251,0.067231672806,0.245760721568,Refineries,75
982,-12.71,-38.57,1996,TSP,EPA,0.16443996765,0.06317334009,0.23092576752,Refineries,75
983,-12.71,-38.57,1997,TSP,EPA,0.18225639968,0.070017926208,0.255945677824,Refineries,75
984,-12.71,-38.57,1998,TSP,EPA,0.257941430555,0.099094045983,0.362231419024,Refineries,75
985,-12.71,-38.57,1999,TSP,EPA,0.287339281425,0.110387896605,0.40351530744,Refineries,75
986,-12.71,-38.57,2000,TSP,EPA,0.255617514575,0.098201260995,0.35896790536,Refineries,75
987,-12.71,-38.57,2001,TSP,EPA,0.310245431975,0.119187813435,0.43568279368,Refineries,75
988,-12.71,-38.57,2002,TSP,EPA,0.30331279655,0.11652448443,0.42594717904,Refineries,75
989,-12.71,-38.57,2003,TSP,EPA,0.28818317058,0.110712095748,0.404700394944,Refineries,75
990,-12.71,-38.57,2004,TSP,EPA,0.350351728865,0.134595556269,0.492004730032,Refineries,75
991,-12.71,-38.57,2005,TSP,EPA,0.367028060655,0.141002147043,0.515423578704,Refineries,75
992,-12.71,-38.57,2006,TSP,EPA,0.387904423395,0.149022274887,0.544740600336,Refineries,75
993,-12.71,-38.57,2007,TSP,EPA,0.38666416323,0.148545800838,0.542998882464,Refineries,75
994,-12.71,-38.57,2008,TSP,EPA,0.381281448,0.1464779088,0.5354398464,Refineries,75
995,-12.71,-38.57,2009,TSP,EPA,0.329991569035,0.126773739471,0.463412620688,Refineries,75
996,-12.71,-38.57,2010,TSP,EPA,0.374597116615,0.143909971419,0.526052929232,Refineries,75
997,-12.71,-38.57,2011,TSP,EPA,0.355887242625,0.136722149325,0.4997783436,Refineries,75
998,-12.71,-38.57,2012,TSP,EPA,0.35609201117,0.136800815802,0.500065903456,Refineries,75
999,-12.71,-38.57,2013,TSP,EPA,0.41811653974,0.160628944044,0.587167975232,Refineries,75
1000,-12.71,-38.57,2014,TSP,EPA,0.44962723787,0.172734492822,0.631418970016,Refineries,75
1001,-12.71,-38.57,2015,TSP,EPA,0.38918258747,0.149513310582,0.546535547296,Refineries,75
1002,-12.71,-38.57,2016,TSP,EPA,0.34834655031,0.133825221486,0.489188824608,Refineries,75
1003,-12.71,-38.57,2017,TSP,EPA,0.32538686113,0.125004736578,0.456946153184,Refineries,75
1004,-12.71,-38.57,2018,TSP,EPA,0.32496981526,0.124844518956,0.456360488768,Refineries,75
1005,-12.71,-38.57,2019,TSP,EPA,0.337181688755,0.129535986903,0.473509824784,Refineries,75
1006,-12.71,-38.57,2020,TSP,EPA,0.37147724424,0.142711401744,0.521671640832,Refineries,75
1007,-12.71,-38.57,2021,TSP,EPA,0.308152796705,0.118383880173,0.432744071344,Refineries,75
1008,-12.71,-38.57,2022,TSP,EPA,0.371865977895,0.142860742587,0.522217545936,Refineries,75
1009,-23.87,-46.44,1990,TSP,EPA,0.15074261575,0.05791119195,0.2116903496,Refineries,75
1010,-23.87,-46.44,1991,TSP,EPA,0.159386687285,0.061232007921,0.223829362288,Refineries,75
1011,-23.87,-46.44,1992,TSP,EPA,0.16021494172,0.061550200632,0.224992493696,Refineries,75
1012,-23.87,-46.44,1993,TSP,EPA,0.15709596937,0.060351976722,0.220612469216,Refineries,75
1013,-23.87,-46.44,1994,TSP,EPA,0.17878009169,0.068682423714,0.251063840992,Refineries,75
1014,-23.87,-46.44,1995,TSP,EPA,0.198728425795,0.076346028327,0.279077616656,Refineries,75
1015,-23.87,-46.44,1996,TSP,EPA,0.195100553595,0.074952299007,0.273982935696,Refineries,75
1016,-23.87,-46.44,1997,TSP,EPA,0.212948306495,0.081808917747,0.299046830416,Refineries,75
1017,-23.87,-46.44,1998,TSP,EPA,0.208666090405,0.080163807393,0.293033243504,Refineries,75
1018,-23.87,-46.44,1999,TSP,EPA,0.23466696406,0.090152632236,0.329546700608,Refineries,75
1019,-23.87,-46.44,2000,TSP,EPA,0.23629950655,0.09077981043,0.33183930704,Refineries,75
1020,-23.87,-46.44,2001,TSP,EPA,0.230626546115,0.088600414119,0.323872674832,Refineries,75
1021,-23.87,-46.44,2002,TSP,EPA,0.228056949025,0.087613245165,0.32026414712,Refineries,75
1022,-23.87,-46.44,2003,TSP,EPA,0.24498459351,0.094116383406,0.344035918368,Refineries,75
1023,-23.87,-46.44,2004,TSP,EPA,0.23166658929,0.088999970274,0.325333224672,Refineries,75
1024,-23.87,-46.44,2005,TSP,EPA,0.2362853633,0.09077437698,0.33181944544,Refineries,75
1025,-23.87,-46.44,2006,TSP,EPA,0.244446249985,0.093909566541,0.343279913648,Refineries,75
1026,-23.87,-46.44,2007,TSP,EPA,0.229359310915,0.088113576999,0.322093075472,Refineries,75
1027,-23.87,-46.44,2008,TSP,EPA,0.252079387725,0.096842009385,0.35399925528,Refineries,75
1028,-23.87,-46.44,2009,TSP,EPA,0.247660830705,0.095144520573,0.347794202544,Refineries,75
1029,-23.87,-46.44,2010,TSP,EPA,0.23954844251,0.092027962806,0.336401841568,Refineries,75
1030,-23.87,-46.44,2011,TSP,EPA,0.226450532975,0.086996104035,0.31800823048,Refineries,75
1031,-23.87,-46.44,2012,TSP,EPA,0.2345573153,0.09011050818,0.32939271904,Refineries,75
1032,-23.87,-46.44,2013,TSP,EPA,0.262290454215,0.100764821979,0.368338824912,Refineries,75
1033,-23.87,-46.44,2014,TSP,EPA,0.264689638,0.1016865228,0.3717080384,Refineries,75
1034,-23.87,-46.44,2015,TSP,EPA,0.234924551215,0.090251590179,0.329908434512,Refineries,75
1035,-23.87,-46.44,2016,TSP,EPA,0.213110208135,0.081871115931,0.299274191568,Refineries,75
1036,-23.87,-46.44,2017,TSP,EPA,0.2159273121,0.08295337026,0.30323029728,Refineries,75
1037,-23.87,-46.44,2018,TSP,EPA,0.21382459655,0.08214556443,0.30027741904,Refineries,75
1038,-23.87,-46.44,2019,TSP,EPA,0.198853452125,0.076394060025,0.2792531932,Refineries,75
1039,-23.87,-46.44,2020,TSP,EPA,0.214635673365,0.082457157969,0.301416427632,Refineries,75
1040,-23.87,-46.44,2021,TSP,EPA,0.22361280558,0.085905926748,0.314023162944,Refineries,75
1041,-23.87,-46.44,2022,TSP,EPA,0.260007322225,0.099887705085,0.36513258488,Refineries,75
1042,-23.87,-46.44,2023,TSP,EPA,0.03855830532,0.014813046792,0.054148066176,Refineries,75
1043,-5.13,-36.38,1990,TSP,EPA,0,0,0,Refineries,75
1044,-5.13,-36.38,1991,TSP,EPA,0,0,0,Refineries,75
1045,-5.13,-36.38,1992,TSP,EPA,0,0,0,Refineries,75
1046,-5.13,-36.38,1993,TSP,EPA,0,0,0,Refineries,75
1047,-5.13,-36.38,1994,TSP,EPA,0,0,0,Refineries,75
1048,-5.13,-36.38,1995,TSP,EPA,0,0,0,Refineries,75
1049,-5.13,-36.38,1996,TSP,EPA,0,0,0,Refineries,75
1050,-5.13,-36.38,1997,TSP,EPA,0,0,0,Refineries,75
1051,-5.13,-36.38,1998,TSP,EPA,0,0,0,Refineries,75
1052,-5.13,-36.38,1999,TSP,EPA,0,0,0,Refineries,75
1053,-5.13,-36.38,2000,TSP,EPA,0.00496330358,0.001906765548,0.006970049344,Refineries,75
1054,-5.13,-36.38,2001,TSP,EPA,0.004488476105,0.001724349813,0.006303241264,Refineries,75
1055,-5.13,-36.38,2002,TSP,EPA,0.00562001325,0.00215905545,0.0078922776,Refineries,75
1056,-5.13,-36.38,2003,TSP,EPA,0.0058974781,0.00226564986,0.00828192608,Refineries,75
1057,-5.13,-36.38,2004,TSP,EPA,0.006416535375,0.002465057475,0.0090108468,Refineries,75
1058,-5.13,-36.38,2005,TSP,EPA,0.00973374466,0.003739438596,0.013669258688,Refineries,75
1059,-5.13,-36.38,2006,TSP,EPA,0.01352068985,0.00519427941,0.01898732848,Refineries,75
1060,-5.13,-36.38,2007,TSP,EPA,0.014417757625,0.005538908325,0.0202470956,Refineries,75
1061,-5.13,-36.38,2008,TSP,EPA,0.014495982655,0.005568960243,0.020356948304,Refineries,75
1062,-5.13,-36.38,2009,TSP,EPA,0.02075298217,0.007972728402,0.029143756256,Refineries,75
1063,-5.13,-36.38,2010,TSP,EPA,0.0488693003,0.01877424918,0.06862796704,Refineries,75
1064,-5.13,-36.38,2011,TSP,EPA,0.0511538209,0.01965189954,0.07183615712,Refineries,75
1065,-5.13,-36.38,2012,TSP,EPA,0.05455349819,0.020957962614,0.076610380192,Refineries,75
1066,-5.13,-36.38,2013,TSP,EPA,0.05561876778,0.021367210068,0.078106355904,Refineries,75
1067,-5.13,-36.38,2014,TSP,EPA,0.05653571325,0.02171947545,0.0793940376,Refineries,75
1068,-5.13,-36.38,2015,TSP,EPA,0.050618974615,0.019446426219,0.071085063632,Refineries,75
1069,-5.13,-36.38,2016,TSP,EPA,0.049953881855,0.019190915763,0.070151062864,Refineries,75
1070,-5.13,-36.38,2017,TSP,EPA,0.049437524655,0.018992545443,0.069425933904,Refineries,75
1071,-5.13,-36.38,2018,TSP,EPA,0.04627969694,0.017779394364,0.064991344192,Refineries,75
1072,-5.13,-36.38,2019,TSP,EPA,0.04727162735,0.01816046691,0.06638432848,Refineries,75
1073,-5.13,-36.38,2020,TSP,EPA,0.04310158009,0.016558448754,0.060528262112,Refineries,75
1074,-5.13,-36.38,2021,TSP,EPA,0.042454564975,0.016309883235,0.05961964808,Refineries,75
1075,-5.13,-36.38,2022,TSP,EPA,0.03607552207,0.013859229342,0.050661452576,Refineries,75
1076,-5.13,-36.38,2023,TSP,EPA,0.00633581599,0.002434047294,0.008897491232,Refineries,75
1077,-23.14,-47.02,1990,TSP,EPA,0,0,0,Refineries,75
1078,-23.14,-47.02,1991,TSP,EPA,0,0,0,Refineries,75
1079,-23.14,-47.02,1992,TSP,EPA,0,0,0,Refineries,75
1080,-23.14,-47.02,1993,TSP,EPA,0,0,0,Refineries,75
1081,-23.14,-47.02,1994,TSP,EPA,0,0,0,Refineries,75
1082,-23.14,-47.02,1995,TSP,EPA,0,0,0,Refineries,75
1083,-23.14,-47.02,1996,TSP,EPA,0,0,0,Refineries,75
1084,-23.14,-47.02,1997,TSP,EPA,0,0,0,Refineries,75
1085,-23.14,-47.02,1998,TSP,EPA,0,0,0,Refineries,75
1086,-23.14,-47.02,1999,TSP,EPA,0,0,0,Refineries,75
1087,-23.14,-47.02,2000,TSP,EPA,0,0,0,Refineries,75
1088,-23.14,-47.02,2001,TSP,EPA,0,0,0,Refineries,75
1089,-23.14,-47.02,2002,TSP,EPA,0,0,0,Refineries,75
1090,-23.14,-47.02,2003,TSP,EPA,0,0,0,Refineries,75
1091,-23.14,-47.02,2004,TSP,EPA,0,0,0,Refineries,75
1092,-23.14,-47.02,2005,TSP,EPA,0,0,0,Refineries,75
1093,-23.14,-47.02,2006,TSP,EPA,0.00405947276,0.001559538456,0.005700784768,Refineries,75
1094,-23.14,-47.02,2007,TSP,EPA,0.007578699085,0.002911529001,0.010642892528,Refineries,75
1095,-23.14,-47.02,2008,TSP,EPA,0.003029227,0.0011637462,0.0042539936,Refineries,75
1096,-23.14,-47.02,2009,TSP,EPA,0.01026841094,0.003944842764,0.014420099392,Refineries,75
1097,-23.14,-47.02,2010,TSP,EPA,0.01280720146,0.004920176676,0.017985364928,Refineries,75
1098,-23.14,-47.02,2011,TSP,EPA,0.007789870665,0.002992655349,0.010939444272,Refineries,75
1099,-23.14,-47.02,2012,TSP,EPA,0.001179315615,0.000453060819,0.001656132432,Refineries,75
1100,-23.14,-47.02,2013,TSP,EPA,9.571123e-05,3.6769638e-05,0.000134408864,Refineries,75
1101,-23.14,-47.02,2014,TSP,EPA,2.648645e-05,1.017537e-05,3.719536e-05,Refineries,75
1102,-23.14,-47.02,2015,TSP,EPA,0,0,0,Refineries,75
1103,-23.14,-47.02,2016,TSP,EPA,0,0,0,Refineries,75
1104,-23.14,-47.02,2017,TSP,EPA,0,0,0,Refineries,75
1105,-23.14,-47.02,2018,TSP,EPA,0,0,0,Refineries,75
1106,-23.14,-47.02,2019,TSP,EPA,0,0,0,Refineries,75
1107,-23.14,-47.02,2020,TSP,EPA,0,0,0,Refineries,75
1108,-23.14,-47.02,2021,TSP,EPA,0,0,0,Refineries,75
1109,-23.14,-47.02,2022,TSP,EPA,0,0,0,Refineries,75
1110,-23.14,-47.02,2023,TSP,EPA,0,0,0,Refineries,75
1111,-8.38,-35.01,1990,TSP,EPA,0,0,0,Refineries,75
1112,-8.38,-35.01,1991,TSP,EPA,0,0,0,Refineries,75
1113,-8.38,-35.01,1992,TSP,EPA,0,0,0,Refineries,75
1114,-8.38,-35.01,1993,TSP,EPA,0,0,0,Refineries,75
1115,-8.38,-35.01,1994,TSP,EPA,0,0,0,Refineries,75
1116,-8.38,-35.01,1995,TSP,EPA,0,0,0,Refineries,75
1117,-8.38,-35.01,1996,TSP,EPA,0,0,0,Refineries,75
1118,-8.38,-35.01,1997,TSP,EPA,0,0,0,Refineries,75
1119,-8.38,-35.01,1998,TSP,EPA,0,0,0,Refineries,75
1120,-8.38,-35.01,1999,TSP,EPA,0,0,0,Refineries,75
1121,-8.38,-35.01,2000,TSP,EPA,0,0,0,Refineries,75
1122,-8.38,-35.01,2001,TSP,EPA,0,0,0,Refineries,75
1123,-8.38,-35.01,2002,TSP,EPA,0,0,0,Refineries,75
1124,-8.38,-35.01,2003,TSP,EPA,0,0,0,Refineries,75
1125,-8.38,-35.01,2004,TSP,EPA,0,0,0,Refineries,75
1126,-8.38,-35.01,2005,TSP,EPA,0,0,0,Refineries,75
1127,-8.38,-35.01,2006,TSP,EPA,0,0,0,Refineries,75
1128,-8.38,-35.01,2007,TSP,EPA,0,0,0,Refineries,75
1129,-8.38,-35.01,2008,TSP,EPA,0,0,0,Refineries,75
1130,-8.38,-35.01,2009,TSP,EPA,0,0,0,Refineries,75
1131,-8.38,-35.01,2010,TSP,EPA,0,0,0,Refineries,75
1132,-8.38,-35.01,2011,TSP,EPA,0,0,0,Refineries,75
1133,-8.38,-35.01,2012,TSP,EPA,0,0,0,Refineries,75
1134,-8.38,-35.01,2013,TSP,EPA,0,0,0,Refineries,75
1135,-8.38,-35.01,2014,TSP,EPA,0.005231176735,0.002009675091,0.007346228048,Refineries,75
1136,-8.38,-35.01,2015,TSP,EPA,0.094545234755,0.036321694503,0.132771437584,Refineries,75
1137,-8.38,-35.01,2016,TSP,EPA,0.12806100858,0.049197538548,0.179838193344,Refineries,75
1138,-8.38,-35.01,2017,TSP,EPA,0.11253902314,0.043234416084,0.158040412352,Refineries,75
1139,-8.38,-35.01,2018,TSP,EPA,0.117559439735,0.045163122891,0.165090666448,Refineries,75
1140,-8.38,-35.01,2019,TSP,EPA,0.12423127363,0.047726259078,0.174460033184,Refineries,75
1141,-8.38,-35.01,2020,TSP,EPA,0.15190354514,0.058357189284,0.213320661952,Refineries,75
1142,-8.38,-35.01,2021,TSP,EPA,0.103684962915,0.039832928199,0.145606509072,Refineries,75
1143,-8.38,-35.01,2022,TSP,EPA,0.10905813788,0.041897155128,0.153152147584,Refineries,75
1144,-8.38,-35.01,2023,TSP,EPA,0.019173695445,0.007366009617,0.026925937776,Refineries,75
1145,-21.37,-50.28,2000,TSP,EPA,0,0,0,Refineries,75
1146,-21.37,-50.28,2001,TSP,EPA,0,0,0,Refineries,75
1147,-21.37,-50.28,2002,TSP,EPA,0,0,0,Refineries,75
1148,-21.37,-50.28,2003,TSP,EPA,0,0,0,Refineries,75
1149,-21.37,-50.28,2004,TSP,EPA,0,0,0,Refineries,75
1150,-21.37,-50.28,2005,TSP,EPA,0,0,0,Refineries,75
1151,-21.37,-50.28,2006,TSP,EPA,0,0,0,Refineries,75
1152,-21.37,-50.28,2007,TSP,EPA,0,0,0,Refineries,75
1153,-21.37,-50.28,2008,TSP,EPA,0,0,0,Refineries,75
1154,-21.37,-50.28,2009,TSP,EPA,0,0,0,Refineries,75
1155,-21.37,-50.28,2010,TSP,EPA,0,0,0,Refineries,75
1156,-21.37,-50.28,2011,TSP,EPA,0,0,0,Refineries,75
1157,-21.37,-50.28,2012,TSP,EPA,0,0,0,Refineries,75
1158,-21.37,-50.28,2013,TSP,EPA,0,0,0,Refineries,75
1159,-21.37,-50.28,2014,TSP,EPA,0,0,0,Refineries,75
1160,-21.37,-50.28,2015,TSP,EPA,0,0,0,Refineries,75
1161,-21.37,-50.28,2016,TSP,EPA,0,0,0,Refineries,75
1162,-21.37,-50.28,2017,TSP,EPA,0,0,0,Refineries,75
1163,-21.37,-50.28,2018,TSP,EPA,0,0,0,Refineries,75
1164,-21.37,-50.28,2019,TSP,EPA,0,0,0,Refineries,75
1165,-21.37,-50.28,2020,TSP,EPA,0,0,0,Refineries,75
1166,-21.37,-50.28,2021,TSP,EPA,0,0,0,Refineries,75
1167,-21.37,-50.28,2022,TSP,EPA,0.000269210335,0.000103423251,0.000378056528,Refineries,75
1168,-21.37,-50.28,2023,TSP,EPA,9.2574e-06,3.55644e-06,1.300032e-05,Refineries,75
1169,-12.62,-38.09,1990,SOX,EPA,0,0,0,Refineries,75
1170,-12.62,-38.09,1991,SOX,EPA,0,0,0,Refineries,75
1171,-12.62,-38.09,1992,SOX,EPA,0,0,0,Refineries,75
1172,-12.62,-38.09,1993,SOX,EPA,0,0,0,Refineries,75
1173,-12.62,-38.09,1994,SOX,EPA,0,0,0,Refineries,75
1174,-12.62,-38.09,1995,SOX,EPA,0.093235478193,0.018871441446,0.099306011805,Refineries,75
1175,-12.62,-38.09,1996,SOX,EPA,0,0,0,Refineries,75
1176,-12.62,-38.09,1997,SOX,EPA,0,0,0,Refineries,75
1177,-12.62,-38.09,1998,SOX,EPA,0,0,0,Refineries,75
1178,-12.62,-38.09,1999,SOX,EPA,0,0,0,Refineries,75
1179,-12.62,-38.09,2000,SOX,EPA,0,0,0,Refineries,75
1180,-12.62,-38.09,2001,SOX,EPA,0,0,0,Refineries,75
1181,-12.62,-38.09,2002,SOX,EPA,0,0,0,Refineries,75
1182,-12.62,-38.09,2003,SOX,EPA,0,0,0,Refineries,75
1183,-12.62,-38.09,2004,SOX,EPA,0,0,0,Refineries,75
1184,-12.62,-38.09,2005,SOX,EPA,0,0,0,Refineries,75
1185,-12.62,-38.09,2006,SOX,EPA,0,0,0,Refineries,75
1186,-12.62,-38.09,2007,SOX,EPA,0,0,0,Refineries,75
1187,-12.62,-38.09,2008,SOX,EPA,0,0,0,Refineries,75
1188,-12.62,-38.09,2009,SOX,EPA,0.001084255659,0.000219460098,0.001154851215,Refineries,75
1189,-12.62,-38.09,2010,SOX,EPA,0.004225820949,0.000855332478,0.004500962865,Refineries,75
1190,-12.62,-38.09,2011,SOX,EPA,0.009741361887,0.001971712314,0.010375618995,Refineries,75
1191,-12.62,-38.09,2012,SOX,EPA,0.014338273374,0.002902155828,0.01527183399,Refineries,75
1192,-12.62,-38.09,2013,SOX,EPA,0.01122054822,0.00227110884,0.0119511147,Refineries,75
1193,-12.62,-38.09,2014,SOX,EPA,0.007275476241,0.001472601702,0.007749180285,Refineries,75
1194,-12.62,-38.09,2015,SOX,EPA,0.007940020032,0.001607109504,0.00845699232,Refineries,75
1195,-12.62,-38.09,2016,SOX,EPA,0.007880106006,0.001594982532,0.00839317731,Refineries,75
1196,-12.62,-38.09,2017,SOX,EPA,0.011096485407,0.002245997754,0.011818974195,Refineries,75
1197,-12.62,-38.09,2018,SOX,EPA,0.012171173643,0.002463521346,0.012963635055,Refineries,75
1198,-12.62,-38.09,2019,SOX,EPA,0.015723667593,0.003182568246,0.016747430805,Refineries,75
1199,-12.62,-38.09,2020,SOX,EPA,0.019612276092,0.003969646824,0.02088922542,Refineries,75
1200,-12.62,-38.09,2021,SOX,EPA,0.01925247825,0.0038968215,0.02050600125,Refineries,75
1201,-12.62,-38.09,2022,SOX,EPA,0.022372869735,0.00452840817,0.023829560475,Refineries,75
1202,-12.62,-38.09,2023,SOX,EPA,0.00385990623,0.00078126906,0.00411122355,Refineries,75
1203,-3.72,-38.47,1990,SOX,EPA,0.038255262444,0.007743103368,0.04074605094,Refineries,75
1204,-3.72,-38.47,1991,SOX,EPA,0.037166301495,0.00752269089,0.039586188075,Refineries,75
1205,-3.72,-38.47,1992,SOX,EPA,0.041956286715,0.00849221373,0.044688047775,Refineries,75
1206,-3.72,-38.47,1993,SOX,EPA,0.042045844068,0.008510340696,0.04478343618,Refineries,75
1207,-3.72,-38.47,1994,SOX,EPA,0.038215581165,0.00773507163,0.040703786025,Refineries,75
1208,-3.72,-38.47,1995,SOX,EPA,0.043268748939,0.008757864258,0.046085964015,Refineries,75
1209,-3.72,-38.47,1996,SOX,EPA,0.134244746874,0.027171972828,0.14298538149,Refineries,75
1210,-3.72,-38.47,1997,SOX,EPA,0.038673876411,0.007827833442,0.041191920735,Refineries,75
1211,-3.72,-38.47,1998,SOX,EPA,0.053705709531,0.010870370082,0.057202471935,Refineries,75
1212,-3.72,-38.47,1999,SOX,EPA,0.051058983906,0.010334656332,0.05438341881,Refineries,75
1213,-3.72,-38.47,2000,SOX,EPA,0.048505893552,0.009817894944,0.05166409752,Refineries,75
1214,-3.72,-38.47,2001,SOX,EPA,0.051492497958,0.010422402276,0.05484515883,Refineries,75
1215,-3.72,-38.47,2002,SOX,EPA,0.06001440552,0.01214728944,0.0639219252,Refineries,75
1216,-3.72,-38.47,2003,SOX,EPA,0.038713871376,0.007835928672,0.04123451976,Refineries,75
1217,-3.72,-38.47,2004,SOX,EPA,0.040319473167,0.008160912474,0.042944661795,Refineries,75
1218,-3.72,-38.47,2005,SOX,EPA,0.04222056717,0.00854570574,0.04496953545,Refineries,75
1219,-3.72,-38.47,2006,SOX,EPA,0.060426745767,0.012230749674,0.064361112795,Refineries,75
1220,-3.72,-38.47,2007,SOX,EPA,0.056328124491,0.011401163202,0.059995631535,Refineries,75
1221,-3.72,-38.47,2008,SOX,EPA,0.056505513924,0.011437067928,0.06018457074,Refineries,75
1222,-3.72,-38.47,2009,SOX,EPA,0.055036522386,0.011139734892,0.05861993361,Refineries,75
1223,-3.72,-38.47,2010,SOX,EPA,0.072310583034,0.014636112348,0.07701870309,Refineries,75
1224,-3.72,-38.47,2011,SOX,EPA,0.063525649761,0.012857987142,0.067661785485,Refineries,75
1225,-3.72,-38.47,2012,SOX,EPA,0.071625649653,0.014497477566,0.076289173905,Refineries,75
1226,-3.72,-38.47,2013,SOX,EPA,0.076565106252,0.015497254344,0.08155023702,Refineries,75
1227,-3.72,-38.47,2014,SOX,EPA,0.081411084423,0.016478110506,0.086711735355,Refineries,75
1228,-3.72,-38.47,2015,SOX,EPA,0.077138994789,0.015613412958,0.082161491265,Refineries,75
1229,-3.72,-38.47,2016,SOX,EPA,0.08193948849,0.01658506278,0.08727454365,Refineries,75
1230,-3.72,-38.47,2017,SOX,EPA,0.06959280753,0.01408601766,0.07412397405,Refineries,75
1231,-3.72,-38.47,2018,SOX,EPA,0.073816118991,0.014940842202,0.078622264035,Refineries,75
1232,-3.72,-38.47,2019,SOX,EPA,0.064648488798,0.013085256756,0.06885773223,Refineries,75
1233,-3.72,-38.47,2020,SOX,EPA,0.077187616119,0.015623254218,0.082213278315,Refineries,75
1234,-3.72,-38.47,2021,SOX,EPA,0.070336400193,0.014236525446,0.074915981805,Refineries,75
1235,-3.72,-38.47,2022,SOX,EPA,0.079392828699,0.016069602978,0.084562071615,Refineries,75
1236,-3.72,-38.47,2023,SOX,EPA,0.013125092769,0.002656600518,0.013979663565,Refineries,75
1237,-22.89,-43.24,1990,SOX,EPA,0.087421621869,0.017694680718,0.093113617065,Refineries,75
1238,-22.89,-43.24,1991,SOX,EPA,0.079841242836,0.016160364792,0.08503968186,Refineries,75
1239,-22.89,-43.24,1992,SOX,EPA,0.091466759682,0.018513441804,0.09742213257,Refineries,75
1240,-22.89,-43.24,1993,SOX,EPA,0.090245423241,0.018266235702,0.096121275285,Refineries,75
1241,-22.89,-43.24,1994,SOX,EPA,0.090016275618,0.018219854796,0.09587720793,Refineries,75
1242,-22.89,-43.24,1995,SOX,EPA,0.091124057727,0.018444076794,0.097057117395,Refineries,75
1243,-22.89,-43.24,1996,SOX,EPA,0.091149152607,0.018449156154,0.097083846195,Refineries,75
1244,-22.89,-43.24,1997,SOX,EPA,0.08904447639,0.01802315658,0.09484213515,Refineries,75
1245,-22.89,-43.24,1998,SOX,EPA,0.085513313088,0.017308427136,0.09108105888,Refineries,75
1246,-22.89,-43.24,1999,SOX,EPA,0.101750798349,0.020594995278,0.108375761865,Refineries,75
1247,-22.89,-43.24,2000,SOX,EPA,0.107082362448,0.021674137056,0.11405446248,Refineries,75
1248,-22.89,-43.24,2001,SOX,EPA,0.128390425056,0.025987021632,0.13674988656,Refineries,75
1249,-22.89,-43.24,2002,SOX,EPA,0.118491435954,0.023983404588,0.12620637729,Refineries,75
1250,-22.89,-43.24,2003,SOX,EPA,0.133406734725,0.02700235395,0.142092806625,Refineries,75
1251,-22.89,-43.24,2004,SOX,EPA,0.130200706962,0.026353433964,0.13867803537,Refineries,75
1252,-22.89,-43.24,2005,SOX,EPA,0.059091070779,0.011960400738,0.062938472415,Refineries,75
1253,-22.89,-43.24,2006,SOX,EPA,0,0,0,Refineries,75
1254,-22.89,-43.24,2007,SOX,EPA,0,0,0,Refineries,75
1255,-22.89,-43.24,2008,SOX,EPA,0,0,0,Refineries,75
1256,-22.89,-43.24,2009,SOX,EPA,0,0,0,Refineries,75
1257,-22.89,-43.24,2010,SOX,EPA,0.05543929521,0.01122125862,0.05904893085,Refineries,75
1258,-22.89,-43.24,2011,SOX,EPA,0.09183785022,0.01858855284,0.0978173847,Refineries,75
1259,-22.89,-43.24,2012,SOX,EPA,0.095275221408,0.019284298176,0.10147856208,Refineries,75
1260,-22.89,-43.24,2013,SOX,EPA,0.002517016464,0.000509459808,0.00268089864,Refineries,75
1261,-22.89,-43.24,2014,SOX,EPA,0.02465258274,0.00498983628,0.0262577049,Refineries,75
1262,-22.89,-43.24,2015,SOX,EPA,0.061713642582,0.012491225604,0.06573179907,Refineries,75
1263,-22.89,-43.24,2016,SOX,EPA,0.072309641976,0.014635921872,0.07701770076,Refineries,75
1264,-22.89,-43.24,2017,SOX,EPA,0.037203473286,0.007530214692,0.03962578011,Refineries,75
1265,-22.89,-43.24,2018,SOX,EPA,0.031123297548,0.006299549256,0.03314972598,Refineries,75
1266,-22.89,-43.24,2019,SOX,EPA,0.070866059004,0.014343731688,0.07548012654,Refineries,75
1267,-22.89,-43.24,2020,SOX,EPA,0.082162832922,0.016630269084,0.08751242997,Refineries,75
1268,-22.89,-43.24,2021,SOX,EPA,0.077548982391,0.015696397002,0.082598173035,Refineries,75
1269,-22.89,-43.24,2022,SOX,EPA,0.08614444932,0.01743617304,0.0917532882,Refineries,75
1270,-22.89,-43.24,2023,SOX,EPA,0.011711780496,0.002370537312,0.01247433096,Refineries,75
1271,-23.64,-46.48,1990,SOX,EPA,0.210762016011,0.042659544642,0.224484666735,Refineries,75
1272,-23.64,-46.48,1991,SOX,EPA,0.228467551752,0.046243255344,0.24334300452,Refineries,75
1273,-23.64,-46.48,1992,SOX,EPA,0.250770469509,0.050757504798,0.267098058465,Refineries,75
1274,-23.64,-46.48,1993,SOX,EPA,0.30320575074,0.06137073228,0.3229473849,Refineries,75
1275,-23.64,-46.48,1994,SOX,EPA,0.28786493691,0.05826565602,0.30660773535,Refineries,75
1276,-23.64,-46.48,1995,SOX,EPA,0.34544827593,0.06992088246,0.36794030805,Refineries,75
1277,-23.64,-46.48,1996,SOX,EPA,0.35164043757,0.07117421454,0.37453563945,Refineries,75
1278,-23.64,-46.48,1997,SOX,EPA,0.40471454034,0.08191674348,0.4310653809,Refineries,75
1279,-23.64,-46.48,1998,SOX,EPA,0.410955793839,0.083180012058,0.437713000515,Refineries,75
1280,-23.64,-46.48,1999,SOX,EPA,0.319884121674,0.064746538428,0.34071167949,Refineries,75
1281,-23.64,-46.48,2000,SOX,EPA,0.368609438583,0.074608846026,0.392609486955,Refineries,75
1282,-23.64,-46.48,2001,SOX,EPA,0.421061345172,0.085225438584,0.44847652122,Refineries,75
1283,-23.64,-46.48,2002,SOX,EPA,0.435566028969,0.088161276918,0.463925600565,Refineries,75
1284,-23.64,-46.48,2003,SOX,EPA,0.40058172729,0.08108023638,0.42666348165,Refineries,75
1285,-23.64,-46.48,2004,SOX,EPA,0.423827271477,0.085785279294,0.451422536145,Refineries,75
1286,-23.64,-46.48,2005,SOX,EPA,0.327536962173,0.066295521006,0.348862794105,Refineries,75
1287,-23.64,-46.48,2006,SOX,EPA,0.368324298009,0.074551131798,0.392305780965,Refineries,75
1288,-23.64,-46.48,2007,SOX,EPA,0.378784314522,0.076668304284,0.40344684597,Refineries,75
1289,-23.64,-46.48,2008,SOX,EPA,0.4120579296,0.0834030912,0.438886896,Refineries,75
1290,-23.64,-46.48,2009,SOX,EPA,0.379546885188,0.076822653336,0.40425906738,Refineries,75
1291,-23.64,-46.48,2010,SOX,EPA,0.332143441083,0.067227901026,0.353769199455,Refineries,75
1292,-23.64,-46.48,2011,SOX,EPA,0.390887418303,0.079118047866,0.416337979155,Refineries,75
1293,-23.64,-46.48,2012,SOX,EPA,0.486147582783,0.098399298426,0.517800503955,Refineries,75
1294,-23.64,-46.48,2013,SOX,EPA,0.486539847126,0.098478695172,0.51821830851,Refineries,75
1295,-23.64,-46.48,2014,SOX,EPA,0.495630467406,0.100318693332,0.52790081631,Refineries,75
1296,-23.64,-46.48,2015,SOX,EPA,0.368999977653,0.074687893566,0.393025453905,Refineries,75
1297,-23.64,-46.48,2016,SOX,EPA,0.494412267825,0.10007212215,0.526603300125,Refineries,75
1298,-23.64,-46.48,2017,SOX,EPA,0.457897648995,0.09268133589,0.487711225575,Refineries,75
1299,-23.64,-46.48,2018,SOX,EPA,0.452293021233,0.091546924326,0.481741682205,Refineries,75
1300,-23.64,-46.48,2019,SOX,EPA,0.452586003957,0.091606225854,0.482053740945,Refineries,75
1301,-23.64,-46.48,2020,SOX,EPA,0.353970810864,0.071645896608,0.37701774264,Refineries,75
1302,-23.64,-46.48,2021,SOX,EPA,0.492277477752,0.099640027344,0.52432951452,Refineries,75
1303,-23.64,-46.48,2022,SOX,EPA,0.529663359447,0.107207162634,0.564149579595,Refineries,75
1304,-23.64,-46.48,2023,SOX,EPA,0.071898713316,0.014552747352,0.07658001666,Refineries,75
1305,-22.72,-43.27,1990,SOX,EPA,1.583469988956,0.320504187432,1.68656923806,Refineries,75
1306,-22.72,-43.27,1991,SOX,EPA,1.64218228389,0.33238792158,1.74910427265,Refineries,75
1307,-22.72,-43.27,1992,SOX,EPA,1.73021982822,0.35020726884,1.8428739147,Refineries,75
1308,-22.72,-43.27,1993,SOX,EPA,1.558383421635,0.31542650997,1.659849291975,Refineries,75
1309,-22.72,-43.27,1994,SOX,EPA,1.477087616817,0.298971732774,1.573260342045,Refineries,75
1310,-22.72,-43.27,1995,SOX,EPA,1.27993769109,0.25906735998,1.36327404465,Refineries,75
1311,-22.72,-43.27,1996,SOX,EPA,1.794015247941,0.363119859102,1.910823034785,Refineries,75
1312,-22.72,-43.27,1997,SOX,EPA,1.546991914545,0.31312079799,1.647716087325,Refineries,75
1313,-22.72,-43.27,1998,SOX,EPA,1.889018503587,0.382349109714,2.012011923495,Refineries,75
1314,-22.72,-43.27,1999,SOX,EPA,1.912129005951,0.387026819322,2.036627143635,Refineries,75
1315,-22.72,-43.27,2000,SOX,EPA,1.697213316771,0.343526545362,1.807718359335,Refineries,75
1316,-22.72,-43.27,2001,SOX,EPA,1.750075210962,0.354226121964,1.86402207537,Refineries,75
1317,-22.72,-43.27,2002,SOX,EPA,1.762934611689,0.356828944758,1.877718747765,Refineries,75
1318,-22.72,-43.27,2003,SOX,EPA,1.79148740931,0.36260820882,1.90813060935,Refineries,75
1319,-22.72,-43.27,2004,SOX,EPA,1.995989507505,0.40400070711,2.125947776925,Refineries,75
1320,-22.72,-43.27,2005,SOX,EPA,1.948619627802,0.394412748444,2.07549365877,Refineries,75
1321,-22.72,-43.27,2006,SOX,EPA,1.99855467477,0.40451991294,2.12867996145,Refineries,75
1322,-22.72,-43.27,2007,SOX,EPA,1.917000235845,0.38801278659,2.041815537825,Refineries,75
1323,-22.72,-43.27,2008,SOX,EPA,2.030794380792,0.411045430224,2.16301878492,Refineries,75
1324,-22.72,-43.27,2009,SOX,EPA,1.904576231286,0.385498090692,2.02858261011,Refineries,75
1325,-22.72,-43.27,2010,SOX,EPA,2.019434555988,0.408746130936,2.15091932538,Refineries,75
1326,-22.72,-43.27,2011,SOX,EPA,1.979441629947,0.400651313634,2.108322472095,Refineries,75
1327,-22.72,-43.27,2012,SOX,EPA,2.074461197265,0.41988386583,2.209528734525,Refineries,75
1328,-22.72,-43.27,2013,SOX,EPA,2.218251722805,0.44898796371,2.362681417425,Refineries,75
1329,-22.72,-43.27,2014,SOX,EPA,2.166487259085,0.43851051387,2.307546585225,Refineries,75
1330,-22.72,-43.27,2015,SOX,EPA,1.828323869976,0.370064137872,1.94736548076,Refineries,75
1331,-22.72,-43.27,2016,SOX,EPA,1.778693882643,0.360018719346,1.894504100055,Refineries,75
1332,-22.72,-43.27,2017,SOX,EPA,1.635464070828,0.331028113416,1.74194863878,Refineries,75
1333,-22.72,-43.27,2018,SOX,EPA,1.751025365856,0.354418439232,1.86503409456,Refineries,75
1334,-22.72,-43.27,2019,SOX,EPA,1.749263391594,0.354061804668,1.86315739869,Refineries,75
1335,-22.72,-43.27,2020,SOX,EPA,1.661764602969,0.336351504918,1.769961590565,Refineries,75
1336,-22.72,-43.27,2021,SOX,EPA,1.718984066229,0.347933080638,1.830906595665,Refineries,75
1337,-22.72,-43.27,2022,SOX,EPA,1.888895381832,0.382324189104,2.01188078532,Refineries,75
1338,-22.72,-43.27,2023,SOX,EPA,0.338575886199,0.068529867978,0.360620459115,Refineries,75
1339,-29.87,-51.17,1990,SOX,EPA,0.594140262003,0.120257689266,0.632824553655,Refineries,75
1340,-29.87,-51.17,1991,SOX,EPA,0.516328410744,0.104508085968,0.54994639644,Refineries,75
1341,-29.87,-51.17,1992,SOX,EPA,0.616233480669,0.124729494318,0.656356255065,Refineries,75
1342,-29.87,-51.17,1993,SOX,EPA,0.689349452508,0.139528622376,0.73423278558,Refineries,75
1343,-29.87,-51.17,1994,SOX,EPA,0.931229747091,0.188486700402,0.991861832535,Refineries,75
1344,-29.87,-51.17,1995,SOX,EPA,0.888977183949,0.179934518478,0.946858217865,Refineries,75
1345,-29.87,-51.17,1996,SOX,EPA,1.04628083184,0.21177375648,1.1144038584,Refineries,75
1346,-29.87,-51.17,1997,SOX,EPA,0.93560143203,0.18937155666,0.99651815655,Refineries,75
1347,-29.87,-51.17,1998,SOX,EPA,1.030667268033,0.208613473926,1.097773700205,Refineries,75
1348,-29.87,-51.17,1999,SOX,EPA,1.080545537835,0.21870914637,1.150899528975,Refineries,75
1349,-29.87,-51.17,2000,SOX,EPA,1.120888066923,0.226874725506,1.193868747855,Refineries,75
1350,-29.87,-51.17,2001,SOX,EPA,1.047580903467,0.212036899074,1.115788577295,Refineries,75
1351,-29.87,-51.17,2002,SOX,EPA,0.990716375916,0.200527164552,1.05522161766,Refineries,75
1352,-29.87,-51.17,2003,SOX,EPA,0.956717518806,0.193645584132,1.01900910531,Refineries,75
1353,-29.87,-51.17,2004,SOX,EPA,0.944857835361,0.191245110342,1.006377241485,Refineries,75
1354,-29.87,-51.17,2005,SOX,EPA,1.088662319928,0.220352033616,1.15954479228,Refineries,75
1355,-29.87,-51.17,2006,SOX,EPA,1.0659677652,0.2157585144,1.135372602,Refineries,75
1356,-29.87,-51.17,2007,SOX,EPA,1.357378294968,0.274741820496,1.44575678268,Refineries,75
1357,-29.87,-51.17,2008,SOX,EPA,1.331200727739,0.269443317858,1.417874802015,Refineries,75
1358,-29.87,-51.17,2009,SOX,EPA,1.523090923461,0.308283088542,1.622258909985,Refineries,75
1359,-29.87,-51.17,2010,SOX,EPA,1.358811055773,0.275031820206,1.447282830105,Refineries,75
1360,-29.87,-51.17,2011,SOX,EPA,1.363101809724,0.275900295528,1.45185295374,Refineries,75
1361,-29.87,-51.17,2012,SOX,EPA,1.430389966212,0.289519837464,1.52352222162,Refineries,75
1362,-29.87,-51.17,2013,SOX,EPA,1.806791051349,0.365705761278,1.924430666865,Refineries,75
1363,-29.87,-51.17,2014,SOX,EPA,1.754075962206,0.355035898932,1.86828331431,Refineries,75
1364,-29.87,-51.17,2015,SOX,EPA,1.599608976813,0.323770819086,1.703759030505,Refineries,75
1365,-29.87,-51.17,2016,SOX,EPA,1.385761702149,0.280486798878,1.475988224865,Refineries,75
1366,-29.87,-51.17,2017,SOX,EPA,1.270492135101,0.257155520622,1.353213491385,Refineries,75
1367,-29.87,-51.17,2018,SOX,EPA,1.256188680873,0.254260412406,1.337978743605,Refineries,75
1368,-29.87,-51.17,2019,SOX,EPA,1.307730741219,0.264692846418,1.392876691815,Refineries,75
1369,-29.87,-51.17,2020,SOX,EPA,1.237087869804,0.250394289288,1.31763428454,Refineries,75
1370,-29.87,-51.17,2021,SOX,EPA,1.382469881265,0.27982051383,1.472482074525,Refineries,75
1371,-29.87,-51.17,2022,SOX,EPA,1.503483195816,0.304314362352,1.60137452916,Refineries,75
1372,-29.87,-51.17,2023,SOX,EPA,0.123492375009,0.024995625798,0.131532925965,Refineries,75
1373,-19.97,-44.1,1990,SOX,EPA,1.161076576185,0.23500913007,1.236673918725,Refineries,75
1374,-19.97,-44.1,1991,SOX,EPA,1.195675985142,0.242012265924,1.27352608467,Refineries,75
1375,-19.97,-44.1,1992,SOX,EPA,1.160461594782,0.234884654004,1.23601889607,Refineries,75
1376,-19.97,-44.1,1993,SOX,EPA,1.195161853788,0.241908202536,1.27297847838,Refineries,75
1377,-19.97,-44.1,1994,SOX,EPA,1.169082156591,0.236629509402,1.245200740035,Refineries,75
1378,-19.97,-44.1,1995,SOX,EPA,1.182009470337,0.239246078214,1.258969747245,Refineries,75
1379,-19.97,-44.1,1996,SOX,EPA,1.036452578931,0.209784456882,1.103935690935,Refineries,75
1380,-19.97,-44.1,1997,SOX,EPA,1.191954884967,0.241259092074,1.269562704795,Refineries,75
1381,-19.97,-44.1,1998,SOX,EPA,1.101305434158,0.222911078676,1.17301109583,Refineries,75
1382,-19.97,-44.1,1999,SOX,EPA,1.219562076141,0.246846959502,1.298967391785,Refineries,75
1383,-19.97,-44.1,2000,SOX,EPA,1.188106898805,0.24048023571,1.265464177425,Refineries,75
1384,-19.97,-44.1,2001,SOX,EPA,1.207739407644,0.244453977768,1.28637495294,Refineries,75
1385,-19.97,-44.1,2002,SOX,EPA,1.138273172415,0.23039357913,1.212385792275,Refineries,75
1386,-19.97,-44.1,2003,SOX,EPA,1.173079143603,0.237438524466,1.249457969655,Refineries,75
1387,-19.97,-44.1,2004,SOX,EPA,1.218642662475,0.24666086445,1.297988115375,Refineries,75
1388,-19.97,-44.1,2005,SOX,EPA,1.212437796552,0.245404960944,1.29137925252,Refineries,75
1389,-19.97,-44.1,2006,SOX,EPA,1.259488657593,0.254928348246,1.341493580805,Refineries,75
1390,-19.97,-44.1,2007,SOX,EPA,1.217409562809,0.246411277398,1.296674728965,Refineries,75
1391,-19.97,-44.1,2008,SOX,EPA,1.339954292412,0.271215093864,1.42719830862,Refineries,75
1392,-19.97,-44.1,2009,SOX,EPA,1.308484528677,0.264845417694,1.393679558145,Refineries,75
1393,-19.97,-44.1,2010,SOX,EPA,1.340704786167,0.271366998474,1.427997666795,Refineries,75
1394,-19.97,-44.1,2011,SOX,EPA,1.213541971272,0.245628452784,1.29255531972,Refineries,75
1395,-19.97,-44.1,2012,SOX,EPA,1.342503148005,0.27173099811,1.429913119425,Refineries,75
1396,-19.97,-44.1,2013,SOX,EPA,1.361622937077,0.275600962494,1.450277792145,Refineries,75
1397,-19.97,-44.1,2014,SOX,EPA,1.444110591852,0.292296977544,1.53813619302,Refineries,75
1398,-19.97,-44.1,2015,SOX,EPA,1.389130376103,0.281168639466,1.479576232155,Refineries,75
1399,-19.97,-44.1,2016,SOX,EPA,1.369159086384,0.277126326048,1.45830461784,Refineries,75
1400,-19.97,-44.1,2017,SOX,EPA,1.286393035284,0.260373961848,1.37014969434,Refineries,75
1401,-19.97,-44.1,2018,SOX,EPA,1.304828832033,0.264105481926,1.389785840205,Refineries,75
1402,-19.97,-44.1,2019,SOX,EPA,1.262431973331,0.255524093682,1.344628534935,Refineries,75
1403,-19.97,-44.1,2020,SOX,EPA,1.137850637373,0.230308055406,1.211935746105,Refineries,75
1404,-19.97,-44.1,2021,SOX,EPA,1.250678472597,0.253145111934,1.332109767345,Refineries,75
1405,-19.97,-44.1,2022,SOX,EPA,1.353978095571,0.274053598962,1.442135197335,Refineries,75
1406,-19.97,-44.1,2023,SOX,EPA,0.219472762545,0.04442265399,0.233762567325,Refineries,75
1407,-3.15,-59.95,1990,SOX,EPA,0.079354245321,0.016061793462,0.084520976085,Refineries,75
1408,-3.15,-59.95,1991,SOX,EPA,0.092775928203,0.018778425666,0.098816540655,Refineries,75
1409,-3.15,-59.95,1992,SOX,EPA,0.097277322303,0.019689535866,0.103611019155,Refineries,75
1410,-3.15,-59.95,1993,SOX,EPA,0.089207279424,0.018056108928,0.09501553824,Refineries,75
1411,-3.15,-59.95,1994,SOX,EPA,0.095380149375,0.01930553625,0.101590321875,Refineries,75
1412,-3.15,-59.95,1995,SOX,EPA,0.093477957471,0.018920520762,0.099564278835,Refineries,75
1413,-3.15,-59.95,1996,SOX,EPA,0.10988891109,0.02224219998,0.11704374465,Refineries,75
1414,-3.15,-59.95,1997,SOX,EPA,0.12305274408,0.02490664176,0.1310646708,Refineries,75
1415,-3.15,-59.95,1998,SOX,EPA,0.129995713161,0.026311941942,0.138459694485,Refineries,75
1416,-3.15,-59.95,1999,SOX,EPA,0.126293904675,0.02556267285,0.134516862375,Refineries,75
1417,-3.15,-59.95,2000,SOX,EPA,0.278764749207,0.056423721354,0.296915037195,Refineries,75
1418,-3.15,-59.95,2001,SOX,EPA,0.401652808137,0.081297029814,0.427804300245,Refineries,75
1419,-3.15,-59.95,2002,SOX,EPA,0.423602985987,0.085739882514,0.451183647495,Refineries,75
1420,-3.15,-59.95,2003,SOX,EPA,0.40298769891,0.08156722002,0.42922610535,Refineries,75
1421,-3.15,-59.95,2004,SOX,EPA,0.416011314258,0.084203280876,0.44309768433,Refineries,75
1422,-3.15,-59.95,2005,SOX,EPA,0.404247618729,0.081822235638,0.430568058165,Refineries,75
1423,-3.15,-59.95,2006,SOX,EPA,0.328110537024,0.066411616128,0.34947371424,Refineries,75
1424,-3.15,-59.95,2007,SOX,EPA,0.374679262683,0.075837416226,0.399074515455,Refineries,75
1425,-3.15,-59.95,2008,SOX,EPA,0.362058420159,0.073282879098,0.385631933715,Refineries,75
1426,-3.15,-59.95,2009,SOX,EPA,0.372748995882,0.075446718204,0.39701856957,Refineries,75
1427,-3.15,-59.95,2010,SOX,EPA,0.383664170781,0.077656017582,0.408644428185,Refineries,75
1428,-3.15,-59.95,2011,SOX,EPA,0.3882334779,0.0785808738,0.4135112415,Refineries,75
1429,-3.15,-59.95,2012,SOX,EPA,0.32948950068,0.06669072696,0.3509424618,Refineries,75
1430,-3.15,-59.95,2013,SOX,EPA,0.354011433201,0.071654118822,0.377061009885,Refineries,75
1431,-3.15,-59.95,2014,SOX,EPA,0.375773085765,0.07605881283,0.400239557025,Refineries,75
1432,-3.15,-59.95,2015,SOX,EPA,0.320041435203,0.064778379666,0.340879235655,Refineries,75
1433,-3.15,-59.95,2016,SOX,EPA,0.28287732951,0.05725613322,0.30129538635,Refineries,75
1434,-3.15,-59.95,2017,SOX,EPA,0.262536831369,0.053139089718,0.279630524565,Refineries,75
1435,-3.15,-59.95,2018,SOX,EPA,0.267943523265,0.05423343783,0.285389244525,Refineries,75
1436,-3.15,-59.95,2019,SOX,EPA,0.28749792429,0.05819137038,0.30621682665,Refineries,75
1437,-3.15,-59.95,2020,SOX,EPA,0.248586901263,0.050315536986,0.264772318755,Refineries,75
1438,-3.15,-59.95,2021,SOX,EPA,0.276713242767,0.056008483674,0.294729957795,Refineries,75
1439,-3.15,-59.95,2022,SOX,EPA,0.281219969529,0.056920673238,0.299530116165,Refineries,75
1440,-3.15,-59.95,2023,SOX,EPA,0.039192085683,0.007932722226,0.041743870455,Refineries,75
1441,-25.57,-49.36,1990,SOX,EPA,1.24751510613,0.25250482686,1.32874043505,Refineries,75
1442,-25.57,-49.36,1991,SOX,EPA,1.234150984629,0.249799845438,1.314506179665,Refineries,75
1443,-25.57,-49.36,1992,SOX,EPA,1.155475555812,0.233875448664,1.23070821762,Refineries,75
1444,-25.57,-49.36,1993,SOX,EPA,1.362303478854,0.275738708388,1.45100264379,Refineries,75
1445,-25.57,-49.36,1994,SOX,EPA,1.495910658933,0.302781633726,1.593308946705,Refineries,75
1446,-25.57,-49.36,1995,SOX,EPA,1.258288808643,0.254685491346,1.340215610055,Refineries,75
1447,-25.57,-49.36,1996,SOX,EPA,1.471037241249,0.297747099078,1.566816028365,Refineries,75
1448,-25.57,-49.36,1997,SOX,EPA,1.505447027019,0.304711854018,1.603466224815,Refineries,75
1449,-25.57,-49.36,1998,SOX,EPA,1.455634317591,0.294629451402,1.550410225035,Refineries,75
1450,-25.57,-49.36,1999,SOX,EPA,1.725244297731,0.349200190482,1.837574428935,Refineries,75
1451,-25.57,-49.36,2000,SOX,EPA,1.721708272296,0.348484476912,1.83380817396,Refineries,75
1452,-25.57,-49.36,2001,SOX,EPA,1.739687185386,0.352123520892,1.85295768861,Refineries,75
1453,-25.57,-49.36,2002,SOX,EPA,1.784404536273,0.361174591206,1.900586572605,Refineries,75
1454,-25.57,-49.36,2003,SOX,EPA,1.741264555437,0.352442790414,1.854637760745,Refineries,75
1455,-25.57,-49.36,2004,SOX,EPA,1.515065423994,0.306658677468,1.61371087269,Refineries,75
1456,-25.57,-49.36,2005,SOX,EPA,1.728590386293,0.349877459646,1.841138380305,Refineries,75
1457,-25.57,-49.36,2006,SOX,EPA,1.678826925567,0.339805025274,1.788134835795,Refineries,75
1458,-25.57,-49.36,2007,SOX,EPA,1.542442840173,0.312200037006,1.642870824105,Refineries,75
1459,-25.57,-49.36,2008,SOX,EPA,1.691707970628,0.342412229016,1.80185456178,Refineries,75
1460,-25.57,-49.36,2009,SOX,EPA,1.718974028277,0.347931048894,1.830895904145,Refineries,75
1461,-25.57,-49.36,2010,SOX,EPA,1.56103798941,0.31596381102,1.66267669785,Refineries,75
1462,-25.57,-49.36,2011,SOX,EPA,1.769799002427,0.358218340194,1.885030076895,Refineries,75
1463,-25.57,-49.36,2012,SOX,EPA,1.819749733695,0.36832867929,1.938233085075,Refineries,75
1464,-25.57,-49.36,2013,SOX,EPA,1.775626033563,0.359397767586,1.891236504255,Refineries,75
1465,-25.57,-49.36,2014,SOX,EPA,1.860756022359,0.376628607498,1.981909280715,Refineries,75
1466,-25.57,-49.36,2015,SOX,EPA,1.806675301215,0.36568233273,1.924307380275,Refineries,75
1467,-25.57,-49.36,2016,SOX,EPA,1.54623357864,0.31296730608,1.6469083764,Refineries,75
1468,-25.57,-49.36,2017,SOX,EPA,1.480339756422,0.299629986084,1.57672422747,Refineries,75
1469,-25.57,-49.36,2018,SOX,EPA,1.575107590725,0.31881158595,1.677662366625,Refineries,75
1470,-25.57,-49.36,2019,SOX,EPA,1.534699501263,0.310632736986,1.634623318755,Refineries,75
1471,-25.57,-49.36,2020,SOX,EPA,1.636056937368,0.331148113296,1.74258010668,Refineries,75
1472,-25.57,-49.36,2021,SOX,EPA,1.658795721822,0.335750584884,1.76679940647,Refineries,75
1473,-25.57,-49.36,2022,SOX,EPA,1.471089626811,0.297757702242,1.566871824735,Refineries,75
1474,-25.57,-49.36,2023,SOX,EPA,0.272774287665,0.05521121463,0.290534538525,Refineries,75
1475,-22.73,-47.14,1990,SOX,EPA,1.90838563407,0.38626913754,2.03264004195,Refineries,75
1476,-22.73,-47.14,1991,SOX,EPA,1.968128230671,0.398361411162,2.096272460835,Refineries,75
1477,-22.73,-47.14,1992,SOX,EPA,1.844797560795,0.37339851549,1.964911768575,Refineries,75
1478,-22.73,-47.14,1993,SOX,EPA,1.929975386706,0.390639037932,2.05563549681,Refineries,75
1479,-22.73,-47.14,1994,SOX,EPA,2.01506240052,0.40786117944,2.1462625002,Refineries,75
1480,-22.73,-47.14,1995,SOX,EPA,2.218278229272,0.448993328784,2.36270964972,Refineries,75
1481,-22.73,-47.14,1996,SOX,EPA,2.258729450559,0.457180907898,2.405794637715,Refineries,75
1482,-22.73,-47.14,1997,SOX,EPA,2.393948976678,0.484550182116,2.54981826603,Refineries,75
1483,-22.73,-47.14,1998,SOX,EPA,2.822892623658,0.571371047676,3.00669030333,Refineries,75
1484,-22.73,-47.14,1999,SOX,EPA,2.675627868825,0.54156374415,2.849837185125,Refineries,75
1485,-22.73,-47.14,2000,SOX,EPA,3.030181821963,0.613327672386,3.227476038255,Refineries,75
1486,-22.73,-47.14,2001,SOX,EPA,2.957662794582,0.598649369604,3.15023531907,Refineries,75
1487,-22.73,-47.14,2002,SOX,EPA,2.978030583405,0.60277193691,3.171929248425,Refineries,75
1488,-22.73,-47.14,2003,SOX,EPA,2.702151431712,0.546932278464,2.87808768912,Refineries,75
1489,-22.73,-47.14,2004,SOX,EPA,3.253810139793,0.658591436646,3.465664727805,Refineries,75
1490,-22.73,-47.14,2005,SOX,EPA,3.041275641039,0.615573130458,3.239292172515,Refineries,75
1491,-22.73,-47.14,2006,SOX,EPA,3.194573205024,0.646601512128,3.40257089424,Refineries,75
1492,-22.73,-47.14,2007,SOX,EPA,3.219563941272,0.651659792784,3.42918876972,Refineries,75
1493,-22.73,-47.14,2008,SOX,EPA,3.007065516408,0.608648788176,3.20285463708,Refineries,75
1494,-22.73,-47.14,2009,SOX,EPA,3.150054417375,0.63759063225,3.355153501875,Refineries,75
1495,-22.73,-47.14,2010,SOX,EPA,2.933023229811,0.593662168242,3.123991479735,Refineries,75
1496,-22.73,-47.14,2011,SOX,EPA,3.452329618596,0.698773015512,3.67710974946,Refineries,75
1497,-22.73,-47.14,2012,SOX,EPA,3.606443864082,0.729966698604,3.84125832657,Refineries,75
1498,-22.73,-47.14,2013,SOX,EPA,3.880290487338,0.785394960636,4.13293502013,Refineries,75
1499,-22.73,-47.14,2014,SOX,EPA,3.765539129562,0.762168571164,4.01071223637,Refineries,75
1500,-22.73,-47.14,2015,SOX,EPA,3.591188216001,0.726878860422,3.825009387885,Refineries,75
1501,-22.73,-47.14,2016,SOX,EPA,3.06432638622,0.62023874484,3.2638437447,Refineries,75
1502,-22.73,-47.14,2017,SOX,EPA,2.973801625596,0.601915969512,3.16742494446,Refineries,75
1503,-22.73,-47.14,2018,SOX,EPA,2.623011120243,0.530913786546,2.793794576055,Refineries,75
1504,-22.73,-47.14,2019,SOX,EPA,3.004852618521,0.608200883862,3.200497658085,Refineries,75
1505,-22.73,-47.14,2020,SOX,EPA,2.815262682237,0.569826700014,2.998563578745,Refineries,75
1506,-22.73,-47.14,2021,SOX,EPA,3.257075140524,0.659252293128,3.46914231174,Refineries,75
1507,-22.73,-47.14,2022,SOX,EPA,3.449926156464,0.698286539808,3.67454979864,Refineries,75
1508,-22.73,-47.14,2023,SOX,EPA,0.593338323744,0.120095371968,0.63197040144,Refineries,75
1509,-23.19,-45.82,1990,SOX,EPA,1.636333922106,0.331204176732,1.74287512581,Refineries,75
1510,-23.19,-45.82,1991,SOX,EPA,1.422761122692,0.287975712024,1.51539666642,Refineries,75
1511,-23.19,-45.82,1992,SOX,EPA,1.645792496064,0.333118651008,1.75294954464,Refineries,75
1512,-23.19,-45.82,1993,SOX,EPA,1.452857725962,0.294067451964,1.54745285037,Refineries,75
1513,-23.19,-45.82,1994,SOX,EPA,1.81699008111,0.36777010842,1.93529375235,Refineries,75
1514,-23.19,-45.82,1995,SOX,EPA,1.610027116245,0.32587951539,1.714855491825,Refineries,75
1515,-23.19,-45.82,1996,SOX,EPA,1.551766842837,0.314087273214,1.652801909745,Refineries,75
1516,-23.19,-45.82,1997,SOX,EPA,1.714775341167,0.347081208474,1.826423841795,Refineries,75
1517,-23.19,-45.82,1998,SOX,EPA,1.90302630876,0.38518437672,2.0269317726,Refineries,75
1518,-23.19,-45.82,1999,SOX,EPA,1.809468675045,0.36624772899,1.927282629825,Refineries,75
1519,-23.19,-45.82,2000,SOX,EPA,2.029016408544,0.410685557568,2.16112504944,Refineries,75
1520,-23.19,-45.82,2001,SOX,EPA,2.021975883117,0.409260511374,2.153626117545,Refineries,75
1521,-23.19,-45.82,2002,SOX,EPA,1.806018756417,0.365549443974,1.923608088045,Refineries,75
1522,-23.19,-45.82,2003,SOX,EPA,1.991635232139,0.403119374658,2.121309996015,Refineries,75
1523,-23.19,-45.82,2004,SOX,EPA,2.195607985209,0.444404730198,2.338563352965,Refineries,75
1524,-23.19,-45.82,2005,SOX,EPA,2.210000526261,0.447317870142,2.353892987985,Refineries,75
1525,-23.19,-45.82,2006,SOX,EPA,1.968839043147,0.398505284034,2.097029554095,Refineries,75
1526,-23.19,-45.82,2007,SOX,EPA,2.187228020562,0.442708573164,2.32963777137,Refineries,75
1527,-23.19,-45.82,2008,SOX,EPA,1.912907574603,0.387184406466,2.037456404655,Refineries,75
1528,-23.19,-45.82,2009,SOX,EPA,2.226687053031,0.450695327082,2.371665969435,Refineries,75
1529,-23.19,-45.82,2010,SOX,EPA,2.209149809829,0.447145679838,2.352986881665,Refineries,75
1530,-23.19,-45.82,2011,SOX,EPA,2.198868594336,0.445064697792,2.34203625936,Refineries,75
1531,-23.19,-45.82,2012,SOX,EPA,2.224894494384,0.450332502048,2.36975669784,Refineries,75
1532,-23.19,-45.82,2013,SOX,EPA,2.100795450651,0.425214082722,2.237577603135,Refineries,75
1533,-23.19,-45.82,2014,SOX,EPA,2.344771010871,0.474596255562,2.497438337835,Refineries,75
1534,-23.19,-45.82,2015,SOX,EPA,2.225944871955,0.45054510501,2.370875465175,Refineries,75
1535,-23.19,-45.82,2016,SOX,EPA,1.99043961795,0.4028773749,2.12003653575,Refineries,75
1536,-23.19,-45.82,2017,SOX,EPA,1.905732477882,0.385732122204,2.02981413957,Refineries,75
1537,-23.19,-45.82,2018,SOX,EPA,1.948232539278,0.394334399316,2.07508136703,Refineries,75
1538,-23.19,-45.82,2019,SOX,EPA,1.701039658599,0.344301020778,1.811793833115,Refineries,75
1539,-23.19,-45.82,2020,SOX,EPA,1.997929969101,0.404393468622,2.128014581385,Refineries,75
1540,-23.19,-45.82,2021,SOX,EPA,2.108565609714,0.426786811308,2.24585367489,Refineries,75
1541,-23.19,-45.82,2022,SOX,EPA,2.097807905187,0.424609384914,2.234395539495,Refineries,75
1542,-23.19,-45.82,2023,SOX,EPA,0.276381049293,0.055941245646,0.294376135305,Refineries,75
1543,-32.04,-52.09,1990,SOX,EPA,0.090317414178,0.018280807116,0.09619795353,Refineries,75
1544,-32.04,-52.09,1991,SOX,EPA,0.085754537622,0.017357252484,0.09133798947,Refineries,75
1545,-32.04,-52.09,1992,SOX,EPA,0.085708582623,0.017347950906,0.091289042355,Refineries,75
1546,-32.04,-52.09,1993,SOX,EPA,0.088639194078,0.017941124916,0.09441046503,Refineries,75
1547,-32.04,-52.09,1994,SOX,EPA,0.08518300173,0.01724157006,0.09072924105,Refineries,75
1548,-32.04,-52.09,1995,SOX,EPA,0.085805197911,0.017367506442,0.091391948235,Refineries,75
1549,-32.04,-52.09,1996,SOX,EPA,0.086916744252,0.017592490344,0.09257586702,Refineries,75
1550,-32.04,-52.09,1997,SOX,EPA,0.087491103318,0.017708744196,0.09318762243,Refineries,75
1551,-32.04,-52.09,1998,SOX,EPA,0.091003915989,0.018419759358,0.096929153265,Refineries,75
1552,-32.04,-52.09,1999,SOX,EPA,0.109505900484,0.022164676248,0.11663579634,Refineries,75
1553,-32.04,-52.09,2000,SOX,EPA,0.117847595439,0.023853087258,0.125520616515,Refineries,75
1554,-32.04,-52.09,2001,SOX,EPA,0.11838039111,0.02396092842,0.12608810235,Refineries,75
1555,-32.04,-52.09,2002,SOX,EPA,0.111671118099,0.022602929778,0.118941990615,Refineries,75
1556,-32.04,-52.09,2003,SOX,EPA,0.126101928843,0.025523815746,0.134312387055,Refineries,75
1557,-32.04,-52.09,2004,SOX,EPA,0.102987348561,0.020845280742,0.109692823485,Refineries,75
1558,-32.04,-52.09,2005,SOX,EPA,0.041572021365,0.00841443603,0.044278763025,Refineries,75
1559,-32.04,-52.09,2006,SOX,EPA,0.065145994794,0.013185955068,0.06938763069,Refineries,75
1560,-32.04,-52.09,2007,SOX,EPA,0.120615247017,0.024413277174,0.128468469045,Refineries,75
1561,-32.04,-52.09,2008,SOX,EPA,0.071513977437,0.014474874414,0.076170230745,Refineries,75
1562,-32.04,-52.09,2009,SOX,EPA,0.124724376774,0.025244990628,0.13284514299,Refineries,75
1563,-32.04,-52.09,2010,SOX,EPA,0.128753046072,0.026060418384,0.13713611772,Refineries,75
1564,-32.04,-52.09,2011,SOX,EPA,0.13762345878,0.02785584516,0.1465840803,Refineries,75
1565,-32.04,-52.09,2012,SOX,EPA,0.146554726572,0.029663589384,0.15609686022,Refineries,75
1566,-32.04,-52.09,2013,SOX,EPA,0.142946082828,0.028933177416,0.15225325878,Refineries,75
1567,-32.04,-52.09,2014,SOX,EPA,0.122203439235,0.02473473717,0.130160067975,Refineries,75
1568,-32.04,-52.09,2015,SOX,EPA,0.089376669864,0.018090394608,0.09519595764,Refineries,75
1569,-32.04,-52.09,2016,SOX,EPA,0.126966917988,0.025698894936,0.13523369538,Refineries,75
1570,-32.04,-52.09,2017,SOX,EPA,0.132702509655,0.02685981441,0.141342729675,Refineries,75
1571,-32.04,-52.09,2018,SOX,EPA,0.131159801907,0.026547560754,0.139699576695,Refineries,75
1572,-32.04,-52.09,2019,SOX,EPA,0.140710913235,0.02848076517,0.149872557975,Refineries,75
1573,-32.04,-52.09,2020,SOX,EPA,0.109843583463,0.022233025386,0.116995465755,Refineries,75
1574,-32.04,-52.09,2021,SOX,EPA,0.102436045416,0.020733693552,0.10910562516,Refineries,75
1575,-32.04,-52.09,2022,SOX,EPA,0.108567508815,0.02197473993,0.115636306275,Refineries,75
1576,-32.04,-52.09,2023,SOX,EPA,0.022737059181,0.004602122382,0.024217462185,Refineries,75
1577,-12.71,-38.57,1990,SOX,EPA,1.129269286314,0.228571136508,1.20279566589,Refineries,75
1578,-12.71,-38.57,1991,SOX,EPA,1.007876725389,0.204000526158,1.073499272265,Refineries,75
1579,-12.71,-38.57,1992,SOX,EPA,1.170352271205,0.23688658851,1.246553551425,Refineries,75
1580,-12.71,-38.57,1993,SOX,EPA,1.143306107442,0.231412276524,1.21774642017,Refineries,75
1581,-12.71,-38.57,1994,SOX,EPA,1.065442027464,0.215652101808,1.13481263364,Refineries,75
1582,-12.71,-38.57,1995,SOX,EPA,1.067397232302,0.216047847444,1.13689514127,Refineries,75
1583,-12.71,-38.57,1996,SOX,EPA,1.00296550053,0.20300646366,1.06826827905,Refineries,75
1584,-12.71,-38.57,1997,SOX,EPA,1.111632918336,0.225001425792,1.18401099936,Refineries,75
1585,-12.71,-38.57,1998,SOX,EPA,1.573257157011,0.318437046642,1.675691451735,Refineries,75
1586,-12.71,-38.57,1999,SOX,EPA,1.752562897785,0.35472964527,1.866671734725,Refineries,75
1587,-12.71,-38.57,2000,SOX,EPA,1.559082941415,0.31556809713,1.660594357275,Refineries,75
1588,-12.71,-38.57,2001,SOX,EPA,1.892273936895,0.38300802969,2.015479317075,Refineries,75
1589,-12.71,-38.57,2002,SOX,EPA,1.84998984831,0.37444946682,1.97044212435,Refineries,75
1590,-12.71,-38.57,2003,SOX,EPA,1.757710014516,0.355771453752,1.87215397866,Refineries,75
1591,-12.71,-38.57,2004,SOX,EPA,2.136893494473,0.432520551606,2.276025979605,Refineries,75
1592,-12.71,-38.57,2005,SOX,EPA,2.238607121031,0.453108023082,2.384362149435,Refineries,75
1593,-12.71,-38.57,2006,SOX,EPA,2.365937914779,0.478880568738,2.519983412415,Refineries,75
1594,-12.71,-38.57,2007,SOX,EPA,2.358373220046,0.477349427412,2.51192618271,Refineries,75
1595,-12.71,-38.57,2008,SOX,EPA,2.3255425296,0.4707042912,2.476957896,Refineries,75
1596,-12.71,-38.57,2009,SOX,EPA,2.012711167107,0.407385275154,2.143758178695,Refineries,75
1597,-12.71,-38.57,2010,SOX,EPA,2.284772917023,0.462452267706,2.433533786355,Refineries,75
1598,-12.71,-38.57,2011,SOX,EPA,2.170656146025,0.43935432255,2.311986907125,Refineries,75
1599,-12.71,-38.57,2012,SOX,EPA,2.171905086834,0.439607115948,2.31331716609,Refineries,75
1600,-12.71,-38.57,2013,SOX,EPA,2.550210089148,0.516178404456,2.71625349198,Refineries,75
1601,-12.71,-38.57,2014,SOX,EPA,2.742402678174,0.555079381428,2.92095968199,Refineries,75
1602,-12.71,-38.57,2015,SOX,EPA,2.373733796094,0.480458503668,2.52828688119,Refineries,75
1603,-12.71,-38.57,2016,SOX,EPA,2.124663347862,0.430045093764,2.26299953187,Refineries,75
1604,-12.71,-38.57,2017,SOX,EPA,1.984625761626,0.401700614172,2.11384414101,Refineries,75
1605,-12.71,-38.57,2018,SOX,EPA,1.982082081852,0.401185757544,2.11113484302,Refineries,75
1606,-12.71,-38.57,2019,SOX,EPA,2.056565724651,0.416261710722,2.190468093135,Refineries,75
1607,-12.71,-38.57,2020,SOX,EPA,2.265743940048,0.458600684256,2.41326583848,Refineries,75
1608,-12.71,-38.57,2021,SOX,EPA,1.879510367241,0.380424603702,2.001884715285,Refineries,75
1609,-12.71,-38.57,2022,SOX,EPA,2.268114935679,0.459080588538,2.415791208915,Refineries,75
1610,-23.87,-46.44,1990,SOX,EPA,0.91942150815,0.1860966393,0.97928476275,Refineries,75
1611,-23.87,-46.44,1991,SOX,EPA,0.972144125757,0.196768025454,1.035440133945,Refineries,75
1612,-23.87,-46.44,1992,SOX,EPA,0.977195881944,0.197790532368,1.04082080844,Refineries,75
1613,-23.87,-46.44,1993,SOX,EPA,0.958172394474,0.193940060028,1.02055870749,Refineries,75
1614,-23.87,-46.44,1994,SOX,EPA,1.090429940538,0.220709811036,1.16142750213,Refineries,75
1615,-23.87,-46.44,1995,SOX,EPA,1.212100427259,0.245336675298,1.291019917215,Refineries,75
1616,-23.87,-46.44,1996,SOX,EPA,1.189973016819,0.240857949618,1.267451797815,Refineries,75
1617,-23.87,-46.44,1997,SOX,EPA,1.298831469399,0.262891578378,1.383397991115,Refineries,75
1618,-23.87,-46.44,1998,SOX,EPA,1.272713031981,0.257605043982,1.355578990185,Refineries,75
1619,-23.87,-46.44,1999,SOX,EPA,1.431299655612,0.289703964264,1.52449114062,Refineries,75
1620,-23.87,-46.44,2000,SOX,EPA,1.44125699031,0.29171939082,1.53509679435,Refineries,75
1621,-23.87,-46.44,2001,SOX,EPA,1.406656012923,0.284715937506,1.498242957855,Refineries,75
1622,-23.87,-46.44,2002,SOX,EPA,1.390983319305,0.28154368671,1.481549819925,Refineries,75
1623,-23.87,-46.44,2003,SOX,EPA,1.494229772502,0.302441411844,1.59151861827,Refineries,75
1624,-23.87,-46.44,2004,SOX,EPA,1.412999528058,0.285999904476,1.50499949733,Refineries,75
1625,-23.87,-46.44,2005,SOX,EPA,1.44117072666,0.29170193052,1.5350049141,Refineries,75
1626,-23.87,-46.44,2006,SOX,EPA,1.490946264297,0.301776809334,1.588021321845,Refineries,75
1627,-23.87,-46.44,2007,SOX,EPA,1.398926789883,0.283151494626,1.490010487455,Refineries,75
1628,-23.87,-46.44,2008,SOX,EPA,1.537502913045,0.31120016499,1.637609259825,Refineries,75
1629,-23.87,-46.44,2009,SOX,EPA,1.510552894041,0.305745313302,1.608904533285,Refineries,75
1630,-23.87,-46.44,2010,SOX,EPA,1.461073162302,0.295730307444,1.55620319127,Refineries,75
1631,-23.87,-46.44,2011,SOX,EPA,1.381185337095,0.27956051409,1.471113894075,Refineries,75
1632,-23.87,-46.44,2012,SOX,EPA,1.43063087706,0.28956859932,1.5237788181,Refineries,75
1633,-23.87,-46.44,2013,SOX,EPA,1.599783072543,0.323806057146,1.703944461555,Refineries,75
1634,-23.87,-46.44,2014,SOX,EPA,1.6144163676,0.3267679272,1.719530526,Refineries,75
1635,-23.87,-46.44,2015,SOX,EPA,1.432870751943,0.290021963946,1.526164530555,Refineries,75
1636,-23.87,-46.44,2016,SOX,EPA,1.299818952927,0.263091451194,1.384449769395,Refineries,75
1637,-23.87,-46.44,2017,SOX,EPA,1.31700126042,0.26656925724,1.4027508117,Refineries,75
1638,-23.87,-46.44,2018,SOX,EPA,1.30417620831,0.26397338682,1.38909072435,Refineries,75
1639,-23.87,-46.44,2019,SOX,EPA,1.212862997925,0.24549102435,1.291832138625,Refineries,75
1640,-23.87,-46.44,2020,SOX,EPA,1.309123193373,0.264974687406,1.394359806105,Refineries,75
1641,-23.87,-46.44,2021,SOX,EPA,1.363877241516,0.276057247752,1.45267887366,Refineries,75
1642,-23.87,-46.44,2022,SOX,EPA,1.585857609945,0.32098745679,1.689112316325,Refineries,75
1643,-23.87,-46.44,2023,SOX,EPA,0.235177922664,0.047601476208,0.25049028564,Refineries,75
1644,-5.13,-36.38,1990,SOX,EPA,0,0,0,Refineries,75
1645,-5.13,-36.38,1991,SOX,EPA,0,0,0,Refineries,75
1646,-5.13,-36.38,1992,SOX,EPA,0,0,0,Refineries,75
1647,-5.13,-36.38,1993,SOX,EPA,0,0,0,Refineries,75
1648,-5.13,-36.38,1994,SOX,EPA,0,0,0,Refineries,75
1649,-5.13,-36.38,1995,SOX,EPA,0,0,0,Refineries,75
1650,-5.13,-36.38,1996,SOX,EPA,0,0,0,Refineries,75
1651,-5.13,-36.38,1997,SOX,EPA,0,0,0,Refineries,75
1652,-5.13,-36.38,1998,SOX,EPA,0,0,0,Refineries,75
1653,-5.13,-36.38,1999,SOX,EPA,0,0,0,Refineries,75
1654,-5.13,-36.38,2000,SOX,EPA,0.030272581116,0.006127358952,0.03224361966,Refineries,75
1655,-5.13,-36.38,2001,SOX,EPA,0.027376475121,0.005541169062,0.029158949085,Refineries,75
1656,-5.13,-36.38,2002,SOX,EPA,0.03427803765,0.0069380883,0.03650987025,Refineries,75
1657,-5.13,-36.38,2003,SOX,EPA,0.03597037362,0.00728062764,0.0383123937,Refineries,75
1658,-5.13,-36.38,2004,SOX,EPA,0.039136249575,0.00792142065,0.041684398875,Refineries,75
1659,-5.13,-36.38,2005,SOX,EPA,0.059368839732,0.012016622904,0.06323432682,Refineries,75
1660,-5.13,-36.38,2006,SOX,EPA,0.08246648097,0.01669172934,0.08783584845,Refineries,75
1661,-5.13,-36.38,2007,SOX,EPA,0.087937949025,0.01779918855,0.093663562125,Refineries,75
1662,-5.13,-36.38,2008,SOX,EPA,0.088415065431,0.017895759882,0.094171743435,Refineries,75
1663,-5.13,-36.38,2009,SOX,EPA,0.126578261034,0.025620228348,0.13481973309,Refineries,75
1664,-5.13,-36.38,2010,SOX,EPA,0.29806757406,0.06033073332,0.3174746631,Refineries,75
1665,-5.13,-36.38,2011,SOX,EPA,0.31200150618,0.06315104796,0.3323158293,Refineries,75
1666,-5.13,-36.38,2012,SOX,EPA,0.332737091838,0.067348059636,0.35440150263,Refineries,75
1667,-5.13,-36.38,2013,SOX,EPA,0.339234469956,0.068663169432,0.36132192306,Refineries,75
1668,-5.13,-36.38,2014,SOX,EPA,0.34482717765,0.0697951683,0.36727877025,Refineries,75
1669,-5.13,-36.38,2015,SOX,EPA,0.308739328623,0.062490762906,0.328841252355,Refineries,75
1670,-5.13,-36.38,2016,SOX,EPA,0.304682741271,0.061669684362,0.324520541835,Refineries,75
1671,-5.13,-36.38,2017,SOX,EPA,0.301533333831,0.061032224682,0.321166077435,Refineries,75
1672,-5.13,-36.38,2018,SOX,EPA,0.282272856588,0.057133784136,0.30065155638,Refineries,75
1673,-5.13,-36.38,2019,SOX,EPA,0.28832291847,0.05835835434,0.30709553595,Refineries,75
1674,-5.13,-36.38,2020,SOX,EPA,0.262888630218,0.053210295996,0.28000522893,Refineries,75
1675,-5.13,-36.38,2021,SOX,EPA,0.258942303495,0.05241153489,0.275801958075,Refineries,75
1676,-5.13,-36.38,2022,SOX,EPA,0.220034731014,0.044536399908,0.23436112539,Refineries,75
1677,-5.13,-36.38,2023,SOX,EPA,0.038643919398,0.007821769956,0.04116001323,Refineries,75
1678,-23.14,-47.02,1990,SOX,EPA,0,0,0,Refineries,75
1679,-23.14,-47.02,1991,SOX,EPA,0,0,0,Refineries,75
1680,-23.14,-47.02,1992,SOX,EPA,0,0,0,Refineries,75
1681,-23.14,-47.02,1993,SOX,EPA,0,0,0,Refineries,75
1682,-23.14,-47.02,1994,SOX,EPA,0,0,0,Refineries,75
1683,-23.14,-47.02,1995,SOX,EPA,0,0,0,Refineries,75
1684,-23.14,-47.02,1996,SOX,EPA,0,0,0,Refineries,75
1685,-23.14,-47.02,1997,SOX,EPA,0,0,0,Refineries,75
1686,-23.14,-47.02,1998,SOX,EPA,0,0,0,Refineries,75
1687,-23.14,-47.02,1999,SOX,EPA,0,0,0,Refineries,75
1688,-23.14,-47.02,2000,SOX,EPA,0,0,0,Refineries,75
1689,-23.14,-47.02,2001,SOX,EPA,0,0,0,Refineries,75
1690,-23.14,-47.02,2002,SOX,EPA,0,0,0,Refineries,75
1691,-23.14,-47.02,2003,SOX,EPA,0,0,0,Refineries,75
1692,-23.14,-47.02,2004,SOX,EPA,0,0,0,Refineries,75
1693,-23.14,-47.02,2005,SOX,EPA,0,0,0,Refineries,75
1694,-23.14,-47.02,2006,SOX,EPA,0.024759863352,0.005011550544,0.02637197052,Refineries,75
1695,-23.14,-47.02,2007,SOX,EPA,0.046224612117,0.009356149374,0.049234282545,Refineries,75
1696,-23.14,-47.02,2008,SOX,EPA,0.0184761054,0.0037396788,0.019679079,Refineries,75
1697,-23.14,-47.02,2009,SOX,EPA,0.062629919388,0.012676685736,0.06670773438,Refineries,75
1698,-23.14,-47.02,2010,SOX,EPA,0.078114715092,0.015810904824,0.08320074042,Refineries,75
1699,-23.14,-47.02,2011,SOX,EPA,0.047512606833,0.009616847526,0.050606138205,Refineries,75
1700,-23.14,-47.02,2012,SOX,EPA,0.007192976823,0.001455903306,0.007661309355,Refineries,75
1701,-23.14,-47.02,2013,SOX,EPA,0.000583769646,0.000118158612,0.00062177871,Refineries,75
1702,-23.14,-47.02,2014,SOX,EPA,0.00016154829,3.269838e-05,0.00017206665,Refineries,75
1703,-23.14,-47.02,2015,SOX,EPA,0,0,0,Refineries,75
1704,-23.14,-47.02,2016,SOX,EPA,0,0,0,Refineries,75
1705,-23.14,-47.02,2017,SOX,EPA,0,0,0,Refineries,75
1706,-23.14,-47.02,2018,SOX,EPA,0,0,0,Refineries,75
1707,-23.14,-47.02,2019,SOX,EPA,0,0,0,Refineries,75
1708,-23.14,-47.02,2020,SOX,EPA,0,0,0,Refineries,75
1709,-23.14,-47.02,2021,SOX,EPA,0,0,0,Refineries,75
1710,-23.14,-47.02,2022,SOX,EPA,0,0,0,Refineries,75
1711,-23.14,-47.02,2023,SOX,EPA,0,0,0,Refineries,75
1712,-8.38,-35.01,1990,SOX,EPA,0,0,0,Refineries,75
1713,-8.38,-35.01,1991,SOX,EPA,0,0,0,Refineries,75
1714,-8.38,-35.01,1992,SOX,EPA,0,0,0,Refineries,75
1715,-8.38,-35.01,1993,SOX,EPA,0,0,0,Refineries,75
1716,-8.38,-35.01,1994,SOX,EPA,0,0,0,Refineries,75
1717,-8.38,-35.01,1995,SOX,EPA,0,0,0,Refineries,75
1718,-8.38,-35.01,1996,SOX,EPA,0,0,0,Refineries,75
1719,-8.38,-35.01,1997,SOX,EPA,0,0,0,Refineries,75
1720,-8.38,-35.01,1998,SOX,EPA,0,0,0,Refineries,75
1721,-8.38,-35.01,1999,SOX,EPA,0,0,0,Refineries,75
1722,-8.38,-35.01,2000,SOX,EPA,0,0,0,Refineries,75
1723,-8.38,-35.01,2001,SOX,EPA,0,0,0,Refineries,75
1724,-8.38,-35.01,2002,SOX,EPA,0,0,0,Refineries,75
1725,-8.38,-35.01,2003,SOX,EPA,0,0,0,Refineries,75
1726,-8.38,-35.01,2004,SOX,EPA,0,0,0,Refineries,75
1727,-8.38,-35.01,2005,SOX,EPA,0,0,0,Refineries,75
1728,-8.38,-35.01,2006,SOX,EPA,0,0,0,Refineries,75
1729,-8.38,-35.01,2007,SOX,EPA,0,0,0,Refineries,75
1730,-8.38,-35.01,2008,SOX,EPA,0,0,0,Refineries,75
1731,-8.38,-35.01,2009,SOX,EPA,0,0,0,Refineries,75
1732,-8.38,-35.01,2010,SOX,EPA,0,0,0,Refineries,75
1733,-8.38,-35.01,2011,SOX,EPA,0,0,0,Refineries,75
1734,-8.38,-35.01,2012,SOX,EPA,0,0,0,Refineries,75
1735,-8.38,-35.01,2013,SOX,EPA,0,0,0,Refineries,75
1736,-8.38,-35.01,2014,SOX,EPA,0.031906414647,0.006458057034,0.033983831595,Refineries,75
1737,-8.38,-35.01,2015,SOX,EPA,0.576657913851,0.116719153122,0.614203935135,Refineries,75
1738,-8.38,-35.01,2016,SOX,EPA,0.781080022116,0.158095460952,0.83193590466,Refineries,75
1739,-8.38,-35.01,2017,SOX,EPA,0.686407077828,0.138933067416,0.73109883378,Refineries,75
1740,-8.38,-35.01,2018,SOX,EPA,0.717028007247,0.145130934234,0.763713482595,Refineries,75
1741,-8.38,-35.01,2019,SOX,EPA,0.757721394126,0.153367529172,0.80705640351,Refineries,75
1742,-8.38,-35.01,2020,SOX,EPA,0.926502342228,0.187529844216,0.98682662778,Refineries,75
1743,-8.38,-35.01,2021,SOX,EPA,0.632403680283,0.128002443426,0.673579291455,Refineries,75
1744,-8.38,-35.01,2022,SOX,EPA,0.665176181976,0.134635801872,0.70848560076,Refineries,75
1745,-8.38,-35.01,2023,SOX,EPA,0.116945748189,0.023670547758,0.124560050265,Refineries,75
1746,-21.37,-50.28,2000,SOX,EPA,0,0,0,Refineries,75
1747,-21.37,-50.28,2001,SOX,EPA,0,0,0,Refineries,75
1748,-21.37,-50.28,2002,SOX,EPA,0,0,0,Refineries,75
1749,-21.37,-50.28,2003,SOX,EPA,0,0,0,Refineries,75
1750,-21.37,-50.28,2004,SOX,EPA,0,0,0,Refineries,75
1751,-21.37,-50.28,2005,SOX,EPA,0,0,0,Refineries,75
1752,-21.37,-50.28,2006,SOX,EPA,0,0,0,Refineries,75
1753,-21.37,-50.28,2007,SOX,EPA,0,0,0,Refineries,75
1754,-21.37,-50.28,2008,SOX,EPA,0,0,0,Refineries,75
1755,-21.37,-50.28,2009,SOX,EPA,0,0,0,Refineries,75
1756,-21.37,-50.28,2010,SOX,EPA,0,0,0,Refineries,75
1757,-21.37,-50.28,2011,SOX,EPA,0,0,0,Refineries,75
1758,-21.37,-50.28,2012,SOX,EPA,0,0,0,Refineries,75
1759,-21.37,-50.28,2013,SOX,EPA,0,0,0,Refineries,75
1760,-21.37,-50.28,2014,SOX,EPA,0,0,0,Refineries,75
1761,-21.37,-50.28,2015,SOX,EPA,0,0,0,Refineries,75
1762,-21.37,-50.28,2016,SOX,EPA,0,0,0,Refineries,75
1763,-21.37,-50.28,2017,SOX,EPA,0,0,0,Refineries,75
1764,-21.37,-50.28,2018,SOX,EPA,0,0,0,Refineries,75
1765,-21.37,-50.28,2019,SOX,EPA,0,0,0,Refineries,75
1766,-21.37,-50.28,2020,SOX,EPA,0,0,0,Refineries,75
1767,-21.37,-50.28,2021,SOX,EPA,0,0,0,Refineries,75
1768,-21.37,-50.28,2022,SOX,EPA,0.001641989367,0.000332348874,0.001748898795,Refineries,75
1769,-21.37,-50.28,2023,SOX,EPA,5.646348e-05,1.142856e-05,6.01398e-05,Refineries,75
1770,-12.62,-38.09,1990,CO,EPA,0,0,0,Refineries,75
1771,-12.62,-38.09,1991,CO,EPA,0,0,0,Refineries,75
1772,-12.62,-38.09,1992,CO,EPA,0,0,0,Refineries,75
1773,-12.62,-38.09,1993,CO,EPA,0,0,0,Refineries,75
1774,-12.62,-38.09,1994,CO,EPA,0,0,0,Refineries,75
1775,-12.62,-38.09,1995,CO,EPA,0.17243834608,0.17243834608,0.17243834608,Refineries,75
1776,-12.62,-38.09,1996,CO,EPA,0,0,0,Refineries,75
1777,-12.62,-38.09,1997,CO,EPA,0,0,0,Refineries,75
1778,-12.62,-38.09,1998,CO,EPA,0,0,0,Refineries,75
1779,-12.62,-38.09,1999,CO,EPA,0,0,0,Refineries,75
1780,-12.62,-38.09,2000,CO,EPA,0,0,0,Refineries,75
1781,-12.62,-38.09,2001,CO,EPA,0,0,0,Refineries,75
1782,-12.62,-38.09,2002,CO,EPA,0,0,0,Refineries,75
1783,-12.62,-38.09,2003,CO,EPA,0,0,0,Refineries,75
1784,-12.62,-38.09,2004,CO,EPA,0,0,0,Refineries,75
1785,-12.62,-38.09,2005,CO,EPA,0,0,0,Refineries,75
1786,-12.62,-38.09,2006,CO,EPA,0,0,0,Refineries,75
1787,-12.62,-38.09,2007,CO,EPA,0,0,0,Refineries,75
1788,-12.62,-38.09,2008,CO,EPA,0,0,0,Refineries,75
1789,-12.62,-38.09,2009,CO,EPA,0.00200532304,0.00200532304,0.00200532304,Refineries,75
1790,-12.62,-38.09,2010,CO,EPA,0.00781562544,0.00781562544,0.00781562544,Refineries,75
1791,-12.62,-38.09,2011,CO,EPA,0.01801657872,0.01801657872,0.01801657872,Refineries,75
1792,-12.62,-38.09,2012,CO,EPA,0.02651853344,0.02651853344,0.02651853344,Refineries,75
1793,-12.62,-38.09,2013,CO,EPA,0.0207523232,0.0207523232,0.0207523232,Refineries,75
1794,-12.62,-38.09,2014,CO,EPA,0.01345594096,0.01345594096,0.01345594096,Refineries,75
1795,-12.62,-38.09,2015,CO,EPA,0.01468500992,0.01468500992,0.01468500992,Refineries,75
1796,-12.62,-38.09,2016,CO,EPA,0.01457419936,0.01457419936,0.01457419936,Refineries,75
1797,-12.62,-38.09,2017,CO,EPA,0.02052286992,0.02052286992,0.02052286992,Refineries,75
1798,-12.62,-38.09,2018,CO,EPA,0.02251049808,0.02251049808,0.02251049808,Refineries,75
1799,-12.62,-38.09,2019,CO,EPA,0.02908081008,0.02908081008,0.02908081008,Refineries,75
1800,-12.62,-38.09,2020,CO,EPA,0.03627276352,0.03627276352,0.03627276352,Refineries,75
1801,-12.62,-38.09,2021,CO,EPA,0.03560732,0.03560732,0.03560732,Refineries,75
1802,-12.62,-38.09,2022,CO,EPA,0.0413784616,0.0413784616,0.0413784616,Refineries,75
1803,-12.62,-38.09,2023,CO,EPA,0.0071388688,0.0071388688,0.0071388688,Refineries,75
1804,-3.72,-38.47,1990,CO,EPA,0.07075283264,0.07075283264,0.07075283264,Refineries,75
1805,-3.72,-38.47,1991,CO,EPA,0.0687388072,0.0687388072,0.0687388072,Refineries,75
1806,-3.72,-38.47,1992,CO,EPA,0.0775978504,0.0775978504,0.0775978504,Refineries,75
1807,-3.72,-38.47,1993,CO,EPA,0.07776348608,0.07776348608,0.07776348608,Refineries,75
1808,-3.72,-38.47,1994,CO,EPA,0.0706794424,0.0706794424,0.0706794424,Refineries,75
1809,-3.72,-38.47,1995,CO,EPA,0.08002523984,0.08002523984,0.08002523984,Refineries,75
1810,-3.72,-38.47,1996,CO,EPA,0.24828469344,0.24828469344,0.24828469344,Refineries,75
1811,-3.72,-38.47,1997,CO,EPA,0.07152705616,0.07152705616,0.07152705616,Refineries,75
1812,-3.72,-38.47,1998,CO,EPA,0.09932832336,0.09932832336,0.09932832336,Refineries,75
1813,-3.72,-38.47,1999,CO,EPA,0.09443322336,0.09443322336,0.09443322336,Refineries,75
1814,-3.72,-38.47,2000,CO,EPA,0.08971130112,0.08971130112,0.08971130112,Refineries,75
1815,-3.72,-38.47,2001,CO,EPA,0.09523500448,0.09523500448,0.09523500448,Refineries,75
1816,-3.72,-38.47,2002,CO,EPA,0.1109962112,0.1109962112,0.1109962112,Refineries,75
1817,-3.72,-38.47,2003,CO,EPA,0.07160102656,0.07160102656,0.07160102656,Refineries,75
1818,-3.72,-38.47,2004,CO,EPA,0.07457057552,0.07457057552,0.07457057552,Refineries,75
1819,-3.72,-38.47,2005,CO,EPA,0.0780866352,0.0780866352,0.0780866352,Refineries,75
1820,-3.72,-38.47,2006,CO,EPA,0.11175883152,0.11175883152,0.11175883152,Refineries,75
1821,-3.72,-38.47,2007,CO,EPA,0.10417846096,0.10417846096,0.10417846096,Refineries,75
1822,-3.72,-38.47,2008,CO,EPA,0.10450654144,0.10450654144,0.10450654144,Refineries,75
1823,-3.72,-38.47,2009,CO,EPA,0.10178965216,0.10178965216,0.10178965216,Refineries,75
1824,-3.72,-38.47,2010,CO,EPA,0.13373790304,0.13373790304,0.13373790304,Refineries,75
1825,-3.72,-38.47,2011,CO,EPA,0.11749023216,0.11749023216,0.11749023216,Refineries,75
1826,-3.72,-38.47,2012,CO,EPA,0.13247112368,0.13247112368,0.13247112368,Refineries,75
1827,-3.72,-38.47,2013,CO,EPA,0.14160661312,0.14160661312,0.14160661312,Refineries,75
1828,-3.72,-38.47,2014,CO,EPA,0.15056921488,0.15056921488,0.15056921488,Refineries,75
1829,-3.72,-38.47,2015,CO,EPA,0.14266801584,0.14266801584,0.14266801584,Refineries,75
1830,-3.72,-38.47,2016,CO,EPA,0.1515464944,0.1515464944,0.1515464944,Refineries,75
1831,-3.72,-38.47,2017,CO,EPA,0.1287113968,0.1287113968,0.1287113968,Refineries,75
1832,-3.72,-38.47,2018,CO,EPA,0.13652238096,0.13652238096,0.13652238096,Refineries,75
1833,-3.72,-38.47,2019,CO,EPA,0.11956691488,0.11956691488,0.11956691488,Refineries,75
1834,-3.72,-38.47,2020,CO,EPA,0.14275794064,0.14275794064,0.14275794064,Refineries,75
1835,-3.72,-38.47,2021,CO,EPA,0.13008666608,0.13008666608,0.13008666608,Refineries,75
1836,-3.72,-38.47,2022,CO,EPA,0.14683646544,0.14683646544,0.14683646544,Refineries,75
1837,-3.72,-38.47,2023,CO,EPA,0.02427476464,0.02427476464,0.02427476464,Refineries,75
1838,-22.89,-43.24,1990,CO,EPA,0.16168566064,0.16168566064,0.16168566064,Refineries,75
1839,-22.89,-43.24,1991,CO,EPA,0.14766580416,0.14766580416,0.14766580416,Refineries,75
1840,-22.89,-43.24,1992,CO,EPA,0.16916711392,0.16916711392,0.16916711392,Refineries,75
1841,-22.89,-43.24,1993,CO,EPA,0.16690826096,0.16690826096,0.16690826096,Refineries,75
1842,-22.89,-43.24,1994,CO,EPA,0.16648445408,0.16648445408,0.16648445408,Refineries,75
1843,-22.89,-43.24,1995,CO,EPA,0.16853328912,0.16853328912,0.16853328912,Refineries,75
1844,-22.89,-43.24,1996,CO,EPA,0.16857970192,0.16857970192,0.16857970192,Refineries,75
1845,-22.89,-43.24,1997,CO,EPA,0.1646871184,0.1646871184,0.1646871184,Refineries,75
1846,-22.89,-43.24,1998,CO,EPA,0.15815625728,0.15815625728,0.15815625728,Refineries,75
1847,-22.89,-43.24,1999,CO,EPA,0.18818736944,0.18818736944,0.18818736944,Refineries,75
1848,-22.89,-43.24,2000,CO,EPA,0.19804805888,0.19804805888,0.19804805888,Refineries,75
1849,-22.89,-43.24,2001,CO,EPA,0.23745716736,0.23745716736,0.23745716736,Refineries,75
1850,-22.89,-43.24,2002,CO,EPA,0.21914905824,0.21914905824,0.21914905824,Refineries,75
1851,-22.89,-43.24,2003,CO,EPA,0.246734796,0.246734796,0.246734796,Refineries,75
1852,-22.89,-43.24,2004,CO,EPA,0.24080527072,0.24080527072,0.24080527072,Refineries,75
1853,-22.89,-43.24,2005,CO,EPA,0.10928851024,0.10928851024,0.10928851024,Refineries,75
1854,-22.89,-43.24,2006,CO,EPA,0,0,0,Refineries,75
1855,-22.89,-43.24,2007,CO,EPA,0,0,0,Refineries,75
1856,-22.89,-43.24,2008,CO,EPA,0,0,0,Refineries,75
1857,-22.89,-43.24,2009,CO,EPA,0,0,0,Refineries,75
1858,-22.89,-43.24,2010,CO,EPA,0.1025345776,0.1025345776,0.1025345776,Refineries,75
1859,-22.89,-43.24,2011,CO,EPA,0.1698534432,0.1698534432,0.1698534432,Refineries,75
1860,-22.89,-43.24,2012,CO,EPA,0.17621083648,0.17621083648,0.17621083648,Refineries,75
1861,-22.89,-43.24,2013,CO,EPA,0.00465520384,0.00465520384,0.00465520384,Refineries,75
1862,-22.89,-43.24,2014,CO,EPA,0.0455947744,0.0455947744,0.0455947744,Refineries,75
1863,-22.89,-43.24,2015,CO,EPA,0.11413893792,0.11413893792,0.11413893792,Refineries,75
1864,-22.89,-43.24,2016,CO,EPA,0.13373616256,0.13373616256,0.13373616256,Refineries,75
1865,-22.89,-43.24,2017,CO,EPA,0.06880755616,0.06880755616,0.06880755616,Refineries,75
1866,-22.89,-43.24,2018,CO,EPA,0.05756231488,0.05756231488,0.05756231488,Refineries,75
1867,-22.89,-43.24,2019,CO,EPA,0.13106626624,0.13106626624,0.13106626624,Refineries,75
1868,-22.89,-43.24,2020,CO,EPA,0.15195956832,0.15195956832,0.15195956832,Refineries,75
1869,-22.89,-43.24,2021,CO,EPA,0.14342628496,0.14342628496,0.14342628496,Refineries,75
1870,-22.89,-43.24,2022,CO,EPA,0.1593235392,0.1593235392,0.1593235392,Refineries,75
1871,-22.89,-43.24,2023,CO,EPA,0.02166085376,0.02166085376,0.02166085376,Refineries,75
1872,-23.64,-46.48,1990,CO,EPA,0.38980283216,0.38980283216,0.38980283216,Refineries,75
1873,-23.64,-46.48,1991,CO,EPA,0.42254909312,0.42254909312,0.42254909312,Refineries,75
1874,-23.64,-46.48,1992,CO,EPA,0.46379817904,0.46379817904,0.46379817904,Refineries,75
1875,-23.64,-46.48,1993,CO,EPA,0.5607768544,0.5607768544,0.5607768544,Refineries,75
1876,-23.64,-46.48,1994,CO,EPA,0.5324041296,0.5324041296,0.5324041296,Refineries,75
1877,-23.64,-46.48,1995,CO,EPA,0.6389041008,0.6389041008,0.6389041008,Refineries,75
1878,-23.64,-46.48,1996,CO,EPA,0.6503564592,0.6503564592,0.6503564592,Refineries,75
1879,-23.64,-46.48,1997,CO,EPA,0.7485166304,0.7485166304,0.7485166304,Refineries,75
1880,-23.64,-46.48,1998,CO,EPA,0.76005978384,0.76005978384,0.76005978384,Refineries,75
1881,-23.64,-46.48,1999,CO,EPA,0.59162338144,0.59162338144,0.59162338144,Refineries,75
1882,-23.64,-46.48,2000,CO,EPA,0.68174050448,0.68174050448,0.68174050448,Refineries,75
1883,-23.64,-46.48,2001,CO,EPA,0.77874992832,0.77874992832,0.77874992832,Refineries,75
1884,-23.64,-46.48,2002,CO,EPA,0.80557623664,0.80557623664,0.80557623664,Refineries,75
1885,-23.64,-46.48,2003,CO,EPA,0.7408730224,0.7408730224,0.7408730224,Refineries,75
1886,-23.64,-46.48,2004,CO,EPA,0.78386548912,0.78386548912,0.78386548912,Refineries,75
1887,-23.64,-46.48,2005,CO,EPA,0.60577725488,0.60577725488,0.60577725488,Refineries,75
1888,-23.64,-46.48,2006,CO,EPA,0.68121313904,0.68121313904,0.68121313904,Refineries,75
1889,-23.64,-46.48,2007,CO,EPA,0.70055886432,0.70055886432,0.70055886432,Refineries,75
1890,-23.64,-46.48,2008,CO,EPA,0.762098176,0.762098176,0.762098176,Refineries,75
1891,-23.64,-46.48,2009,CO,EPA,0.70196923328,0.70196923328,0.70196923328,Refineries,75
1892,-23.64,-46.48,2010,CO,EPA,0.61429690448,0.61429690448,0.61429690448,Refineries,75
1893,-23.64,-46.48,2011,CO,EPA,0.72294346768,0.72294346768,0.72294346768,Refineries,75
1894,-23.64,-46.48,2012,CO,EPA,0.89912645648,0.89912645648,0.89912645648,Refineries,75
1895,-23.64,-46.48,2013,CO,EPA,0.89985194656,0.89985194656,0.89985194656,Refineries,75
1896,-23.64,-46.48,2014,CO,EPA,0.91666498336,0.91666498336,0.91666498336,Refineries,75
1897,-23.64,-46.48,2015,CO,EPA,0.68246280368,0.68246280368,0.68246280368,Refineries,75
1898,-23.64,-46.48,2016,CO,EPA,0.914411932,0.914411932,0.914411932,Refineries,75
1899,-23.64,-46.48,2017,CO,EPA,0.8468784072,0.8468784072,0.8468784072,Refineries,75
1900,-23.64,-46.48,2018,CO,EPA,0.83651268848,0.83651268848,0.83651268848,Refineries,75
1901,-23.64,-46.48,2019,CO,EPA,0.83705455792,0.83705455792,0.83705455792,Refineries,75
1902,-23.64,-46.48,2020,CO,EPA,0.65466646784,0.65466646784,0.65466646784,Refineries,75
1903,-23.64,-46.48,2021,CO,EPA,0.91046365312,0.91046365312,0.91046365312,Refineries,75
1904,-23.64,-46.48,2022,CO,EPA,0.97960857232,0.97960857232,0.97960857232,Refineries,75
1905,-23.64,-46.48,2023,CO,EPA,0.13297615296,0.13297615296,0.13297615296,Refineries,75
1906,-22.72,-43.27,1990,CO,EPA,2.92861635136,2.92861635136,2.92861635136,Refineries,75
1907,-22.72,-43.27,1991,CO,EPA,3.0372043184,3.0372043184,3.0372043184,Refineries,75
1908,-22.72,-43.27,1992,CO,EPA,3.2000291232,3.2000291232,3.2000291232,Refineries,75
1909,-22.72,-43.27,1993,CO,EPA,2.8822189256,2.8822189256,2.8822189256,Refineries,75
1910,-22.72,-43.27,1994,CO,EPA,2.73186291952,2.73186291952,2.73186291952,Refineries,75
1911,-22.72,-43.27,1995,CO,EPA,2.3672355504,2.3672355504,2.3672355504,Refineries,75
1912,-22.72,-43.27,1996,CO,EPA,3.31801829296,3.31801829296,3.31801829296,Refineries,75
1913,-22.72,-43.27,1997,CO,EPA,2.8611504152,2.8611504152,2.8611504152,Refineries,75
1914,-22.72,-43.27,1998,CO,EPA,3.49372613072,3.49372613072,3.49372613072,Refineries,75
1915,-22.72,-43.27,1999,CO,EPA,3.53646883856,3.53646883856,3.53646883856,Refineries,75
1916,-22.72,-43.27,2000,CO,EPA,3.13898381776,3.13898381776,3.13898381776,Refineries,75
1917,-22.72,-43.27,2001,CO,EPA,3.23675151072,3.23675151072,3.23675151072,Refineries,75
1918,-22.72,-43.27,2002,CO,EPA,3.26053487984,3.26053487984,3.26053487984,Refineries,75
1919,-22.72,-43.27,2003,CO,EPA,3.3133430736,3.3133430736,3.3133430736,Refineries,75
1920,-22.72,-43.27,2004,CO,EPA,3.6915682328,3.6915682328,3.6915682328,Refineries,75
1921,-22.72,-43.27,2005,CO,EPA,3.60395798112,3.60395798112,3.60395798112,Refineries,75
1922,-22.72,-43.27,2006,CO,EPA,3.6963124912,3.6963124912,3.6963124912,Refineries,75
1923,-22.72,-43.27,2007,CO,EPA,3.5454781432,3.5454781432,3.5454781432,Refineries,75
1924,-22.72,-43.27,2008,CO,EPA,3.75593959552,3.75593959552,3.75593959552,Refineries,75
1925,-22.72,-43.27,2009,CO,EPA,3.52250003616,3.52250003616,3.52250003616,Refineries,75
1926,-22.72,-43.27,2010,CO,EPA,3.73492968128,3.73492968128,3.73492968128,Refineries,75
1927,-22.72,-43.27,2011,CO,EPA,3.66096305232,3.66096305232,3.66096305232,Refineries,75
1928,-22.72,-43.27,2012,CO,EPA,3.8367010584,3.8367010584,3.8367010584,Refineries,75
1929,-22.72,-43.27,2013,CO,EPA,4.1026406008,4.1026406008,4.1026406008,Refineries,75
1930,-22.72,-43.27,2014,CO,EPA,4.0069025976,4.0069025976,4.0069025976,Refineries,75
1931,-22.72,-43.27,2015,CO,EPA,3.38147184256,3.38147184256,3.38147184256,Refineries,75
1932,-22.72,-43.27,2016,CO,EPA,3.28968153808,3.28968153808,3.28968153808,Refineries,75
1933,-22.72,-43.27,2017,CO,EPA,3.02477903168,3.02477903168,3.02477903168,Refineries,75
1934,-22.72,-43.27,2018,CO,EPA,3.23850881536,3.23850881536,3.23850881536,Refineries,75
1935,-22.72,-43.27,2019,CO,EPA,3.23525005664,3.23525005664,3.23525005664,Refineries,75
1936,-22.72,-43.27,2020,CO,EPA,3.07342167664,3.07342167664,3.07342167664,Refineries,75
1937,-22.72,-43.27,2021,CO,EPA,3.17924866224,3.17924866224,3.17924866224,Refineries,75
1938,-22.72,-43.27,2022,CO,EPA,3.49349841792,3.49349841792,3.49349841792,Refineries,75
1939,-22.72,-43.27,2023,CO,EPA,0.62619366544,0.62619366544,0.62619366544,Refineries,75
1940,-29.87,-51.17,1990,CO,EPA,1.09885813968,1.09885813968,1.09885813968,Refineries,75
1941,-29.87,-51.17,1991,CO,EPA,0.95494568064,0.95494568064,0.95494568064,Refineries,75
1942,-29.87,-51.17,1992,CO,EPA,1.13971938864,1.13971938864,1.13971938864,Refineries,75
1943,-29.87,-51.17,1993,CO,EPA,1.27494685248,1.27494685248,1.27494685248,Refineries,75
1944,-29.87,-51.17,1994,CO,EPA,1.72230271696,1.72230271696,1.72230271696,Refineries,75
1945,-29.87,-51.17,1995,CO,EPA,1.64415690544,1.64415690544,1.64415690544,Refineries,75
1946,-29.87,-51.17,1996,CO,EPA,1.9350888704,1.9350888704,1.9350888704,Refineries,75
1947,-29.87,-51.17,1997,CO,EPA,1.7303881168,1.7303881168,1.7303881168,Refineries,75
1948,-29.87,-51.17,1998,CO,EPA,1.90621169648,1.90621169648,1.90621169648,Refineries,75
1949,-29.87,-51.17,1999,CO,EPA,1.9984611976,1.9984611976,1.9984611976,Refineries,75
1950,-29.87,-51.17,2000,CO,EPA,2.07307441488,2.07307441488,2.07307441488,Refineries,75
1951,-29.87,-51.17,2001,CO,EPA,1.93749334352,1.93749334352,1.93749334352,Refineries,75
1952,-29.87,-51.17,2002,CO,EPA,1.83232280896,1.83232280896,1.83232280896,Refineries,75
1953,-29.87,-51.17,2003,CO,EPA,1.76944216736,1.76944216736,1.76944216736,Refineries,75
1954,-29.87,-51.17,2004,CO,EPA,1.74750776816,1.74750776816,1.74750776816,Refineries,75
1955,-29.87,-51.17,2005,CO,EPA,2.01347312768,2.01347312768,2.01347312768,Refineries,75
1956,-29.87,-51.17,2006,CO,EPA,1.971499712,1.971499712,1.971499712,Refineries,75
1957,-29.87,-51.17,2007,CO,EPA,2.51046139008,2.51046139008,2.51046139008,Refineries,75
1958,-29.87,-51.17,2008,CO,EPA,2.46204616784,2.46204616784,2.46204616784,Refineries,75
1959,-29.87,-51.17,2009,CO,EPA,2.81694570416,2.81694570416,2.81694570416,Refineries,75
1960,-29.87,-51.17,2010,CO,EPA,2.51311127088,2.51311127088,2.51311127088,Refineries,75
1961,-29.87,-51.17,2011,CO,EPA,2.52104698944,2.52104698944,2.52104698944,Refineries,75
1962,-29.87,-51.17,2012,CO,EPA,2.64549595072,2.64549595072,2.64549595072,Refineries,75
1963,-29.87,-51.17,2013,CO,EPA,3.34164704944,3.34164704944,3.34164704944,Refineries,75
1964,-29.87,-51.17,2014,CO,EPA,3.24415087136,3.24415087136,3.24415087136,Refineries,75
1965,-29.87,-51.17,2015,CO,EPA,2.95846529328,2.95846529328,2.95846529328,Refineries,75
1966,-29.87,-51.17,2016,CO,EPA,2.56295629744,2.56295629744,2.56295629744,Refineries,75
1967,-29.87,-51.17,2017,CO,EPA,2.34976606256,2.34976606256,2.34976606256,Refineries,75
1968,-29.87,-51.17,2018,CO,EPA,2.32331192688,2.32331192688,2.32331192688,Refineries,75
1969,-29.87,-51.17,2019,CO,EPA,2.41863859664,2.41863859664,2.41863859664,Refineries,75
1970,-29.87,-51.17,2020,CO,EPA,2.28798511424,2.28798511424,2.28798511424,Refineries,75
1971,-29.87,-51.17,2021,CO,EPA,2.5568680984,2.5568680984,2.5568680984,Refineries,75
1972,-29.87,-51.17,2022,CO,EPA,2.78068135296,2.78068135296,2.78068135296,Refineries,75
1973,-29.87,-51.17,2023,CO,EPA,0.22839825904,0.22839825904,0.22839825904,Refineries,75
1974,-19.97,-44.1,1990,CO,EPA,2.1474027736,2.1474027736,2.1474027736,Refineries,75
1975,-19.97,-44.1,1991,CO,EPA,2.21139413152,2.21139413152,2.21139413152,Refineries,75
1976,-19.97,-44.1,1992,CO,EPA,2.14626536992,2.14626536992,2.14626536992,Refineries,75
1977,-19.97,-44.1,1993,CO,EPA,2.21044324928,2.21044324928,2.21044324928,Refineries,75
1978,-19.97,-44.1,1994,CO,EPA,2.16220903696,2.16220903696,2.16220903696,Refineries,75
1979,-19.97,-44.1,1995,CO,EPA,2.18611801072,2.18611801072,2.18611801072,Refineries,75
1980,-19.97,-44.1,1996,CO,EPA,1.91691158736,1.91691158736,1.91691158736,Refineries,75
1981,-19.97,-44.1,1997,CO,EPA,2.20451198352,2.20451198352,2.20451198352,Refineries,75
1982,-19.97,-44.1,1998,CO,EPA,2.03685647648,2.03685647648,2.03685647648,Refineries,75
1983,-19.97,-44.1,1999,CO,EPA,2.25557128496,2.25557128496,2.25557128496,Refineries,75
1984,-19.97,-44.1,2000,CO,EPA,2.1973951608,2.1973951608,2.1973951608,Refineries,75
1985,-19.97,-44.1,2001,CO,EPA,2.23370534464,2.23370534464,2.23370534464,Refineries,75
1986,-19.97,-44.1,2002,CO,EPA,2.1052280424,2.1052280424,2.1052280424,Refineries,75
1987,-19.97,-44.1,2003,CO,EPA,2.16960143568,2.16960143568,2.16960143568,Refineries,75
1988,-19.97,-44.1,2004,CO,EPA,2.253870836,2.253870836,2.253870836,Refineries,75
1989,-19.97,-44.1,2005,CO,EPA,2.24239498112,2.24239498112,2.24239498112,Refineries,75
1990,-19.97,-44.1,2006,CO,EPA,2.32941521008,2.32941521008,2.32941521008,Refineries,75
1991,-19.97,-44.1,2007,CO,EPA,2.25159022704,2.25159022704,2.25159022704,Refineries,75
1992,-19.97,-44.1,2008,CO,EPA,2.47823582272,2.47823582272,2.47823582272,Refineries,75
1993,-19.97,-44.1,2009,CO,EPA,2.42003272112,2.42003272112,2.42003272112,Refineries,75
1994,-19.97,-44.1,2010,CO,EPA,2.47962385552,2.47962385552,2.47962385552,Refineries,75
1995,-19.97,-44.1,2011,CO,EPA,2.24443714432,2.24443714432,2.24443714432,Refineries,75
1996,-19.97,-44.1,2012,CO,EPA,2.4829499128,2.4829499128,2.4829499128,Refineries,75
1997,-19.97,-44.1,2013,CO,EPA,2.51831182512,2.51831182512,2.51831182512,Refineries,75
1998,-19.97,-44.1,2014,CO,EPA,2.67087214912,2.67087214912,2.67087214912,Refineries,75
1999,-19.97,-44.1,2015,CO,EPA,2.56918663568,2.56918663568,2.56918663568,Refineries,75
2000,-19.97,-44.1,2016,CO,EPA,2.53224987904,2.53224987904,2.53224987904,Refineries,75
2001,-19.97,-44.1,2017,CO,EPA,2.37917466304,2.37917466304,2.37917466304,Refineries,75
2002,-19.97,-44.1,2018,CO,EPA,2.41327153648,2.41327153648,2.41327153648,Refineries,75
2003,-19.97,-44.1,2019,CO,EPA,2.33485885136,2.33485885136,2.33485885136,Refineries,75
2004,-19.97,-44.1,2020,CO,EPA,2.10444656688,2.10444656688,2.10444656688,Refineries,75
2005,-19.97,-44.1,2021,CO,EPA,2.31312083632,2.31312083632,2.31312083632,Refineries,75
2006,-19.97,-44.1,2022,CO,EPA,2.50417274576,2.50417274576,2.50417274576,Refineries,75
2007,-19.97,-44.1,2023,CO,EPA,0.4059132952,0.4059132952,0.4059132952,Refineries,75
2008,-3.15,-59.95,1990,CO,EPA,0.14676510576,0.14676510576,0.14676510576,Refineries,75
2009,-3.15,-59.95,1991,CO,EPA,0.17158841168,0.17158841168,0.17158841168,Refineries,75
2010,-3.15,-59.95,1992,CO,EPA,0.17991370768,0.17991370768,0.17991370768,Refineries,75
2011,-3.15,-59.95,1993,CO,EPA,0.16498822144,0.16498822144,0.16498822144,Refineries,75
2012,-3.15,-59.95,1994,CO,EPA,0.1764049,0.1764049,0.1764049,Refineries,75
2013,-3.15,-59.95,1995,CO,EPA,0.17288680976,0.17288680976,0.17288680976,Refineries,75
2014,-3.15,-59.95,1996,CO,EPA,0.2032387504,0.2032387504,0.2032387504,Refineries,75
2015,-3.15,-59.95,1997,CO,EPA,0.2275851648,0.2275851648,0.2275851648,Refineries,75
2016,-3.15,-59.95,1998,CO,EPA,0.24042613616,0.24042613616,0.24042613616,Refineries,75
2017,-3.15,-59.95,1999,CO,EPA,0.233579668,0.233579668,0.233579668,Refineries,75
2018,-3.15,-59.95,2000,CO,EPA,0.51557339792,0.51557339792,0.51557339792,Refineries,75
2019,-3.15,-59.95,2001,CO,EPA,0.74285397872,0.74285397872,0.74285397872,Refineries,75
2020,-3.15,-59.95,2002,CO,EPA,0.78345067472,0.78345067472,0.78345067472,Refineries,75
2021,-3.15,-59.95,2003,CO,EPA,0.7453228496,0.7453228496,0.7453228496,Refineries,75
2022,-3.15,-59.95,2004,CO,EPA,0.76940993248,0.76940993248,0.76940993248,Refineries,75
2023,-3.15,-59.95,2005,CO,EPA,0.74765306224,0.74765306224,0.74765306224,Refineries,75
2024,-3.15,-59.95,2006,CO,EPA,0.60683807744,0.60683807744,0.60683807744,Refineries,75
2025,-3.15,-59.95,2007,CO,EPA,0.69296660048,0.69296660048,0.69296660048,Refineries,75
2026,-3.15,-59.95,2008,CO,EPA,0.66962444304,0.66962444304,0.66962444304,Refineries,75
2027,-3.15,-59.95,2009,CO,EPA,0.68939658592,0.68939658592,0.68939658592,Refineries,75
2028,-3.15,-59.95,2010,CO,EPA,0.70958412336,0.70958412336,0.70958412336,Refineries,75
2029,-3.15,-59.95,2011,CO,EPA,0.718035024,0.718035024,0.718035024,Refineries,75
2030,-3.15,-59.95,2012,CO,EPA,0.6093884608,0.6093884608,0.6093884608,Refineries,75
2031,-3.15,-59.95,2013,CO,EPA,0.65474159856,0.65474159856,0.65474159856,Refineries,75
2032,-3.15,-59.95,2014,CO,EPA,0.6949896184,0.6949896184,0.6949896184,Refineries,75
2033,-3.15,-59.95,2015,CO,EPA,0.59191433168,0.59191433168,0.59191433168,Refineries,75
2034,-3.15,-59.95,2016,CO,EPA,0.5231795856,0.5231795856,0.5231795856,Refineries,75
2035,-3.15,-59.95,2017,CO,EPA,0.48555998064,0.48555998064,0.48555998064,Refineries,75
2036,-3.15,-59.95,2018,CO,EPA,0.4955596184,0.4955596184,0.4955596184,Refineries,75
2037,-3.15,-59.95,2019,CO,EPA,0.5317253424,0.5317253424,0.5317253424,Refineries,75
2038,-3.15,-59.95,2020,CO,EPA,0.45975968528,0.45975968528,0.45975968528,Refineries,75
2039,-3.15,-59.95,2021,CO,EPA,0.51177915152,0.51177915152,0.51177915152,Refineries,75
2040,-3.15,-59.95,2022,CO,EPA,0.52011431024,0.52011431024,0.52011431024,Refineries,75
2041,-3.15,-59.95,2023,CO,EPA,0.07248548048,0.07248548048,0.07248548048,Refineries,75
2042,-25.57,-49.36,1990,CO,EPA,2.3072702128,2.3072702128,2.3072702128,Refineries,75
2043,-25.57,-49.36,1991,CO,EPA,2.28255336624,2.28255336624,2.28255336624,Refineries,75
2044,-25.57,-49.36,1992,CO,EPA,2.13704372672,2.13704372672,2.13704372672,Refineries,75
2045,-25.57,-49.36,1993,CO,EPA,2.51957048224,2.51957048224,2.51957048224,Refineries,75
2046,-25.57,-49.36,1994,CO,EPA,2.76667600048,2.76667600048,2.76667600048,Refineries,75
2047,-25.57,-49.36,1995,CO,EPA,2.32719609808,2.32719609808,2.32719609808,Refineries,75
2048,-25.57,-49.36,1996,CO,EPA,2.72067279344,2.72067279344,2.72067279344,Refineries,75
2049,-25.57,-49.36,1997,CO,EPA,2.78431344464,2.78431344464,2.78431344464,Refineries,75
2050,-25.57,-49.36,1998,CO,EPA,2.69218519696,2.69218519696,2.69218519696,Refineries,75
2051,-25.57,-49.36,1999,CO,EPA,3.19082691536,3.19082691536,3.19082691536,Refineries,75
2052,-25.57,-49.36,2000,CO,EPA,3.18428706176,3.18428706176,3.18428706176,Refineries,75
2053,-25.57,-49.36,2001,CO,EPA,3.21753893216,3.21753893216,3.21753893216,Refineries,75
2054,-25.57,-49.36,2002,CO,EPA,3.30024335088,3.30024335088,3.30024335088,Refineries,75
2055,-25.57,-49.36,2003,CO,EPA,3.22045626672,3.22045626672,3.22045626672,Refineries,75
2056,-25.57,-49.36,2004,CO,EPA,2.80210260064,2.80210260064,2.80210260064,Refineries,75
2057,-25.57,-49.36,2005,CO,EPA,3.19701548208,3.19701548208,3.19701548208,Refineries,75
2058,-25.57,-49.36,2006,CO,EPA,3.10497831952,3.10497831952,3.10497831952,Refineries,75
2059,-25.57,-49.36,2007,CO,EPA,2.85273693488,2.85273693488,2.85273693488,Refineries,75
2060,-25.57,-49.36,2008,CO,EPA,3.12880171968,3.12880171968,3.12880171968,Refineries,75
2061,-25.57,-49.36,2009,CO,EPA,3.17923009712,3.17923009712,3.17923009712,Refineries,75
2062,-25.57,-49.36,2010,CO,EPA,2.8871285296,2.8871285296,2.8871285296,Refineries,75
2063,-25.57,-49.36,2011,CO,EPA,3.27323052112,3.27323052112,3.27323052112,Refineries,75
2064,-25.57,-49.36,2012,CO,EPA,3.3656140392,3.3656140392,3.3656140392,Refineries,75
2065,-25.57,-49.36,2013,CO,EPA,3.28400757328,3.28400757328,3.28400757328,Refineries,75
2066,-25.57,-49.36,2014,CO,EPA,3.44145487504,3.44145487504,3.44145487504,Refineries,75
2067,-25.57,-49.36,2015,CO,EPA,3.3414329704,3.3414329704,3.3414329704,Refineries,75
2068,-25.57,-49.36,2016,CO,EPA,2.8597478784,2.8597478784,2.8597478784,Refineries,75
2069,-25.57,-49.36,2017,CO,EPA,2.73787772832,2.73787772832,2.73787772832,Refineries,75
2070,-25.57,-49.36,2018,CO,EPA,2.913150156,2.913150156,2.913150156,Refineries,75
2071,-25.57,-49.36,2019,CO,EPA,2.83841568528,2.83841568528,2.83841568528,Refineries,75
2072,-25.57,-49.36,2020,CO,EPA,3.02587553408,3.02587553408,3.02587553408,Refineries,75
2073,-25.57,-49.36,2021,CO,EPA,3.06793075232,3.06793075232,3.06793075232,Refineries,75
2074,-25.57,-49.36,2022,CO,EPA,2.72076968016,2.72076968016,2.72076968016,Refineries,75
2075,-25.57,-49.36,2023,CO,EPA,0.5044940824,0.5044940824,0.5044940824,Refineries,75
2076,-22.73,-47.14,1990,CO,EPA,3.5295454992,3.5295454992,3.5295454992,Refineries,75
2077,-22.73,-47.14,1991,CO,EPA,3.64003900176,3.64003900176,3.64003900176,Refineries,75
2078,-22.73,-47.14,1992,CO,EPA,3.4119398152,3.4119398152,3.4119398152,Refineries,75
2079,-22.73,-47.14,1993,CO,EPA,3.56947559136,3.56947559136,3.56947559136,Refineries,75
2080,-22.73,-47.14,1994,CO,EPA,3.7268434112,3.7268434112,3.7268434112,Refineries,75
2081,-22.73,-47.14,1995,CO,EPA,4.10268962432,4.10268962432,4.10268962432,Refineries,75
2082,-22.73,-47.14,1996,CO,EPA,4.17750386704,4.17750386704,4.17750386704,Refineries,75
2083,-22.73,-47.14,1997,CO,EPA,4.42759140768,4.42759140768,4.42759140768,Refineries,75
2084,-22.73,-47.14,1998,CO,EPA,5.22091959648,5.22091959648,5.22091959648,Refineries,75
2085,-22.73,-47.14,1999,CO,EPA,4.948554492,4.948554492,4.948554492,Refineries,75
2086,-22.73,-47.14,2000,CO,EPA,5.60429947728,5.60429947728,5.60429947728,Refineries,75
2087,-22.73,-47.14,2001,CO,EPA,5.47017605792,5.47017605792,5.47017605792,Refineries,75
2088,-22.73,-47.14,2002,CO,EPA,5.5078461368,5.5078461368,5.5078461368,Refineries,75
2089,-22.73,-47.14,2003,CO,EPA,4.99760963072,4.99760963072,4.99760963072,Refineries,75
2090,-22.73,-47.14,2004,CO,EPA,6.01789844208,6.01789844208,6.01789844208,Refineries,75
2091,-22.73,-47.14,2005,CO,EPA,5.62481741584,5.62481741584,5.62481741584,Refineries,75
2092,-22.73,-47.14,2006,CO,EPA,5.90834015744,5.90834015744,5.90834015744,Refineries,75
2093,-22.73,-47.14,2007,CO,EPA,5.95456034432,5.95456034432,5.95456034432,Refineries,75
2094,-22.73,-47.14,2008,CO,EPA,5.56154603648,5.56154603648,5.56154603648,Refineries,75
2095,-22.73,-47.14,2009,CO,EPA,5.82600298,5.82600298,5.82600298,Refineries,75
2096,-22.73,-47.14,2010,CO,EPA,5.42460536016,5.42460536016,5.42460536016,Refineries,75
2097,-22.73,-47.14,2011,CO,EPA,6.38505878976,6.38505878976,6.38505878976,Refineries,75
2098,-22.73,-47.14,2012,CO,EPA,6.67009197792,6.67009197792,6.67009197792,Refineries,75
2099,-22.73,-47.14,2013,CO,EPA,7.17656933728,7.17656933728,7.17656933728,Refineries,75
2100,-22.73,-47.14,2014,CO,EPA,6.96433752672,6.96433752672,6.96433752672,Refineries,75
2101,-22.73,-47.14,2015,CO,EPA,6.64187676656,6.64187676656,6.64187676656,Refineries,75
2102,-22.73,-47.14,2016,CO,EPA,5.6674496032,5.6674496032,5.6674496032,Refineries,75
2103,-22.73,-47.14,2017,CO,EPA,5.50002470976,5.50002470976,5.50002470976,Refineries,75
2104,-22.73,-47.14,2018,CO,EPA,4.85124019408,4.85124019408,4.85124019408,Refineries,75
2105,-22.73,-47.14,2019,CO,EPA,5.55745329776,5.55745329776,5.55745329776,Refineries,75
2106,-22.73,-47.14,2020,CO,EPA,5.20680807472,5.20680807472,5.20680807472,Refineries,75
2107,-22.73,-47.14,2021,CO,EPA,6.02393703744,6.02393703744,6.02393703744,Refineries,75
2108,-22.73,-47.14,2022,CO,EPA,6.38061360384,6.38061360384,6.38061360384,Refineries,75
2109,-22.73,-47.14,2023,CO,EPA,1.09737496064,1.09737496064,1.09737496064,Refineries,75
2110,-23.19,-45.82,1990,CO,EPA,3.02638781536,3.02638781536,3.02638781536,Refineries,75
2111,-23.19,-45.82,1991,CO,EPA,2.63138645952,2.63138645952,2.63138645952,Refineries,75
2112,-23.19,-45.82,1992,CO,EPA,3.04388137984,3.04388137984,3.04388137984,Refineries,75
2113,-23.19,-45.82,1993,CO,EPA,2.68704991072,2.68704991072,2.68704991072,Refineries,75
2114,-23.19,-45.82,1994,CO,EPA,3.3605100816,3.3605100816,3.3605100816,Refineries,75
2115,-23.19,-45.82,1995,CO,EPA,2.9777335672,2.9777335672,2.9777335672,Refineries,75
2116,-23.19,-45.82,1996,CO,EPA,2.86998161072,2.86998161072,2.86998161072,Refineries,75
2117,-23.19,-45.82,1997,CO,EPA,3.17146465552,3.17146465552,3.17146465552,Refineries,75
2118,-23.19,-45.82,1998,CO,EPA,3.5196334656,3.5196334656,3.5196334656,Refineries,75
2119,-23.19,-45.82,1999,CO,EPA,3.3465992952,3.3465992952,3.3465992952,Refineries,75
2120,-23.19,-45.82,2000,CO,EPA,3.75265124864,3.75265124864,3.75265124864,Refineries,75
2121,-23.19,-45.82,2001,CO,EPA,3.73962984752,3.73962984752,3.73962984752,Refineries,75
2122,-23.19,-45.82,2002,CO,EPA,3.34021869552,3.34021869552,3.34021869552,Refineries,75
2123,-23.19,-45.82,2003,CO,EPA,3.68351503184,3.68351503184,3.68351503184,Refineries,75
2124,-23.19,-45.82,2004,CO,EPA,4.06076117104,4.06076117104,4.06076117104,Refineries,75
2125,-23.19,-45.82,2005,CO,EPA,4.08738007216,4.08738007216,4.08738007216,Refineries,75
2126,-23.19,-45.82,2006,CO,EPA,3.64135364432,3.64135364432,3.64135364432,Refineries,75
2127,-23.19,-45.82,2007,CO,EPA,4.04526248672,4.04526248672,4.04526248672,Refineries,75
2128,-23.19,-45.82,2008,CO,EPA,3.53790879568,3.53790879568,3.53790879568,Refineries,75
2129,-23.19,-45.82,2009,CO,EPA,4.11824168336,4.11824168336,4.11824168336,Refineries,75
2130,-23.19,-45.82,2010,CO,EPA,4.08580667824,4.08580667824,4.08580667824,Refineries,75
2131,-23.19,-45.82,2011,CO,EPA,4.06679164416,4.06679164416,4.06679164416,Refineries,75
2132,-23.19,-45.82,2012,CO,EPA,4.11492635904,4.11492635904,4.11492635904,Refineries,75
2133,-23.19,-45.82,2013,CO,EPA,3.88540607056,3.88540607056,3.88540607056,Refineries,75
2134,-23.19,-45.82,2014,CO,EPA,4.33663711376,4.33663711376,4.33663711376,Refineries,75
2135,-23.19,-45.82,2015,CO,EPA,4.1168690248,4.1168690248,4.1168690248,Refineries,75
2136,-23.19,-45.82,2016,CO,EPA,3.681303752,3.681303752,3.681303752,Refineries,75
2137,-23.19,-45.82,2017,CO,EPA,3.52463850592,3.52463850592,3.52463850592,Refineries,75
2138,-23.19,-45.82,2018,CO,EPA,3.60324206368,3.60324206368,3.60324206368,Refineries,75
2139,-23.19,-45.82,2019,CO,EPA,3.14606060944,3.14606060944,3.14606060944,Refineries,75
2140,-23.19,-45.82,2020,CO,EPA,3.69515710256,3.69515710256,3.69515710256,Refineries,75
2141,-23.19,-45.82,2021,CO,EPA,3.89977692384,3.89977692384,3.89977692384,Refineries,75
2142,-23.19,-45.82,2022,CO,EPA,3.87988062672,3.87988062672,3.87988062672,Refineries,75
2143,-23.19,-45.82,2023,CO,EPA,0.51116476208,0.51116476208,0.51116476208,Refineries,75
2144,-32.04,-52.09,1990,CO,EPA,0.16704140768,0.16704140768,0.16704140768,Refineries,75
2145,-32.04,-52.09,1991,CO,EPA,0.15860240032,0.15860240032,0.15860240032,Refineries,75
2146,-32.04,-52.09,1992,CO,EPA,0.15851740688,0.15851740688,0.15851740688,Refineries,75
2147,-32.04,-52.09,1993,CO,EPA,0.16393755168,0.16393755168,0.16393755168,Refineries,75
2148,-32.04,-52.09,1994,CO,EPA,0.1575453488,0.1575453488,0.1575453488,Refineries,75
2149,-32.04,-52.09,1995,CO,EPA,0.15869609616,0.15869609616,0.15869609616,Refineries,75
2150,-32.04,-52.09,1996,CO,EPA,0.16075189312,0.16075189312,0.16075189312,Refineries,75
2151,-32.04,-52.09,1997,CO,EPA,0.16181416608,0.16181416608,0.16181416608,Refineries,75
2152,-32.04,-52.09,1998,CO,EPA,0.16831108784,0.16831108784,0.16831108784,Refineries,75
2153,-32.04,-52.09,1999,CO,EPA,0.20253037504,0.20253037504,0.20253037504,Refineries,75
2154,-32.04,-52.09,2000,CO,EPA,0.21795827984,0.21795827984,0.21795827984,Refineries,75
2155,-32.04,-52.09,2001,CO,EPA,0.2189436816,0.2189436816,0.2189436816,Refineries,75
2156,-32.04,-52.09,2002,CO,EPA,0.20653492944,0.20653492944,0.20653492944,Refineries,75
2157,-32.04,-52.09,2003,CO,EPA,0.23322461008,0.23322461008,0.23322461008,Refineries,75
2158,-32.04,-52.09,2004,CO,EPA,0.19047436016,0.19047436016,0.19047436016,Refineries,75
2159,-32.04,-52.09,2005,CO,EPA,0.0768871544,0.0768871544,0.0768871544,Refineries,75
2160,-32.04,-52.09,2006,CO,EPA,0.12048704864,0.12048704864,0.12048704864,Refineries,75
2161,-32.04,-52.09,2007,CO,EPA,0.22307703152,0.22307703152,0.22307703152,Refineries,75
2162,-32.04,-52.09,2008,CO,EPA,0.13226458672,0.13226458672,0.13226458672,Refineries,75
2163,-32.04,-52.09,2009,CO,EPA,0.23067683744,0.23067683744,0.23067683744,Refineries,75
2164,-32.04,-52.09,2010,CO,EPA,0.23812783232,0.23812783232,0.23812783232,Refineries,75
2165,-32.04,-52.09,2011,CO,EPA,0.2545335968,0.2545335968,0.2545335968,Refineries,75
2166,-32.04,-52.09,2012,CO,EPA,0.27105191232,0.27105191232,0.27105191232,Refineries,75
2167,-32.04,-52.09,2013,CO,EPA,0.26437775168,0.26437775168,0.26437775168,Refineries,75
2168,-32.04,-52.09,2014,CO,EPA,0.2260143816,0.2260143816,0.2260143816,Refineries,75
2169,-32.04,-52.09,2015,CO,EPA,0.16530150784,0.16530150784,0.16530150784,Refineries,75
2170,-32.04,-52.09,2016,CO,EPA,0.23482440128,0.23482440128,0.23482440128,Refineries,75
2171,-32.04,-52.09,2017,CO,EPA,0.2454323368,0.2454323368,0.2454323368,Refineries,75
2172,-32.04,-52.09,2018,CO,EPA,0.24257910992,0.24257910992,0.24257910992,Refineries,75
2173,-32.04,-52.09,2019,CO,EPA,0.2602438216,0.2602438216,0.2602438216,Refineries,75
2174,-32.04,-52.09,2020,CO,EPA,0.20315491728,0.20315491728,0.20315491728,Refineries,75
2175,-32.04,-52.09,2021,CO,EPA,0.18945472896,0.18945472896,0.18945472896,Refineries,75
2176,-32.04,-52.09,2022,CO,EPA,0.2007948264,0.2007948264,0.2007948264,Refineries,75
2177,-32.04,-52.09,2023,CO,EPA,0.04205202736,0.04205202736,0.04205202736,Refineries,75
2178,-12.71,-38.57,1990,CO,EPA,2.08857541984,2.08857541984,2.08857541984,Refineries,75
2179,-12.71,-38.57,1991,CO,EPA,1.86406075184,1.86406075184,1.86406075184,Refineries,75
2180,-12.71,-38.57,1992,CO,EPA,2.1645581048,2.1645581048,2.1645581048,Refineries,75
2181,-12.71,-38.57,1993,CO,EPA,2.11453641952,2.11453641952,2.11453641952,Refineries,75
2182,-12.71,-38.57,1994,CO,EPA,1.97052736384,1.97052736384,1.97052736384,Refineries,75
2183,-12.71,-38.57,1995,CO,EPA,1.97414350112,1.97414350112,1.97414350112,Refineries,75
2184,-12.71,-38.57,1996,CO,EPA,1.8549774768,1.8549774768,1.8549774768,Refineries,75
2185,-12.71,-38.57,1997,CO,EPA,2.05595708416,2.05595708416,2.05595708416,Refineries,75
2186,-12.71,-38.57,1998,CO,EPA,2.90972779216,2.90972779216,2.90972779216,Refineries,75
2187,-12.71,-38.57,1999,CO,EPA,3.2413524696,3.2413524696,3.2413524696,Refineries,75
2188,-12.71,-38.57,2000,CO,EPA,2.8835126824,2.8835126824,2.8835126824,Refineries,75
2189,-12.71,-38.57,2001,CO,EPA,3.4997470312,3.4997470312,3.4997470312,Refineries,75
2190,-12.71,-38.57,2002,CO,EPA,3.4215429136,3.4215429136,3.4215429136,Refineries,75
2191,-12.71,-38.57,2003,CO,EPA,3.25087202496,3.25087202496,3.25087202496,Refineries,75
2192,-12.71,-38.57,2004,CO,EPA,3.95216914288,3.95216914288,3.95216914288,Refineries,75
2193,-12.71,-38.57,2005,CO,EPA,4.14028776336,4.14028776336,4.14028776336,Refineries,75
2194,-12.71,-38.57,2006,CO,EPA,4.37578515024,4.37578515024,4.37578515024,Refineries,75
2195,-12.71,-38.57,2007,CO,EPA,4.36179430176,4.36179430176,4.36179430176,Refineries,75
2196,-12.71,-38.57,2008,CO,EPA,4.301074176,4.301074176,4.301074176,Refineries,75
2197,-12.71,-38.57,2009,CO,EPA,3.72249482192,3.72249482192,3.72249482192,Refineries,75
2198,-12.71,-38.57,2010,CO,EPA,4.22567107088,4.22567107088,4.22567107088,Refineries,75
2199,-12.71,-38.57,2011,CO,EPA,4.014612924,4.014612924,4.014612924,Refineries,75
2200,-12.71,-38.57,2012,CO,EPA,4.01692283104,4.01692283104,4.01692283104,Refineries,75
2201,-12.71,-38.57,2013,CO,EPA,4.71659521088,4.71659521088,4.71659521088,Refineries,75
2202,-12.71,-38.57,2014,CO,EPA,5.07205402144,5.07205402144,5.07205402144,Refineries,75
2203,-12.71,-38.57,2015,CO,EPA,4.39020357664,4.39020357664,4.39020357664,Refineries,75
2204,-12.71,-38.57,2016,CO,EPA,3.92954957472,3.92954957472,3.92954957472,Refineries,75
2205,-12.71,-38.57,2017,CO,EPA,3.67055106656,3.67055106656,3.67055106656,Refineries,75
2206,-12.71,-38.57,2018,CO,EPA,3.66584654912,3.66584654912,3.66584654912,Refineries,75
2207,-12.71,-38.57,2019,CO,EPA,3.80360351056,3.80360351056,3.80360351056,Refineries,75
2208,-12.71,-38.57,2020,CO,EPA,4.19047711488,4.19047711488,4.19047711488,Refineries,75
2209,-12.71,-38.57,2021,CO,EPA,3.47614090096,3.47614090096,3.47614090096,Refineries,75
2210,-12.71,-38.57,2022,CO,EPA,4.19486225424,4.19486225424,4.19486225424,Refineries,75
2211,-23.87,-46.44,1990,CO,EPA,1.700463464,1.700463464,1.700463464,Refineries,75
2212,-23.87,-46.44,1991,CO,EPA,1.79797356592,1.79797356592,1.79797356592,Refineries,75
2213,-23.87,-46.44,1992,CO,EPA,1.80731675264,1.80731675264,1.80731675264,Refineries,75
2214,-23.87,-46.44,1993,CO,EPA,1.77213294944,1.77213294944,1.77213294944,Refineries,75
2215,-23.87,-46.44,1994,CO,EPA,2.01674232928,2.01674232928,2.01674232928,Refineries,75
2216,-23.87,-46.44,1995,CO,EPA,2.24177101904,2.24177101904,2.24177101904,Refineries,75
2217,-23.87,-46.44,1996,CO,EPA,2.20084653264,2.20084653264,2.20084653264,Refineries,75
2218,-23.87,-46.44,1997,CO,EPA,2.40217945744,2.40217945744,2.40217945744,Refineries,75
2219,-23.87,-46.44,1998,CO,EPA,2.35387359536,2.35387359536,2.35387359536,Refineries,75
2220,-23.87,-46.44,1999,CO,EPA,2.64717841472,2.64717841472,2.64717841472,Refineries,75
2221,-23.87,-46.44,2000,CO,EPA,2.6655944336,2.6655944336,2.6655944336,Refineries,75
2222,-23.87,-46.44,2001,CO,EPA,2.60160017488,2.60160017488,2.60160017488,Refineries,75
2223,-23.87,-46.44,2002,CO,EPA,2.5726136408,2.5726136408,2.5726136408,Refineries,75
2224,-23.87,-46.44,2003,CO,EPA,2.76356721312,2.76356721312,2.76356721312,Refineries,75
2225,-23.87,-46.44,2004,CO,EPA,2.61333246048,2.61333246048,2.61333246048,Refineries,75
2226,-23.87,-46.44,2005,CO,EPA,2.6654348896,2.6654348896,2.6654348896,Refineries,75
2227,-23.87,-46.44,2006,CO,EPA,2.75749438832,2.75749438832,2.75749438832,Refineries,75
2228,-23.87,-46.44,2007,CO,EPA,2.58730503248,2.58730503248,2.58730503248,Refineries,75
2229,-23.87,-46.44,2008,CO,EPA,2.8436005752,2.8436005752,2.8436005752,Refineries,75
2230,-23.87,-46.44,2009,CO,EPA,2.79375670896,2.79375670896,2.79375670896,Refineries,75
2231,-23.87,-46.44,2010,CO,EPA,2.70224430112,2.70224430112,2.70224430112,Refineries,75
2232,-23.87,-46.44,2011,CO,EPA,2.5544923432,2.5544923432,2.5544923432,Refineries,75
2233,-23.87,-46.44,2012,CO,EPA,2.6459415136,2.6459415136,2.6459415136,Refineries,75
2234,-23.87,-46.44,2013,CO,EPA,2.95878728208,2.95878728208,2.95878728208,Refineries,75
2235,-23.87,-46.44,2014,CO,EPA,2.985851456,2.985851456,2.985851456,Refineries,75
2236,-23.87,-46.44,2015,CO,EPA,2.65008414608,2.65008414608,2.65008414608,Refineries,75
2237,-23.87,-46.44,2016,CO,EPA,2.40400580112,2.40400580112,2.40400580112,Refineries,75
2238,-23.87,-46.44,2017,CO,EPA,2.4357843552,2.4357843552,2.4357843552,Refineries,75
2239,-23.87,-46.44,2018,CO,EPA,2.4120645136,2.4120645136,2.4120645136,Refineries,75
2240,-23.87,-46.44,2019,CO,EPA,2.243181388,2.243181388,2.243181388,Refineries,75
2241,-23.87,-46.44,2020,CO,EPA,2.42121392688,2.42121392688,2.42121392688,Refineries,75
2242,-23.87,-46.44,2021,CO,EPA,2.52248114496,2.52248114496,2.52248114496,Refineries,75
2243,-23.87,-46.44,2022,CO,EPA,2.9330322392,2.9330322392,2.9330322392,Refineries,75
2244,-23.87,-46.44,2023,CO,EPA,0.43495987584,0.43495987584,0.43495987584,Refineries,75
2245,-5.13,-36.38,1990,CO,EPA,0,0,0,Refineries,75
2246,-5.13,-36.38,1991,CO,EPA,0,0,0,Refineries,75
2247,-5.13,-36.38,1992,CO,EPA,0,0,0,Refineries,75
2248,-5.13,-36.38,1993,CO,EPA,0,0,0,Refineries,75
2249,-5.13,-36.38,1994,CO,EPA,0,0,0,Refineries,75
2250,-5.13,-36.38,1995,CO,EPA,0,0,0,Refineries,75
2251,-5.13,-36.38,1996,CO,EPA,0,0,0,Refineries,75
2252,-5.13,-36.38,1997,CO,EPA,0,0,0,Refineries,75
2253,-5.13,-36.38,1998,CO,EPA,0,0,0,Refineries,75
2254,-5.13,-36.38,1999,CO,EPA,0,0,0,Refineries,75
2255,-5.13,-36.38,2000,CO,EPA,0.05598892096,0.05598892096,0.05598892096,Refineries,75
2256,-5.13,-36.38,2001,CO,EPA,0.05063259376,0.05063259376,0.05063259376,Refineries,75
2257,-5.13,-36.38,2002,CO,EPA,0.063396984,0.063396984,0.063396984,Refineries,75
2258,-5.13,-36.38,2003,CO,EPA,0.0665269472,0.0665269472,0.0665269472,Refineries,75
2259,-5.13,-36.38,2004,CO,EPA,0.072382212,0.072382212,0.072382212,Refineries,75
2260,-5.13,-36.38,2005,CO,EPA,0.10980224192,0.10980224192,0.10980224192,Refineries,75
2261,-5.13,-36.38,2006,CO,EPA,0.1525211632,0.1525211632,0.1525211632,Refineries,75
2262,-5.13,-36.38,2007,CO,EPA,0.162640604,0.162640604,0.162640604,Refineries,75
2263,-5.13,-36.38,2008,CO,EPA,0.16352302736,0.16352302736,0.16352302736,Refineries,75
2264,-5.13,-36.38,2009,CO,EPA,0.23410558304,0.23410558304,0.23410558304,Refineries,75
2265,-5.13,-36.38,2010,CO,EPA,0.5512738336,0.5512738336,0.5512738336,Refineries,75
2266,-5.13,-36.38,2011,CO,EPA,0.5770445408,0.5770445408,0.5770445408,Refineries,75
2267,-5.13,-36.38,2012,CO,EPA,0.61539485728,0.61539485728,0.61539485728,Refineries,75
2268,-5.13,-36.38,2013,CO,EPA,0.62741171136,0.62741171136,0.62741171136,Refineries,75
2269,-5.13,-36.38,2014,CO,EPA,0.637755384,0.637755384,0.637755384,Refineries,75
2270,-5.13,-36.38,2015,CO,EPA,0.57101116688,0.57101116688,0.57101116688,Refineries,75
2271,-5.13,-36.38,2016,CO,EPA,0.56350853776,0.56350853776,0.56350853776,Refineries,75
2272,-5.13,-36.38,2017,CO,EPA,0.55768373136,0.55768373136,0.55768373136,Refineries,75
2273,-5.13,-36.38,2018,CO,EPA,0.52206161728,0.52206161728,0.52206161728,Refineries,75
2274,-5.13,-36.38,2019,CO,EPA,0.5332511632,0.5332511632,0.5332511632,Refineries,75
2275,-5.13,-36.38,2020,CO,EPA,0.48621063008,0.48621063008,0.48621063008,Refineries,75
2276,-5.13,-36.38,2021,CO,EPA,0.4789119272,0.4789119272,0.4789119272,Refineries,75
2277,-5.13,-36.38,2022,CO,EPA,0.40695265184,0.40695265184,0.40695265184,Refineries,75
2278,-5.13,-36.38,2023,CO,EPA,0.07147165088,0.07147165088,0.07147165088,Refineries,75
2279,-23.14,-47.02,1990,CO,EPA,0,0,0,Refineries,75
2280,-23.14,-47.02,1991,CO,EPA,0,0,0,Refineries,75
2281,-23.14,-47.02,1992,CO,EPA,0,0,0,Refineries,75
2282,-23.14,-47.02,1993,CO,EPA,0,0,0,Refineries,75
2283,-23.14,-47.02,1994,CO,EPA,0,0,0,Refineries,75
2284,-23.14,-47.02,1995,CO,EPA,0,0,0,Refineries,75
2285,-23.14,-47.02,1996,CO,EPA,0,0,0,Refineries,75
2286,-23.14,-47.02,1997,CO,EPA,0,0,0,Refineries,75
2287,-23.14,-47.02,1998,CO,EPA,0,0,0,Refineries,75
2288,-23.14,-47.02,1999,CO,EPA,0,0,0,Refineries,75
2289,-23.14,-47.02,2000,CO,EPA,0,0,0,Refineries,75
2290,-23.14,-47.02,2001,CO,EPA,0,0,0,Refineries,75
2291,-23.14,-47.02,2002,CO,EPA,0,0,0,Refineries,75
2292,-23.14,-47.02,2003,CO,EPA,0,0,0,Refineries,75
2293,-23.14,-47.02,2004,CO,EPA,0,0,0,Refineries,75
2294,-23.14,-47.02,2005,CO,EPA,0,0,0,Refineries,75
2295,-23.14,-47.02,2006,CO,EPA,0.04579318912,0.04579318912,0.04579318912,Refineries,75
2296,-23.14,-47.02,2007,CO,EPA,0.08549208752,0.08549208752,0.08549208752,Refineries,75
2297,-23.14,-47.02,2008,CO,EPA,0.034171424,0.034171424,0.034171424,Refineries,75
2298,-23.14,-47.02,2009,CO,EPA,0.11583358528,0.11583358528,0.11583358528,Refineries,75
2299,-23.14,-47.02,2010,CO,EPA,0.14447260352,0.14447260352,0.14447260352,Refineries,75
2300,-23.14,-47.02,2011,CO,EPA,0.08787422448,0.08787422448,0.08787422448,Refineries,75
2301,-23.14,-47.02,2012,CO,EPA,0.01330335888,0.01330335888,0.01330335888,Refineries,75
2302,-23.14,-47.02,2013,CO,EPA,0.00107967776,0.00107967776,0.00107967776,Refineries,75
2303,-23.14,-47.02,2014,CO,EPA,0.0002987824,0.0002987824,0.0002987824,Refineries,75
2304,-23.14,-47.02,2015,CO,EPA,0,0,0,Refineries,75
2305,-23.14,-47.02,2016,CO,EPA,0,0,0,Refineries,75
2306,-23.14,-47.02,2017,CO,EPA,0,0,0,Refineries,75
2307,-23.14,-47.02,2018,CO,EPA,0,0,0,Refineries,75
2308,-23.14,-47.02,2019,CO,EPA,0,0,0,Refineries,75
2309,-23.14,-47.02,2020,CO,EPA,0,0,0,Refineries,75
2310,-23.14,-47.02,2021,CO,EPA,0,0,0,Refineries,75
2311,-23.14,-47.02,2022,CO,EPA,0,0,0,Refineries,75
2312,-23.14,-47.02,2023,CO,EPA,0,0,0,Refineries,75
2313,-8.38,-35.01,1990,CO,EPA,0,0,0,Refineries,75
2314,-8.38,-35.01,1991,CO,EPA,0,0,0,Refineries,75
2315,-8.38,-35.01,1992,CO,EPA,0,0,0,Refineries,75
2316,-8.38,-35.01,1993,CO,EPA,0,0,0,Refineries,75
2317,-8.38,-35.01,1994,CO,EPA,0,0,0,Refineries,75
2318,-8.38,-35.01,1995,CO,EPA,0,0,0,Refineries,75
2319,-8.38,-35.01,1996,CO,EPA,0,0,0,Refineries,75
2320,-8.38,-35.01,1997,CO,EPA,0,0,0,Refineries,75
2321,-8.38,-35.01,1998,CO,EPA,0,0,0,Refineries,75
2322,-8.38,-35.01,1999,CO,EPA,0,0,0,Refineries,75
2323,-8.38,-35.01,2000,CO,EPA,0,0,0,Refineries,75
2324,-8.38,-35.01,2001,CO,EPA,0,0,0,Refineries,75
2325,-8.38,-35.01,2002,CO,EPA,0,0,0,Refineries,75
2326,-8.38,-35.01,2003,CO,EPA,0,0,0,Refineries,75
2327,-8.38,-35.01,2004,CO,EPA,0,0,0,Refineries,75
2328,-8.38,-35.01,2005,CO,EPA,0,0,0,Refineries,75
2329,-8.38,-35.01,2006,CO,EPA,0,0,0,Refineries,75
2330,-8.38,-35.01,2007,CO,EPA,0,0,0,Refineries,75
2331,-8.38,-35.01,2008,CO,EPA,0,0,0,Refineries,75
2332,-8.38,-35.01,2009,CO,EPA,0,0,0,Refineries,75
2333,-8.38,-35.01,2010,CO,EPA,0,0,0,Refineries,75
2334,-8.38,-35.01,2011,CO,EPA,0,0,0,Refineries,75
2335,-8.38,-35.01,2012,CO,EPA,0,0,0,Refineries,75
2336,-8.38,-35.01,2013,CO,EPA,0,0,0,Refineries,75
2337,-8.38,-35.01,2014,CO,EPA,0.05901068432,0.05901068432,0.05901068432,Refineries,75
2338,-8.38,-35.01,2015,CO,EPA,1.06652466256,1.06652466256,1.06652466256,Refineries,75
2339,-8.38,-35.01,2016,CO,EPA,1.44460188096,1.44460188096,1.44460188096,Refineries,75
2340,-8.38,-35.01,2017,CO,EPA,1.26950495168,1.26950495168,1.26950495168,Refineries,75
2341,-8.38,-35.01,2018,CO,EPA,1.32613814032,1.32613814032,1.32613814032,Refineries,75
2342,-8.38,-35.01,2019,CO,EPA,1.40140026656,1.40140026656,1.40140026656,Refineries,75
2343,-8.38,-35.01,2020,CO,EPA,1.71355941568,1.71355941568,1.71355941568,Refineries,75
2344,-8.38,-35.01,2021,CO,EPA,1.16962605648,1.16962605648,1.16962605648,Refineries,75
2345,-8.38,-35.01,2022,CO,EPA,1.23023856256,1.23023856256,1.23023856256,Refineries,75
2346,-8.38,-35.01,2023,CO,EPA,0.21629031984,0.21629031984,0.21629031984,Refineries,75
2347,-21.37,-50.28,2000,CO,EPA,0,0,0,Refineries,75
2348,-21.37,-50.28,2001,CO,EPA,0,0,0,Refineries,75
2349,-21.37,-50.28,2002,CO,EPA,0,0,0,Refineries,75
2350,-21.37,-50.28,2003,CO,EPA,0,0,0,Refineries,75
2351,-21.37,-50.28,2004,CO,EPA,0,0,0,Refineries,75
2352,-21.37,-50.28,2005,CO,EPA,0,0,0,Refineries,75
2353,-21.37,-50.28,2006,CO,EPA,0,0,0,Refineries,75
2354,-21.37,-50.28,2007,CO,EPA,0,0,0,Refineries,75
2355,-21.37,-50.28,2008,CO,EPA,0,0,0,Refineries,75
2356,-21.37,-50.28,2009,CO,EPA,0,0,0,Refineries,75
2357,-21.37,-50.28,2010,CO,EPA,0,0,0,Refineries,75
2358,-21.37,-50.28,2011,CO,EPA,0,0,0,Refineries,75
2359,-21.37,-50.28,2012,CO,EPA,0,0,0,Refineries,75
2360,-21.37,-50.28,2013,CO,EPA,0,0,0,Refineries,75
2361,-21.37,-50.28,2014,CO,EPA,0,0,0,Refineries,75
2362,-21.37,-50.28,2015,CO,EPA,0,0,0,Refineries,75
2363,-21.37,-50.28,2016,CO,EPA,0,0,0,Refineries,75
2364,-21.37,-50.28,2017,CO,EPA,0,0,0,Refineries,75
2365,-21.37,-50.28,2018,CO,EPA,0,0,0,Refineries,75
2366,-21.37,-50.28,2019,CO,EPA,0,0,0,Refineries,75
2367,-21.37,-50.28,2020,CO,EPA,0,0,0,Refineries,75
2368,-21.37,-50.28,2021,CO,EPA,0,0,0,Refineries,75
2369,-21.37,-50.28,2022,CO,EPA,0.00303684752,0.00303684752,0.00303684752,Refineries,75
2370,-21.37,-50.28,2023,CO,EPA,0.0001044288,0.0001044288,0.0001044288,Refineries,75
2371,-12.62,-38.09,1990,NOX,EPA,0,0,0,Refineries,75
2372,-12.62,-38.09,1991,NOX,EPA,0,0,0,Refineries,75
2373,-12.62,-38.09,1992,NOX,EPA,0,0,0,Refineries,75
2374,-12.62,-38.09,1993,NOX,EPA,0,0,0,Refineries,75
2375,-12.62,-38.09,1994,NOX,EPA,0,0,0,Refineries,75
2376,-12.62,-38.09,1995,NOX,EPA,0.008973832296,0.004706863018,0.018299579584,Refineries,75
2377,-12.62,-38.09,1996,NOX,EPA,0,0,0,Refineries,75
2378,-12.62,-38.09,1997,NOX,EPA,0,0,0,Refineries,75
2379,-12.62,-38.09,1998,NOX,EPA,0,0,0,Refineries,75
2380,-12.62,-38.09,1999,NOX,EPA,0,0,0,Refineries,75
2381,-12.62,-38.09,2000,NOX,EPA,0,0,0,Refineries,75
2382,-12.62,-38.09,2001,NOX,EPA,0,0,0,Refineries,75
2383,-12.62,-38.09,2002,NOX,EPA,0,0,0,Refineries,75
2384,-12.62,-38.09,2003,NOX,EPA,0,0,0,Refineries,75
2385,-12.62,-38.09,2004,NOX,EPA,0,0,0,Refineries,75
2386,-12.62,-38.09,2005,NOX,EPA,0,0,0,Refineries,75
2387,-12.62,-38.09,2006,NOX,EPA,0,0,0,Refineries,75
2388,-12.62,-38.09,2007,NOX,EPA,0,0,0,Refineries,75
2389,-12.62,-38.09,2008,NOX,EPA,0,0,0,Refineries,75
2390,-12.62,-38.09,2009,NOX,EPA,0.000104358648,5.4737134e-05,0.000212809792,Refineries,75
2391,-12.62,-38.09,2010,NOX,EPA,0.000406731528,0.000213334674,0.000829413312,Refineries,75
2392,-12.62,-38.09,2011,NOX,EPA,0.000937597464,0.000491779062,0.001911963456,Refineries,75
2393,-12.62,-38.09,2012,NOX,EPA,0.001380046128,0.000723847724,0.002814211712,Refineries,75
2394,-12.62,-38.09,2013,NOX,EPA,0.00107996784,0.00056645372,0.00220228736,Refineries,75
2395,-12.62,-38.09,2014,NOX,EPA,0.000700258152,0.000367292266,0.001427977408,Refineries,75
2396,-12.62,-38.09,2015,NOX,EPA,0.000764219904,0.000400840832,0.001558409216,Refineries,75
2397,-12.62,-38.09,2016,NOX,EPA,0.000758453232,0.000397816156,0.001546649728,Refineries,75
2398,-12.62,-38.09,2017,NOX,EPA,0.001068026904,0.000560190582,0.002177937216,Refineries,75
2399,-12.62,-38.09,2018,NOX,EPA,0.001171464696,0.000614444718,0.002388869184,Refineries,75
2400,-12.62,-38.09,2019,NOX,EPA,0.001513389096,0.000793787418,0.003086126784,Refineries,75
2401,-12.62,-38.09,2020,NOX,EPA,0.001887664224,0.000990098392,0.003849354496,Refineries,75
2402,-12.62,-38.09,2021,NOX,EPA,0.001853034,0.0009719345,0.003778736,Refineries,75
2403,-12.62,-38.09,2022,NOX,EPA,0.00215336892,0.00112946311,0.00439118368,Refineries,75
2404,-12.62,-38.09,2023,NOX,EPA,0.00037151256,0.00019486198,0.00075759424,Refineries,75
2405,-3.72,-38.47,1990,NOX,EPA,0.003682035168,0.001931263544,0.007508463872,Refineries,75
2406,-3.72,-38.47,1991,NOX,EPA,0.00357722364,0.00187628887,0.00729473056,Refineries,75
2407,-3.72,-38.47,1992,NOX,EPA,0.00403825548,0.00211810459,0.00823487392,Refineries,75
2408,-3.72,-38.47,1993,NOX,EPA,0.004046875296,0.002122625768,0.008252451584,Refineries,75
2409,-3.72,-38.47,1994,NOX,EPA,0.00367821588,0.00192926029,0.00750067552,Refineries,75
2410,-3.72,-38.47,1995,NOX,EPA,0.004164578808,0.002184362414,0.008492474432,Refineries,75
2411,-3.72,-38.47,1996,NOX,EPA,0.012920938128,0.006777158724,0.026348579712,Refineries,75
2412,-3.72,-38.47,1997,NOX,EPA,0.003722326392,0.001952396686,0.007590626368,Refineries,75
2413,-3.72,-38.47,1998,NOX,EPA,0.005169127032,0.002711257806,0.010540964928,Refineries,75
2414,-3.72,-38.47,1999,NOX,EPA,0.004914382032,0.002577641556,0.010021484928,Refineries,75
2415,-3.72,-38.47,2000,NOX,EPA,0.004668649344,0.002448752352,0.009520382976,Refineries,75
2416,-3.72,-38.47,2001,NOX,EPA,0.004956107376,0.002599526908,0.010106571904,Refineries,75
2417,-3.72,-38.47,2002,NOX,EPA,0.00577633344,0.00302974352,0.01177918976,Refineries,75
2418,-3.72,-38.47,2003,NOX,EPA,0.003726175872,0.001954415776,0.007598476288,Refineries,75
2419,-3.72,-38.47,2004,NOX,EPA,0.003880713624,0.002035472342,0.007913612096,Refineries,75
2420,-3.72,-38.47,2005,NOX,EPA,0.00406369224,0.00213144642,0.00828674496,Refineries,75
2421,-3.72,-38.47,2006,NOX,EPA,0.005816020824,0.003050559942,0.011860120896,Refineries,75
2422,-3.72,-38.47,2007,NOX,EPA,0.005421532152,0.002843646766,0.011055673408,Refineries,75
2423,-3.72,-38.47,2008,NOX,EPA,0.005438605728,0.002852602024,0.011090490112,Refineries,75
2424,-3.72,-38.47,2009,NOX,EPA,0.005297216592,0.002778442036,0.010802167168,Refineries,75
2425,-3.72,-38.47,2010,NOX,EPA,0.006959829648,0.003650498884,0.014192593792,Refineries,75
2426,-3.72,-38.47,2011,NOX,EPA,0.006114287592,0.003207003786,0.012468351168,Refineries,75
2427,-3.72,-38.47,2012,NOX,EPA,0.006893905416,0.003615920978,0.014058160064,Refineries,75
2428,-3.72,-38.47,2013,NOX,EPA,0.007369323744,0.003865282552,0.015027640576,Refineries,75
2429,-3.72,-38.47,2014,NOX,EPA,0.007835744856,0.004109924998,0.015978773824,Refineries,75
2430,-3.72,-38.47,2015,NOX,EPA,0.007424560008,0.003894254514,0.015140279232,Refineries,75
2431,-3.72,-38.47,2016,NOX,EPA,0.00788660328,0.00413660074,0.01608248512,Refineries,75
2432,-3.72,-38.47,2017,NOX,EPA,0.00669824616,0.00351329578,0.01365916864,Refineries,75
2433,-3.72,-38.47,2018,NOX,EPA,0.007104736152,0.003726503766,0.014488089408,Refineries,75
2434,-3.72,-38.47,2019,NOX,EPA,0.006222359856,0.003263688748,0.012688733824,Refineries,75
2435,-3.72,-38.47,2020,NOX,EPA,0.007429239768,0.003896709094,0.015149822272,Refineries,75
2436,-3.72,-38.47,2021,NOX,EPA,0.006769816296,0.003550835018,0.013805115584,Refineries,75
2437,-3.72,-38.47,2022,NOX,EPA,0.007641489528,0.004008036174,0.015582645312,Refineries,75
2438,-3.72,-38.47,2023,NOX,EPA,0.001263278568,0.000662601994,0.002576097472,Refineries,75
2439,-22.89,-43.24,1990,NOX,EPA,0.008414253768,0.004413358594,0.017158478272,Refineries,75
2440,-22.89,-43.24,1991,NOX,EPA,0.007684648992,0.004030673736,0.015670656768,Refineries,75
2441,-22.89,-43.24,1992,NOX,EPA,0.008803594704,0.004617571732,0.017952428416,Refineries,75
2442,-22.89,-43.24,1993,NOX,EPA,0.008686042152,0.004555914266,0.017712713408,Refineries,75
2443,-22.89,-43.24,1994,NOX,EPA,0.008663986896,0.004544346068,0.017667737984,Refineries,75
2444,-22.89,-43.24,1995,NOX,EPA,0.008770609944,0.004600270902,0.017885165376,Refineries,75
2445,-22.89,-43.24,1996,NOX,EPA,0.008773025304,0.004601537782,0.017890090816,Refineries,75
2446,-22.89,-43.24,1997,NOX,EPA,0.00857045208,0.00449528614,0.01747700032,Refineries,75
2447,-22.89,-43.24,1998,NOX,EPA,0.008230580736,0.004317020288,0.016783929344,Refineries,75
2448,-22.89,-43.24,1999,NOX,EPA,0.009793424328,0.005136747074,0.019970904512,Refineries,75
2449,-22.89,-43.24,2000,NOX,EPA,0.010306582656,0.005405903648,0.021017345024,Refineries,75
2450,-22.89,-43.24,2001,NOX,EPA,0.012357464832,0.006481611456,0.025199536128,Refineries,75
2451,-22.89,-43.24,2002,NOX,EPA,0.011404695888,0.005981874804,0.023256634752,Refineries,75
2452,-22.89,-43.24,2003,NOX,EPA,0.0128402802,0.00673485285,0.0261841008,Refineries,75
2453,-22.89,-43.24,2004,NOX,EPA,0.012531702864,0.006573001012,0.025554845056,Refineries,75
2454,-22.89,-43.24,2005,NOX,EPA,0.005687463288,0.002983130254,0.011597964352,Refineries,75
2455,-22.89,-43.24,2006,NOX,EPA,0,0,0,Refineries,75
2456,-22.89,-43.24,2007,NOX,EPA,0,0,0,Refineries,75
2457,-22.89,-43.24,2008,NOX,EPA,0,0,0,Refineries,75
2458,-22.89,-43.24,2009,NOX,EPA,0,0,0,Refineries,75
2459,-22.89,-43.24,2010,NOX,EPA,0.00533598312,0.00279877546,0.01088122048,Refineries,75
2460,-22.89,-43.24,2011,NOX,EPA,0.00883931184,0.00463630572,0.01802526336,Refineries,75
2461,-22.89,-43.24,2012,NOX,EPA,0.009170155776,0.004809836608,0.018699925504,Refineries,75
2462,-22.89,-43.24,2013,NOX,EPA,0.000242260608,0.000127068064,0.000494021632,Refineries,75
2463,-22.89,-43.24,2014,NOX,EPA,0.00237278928,0.00124455124,0.00483862912,Refineries,75
2464,-22.89,-43.24,2015,NOX,EPA,0.005939883504,0.003115527132,0.012112703616,Refineries,75
2465,-22.89,-43.24,2016,NOX,EPA,0.006959739072,0.003650451376,0.014192409088,Refineries,75
2466,-22.89,-43.24,2017,NOX,EPA,0.003580801392,0.001878165436,0.007302026368,Refineries,75
2467,-22.89,-43.24,2018,NOX,EPA,0.002995589856,0.001571216248,0.006108653824,Refineries,75
2468,-22.89,-43.24,2019,NOX,EPA,0.006820795488,0.003577574104,0.013909073152,Refineries,75
2469,-22.89,-43.24,2020,NOX,EPA,0.007908099984,0.004147875972,0.016126321536,Refineries,75
2470,-22.89,-43.24,2021,NOX,EPA,0.007464020952,0.003914952166,0.015220748608,Refineries,75
2471,-22.89,-43.24,2022,NOX,EPA,0.00829132704,0.00434888232,0.01690780416,Refineries,75
2472,-22.89,-43.24,2023,NOX,EPA,0.001127248512,0.000591252896,0.002298702848,Refineries,75
2473,-23.64,-46.48,1990,NOX,EPA,0.020285657592,0.010640026286,0.041366831168,Refineries,75
2474,-23.64,-46.48,1991,NOX,EPA,0.021989799744,0.011533865552,0.044841944576,Refineries,75
2475,-23.64,-46.48,1992,NOX,EPA,0.024136435848,0.012659797234,0.049219398592,Refineries,75
2476,-23.64,-46.48,1993,NOX,EPA,0.02918328528,0.01530691924,0.05951101312,Refineries,75
2477,-23.64,-46.48,1994,NOX,EPA,0.02770674552,0.01453245966,0.05650003008,Refineries,75
2478,-23.64,-46.48,1995,NOX,EPA,0.03324909096,0.01743947418,0.06780206784,Refineries,75
2479,-23.64,-46.48,1996,NOX,EPA,0.03384508104,0.01775207682,0.06901742016,Refineries,75
2480,-23.64,-46.48,1997,NOX,EPA,0.03895341648,0.02043144884,0.07943441792,Refineries,75
2481,-23.64,-46.48,1998,NOX,EPA,0.039554131608,0.020746529814,0.080659405632,Refineries,75
2482,-23.64,-46.48,1999,NOX,EPA,0.030788563728,0.016148903524,0.062784522112,Refineries,75
2483,-23.64,-46.48,2000,NOX,EPA,0.035478332376,0.018608733158,0.072347971904,Refineries,75
2484,-23.64,-46.48,2001,NOX,EPA,0.040526781984,0.021256694472,0.082642849536,Refineries,75
2485,-23.64,-46.48,2002,NOX,EPA,0.041922844968,0.021988943194,0.085489723072,Refineries,75
2486,-23.64,-46.48,2003,NOX,EPA,0.03855563688,0.02022280954,0.07862325952,Refineries,75
2487,-23.64,-46.48,2004,NOX,EPA,0.040792999944,0.021396328402,0.083185725376,Refineries,75
2488,-23.64,-46.48,2005,NOX,EPA,0.031525142856,0.016535246498,0.064286565824,Refineries,75
2489,-23.64,-46.48,2006,NOX,EPA,0.035450887848,0.018594338234,0.072292006592,Refineries,75
2490,-23.64,-46.48,2007,NOX,EPA,0.036457655184,0.019122397572,0.074345022336,Refineries,75
2491,-23.64,-46.48,2008,NOX,EPA,0.0396602112,0.0208021696,0.0808757248,Refineries,75
2492,-23.64,-46.48,2009,NOX,EPA,0.036531051936,0.019160894888,0.074494694144,Refineries,75
2493,-23.64,-46.48,2010,NOX,EPA,0.031968512376,0.016767798158,0.065190691904,Refineries,75
2494,-23.64,-46.48,2011,NOX,EPA,0.037622568216,0.019733405878,0.076720531264,Refineries,75
2495,-23.64,-46.48,2012,NOX,EPA,0.046791274776,0.024542482358,0.095417501504,Refineries,75
2496,-23.64,-46.48,2013,NOX,EPA,0.046829029872,0.024562285276,0.095494492288,Refineries,75
2497,-23.64,-46.48,2014,NOX,EPA,0.047703994032,0.025021212556,0.097278732928,Refineries,75
2498,-23.64,-46.48,2015,NOX,EPA,0.035515921416,0.018628448978,0.072424624064,Refineries,75
2499,-23.64,-46.48,2016,NOX,EPA,0.0475867434,0.02495971345,0.0970396336,Refineries,75
2500,-23.64,-46.48,2017,NOX,EPA,0.04407224364,0.02311632387,0.08987281056,Refineries,75
2501,-23.64,-46.48,2018,NOX,EPA,0.043532803176,0.022833382058,0.088772775104,Refineries,75
2502,-23.64,-46.48,2019,NOX,EPA,0.043561002504,0.022848172882,0.088830279616,Refineries,75
2503,-23.64,-46.48,2020,NOX,EPA,0.034069377408,0.017869722464,0.069474808832,Refineries,75
2504,-23.64,-46.48,2021,NOX,EPA,0.047381271744,0.024851941552,0.096620632576,Refineries,75
2505,-23.64,-46.48,2022,NOX,EPA,0.050979629784,0.026739315622,0.103958460736,Refineries,75
2506,-23.64,-46.48,2023,NOX,EPA,0.006920187552,0.003629706216,0.014111755008,Refineries,75
2507,-22.72,-43.27,1990,NOX,EPA,0.152407585632,0.079939272856,0.310791939328,Refineries,75
2508,-22.72,-43.27,1991,NOX,EPA,0.15805859208,0.08290328114,0.32231556032,Refineries,75
2509,-22.72,-43.27,1992,NOX,EPA,0.16653212784,0.08734773372,0.33959492736,Refineries,75
2510,-22.72,-43.27,1993,NOX,EPA,0.14999302572,0.07867281251,0.30586813088,Refineries,75
2511,-22.72,-43.27,1994,NOX,EPA,0.142168376424,0.074568707242,0.289911983296,Refineries,75
2512,-22.72,-43.27,1995,NOX,EPA,0.12319287048,0.06461586834,0.25121683392,Refineries,75
2513,-22.72,-43.27,1996,NOX,EPA,0.172672380552,0.090568356466,0.352116227008,Refineries,75
2514,-22.72,-43.27,1997,NOX,EPA,0.14889660324,0.07809772817,0.30363228896,Refineries,75
2515,-22.72,-43.27,1998,NOX,EPA,0.181816359864,0.095364463262,0.370762773056,Refineries,75
2516,-22.72,-43.27,1999,NOX,EPA,0.184040725272,0.096531164726,0.375298733888,Refineries,75
2517,-22.72,-43.27,2000,NOX,EPA,0.163355280312,0.085681446046,0.333116650048,Refineries,75
2518,-22.72,-43.27,2001,NOX,EPA,0.168443190864,0.088350105012,0.343491997056,Refineries,75
2519,-22.72,-43.27,2002,NOX,EPA,0.169680896808,0.088999293914,0.346015946432,Refineries,75
2520,-22.72,-43.27,2003,NOX,EPA,0.17242907832,0.09044074206,0.35162008128,Refineries,75
2521,-22.72,-43.27,2004,NOX,EPA,0.19211222436,0.10076474513,0.39175826144,Refineries,75
2522,-22.72,-43.27,2005,NOX,EPA,0.187552915344,0.098373342852,0.382460846976,Refineries,75
2523,-22.72,-43.27,2006,NOX,EPA,0.19235911944,0.10089424402,0.39226173376,Refineries,75
2524,-22.72,-43.27,2007,NOX,EPA,0.18450957684,0.09677708197,0.37625482336,Refineries,75
2525,-22.72,-43.27,2008,NOX,EPA,0.195462162624,0.102521820592,0.398589508096,Refineries,75
2526,-22.72,-43.27,2009,NOX,EPA,0.183313777392,0.096149873436,0.373816330368,Refineries,75
2527,-22.72,-43.27,2010,NOX,EPA,0.194368789536,0.101948335688,0.396359884544,Refineries,75
2528,-22.72,-43.27,2011,NOX,EPA,0.190519505784,0.099929348622,0.388510364736,Refineries,75
2529,-22.72,-43.27,2012,NOX,EPA,0.19966505508,0.10472627889,0.40716011232,Refineries,75
2530,-22.72,-43.27,2013,NOX,EPA,0.21350476596,0.11198534293,0.43538226784,Refineries,75
2531,-22.72,-43.27,2014,NOX,EPA,0.20852248212,0.10937208621,0.42522231648,Refineries,75
2532,-22.72,-43.27,2015,NOX,EPA,0.175974555072,0.092300379376,0.358850073088,Refineries,75
2533,-22.72,-43.27,2016,NOX,EPA,0.171197712696,0.089794878718,0.349109061184,Refineries,75
2534,-22.72,-43.27,2017,NOX,EPA,0.157411970016,0.082564121528,0.320996958464,Refineries,75
2535,-22.72,-43.27,2018,NOX,EPA,0.168534642432,0.088398072256,0.343678486528,Refineries,75
2536,-22.72,-43.27,2019,NOX,EPA,0.168365053968,0.088309121444,0.343332659072,Refineries,75
2537,-22.72,-43.27,2020,NOX,EPA,0.159943372968,0.083891867194,0.326159035072,Refineries,75
2538,-22.72,-43.27,2021,NOX,EPA,0.165450695688,0.086780511954,0.337389653952,Refineries,75
2539,-22.72,-43.27,2022,NOX,EPA,0.181804509504,0.095358247632,0.370738607616,Refineries,75
2540,-22.72,-43.27,2023,NOX,EPA,0.032587629528,0.017092531174,0.066453205312,Refineries,75
2541,-29.87,-51.17,1990,NOX,EPA,0.057185474616,0.029994342078,0.116613516864,Refineries,75
2542,-29.87,-51.17,1991,NOX,EPA,0.049696152768,0.026066119344,0.101341174272,Refineries,75
2543,-29.87,-51.17,1992,NOX,EPA,0.059311927368,0.031109687394,0.120949812672,Refineries,75
2544,-29.87,-51.17,1993,NOX,EPA,0.066349274976,0.034800845208,0.135300482304,Refineries,75
2545,-29.87,-51.17,1994,NOX,EPA,0.089630039352,0.047011834366,0.182774982208,Refineries,75
2546,-29.87,-51.17,1995,NOX,EPA,0.085563267528,0.044878772674,0.174481957312,Refineries,75
2547,-29.87,-51.17,1996,NOX,EPA,0.10070360448,0.05282002784,0.20535636992,Refineries,75
2548,-29.87,-51.17,1997,NOX,EPA,0.09005081016,0.04723253278,0.18363302464,Refineries,75
2549,-29.87,-51.17,1998,NOX,EPA,0.099200812776,0.052031798858,0.202291853504,Refineries,75
2550,-29.87,-51.17,1999,NOX,EPA,0.10400155212,0.05454983371,0.21208159648,Refineries,75
2551,-29.87,-51.17,2000,NOX,EPA,0.107884484856,0.056586469998,0.219999733824,Refineries,75
2552,-29.87,-51.17,2001,NOX,EPA,0.100828735224,0.052885660142,0.205611538496,Refineries,75
2553,-29.87,-51.17,2002,NOX,EPA,0.095355574752,0.050014933816,0.194450583808,Refineries,75
2554,-29.87,-51.17,2003,NOX,EPA,0.092083214832,0.048298548956,0.187777536128,Refineries,75
2555,-29.87,-51.17,2004,NOX,EPA,0.090941730792,0.047699829386,0.185449803968,Refineries,75
2556,-29.87,-51.17,2005,NOX,EPA,0.104782785216,0.054959598128,0.213674699264,Refineries,75
2557,-29.87,-51.17,2006,NOX,EPA,0.1025984544,0.0538138952,0.2092203776,Refineries,75
2558,-29.87,-51.17,2007,NOX,EPA,0.130646460096,0.068525349168,0.266416310784,Refineries,75
2559,-29.87,-51.17,2008,NOX,EPA,0.128126892408,0.067203811214,0.261278368832,Refineries,75
2560,-29.87,-51.17,2009,NOX,EPA,0.146596153992,0.076891119986,0.298941176768,Refineries,75
2561,-29.87,-51.17,2010,NOX,EPA,0.130784362056,0.068597680098,0.266697522624,Refineries,75
2562,-29.87,-51.17,2011,NOX,EPA,0.131197343328,0.068814292824,0.267539680512,Refineries,75
2563,-29.87,-51.17,2012,NOX,EPA,0.137673768864,0.072211241512,0.280746509056,Refineries,75
2564,-29.87,-51.17,2013,NOX,EPA,0.173902040328,0.091213325074,0.354623768512,Refineries,75
2565,-29.87,-51.17,2014,NOX,EPA,0.168828259632,0.088552077356,0.344277235328,Refineries,75
2566,-29.87,-51.17,2015,NOX,EPA,0.153960948936,0.080754027138,0.313959582144,Refineries,75
2567,-29.87,-51.17,2016,NOX,EPA,0.133378337928,0.069958245874,0.271987198912,Refineries,75
2568,-29.87,-51.17,2017,NOX,EPA,0.122283744072,0.064139022626,0.249362929088,Refineries,75
2569,-29.87,-51.17,2018,NOX,EPA,0.120907049256,0.063416932698,0.246555551424,Refineries,75
2570,-29.87,-51.17,2019,NOX,EPA,0.125867926968,0.066018961694,0.256671851072,Refineries,75
2571,-29.87,-51.17,2020,NOX,EPA,0.119068613088,0.062452654904,0.242806583552,Refineries,75
2572,-29.87,-51.17,2021,NOX,EPA,0.13306150308,0.06979206289,0.27134110432,Refineries,75
2573,-29.87,-51.17,2022,NOX,EPA,0.144708927552,0.075901251216,0.295092715008,Refineries,75
2574,-29.87,-51.17,2023,NOX,EPA,0.011886031848,0.006234340234,0.024238182592,Refineries,75
2575,-19.97,-44.1,1990,NOX,EPA,0.11175259332,0.05861533081,0.22788764128,Refineries,75
2576,-19.97,-44.1,1991,NOX,EPA,0.115082755824,0.060362033692,0.234678560896,Refineries,75
2577,-19.97,-44.1,1992,NOX,EPA,0.111693401904,0.058584284332,0.227766937216,Refineries,75
2578,-19.97,-44.1,1993,NOX,EPA,0.115033271136,0.060336078488,0.234577650944,Refineries,75
2579,-19.97,-44.1,1994,NOX,EPA,0.112523123352,0.059019481366,0.229458918208,Refineries,75
2580,-19.97,-44.1,1995,NOX,EPA,0.113767365864,0.059672098762,0.231996197056,Refineries,75
2581,-19.97,-44.1,1996,NOX,EPA,0.099757643832,0.052323862206,0.203427352128,Refineries,75
2582,-19.97,-44.1,1997,NOX,EPA,0.114724603224,0.060174179142,0.233948210496,Refineries,75
2583,-19.97,-44.1,1998,NOX,EPA,0.105999673776,0.055597868108,0.216156197504,Refineries,75
2584,-19.97,-44.1,1999,NOX,EPA,0.117381770952,0.061567889666,0.239366748608,Refineries,75
2585,-19.97,-44.1,2000,NOX,EPA,0.11435423796,0.05997991893,0.23319295584,Refineries,75
2586,-19.97,-44.1,2001,NOX,EPA,0.116243849568,0.060971038744,0.237046281472,Refineries,75
2587,-19.97,-44.1,2002,NOX,EPA,0.10955778588,0.05746413279,0.22341195552,Refineries,75
2588,-19.97,-44.1,2003,NOX,EPA,0.112907829816,0.059221263678,0.230243417664,Refineries,75
2589,-19.97,-44.1,2004,NOX,EPA,0.1172932782,0.06152147435,0.2391862928,Refineries,75
2590,-19.97,-44.1,2005,NOX,EPA,0.116696065344,0.061208230352,0.237968446976,Refineries,75
2591,-19.97,-44.1,2006,NOX,EPA,0.121224669096,0.063583527418,0.247203246784,Refineries,75
2592,-19.97,-44.1,2007,NOX,EPA,0.117174593448,0.061459223034,0.238944268992,Refineries,75
2593,-19.97,-44.1,2008,NOX,EPA,0.128969415264,0.067645722712,0.262996454656,Refineries,75
2594,-19.97,-44.1,2009,NOX,EPA,0.125940478344,0.066057015602,0.256819798976,Refineries,75
2595,-19.97,-44.1,2010,NOX,EPA,0.129041649624,0.067683610342,0.263143756096,Refineries,75
2596,-19.97,-44.1,2011,NOX,EPA,0.116802341184,0.061263973072,0.238185166336,Refineries,75
2597,-19.97,-44.1,2012,NOX,EPA,0.12921474036,0.06777439813,0.26349672544,Refineries,75
2598,-19.97,-44.1,2013,NOX,EPA,0.131055003144,0.068739634002,0.267249418176,Refineries,75
2599,-19.97,-44.1,2014,NOX,EPA,0.138994366944,0.072903908152,0.283439493376,Refineries,75
2600,-19.97,-44.1,2015,NOX,EPA,0.133702569816,0.070128308678,0.272648377664,Refineries,75
2601,-19.97,-44.1,2016,NOX,EPA,0.131780350848,0.069120085984,0.268728558592,Refineries,75
2602,-19.97,-44.1,2017,NOX,EPA,0.123814191648,0.064941757384,0.252483841792,Refineries,75
2603,-19.97,-44.1,2018,NOX,EPA,0.125588620776,0.065872462858,0.256102285504,Refineries,75
2604,-19.97,-44.1,2019,NOX,EPA,0.121507960632,0.063732116606,0.247780939328,Refineries,75
2605,-19.97,-44.1,2020,NOX,EPA,0.109517117256,0.057442801698,0.223329023424,Refineries,75
2606,-19.97,-44.1,2021,NOX,EPA,0.120376696584,0.063138757522,0.245474047936,Refineries,75
2607,-19.97,-44.1,2022,NOX,EPA,0.130319193912,0.068353694846,0.265748944448,Refineries,75
2608,-19.97,-44.1,2023,NOX,EPA,0.02112405924,0.01107977617,0.04307651296,Refineries,75
2609,-3.15,-59.95,1990,NOX,EPA,0.007637775912,0.004006088346,0.015575072448,Refineries,75
2610,-3.15,-59.95,1991,NOX,EPA,0.008929601016,0.004683663278,0.018209382464,Refineries,75
2611,-3.15,-59.95,1992,NOX,EPA,0.009362856216,0.004910909878,0.019092883264,Refineries,75
2612,-3.15,-59.95,1993,NOX,EPA,0.008586121728,0.004503505024,0.017508954112,Refineries,75
2613,-3.15,-59.95,1994,NOX,EPA,0.009180255,0.00481513375,0.01872052,Refineries,75
2614,-3.15,-59.95,1995,NOX,EPA,0.008997170712,0.004719104246,0.018347171648,Refineries,75
2615,-3.15,-59.95,1996,NOX,EPA,0.01057671048,0.00554758834,0.02156819392,Refineries,75
2616,-3.15,-59.95,1997,NOX,EPA,0.01184371776,0.00621214608,0.02415189504,Refineries,75
2617,-3.15,-59.95,1998,NOX,EPA,0.012511972392,0.006562652186,0.025514610368,Refineries,75
2618,-3.15,-59.95,1999,NOX,EPA,0.0121556766,0.00637577155,0.0247880464,Refineries,75
2619,-3.15,-59.95,2000,NOX,EPA,0.026830860504,0.014073049382,0.054713911616,Refineries,75
2620,-3.15,-59.95,2001,NOX,EPA,0.038658727464,0.020276881562,0.078833483456,Refineries,75
2621,-3.15,-59.95,2002,NOX,EPA,0.040771412664,0.021385005662,0.083141704256,Refineries,75
2622,-3.15,-59.95,2003,NOX,EPA,0.03878720952,0.02034427166,0.07909548608,Refineries,75
2623,-3.15,-59.95,2004,NOX,EPA,0.040040720976,0.021001750708,0.081651666304,Refineries,75
2624,-3.15,-59.95,2005,NOX,EPA,0.038908475688,0.020407876954,0.079342773952,Refineries,75
2625,-3.15,-59.95,2006,NOX,EPA,0.031580348928,0.016564202624,0.064399142912,Refineries,75
2626,-3.15,-59.95,2007,NOX,EPA,0.036062547576,0.018915159758,0.073539312704,Refineries,75
2627,-3.15,-59.95,2008,NOX,EPA,0.034847802648,0.018278014134,0.071062185792,Refineries,75
2628,-3.15,-59.95,2009,NOX,EPA,0.035876761104,0.018817712932,0.073160454016,Refineries,75
2629,-3.15,-59.95,2010,NOX,EPA,0.036927337032,0.019368750306,0.075302804928,Refineries,75
2630,-3.15,-59.95,2011,NOX,EPA,0.0373671288,0.0195994254,0.0761996352,Refineries,75
2631,-3.15,-59.95,2012,NOX,EPA,0.03171307296,0.01663381768,0.06466979584,Refineries,75
2632,-3.15,-59.95,2013,NOX,EPA,0.034073287272,0.017871773226,0.069482781888,Refineries,75
2633,-3.15,-59.95,2014,NOX,EPA,0.03616782708,0.01897037989,0.07375400032,Refineries,75
2634,-3.15,-59.95,2015,NOX,EPA,0.030803705016,0.016156845278,0.062815398464,Refineries,75
2635,-3.15,-59.95,2016,NOX,EPA,0.02722669272,0.01428066726,0.05552109888,Refineries,75
2636,-3.15,-59.95,2017,NOX,EPA,0.025268937768,0.013253805594,0.051528814272,Refineries,75
2637,-3.15,-59.95,2018,NOX,EPA,0.02578932708,0.01352675489,0.05259000032,Refineries,75
2638,-3.15,-59.95,2019,NOX,EPA,0.02767142088,0.01451393154,0.05642799552,Refineries,75
2639,-3.15,-59.95,2020,NOX,EPA,0.023926269336,0.012549562838,0.048790823744,Refineries,75
2640,-3.15,-59.95,2021,NOX,EPA,0.026633404824,0.013969481942,0.054311256896,Refineries,75
2641,-3.15,-59.95,2022,NOX,EPA,0.027067173288,0.014196997754,0.055195804352,Refineries,75
2642,-3.15,-59.95,2023,NOX,EPA,0.003772203576,0.001978557758,0.007692336704,Refineries,75
2643,-25.57,-49.36,1990,NOX,EPA,0.12007222536,0.06297905938,0.24485316544,Refineries,75
2644,-25.57,-49.36,1991,NOX,EPA,0.118785940488,0.062304390354,0.242230153152,Refineries,75
2645,-25.57,-49.36,1992,NOX,EPA,0.111213500064,0.058332571112,0.226788313856,Refineries,75
2646,-25.57,-49.36,1993,NOX,EPA,0.131120504688,0.068773990204,0.267382989952,Refineries,75
2647,-25.57,-49.36,1994,NOX,EPA,0.143980077576,0.075518962258,0.293606432704,Refineries,75
2648,-25.57,-49.36,1995,NOX,EPA,0.121109184696,0.063522954718,0.246967749184,Refineries,75
2649,-25.57,-49.36,1996,NOX,EPA,0.141586033128,0.074263262474,0.288724459712,Refineries,75
2650,-25.57,-49.36,1997,NOX,EPA,0.144897944568,0.076000392494,0.295478161472,Refineries,75
2651,-25.57,-49.36,1998,NOX,EPA,0.140103515352,0.073485667366,0.285701286208,Refineries,75
2652,-25.57,-49.36,1999,NOX,EPA,0.166053237432,0.087096551006,0.338618366528,Refineries,75
2653,-25.57,-49.36,2000,NOX,EPA,0.165712898112,0.086918039696,0.337924341248,Refineries,75
2654,-25.57,-49.36,2001,NOX,EPA,0.167443352592,0.087825680036,0.341453111168,Refineries,75
2655,-25.57,-49.36,2002,NOX,EPA,0.171747358056,0.090083173098,0.350229906624,Refineries,75
2656,-25.57,-49.36,2003,NOX,EPA,0.167595173064,0.087905311362,0.341762705856,Refineries,75
2657,-25.57,-49.36,2004,NOX,EPA,0.145823706768,0.076485963844,0.297365990272,Refineries,75
2658,-25.57,-49.36,2005,NOX,EPA,0.166375295496,0.087265473618,0.339275112384,Refineries,75
2659,-25.57,-49.36,2006,NOX,EPA,0.161585606424,0.084753234742,0.329507903296,Refineries,75
2660,-25.57,-49.36,2007,NOX,EPA,0.148458758856,0.077868074498,0.302739429824,Refineries,75
2661,-25.57,-49.36,2008,NOX,EPA,0.162825395616,0.085403516328,0.332036100864,Refineries,75
2662,-25.57,-49.36,2009,NOX,EPA,0.165449729544,0.086780005202,0.337387683776,Refineries,75
2663,-25.57,-49.36,2010,NOX,EPA,0.15024852552,0.07880682466,0.30638915008,Refineries,75
2664,-25.57,-49.36,2011,NOX,EPA,0.170341588344,0.089345833102,0.347363238976,Refineries,75
2665,-25.57,-49.36,2012,NOX,EPA,0.17514930204,0.09186752607,0.35716720416,Refineries,75
2666,-25.57,-49.36,2013,NOX,EPA,0.170902434936,0.089640002638,0.348506926144,Refineries,75
2667,-25.57,-49.36,2014,NOX,EPA,0.179096121048,0.093937671334,0.365215619392,Refineries,75
2668,-25.57,-49.36,2015,NOX,EPA,0.17389089948,0.09120748159,0.35460104992,Refineries,75
2669,-25.57,-49.36,2016,NOX,EPA,0.14882361408,0.07805944464,0.30348344832,Refineries,75
2670,-25.57,-49.36,2017,NOX,EPA,0.142481391984,0.074732886972,0.290550289536,Refineries,75
2671,-25.57,-49.36,2018,NOX,EPA,0.1516027122,0.07951710885,0.3091506288,Refineries,75
2672,-25.57,-49.36,2019,NOX,EPA,0.147713469336,0.077477162838,0.301219623744,Refineries,75
2673,-25.57,-49.36,2020,NOX,EPA,0.157469032896,0.082594051568,0.321113321984,Refineries,75
2674,-25.57,-49.36,2021,NOX,EPA,0.159657620784,0.083741987372,0.325576324736,Refineries,75
2675,-25.57,-49.36,2022,NOX,EPA,0.141591075192,0.074265907086,0.288734741568,Refineries,75
2676,-25.57,-49.36,2023,NOX,EPA,0.02625428388,0.01377062929,0.05353814752,Refineries,75
2677,-22.73,-47.14,1990,NOX,EPA,0.18368042904,0.09634218582,0.37456401216,Refineries,75
2678,-22.73,-47.14,1991,NOX,EPA,0.189430601112,0.099358207446,0.386289853248,Refineries,75
2679,-22.73,-47.14,1992,NOX,EPA,0.17756013324,0.09313203067,0.36208340896,Refineries,75
2680,-22.73,-47.14,1993,NOX,EPA,0.185758423632,0.097432114356,0.378801491328,Refineries,75
2681,-22.73,-47.14,1994,NOX,EPA,0.19394797344,0.10172761352,0.39550174976,Refineries,75
2682,-22.73,-47.14,1995,NOX,EPA,0.213507317184,0.111986681072,0.435387470336,Refineries,75
2683,-22.73,-47.14,1996,NOX,EPA,0.217400711448,0.114028804534,0.443326940992,Refineries,75
2684,-22.73,-47.14,1997,NOX,EPA,0.230415471216,0.120855173628,0.469866843264,Refineries,75
2685,-22.73,-47.14,1998,NOX,EPA,0.271700917776,0.142509795108,0.554056773504,Refineries,75
2686,-22.73,-47.14,1999,NOX,EPA,0.2575268154,0.13507533945,0.5251527216,Refineries,75
2687,-22.73,-47.14,2000,NOX,EPA,0.291652319736,0.152974501038,0.594741985344,Refineries,75
2688,-22.73,-47.14,2001,NOX,EPA,0.284672427504,0.149313479132,0.580508479616,Refineries,75
2689,-22.73,-47.14,2002,NOX,EPA,0.28663280916,0.15034171853,0.58450612064,Refineries,75
2690,-22.73,-47.14,2003,NOX,EPA,0.260079684864,0.136414344512,0.530358573056,Refineries,75
2691,-22.73,-47.14,2004,NOX,EPA,0.313176347496,0.164264064618,0.638634120384,Refineries,75
2692,-22.73,-47.14,2005,NOX,EPA,0.292720090008,0.153534557014,0.596919399232,Refineries,75
2693,-22.73,-47.14,2006,NOX,EPA,0.307474844928,0.161273570624,0.627007526912,Refineries,75
2694,-22.73,-47.14,2007,NOX,EPA,0.309880181184,0.162535193072,0.631912526336,Refineries,75
2695,-22.73,-47.14,2008,NOX,EPA,0.289427395776,0.151807506608,0.590204885504,Refineries,75
2696,-22.73,-47.14,2009,NOX,EPA,0.303189951,0.15902610175,0.618269704,Refineries,75
2697,-22.73,-47.14,2010,NOX,EPA,0.282300891192,0.148069585086,0.575672405568,Refineries,75
2698,-22.73,-47.14,2011,NOX,EPA,0.332283671712,0.174286043496,0.677598075648,Refineries,75
2699,-22.73,-47.14,2012,NOX,EPA,0.347117031504,0.182066286132,0.707846495616,Refineries,75
2700,-22.73,-47.14,2013,NOX,EPA,0.373474526736,0.195891050788,0.761595113344,Refineries,75
2701,-22.73,-47.14,2014,NOX,EPA,0.362429810064,0.190097988612,0.739072553856,Refineries,75
2702,-22.73,-47.14,2015,NOX,EPA,0.345648688872,0.181296126026,0.704852228288,Refineries,75
2703,-22.73,-47.14,2016,NOX,EPA,0.29493870384,0.15469824172,0.60144363136,Refineries,75
2704,-22.73,-47.14,2017,NOX,EPA,0.286225775712,0.150128225496,0.583676091648,Refineries,75
2705,-22.73,-47.14,2018,NOX,EPA,0.252462499896,0.132419056318,0.514825489984,Refineries,75
2706,-22.73,-47.14,2019,NOX,EPA,0.289214406312,0.151695791546,0.589770554048,Refineries,75
2707,-22.73,-47.14,2020,NOX,EPA,0.270966542664,0.142124608162,0.552559224256,Refineries,75
2708,-22.73,-47.14,2021,NOX,EPA,0.313490600928,0.164428893624,0.639274950912,Refineries,75
2709,-22.73,-47.14,2022,NOX,EPA,0.332052340608,0.174164708064,0.677126341632,Refineries,75
2710,-22.73,-47.14,2023,NOX,EPA,0.057108288768,0.029953857344,0.116456118272,Refineries,75
2711,-23.19,-45.82,1990,NOX,EPA,0.157495692432,0.082608034756,0.321167686528,Refineries,75
2712,-23.19,-45.82,1991,NOX,EPA,0.136939499424,0.071826109992,0.279249175296,Refineries,75
2713,-23.19,-45.82,1992,NOX,EPA,0.158406071808,0.083085537664,0.323024146432,Refineries,75
2714,-23.19,-45.82,1993,NOX,EPA,0.139836270864,0.073345495012,0.285156317056,Refineries,75
2715,-23.19,-45.82,1994,NOX,EPA,0.17488368792,0.09172820886,0.35662555968,Refineries,75
2716,-23.19,-45.82,1995,NOX,EPA,0.15496368564,0.08127997237,0.31600437856,Refineries,75
2717,-23.19,-45.82,1996,NOX,EPA,0.149356185864,0.078338783762,0.304569477056,Refineries,75
2718,-23.19,-45.82,1997,NOX,EPA,0.165045609624,0.086568040342,0.336563596096,Refineries,75
2719,-23.19,-45.82,1998,NOX,EPA,0.18316459872,0.09607162776,0.37351212288,Refineries,75
2720,-23.19,-45.82,1999,NOX,EPA,0.17415975924,0.09134850117,0.35514931296,Refineries,75
2721,-23.19,-45.82,2000,NOX,EPA,0.195291034368,0.102432062144,0.398240540672,Refineries,75
2722,-23.19,-45.82,2001,NOX,EPA,0.194613390024,0.102076631042,0.396858677696,Refineries,75
2723,-23.19,-45.82,2002,NOX,EPA,0.173827707624,0.091174336842,0.354472188096,Refineries,75
2724,-23.19,-45.82,2003,NOX,EPA,0.191693129208,0.100544925614,0.390903636032,Refineries,75
2725,-23.19,-45.82,2004,NOX,EPA,0.211325326248,0.110842205434,0.430937920192,Refineries,75
2726,-23.19,-45.82,2005,NOX,EPA,0.212710595592,0.111568792786,0.433762783168,Refineries,75
2727,-23.19,-45.82,2006,NOX,EPA,0.189499016184,0.099394091822,0.386429366336,Refineries,75
2728,-23.19,-45.82,2007,NOX,EPA,0.210518762064,0.110419154612,0.429293161856,Refineries,75
2729,-23.19,-45.82,2008,NOX,EPA,0.184115661816,0.096570469678,0.375451545664,Refineries,75
2730,-23.19,-45.82,2009,NOX,EPA,0.214316659032,0.112411188806,0.437037892928,Refineries,75
2731,-23.19,-45.82,2010,NOX,EPA,0.212628714888,0.111525845554,0.433595810752,Refineries,75
2732,-23.19,-45.82,2011,NOX,EPA,0.211639156992,0.111006812736,0.431577888768,Refineries,75
2733,-23.19,-45.82,2012,NOX,EPA,0.214144126848,0.112320693984,0.436686062592,Refineries,75
2734,-23.19,-45.82,2013,NOX,EPA,0.202199703672,0.106055726926,0.412328807488,Refineries,75
2735,-23.19,-45.82,2014,NOX,EPA,0.225682135512,0.118372492646,0.460214550848,Refineries,75
2736,-23.19,-45.82,2015,NOX,EPA,0.21424522476,0.11237372083,0.43689222304,Refineries,75
2737,-23.19,-45.82,2016,NOX,EPA,0.1915780524,0.1004845667,0.3906689696,Refineries,75
2738,-23.19,-45.82,2017,NOX,EPA,0.183425065104,0.096208244932,0.374043270016,Refineries,75
2739,-23.19,-45.82,2018,NOX,EPA,0.187515658416,0.098353801228,0.382384872064,Refineries,75
2740,-23.19,-45.82,2019,NOX,EPA,0.163723562328,0.085874613574,0.333867656512,Refineries,75
2741,-23.19,-45.82,2020,NOX,EPA,0.192298992072,0.100862706626,0.392139121088,Refineries,75
2742,-23.19,-45.82,2021,NOX,EPA,0.202947574608,0.106447992564,0.413853877632,Refineries,75
2743,-23.19,-45.82,2022,NOX,EPA,0.201912155064,0.105904904862,0.411742433856,Refineries,75
2744,-23.19,-45.82,2023,NOX,EPA,0.026601431496,0.013952711618,0.054246056384,Refineries,75
2745,-32.04,-52.09,1990,NOX,EPA,0.008692971216,0.004559548628,0.017726843264,Refineries,75
2746,-32.04,-52.09,1991,NOX,EPA,0.008253798384,0.004329198172,0.016831275136,Refineries,75
2747,-32.04,-52.09,1992,NOX,EPA,0.008249375256,0.004326878198,0.016822255424,Refineries,75
2748,-32.04,-52.09,1993,NOX,EPA,0.008531444016,0.004474826028,0.017397454464,Refineries,75
2749,-32.04,-52.09,1994,NOX,EPA,0.00819878856,0.00430034498,0.01671909824,Refineries,75
2750,-32.04,-52.09,1995,NOX,EPA,0.008258674392,0.004331755686,0.016841218368,Refineries,75
2751,-32.04,-52.09,1996,NOX,EPA,0.008365659744,0.004387870552,0.017059384576,Refineries,75
2752,-32.04,-52.09,1997,NOX,EPA,0.008420941296,0.004416866268,0.017172115584,Refineries,75
2753,-32.04,-52.09,1998,NOX,EPA,0.008759046408,0.004594205714,0.017861584832,Refineries,75
2754,-32.04,-52.09,1999,NOX,EPA,0.010539846048,0.005528252584,0.021493019392,Refineries,75
2755,-32.04,-52.09,2000,NOX,EPA,0.011342726808,0.005949371414,0.023130266432,Refineries,75
2756,-32.04,-52.09,2001,NOX,EPA,0.01139400792,0.00597626886,0.02323483968,Refineries,75
2757,-32.04,-52.09,2002,NOX,EPA,0.010748246328,0.005637560574,0.021917992512,Refineries,75
2758,-32.04,-52.09,2003,NOX,EPA,0.012137199096,0.006366079918,0.024750366784,Refineries,75
2759,-32.04,-52.09,2004,NOX,EPA,0.009912441192,0.005199172586,0.020213605568,Refineries,75
2760,-32.04,-52.09,2005,NOX,EPA,0.00400127028,0.00209870549,0.00815945312,Refineries,75
2761,-32.04,-52.09,2006,NOX,EPA,0.006270244368,0.003288804644,0.012786380672,Refineries,75
2762,-32.04,-52.09,2007,NOX,EPA,0.011609110824,0.006089092442,0.023673480896,Refineries,75
2763,-32.04,-52.09,2008,NOX,EPA,0.006883157064,0.003610283362,0.014036241856,Refineries,75
2764,-32.04,-52.09,2009,NOX,EPA,0.012004610928,0.006296536124,0.024479990912,Refineries,75
2765,-32.04,-52.09,2010,NOX,EPA,0.012392366784,0.006499917872,0.025270708736,Refineries,75
2766,-32.04,-52.09,2011,NOX,EPA,0.01324613616,0.00694772828,0.02701172864,Refineries,75
2767,-32.04,-52.09,2012,NOX,EPA,0.014105762784,0.007398610872,0.028764692736,Refineries,75
2768,-32.04,-52.09,2013,NOX,EPA,0.013758434016,0.007216433528,0.028056414464,Refineries,75
2769,-32.04,-52.09,2014,NOX,EPA,0.01176197292,0.00616927011,0.02398519968,Refineries,75
2770,-32.04,-52.09,2015,NOX,EPA,0.008602425408,0.004512056464,0.017542200832,Refineries,75
2771,-32.04,-52.09,2016,NOX,EPA,0.012220453536,0.006409747688,0.024920140544,Refineries,75
2772,-32.04,-52.09,2017,NOX,EPA,0.01277249916,0.00669930103,0.02604588064,Refineries,75
2773,-32.04,-52.09,2018,NOX,EPA,0.012624014904,0.006621419582,0.025743089216,Refineries,75
2774,-32.04,-52.09,2019,NOX,EPA,0.01354330092,0.00710359411,0.02761771168,Refineries,75
2775,-32.04,-52.09,2020,NOX,EPA,0.010572347736,0.005545300038,0.021559297344,Refineries,75
2776,-32.04,-52.09,2021,NOX,EPA,0.009859378752,0.005171340816,0.020105399808,Refineries,75
2777,-32.04,-52.09,2022,NOX,EPA,0.01044952668,0.00548087919,0.02130883872,Refineries,75
2778,-32.04,-52.09,2023,NOX,EPA,0.002188421832,0.001147848706,0.004462664128,Refineries,75
2779,-12.71,-38.57,1990,NOX,EPA,0.108691169808,0.057009584164,0.221644738432,Refineries,75
2780,-12.71,-38.57,1991,NOX,EPA,0.097007243208,0.050881250114,0.197818692032,Refineries,75
2781,-12.71,-38.57,1992,NOX,EPA,0.11264537076,0.05908360133,0.22970820704,Refineries,75
2782,-12.71,-38.57,1993,NOX,EPA,0.110042201424,0.057718213492,0.224399783296,Refineries,75
2783,-12.71,-38.57,1994,NOX,EPA,0.102547852608,0.053787354064,0.209117189632,Refineries,75
2784,-12.71,-38.57,1995,NOX,EPA,0.102736039344,0.053886059852,0.209500942976,Refineries,75
2785,-12.71,-38.57,1996,NOX,EPA,0.09653454216,0.05063331378,0.19685475264,Refineries,75
2786,-12.71,-38.57,1997,NOX,EPA,0.106993684992,0.056119236736,0.218183200768,Refineries,75
2787,-12.71,-38.57,1998,NOX,EPA,0.151424609592,0.079423692286,0.308787439168,Refineries,75
2788,-12.71,-38.57,1999,NOX,EPA,0.16868262852,0.08847569241,0.34398026208,Refineries,75
2789,-12.71,-38.57,2000,NOX,EPA,0.15006035388,0.07870812679,0.30600542752,Refineries,75
2790,-12.71,-38.57,2001,NOX,EPA,0.18212969244,0.09552880927,0.37140172576,Refineries,75
2791,-12.71,-38.57,2002,NOX,EPA,0.17805988632,0.09339415606,0.36310251328,Refineries,75
2792,-12.71,-38.57,2003,NOX,EPA,0.169178033952,0.088735537416,0.344990500608,Refineries,75
2793,-12.71,-38.57,2004,NOX,EPA,0.205674108456,0.107878086298,0.419413868224,Refineries,75
2794,-12.71,-38.57,2005,NOX,EPA,0.215463955032,0.113012956806,0.439377476928,Refineries,75
2795,-12.71,-38.57,2006,NOX,EPA,0.227719431288,0.119441074254,0.464369036352,Refineries,75
2796,-12.71,-38.57,2007,NOX,EPA,0.226991336112,0.119059181196,0.462884293248,Refineries,75
2797,-12.71,-38.57,2008,NOX,EPA,0.2238314112,0.1174017696,0.4564405248,Refineries,75
2798,-12.71,-38.57,2009,NOX,EPA,0.193721669304,0.101608914782,0.395040266816,Refineries,75
2799,-12.71,-38.57,2010,NOX,EPA,0.219907372056,0.115343572598,0.448438562624,Refineries,75
2800,-12.71,-38.57,2011,NOX,EPA,0.2089237338,0.10958254665,0.4260405552,Refineries,75
2801,-12.71,-38.57,2012,NOX,EPA,0.209043943248,0.109645597684,0.426285688192,Refineries,75
2802,-12.71,-38.57,2013,NOX,EPA,0.245455465056,0.128743797848,0.500536634624,Refineries,75
2803,-12.71,-38.57,2014,NOX,EPA,0.263953831728,0.138446372524,0.538258794112,Refineries,75
2804,-12.71,-38.57,2015,NOX,EPA,0.228469777968,0.119834638444,0.465899155072,Refineries,75
2805,-12.71,-38.57,2016,NOX,EPA,0.204496967664,0.107260664412,0.417013424256,Refineries,75
2806,-12.71,-38.57,2017,NOX,EPA,0.191018473872,0.100191062276,0.389527868288,Refineries,75
2807,-12.71,-38.57,2018,NOX,EPA,0.190773646944,0.100062648152,0.389028613376,Refineries,75
2808,-12.71,-38.57,2019,NOX,EPA,0.197942631672,0.103822850926,0.403647719488,Refineries,75
2809,-12.71,-38.57,2020,NOX,EPA,0.218075849856,0.114382921248,0.444703693824,Refineries,75
2810,-12.71,-38.57,2021,NOX,EPA,0.180901210152,0.094884458266,0.368896585408,Refineries,75
2811,-12.71,-38.57,2022,NOX,EPA,0.218304056088,0.114502617654,0.445169055552,Refineries,75
2812,-23.87,-46.44,1990,NOX,EPA,0.0884935068,0.0464157119,0.1804573472,Refineries,75
2813,-23.87,-46.44,1991,NOX,EPA,0.093568012104,0.049077339682,0.190805358016,Refineries,75
2814,-23.87,-46.44,1992,NOX,EPA,0.094054239168,0.049332370544,0.191796879872,Refineries,75
2815,-23.87,-46.44,1993,NOX,EPA,0.092223245328,0.048371996324,0.188063088512,Refineries,75
2816,-23.87,-46.44,1994,NOX,EPA,0.104952917136,0.055048833988,0.214021634944,Refineries,75
2817,-23.87,-46.44,1995,NOX,EPA,0.116663593848,0.061191198734,0.237902230592,Refineries,75
2818,-23.87,-46.44,1996,NOX,EPA,0.114533850168,0.060074127294,0.233559223872,Refineries,75
2819,-23.87,-46.44,1997,NOX,EPA,0.125011379928,0.065569694374,0.254925166912,Refineries,75
2820,-23.87,-46.44,1998,NOX,EPA,0.122497503432,0.064251141506,0.249798830528,Refineries,75
2821,-23.87,-46.44,1999,NOX,EPA,0.137761325664,0.072257165912,0.280925056256,Refineries,75
2822,-23.87,-46.44,2000,NOX,EPA,0.13871971032,0.07275984806,0.28287940928,Refineries,75
2823,-23.87,-46.44,2001,NOX,EPA,0.135389396856,0.071013065998,0.276088181824,Refineries,75
2824,-23.87,-46.44,2002,NOX,EPA,0.13388091396,0.07022185193,0.27301205984,Refineries,75
2825,-23.87,-46.44,2003,NOX,EPA,0.143818293744,0.075434105052,0.293276520576,Refineries,75
2826,-23.87,-46.44,2004,NOX,EPA,0.135999954576,0.071333309508,0.277333240704,Refineries,75
2827,-23.87,-46.44,2005,NOX,EPA,0.13871140752,0.07275549316,0.28286247808,Refineries,75
2828,-23.87,-46.44,2006,NOX,EPA,0.143502258984,0.075268341722,0.292632057536,Refineries,75
2829,-23.87,-46.44,2007,NOX,EPA,0.134645465976,0.070622866958,0.274571146304,Refineries,75
2830,-23.87,-46.44,2008,NOX,EPA,0.14798329524,0.07761868917,0.30176985696,Refineries,75
2831,-23.87,-46.44,2009,NOX,EPA,0.145389379752,0.076258155066,0.296480303808,Refineries,75
2832,-23.87,-46.44,2010,NOX,EPA,0.140626999344,0.073760239852,0.286768782976,Refineries,75
2833,-23.87,-46.44,2011,NOX,EPA,0.13293786684,0.06972721447,0.27108898336,Refineries,75
2834,-23.87,-46.44,2012,NOX,EPA,0.13769695632,0.07222340356,0.28079379328,Refineries,75
2835,-23.87,-46.44,2013,NOX,EPA,0.153977705496,0.080762816118,0.313993752384,Refineries,75
2836,-23.87,-46.44,2014,NOX,EPA,0.1553861472,0.0815015576,0.3168658688,Refineries,75
2837,-23.87,-46.44,2015,NOX,EPA,0.137912542296,0.072336480518,0.281233419584,Refineries,75
2838,-23.87,-46.44,2016,NOX,EPA,0.125106424344,0.065619546102,0.255118982976,Refineries,75
2839,-23.87,-46.44,2017,NOX,EPA,0.12676020624,0.06648697092,0.25849140096,Refineries,75
2840,-23.87,-46.44,2018,NOX,EPA,0.12552580632,0.06583951606,0.25597419328,Refineries,75
2841,-23.87,-46.44,2019,NOX,EPA,0.1167369906,0.06122969605,0.2380519024,Refineries,75
2842,-23.87,-46.44,2020,NOX,EPA,0.126001949256,0.066089257698,0.256945151424,Refineries,75
2843,-23.87,-46.44,2021,NOX,EPA,0.131271977952,0.068853439416,0.267691876608,Refineries,75
2844,-23.87,-46.44,2022,NOX,EPA,0.15263739204,0.08005980857,0.31126056416,Refineries,75
2845,-23.87,-46.44,2023,NOX,EPA,0.022635667008,0.011872629264,0.046159007232,Refineries,75
2846,-5.13,-36.38,1990,NOX,EPA,0,0,0,Refineries,75
2847,-5.13,-36.38,1991,NOX,EPA,0,0,0,Refineries,75
2848,-5.13,-36.38,1992,NOX,EPA,0,0,0,Refineries,75
2849,-5.13,-36.38,1993,NOX,EPA,0,0,0,Refineries,75
2850,-5.13,-36.38,1994,NOX,EPA,0,0,0,Refineries,75
2851,-5.13,-36.38,1995,NOX,EPA,0,0,0,Refineries,75
2852,-5.13,-36.38,1996,NOX,EPA,0,0,0,Refineries,75
2853,-5.13,-36.38,1997,NOX,EPA,0,0,0,Refineries,75
2854,-5.13,-36.38,1998,NOX,EPA,0,0,0,Refineries,75
2855,-5.13,-36.38,1999,NOX,EPA,0,0,0,Refineries,75
2856,-5.13,-36.38,2000,NOX,EPA,0.002913709152,0.001528269016,0.005941681408,Refineries,75
2857,-5.13,-36.38,2001,NOX,EPA,0.002634961512,0.001382063146,0.005373254848,Refineries,75
2858,-5.13,-36.38,2002,NOX,EPA,0.0032992308,0.0017304789,0.0067278432,Refineries,75
2859,-5.13,-36.38,2003,NOX,EPA,0.00346211664,0.00181591412,0.00706000256,Refineries,75
2860,-5.13,-36.38,2004,NOX,EPA,0.0037668294,0.00197573895,0.0076813776,Refineries,75
2861,-5.13,-36.38,2005,NOX,EPA,0.005714198304,0.002997153032,0.011652482816,Refineries,75
2862,-5.13,-36.38,2006,NOX,EPA,0.00793732584,0.00416320522,0.01618591936,Refineries,75
2863,-5.13,-36.38,2007,NOX,EPA,0.0084639498,0.00443942465,0.0172598192,Refineries,75
2864,-5.13,-36.38,2008,NOX,EPA,0.008509871832,0.004463511206,0.017353464128,Refineries,75
2865,-5.13,-36.38,2009,NOX,EPA,0.012183045648,0.006390126884,0.024843857792,Refineries,75
2866,-5.13,-36.38,2010,NOX,EPA,0.02868874032,0.01504752556,0.05850252928,Refineries,75
2867,-5.13,-36.38,2011,NOX,EPA,0.03002986896,0.01575096068,0.06123737984,Refineries,75
2868,-5.13,-36.38,2012,NOX,EPA,0.032025650736,0.016797767788,0.065307209344,Refineries,75
2869,-5.13,-36.38,2013,NOX,EPA,0.032651017632,0.017125778856,0.066582467328,Refineries,75
2870,-5.13,-36.38,2014,NOX,EPA,0.0331893108,0.0174081189,0.0676801632,Refineries,75
2871,-5.13,-36.38,2015,NOX,EPA,0.029715887256,0.015586274198,0.060597103424,Refineries,75
2872,-5.13,-36.38,2016,NOX,EPA,0.029325444312,0.015381483046,0.059800906048,Refineries,75
2873,-5.13,-36.38,2017,NOX,EPA,0.029022316632,0.015222489606,0.059182763328,Refineries,75
2874,-5.13,-36.38,2018,NOX,EPA,0.027168512736,0.014250151288,0.055402457344,Refineries,75
2875,-5.13,-36.38,2019,NOX,EPA,0.02775082584,0.01455558022,0.05658991936,Refineries,75
2876,-5.13,-36.38,2020,NOX,EPA,0.025302798096,0.013271565668,0.051597862784,Refineries,75
2877,-5.13,-36.38,2021,NOX,EPA,0.02492296764,0.01307234087,0.05082330656,Refineries,75
2878,-5.13,-36.38,2022,NOX,EPA,0.021178148208,0.011108146364,0.043186812032,Refineries,75
2879,-5.13,-36.38,2023,NOX,EPA,0.003719443056,0.001950884348,0.007584746624,Refineries,75
2880,-23.14,-47.02,1990,NOX,EPA,0,0,0,Refineries,75
2881,-23.14,-47.02,1991,NOX,EPA,0,0,0,Refineries,75
2882,-23.14,-47.02,1992,NOX,EPA,0,0,0,Refineries,75
2883,-23.14,-47.02,1993,NOX,EPA,0,0,0,Refineries,75
2884,-23.14,-47.02,1994,NOX,EPA,0,0,0,Refineries,75
2885,-23.14,-47.02,1995,NOX,EPA,0,0,0,Refineries,75
2886,-23.14,-47.02,1996,NOX,EPA,0,0,0,Refineries,75
2887,-23.14,-47.02,1997,NOX,EPA,0,0,0,Refineries,75
2888,-23.14,-47.02,1998,NOX,EPA,0,0,0,Refineries,75
2889,-23.14,-47.02,1999,NOX,EPA,0,0,0,Refineries,75
2890,-23.14,-47.02,2000,NOX,EPA,0,0,0,Refineries,75
2891,-23.14,-47.02,2001,NOX,EPA,0,0,0,Refineries,75
2892,-23.14,-47.02,2002,NOX,EPA,0,0,0,Refineries,75
2893,-23.14,-47.02,2003,NOX,EPA,0,0,0,Refineries,75
2894,-23.14,-47.02,2004,NOX,EPA,0,0,0,Refineries,75
2895,-23.14,-47.02,2005,NOX,EPA,0,0,0,Refineries,75
2896,-23.14,-47.02,2006,NOX,EPA,0.002383114944,0.001249967152,0.004859685376,Refineries,75
2897,-23.14,-47.02,2007,NOX,EPA,0.004449078024,0.002333585042,0.009072629696,Refineries,75
2898,-23.14,-47.02,2008,NOX,EPA,0.0017783088,0.0009327404,0.0036263552,Refineries,75
2899,-23.14,-47.02,2009,NOX,EPA,0.006028074336,0.003161784088,0.012292543744,Refineries,75
2900,-23.14,-47.02,2010,NOX,EPA,0.007518472224,0.003943512392,0.015331786496,Refineries,75
2901,-23.14,-47.02,2011,NOX,EPA,0.004573046376,0.002398607658,0.009325427904,Refineries,75
2902,-23.14,-47.02,2012,NOX,EPA,0.000692317656,0.000363127398,0.001411785024,Refineries,75
2903,-23.14,-47.02,2013,NOX,EPA,5.6187312e-05,2.9470796e-05,0.000114578048,Refineries,75
2904,-23.14,-47.02,2014,NOX,EPA,1.554888e-05,8.15554e-06,3.170752e-05,Refineries,75
2905,-23.14,-47.02,2015,NOX,EPA,0,0,0,Refineries,75
2906,-23.14,-47.02,2016,NOX,EPA,0,0,0,Refineries,75
2907,-23.14,-47.02,2017,NOX,EPA,0,0,0,Refineries,75
2908,-23.14,-47.02,2018,NOX,EPA,0,0,0,Refineries,75
2909,-23.14,-47.02,2019,NOX,EPA,0,0,0,Refineries,75
2910,-23.14,-47.02,2020,NOX,EPA,0,0,0,Refineries,75
2911,-23.14,-47.02,2021,NOX,EPA,0,0,0,Refineries,75
2912,-23.14,-47.02,2022,NOX,EPA,0,0,0,Refineries,75
2913,-23.14,-47.02,2023,NOX,EPA,0,0,0,Refineries,75
2914,-8.38,-35.01,1990,NOX,EPA,0,0,0,Refineries,75
2915,-8.38,-35.01,1991,NOX,EPA,0,0,0,Refineries,75
2916,-8.38,-35.01,1992,NOX,EPA,0,0,0,Refineries,75
2917,-8.38,-35.01,1993,NOX,EPA,0,0,0,Refineries,75
2918,-8.38,-35.01,1994,NOX,EPA,0,0,0,Refineries,75
2919,-8.38,-35.01,1995,NOX,EPA,0,0,0,Refineries,75
2920,-8.38,-35.01,1996,NOX,EPA,0,0,0,Refineries,75
2921,-8.38,-35.01,1997,NOX,EPA,0,0,0,Refineries,75
2922,-8.38,-35.01,1998,NOX,EPA,0,0,0,Refineries,75
2923,-8.38,-35.01,1999,NOX,EPA,0,0,0,Refineries,75
2924,-8.38,-35.01,2000,NOX,EPA,0,0,0,Refineries,75
2925,-8.38,-35.01,2001,NOX,EPA,0,0,0,Refineries,75
2926,-8.38,-35.01,2002,NOX,EPA,0,0,0,Refineries,75
2927,-8.38,-35.01,2003,NOX,EPA,0,0,0,Refineries,75
2928,-8.38,-35.01,2004,NOX,EPA,0,0,0,Refineries,75
2929,-8.38,-35.01,2005,NOX,EPA,0,0,0,Refineries,75
2930,-8.38,-35.01,2006,NOX,EPA,0,0,0,Refineries,75
2931,-8.38,-35.01,2007,NOX,EPA,0,0,0,Refineries,75
2932,-8.38,-35.01,2008,NOX,EPA,0,0,0,Refineries,75
2933,-8.38,-35.01,2009,NOX,EPA,0,0,0,Refineries,75
2934,-8.38,-35.01,2010,NOX,EPA,0,0,0,Refineries,75
2935,-8.38,-35.01,2011,NOX,EPA,0,0,0,Refineries,75
2936,-8.38,-35.01,2012,NOX,EPA,0,0,0,Refineries,75
2937,-8.38,-35.01,2013,NOX,EPA,0,0,0,Refineries,75
2938,-8.38,-35.01,2014,NOX,EPA,0.003070964184,0.001610750822,0.006262358336,Refineries,75
2939,-8.38,-35.01,2015,NOX,EPA,0.055502814072,0.029111770126,0.113182209088,Refineries,75
2940,-8.38,-35.01,2016,NOX,EPA,0.075178261152,0.039431735016,0.153304689408,Refineries,75
2941,-8.38,-35.01,2017,NOX,EPA,0.066066074016,0.034652303528,0.134722974464,Refineries,75
2942,-8.38,-35.01,2018,NOX,EPA,0.069013311384,0.036198158422,0.140733027136,Refineries,75
2943,-8.38,-35.01,2019,NOX,EPA,0.072930013872,0.038252507276,0.148720028288,Refineries,75
2944,-8.38,-35.01,2020,NOX,EPA,0.089175030816,0.046773177928,0.181847121664,Refineries,75
2945,-8.38,-35.01,2021,NOX,EPA,0.060868294776,0.031926017358,0.124123581504,Refineries,75
2946,-8.38,-35.01,2022,NOX,EPA,0.064022619072,0.033580491376,0.130555929088,Refineries,75
2947,-8.38,-35.01,2023,NOX,EPA,0.011255924808,0.005903842914,0.022953258432,Refineries,75
2948,-21.37,-50.28,2000,NOX,EPA,0,0,0,Refineries,75
2949,-21.37,-50.28,2001,NOX,EPA,0,0,0,Refineries,75
2950,-21.37,-50.28,2002,NOX,EPA,0,0,0,Refineries,75
2951,-21.37,-50.28,2003,NOX,EPA,0,0,0,Refineries,75
2952,-21.37,-50.28,2004,NOX,EPA,0,0,0,Refineries,75
2953,-21.37,-50.28,2005,NOX,EPA,0,0,0,Refineries,75
2954,-21.37,-50.28,2006,NOX,EPA,0,0,0,Refineries,75
2955,-21.37,-50.28,2007,NOX,EPA,0,0,0,Refineries,75
2956,-21.37,-50.28,2008,NOX,EPA,0,0,0,Refineries,75
2957,-21.37,-50.28,2009,NOX,EPA,0,0,0,Refineries,75
2958,-21.37,-50.28,2010,NOX,EPA,0,0,0,Refineries,75
2959,-21.37,-50.28,2011,NOX,EPA,0,0,0,Refineries,75
2960,-21.37,-50.28,2012,NOX,EPA,0,0,0,Refineries,75
2961,-21.37,-50.28,2013,NOX,EPA,0,0,0,Refineries,75
2962,-21.37,-50.28,2014,NOX,EPA,0,0,0,Refineries,75
2963,-21.37,-50.28,2015,NOX,EPA,0,0,0,Refineries,75
2964,-21.37,-50.28,2016,NOX,EPA,0,0,0,Refineries,75
2965,-21.37,-50.28,2017,NOX,EPA,0,0,0,Refineries,75
2966,-21.37,-50.28,2018,NOX,EPA,0,0,0,Refineries,75
2967,-21.37,-50.28,2019,NOX,EPA,0,0,0,Refineries,75
2968,-21.37,-50.28,2020,NOX,EPA,0,0,0,Refineries,75
2969,-21.37,-50.28,2021,NOX,EPA,0,0,0,Refineries,75
2970,-21.37,-50.28,2022,NOX,EPA,0.000158040024,8.2893542e-05,0.000322277696,Refineries,75
2971,-21.37,-50.28,2023,NOX,EPA,5.43456e-06,2.85048e-06,1.108224e-05,Refineries,75
2972,-12.62,-38.09,1990,NMVOCs,EPA,0,0,0,Refineries,75
2973,-12.62,-38.09,1991,NMVOCs,EPA,0,0,0,Refineries,75
2974,-12.62,-38.09,1992,NMVOCs,EPA,0,0,0,Refineries,75
2975,-12.62,-38.09,1993,NMVOCs,EPA,0,0,0,Refineries,75
2976,-12.62,-38.09,1994,NMVOCs,EPA,0,0,0,Refineries,75
2977,-12.62,-38.09,1995,NMVOCs,EPA,0.1385665281,0.1385665281,0.1385665281,Refineries,75
2978,-12.62,-38.09,1996,NMVOCs,EPA,0,0,0,Refineries,75
2979,-12.62,-38.09,1997,NMVOCs,EPA,0,0,0,Refineries,75
2980,-12.62,-38.09,1998,NMVOCs,EPA,0,0,0,Refineries,75
2981,-12.62,-38.09,1999,NMVOCs,EPA,0,0,0,Refineries,75
2982,-12.62,-38.09,2000,NMVOCs,EPA,0,0,0,Refineries,75
2983,-12.62,-38.09,2001,NMVOCs,EPA,0,0,0,Refineries,75
2984,-12.62,-38.09,2002,NMVOCs,EPA,0,0,0,Refineries,75
2985,-12.62,-38.09,2003,NMVOCs,EPA,0,0,0,Refineries,75
2986,-12.62,-38.09,2004,NMVOCs,EPA,0,0,0,Refineries,75
2987,-12.62,-38.09,2005,NMVOCs,EPA,0,0,0,Refineries,75
2988,-12.62,-38.09,2006,NMVOCs,EPA,0,0,0,Refineries,75
2989,-12.62,-38.09,2007,NMVOCs,EPA,0,0,0,Refineries,75
2990,-12.62,-38.09,2008,NMVOCs,EPA,0,0,0,Refineries,75
2991,-12.62,-38.09,2009,NMVOCs,EPA,0.0016114203,0.0016114203,0.0016114203,Refineries,75
2992,-12.62,-38.09,2010,NMVOCs,EPA,0.0062804133,0.0062804133,0.0062804133,Refineries,75
2993,-12.62,-38.09,2011,NMVOCs,EPA,0.0144776079,0.0144776079,0.0144776079,Refineries,75
2994,-12.62,-38.09,2012,NMVOCs,EPA,0.0213095358,0.0213095358,0.0213095358,Refineries,75
2995,-12.62,-38.09,2013,NMVOCs,EPA,0.016675974,0.016675974,0.016675974,Refineries,75
2996,-12.62,-38.09,2014,NMVOCs,EPA,0.0108128097,0.0108128097,0.0108128097,Refineries,75
2997,-12.62,-38.09,2015,NMVOCs,EPA,0.0118004544,0.0118004544,0.0118004544,Refineries,75
2998,-12.62,-38.09,2016,NMVOCs,EPA,0.0117114102,0.0117114102,0.0117114102,Refineries,75
2999,-12.62,-38.09,2017,NMVOCs,EPA,0.0164915919,0.0164915919,0.0164915919,Refineries,75
3000,-12.62,-38.09,2018,NMVOCs,EPA,0.0180887931,0.0180887931,0.0180887931,Refineries,75
3001,-12.62,-38.09,2019,NMVOCs,EPA,0.0233685081,0.0233685081,0.0233685081,Refineries,75
3002,-12.62,-38.09,2020,NMVOCs,EPA,0.0291477564,0.0291477564,0.0291477564,Refineries,75
3003,-12.62,-38.09,2021,NMVOCs,EPA,0.028613025,0.028613025,0.028613025,Refineries,75
3004,-12.62,-38.09,2022,NMVOCs,EPA,0.0332505495,0.0332505495,0.0332505495,Refineries,75
3005,-12.62,-38.09,2023,NMVOCs,EPA,0.005736591,0.005736591,0.005736591,Refineries,75
3006,-3.72,-38.47,1990,NMVOCs,EPA,0.0568549548,0.0568549548,0.0568549548,Refineries,75
3007,-3.72,-38.47,1991,NMVOCs,EPA,0.0552365415,0.0552365415,0.0552365415,Refineries,75
3008,-3.72,-38.47,1992,NMVOCs,EPA,0.0623554155,0.0623554155,0.0623554155,Refineries,75
3009,-3.72,-38.47,1993,NMVOCs,EPA,0.0624885156,0.0624885156,0.0624885156,Refineries,75
3010,-3.72,-38.47,1994,NMVOCs,EPA,0.0567959805,0.0567959805,0.0567959805,Refineries,75
3011,-3.72,-38.47,1995,NMVOCs,EPA,0.0643059963,0.0643059963,0.0643059963,Refineries,75
3012,-3.72,-38.47,1996,NMVOCs,EPA,0.1995144858,0.1995144858,0.1995144858,Refineries,75
3013,-3.72,-38.47,1997,NMVOCs,EPA,0.0574770987,0.0574770987,0.0574770987,Refineries,75
3014,-3.72,-38.47,1998,NMVOCs,EPA,0.0798174027,0.0798174027,0.0798174027,Refineries,75
3015,-3.72,-38.47,1999,NMVOCs,EPA,0.0758838402,0.0758838402,0.0758838402,Refineries,75
3016,-3.72,-38.47,2000,NMVOCs,EPA,0.0720894384,0.0720894384,0.0720894384,Refineries,75
3017,-3.72,-38.47,2001,NMVOCs,EPA,0.0765281286,0.0765281286,0.0765281286,Refineries,75
3018,-3.72,-38.47,2002,NMVOCs,EPA,0.089193384,0.089193384,0.089193384,Refineries,75
3019,-3.72,-38.47,2003,NMVOCs,EPA,0.0575365392,0.0575365392,0.0575365392,Refineries,75
3020,-3.72,-38.47,2004,NMVOCs,EPA,0.0599227839,0.0599227839,0.0599227839,Refineries,75
3021,-3.72,-38.47,2005,NMVOCs,EPA,0.062748189,0.062748189,0.062748189,Refineries,75
3022,-3.72,-38.47,2006,NMVOCs,EPA,0.0898062039,0.0898062039,0.0898062039,Refineries,75
3023,-3.72,-38.47,2007,NMVOCs,EPA,0.0837148347,0.0837148347,0.0837148347,Refineries,75
3024,-3.72,-38.47,2008,NMVOCs,EPA,0.0839784708,0.0839784708,0.0839784708,Refineries,75
3025,-3.72,-38.47,2009,NMVOCs,EPA,0.0817952562,0.0817952562,0.0817952562,Refineries,75
3026,-3.72,-38.47,2010,NMVOCs,EPA,0.1074679578,0.1074679578,0.1074679578,Refineries,75
3027,-3.72,-38.47,2011,NMVOCs,EPA,0.0944117937,0.0944117937,0.0944117937,Refineries,75
3028,-3.72,-38.47,2012,NMVOCs,EPA,0.1064500101,0.1064500101,0.1064500101,Refineries,75
3029,-3.72,-38.47,2013,NMVOCs,EPA,0.1137910284,0.1137910284,0.1137910284,Refineries,75
3030,-3.72,-38.47,2014,NMVOCs,EPA,0.1209931191,0.1209931191,0.1209931191,Refineries,75
3031,-3.72,-38.47,2015,NMVOCs,EPA,0.1146439413,0.1146439413,0.1146439413,Refineries,75
3032,-3.72,-38.47,2016,NMVOCs,EPA,0.121778433,0.121778433,0.121778433,Refineries,75
3033,-3.72,-38.47,2017,NMVOCs,EPA,0.103428801,0.103428801,0.103428801,Refineries,75
3034,-3.72,-38.47,2018,NMVOCs,EPA,0.1097054847,0.1097054847,0.1097054847,Refineries,75
3035,-3.72,-38.47,2019,NMVOCs,EPA,0.0960805566,0.0960805566,0.0960805566,Refineries,75
3036,-3.72,-38.47,2020,NMVOCs,EPA,0.1147162023,0.1147162023,0.1147162023,Refineries,75
3037,-3.72,-38.47,2021,NMVOCs,EPA,0.1045339281,0.1045339281,0.1045339281,Refineries,75
3038,-3.72,-38.47,2022,NMVOCs,EPA,0.1179935883,0.1179935883,0.1179935883,Refineries,75
3039,-3.72,-38.47,2023,NMVOCs,EPA,0.0195065073,0.0195065073,0.0195065073,Refineries,75
3040,-22.89,-43.24,1990,NMVOCs,EPA,0.1299259773,0.1299259773,0.1299259773,Refineries,75
3041,-22.89,-43.24,1991,NMVOCs,EPA,0.1186600212,0.1186600212,0.1186600212,Refineries,75
3042,-22.89,-43.24,1992,NMVOCs,EPA,0.1359378594,0.1359378594,0.1359378594,Refineries,75
3043,-22.89,-43.24,1993,NMVOCs,EPA,0.1341227097,0.1341227097,0.1341227097,Refineries,75
3044,-22.89,-43.24,1994,NMVOCs,EPA,0.1337821506,0.1337821506,0.1337821506,Refineries,75
3045,-22.89,-43.24,1995,NMVOCs,EPA,0.1354285359,0.1354285359,0.1354285359,Refineries,75
3046,-22.89,-43.24,1996,NMVOCs,EPA,0.1354658319,0.1354658319,0.1354658319,Refineries,75
3047,-22.89,-43.24,1997,NMVOCs,EPA,0.132337863,0.132337863,0.132337863,Refineries,75
3048,-22.89,-43.24,1998,NMVOCs,EPA,0.1270898496,0.1270898496,0.1270898496,Refineries,75
3049,-22.89,-43.24,1999,NMVOCs,EPA,0.1512219933,0.1512219933,0.1512219933,Refineries,75
3050,-22.89,-43.24,2000,NMVOCs,EPA,0.1591457616,0.1591457616,0.1591457616,Refineries,75
3051,-22.89,-43.24,2001,NMVOCs,EPA,0.1908137952,0.1908137952,0.1908137952,Refineries,75
3052,-22.89,-43.24,2002,NMVOCs,EPA,0.1761019218,0.1761019218,0.1761019218,Refineries,75
3053,-22.89,-43.24,2003,NMVOCs,EPA,0.1982690325,0.1982690325,0.1982690325,Refineries,75
3054,-22.89,-43.24,2004,NMVOCs,EPA,0.1935042354,0.1935042354,0.1935042354,Refineries,75
3055,-22.89,-43.24,2005,NMVOCs,EPA,0.0878211243,0.0878211243,0.0878211243,Refineries,75
3056,-22.89,-43.24,2006,NMVOCs,EPA,0,0,0,Refineries,75
3057,-22.89,-43.24,2007,NMVOCs,EPA,0,0,0,Refineries,75
3058,-22.89,-43.24,2008,NMVOCs,EPA,0,0,0,Refineries,75
3059,-22.89,-43.24,2009,NMVOCs,EPA,0,0,0,Refineries,75
3060,-22.89,-43.24,2010,NMVOCs,EPA,0.082393857,0.082393857,0.082393857,Refineries,75
3061,-22.89,-43.24,2011,NMVOCs,EPA,0.136489374,0.136489374,0.136489374,Refineries,75
3062,-22.89,-43.24,2012,NMVOCs,EPA,0.1415979936,0.1415979936,0.1415979936,Refineries,75
3063,-22.89,-43.24,2013,NMVOCs,EPA,0.0037407888,0.0037407888,0.0037407888,Refineries,75
3064,-22.89,-43.24,2014,NMVOCs,EPA,0.036638658,0.036638658,0.036638658,Refineries,75
3065,-22.89,-43.24,2015,NMVOCs,EPA,0.0917187894,0.0917187894,0.0917187894,Refineries,75
3066,-22.89,-43.24,2016,NMVOCs,EPA,0.1074665592,0.1074665592,0.1074665592,Refineries,75
3067,-22.89,-43.24,2017,NMVOCs,EPA,0.0552917862,0.0552917862,0.0552917862,Refineries,75
3068,-22.89,-43.24,2018,NMVOCs,EPA,0.0462554316,0.0462554316,0.0462554316,Refineries,75
3069,-22.89,-43.24,2019,NMVOCs,EPA,0.1053211068,0.1053211068,0.1053211068,Refineries,75
3070,-22.89,-43.24,2020,NMVOCs,EPA,0.1221103674,0.1221103674,0.1221103674,Refineries,75
3071,-22.89,-43.24,2021,NMVOCs,EPA,0.1152532647,0.1152532647,0.1152532647,Refineries,75
3072,-22.89,-43.24,2022,NMVOCs,EPA,0.128027844,0.128027844,0.128027844,Refineries,75
3073,-22.89,-43.24,2023,NMVOCs,EPA,0.0174060432,0.0174060432,0.0174060432,Refineries,75
3074,-23.64,-46.48,1990,NMVOCs,EPA,0.3132344187,0.3132344187,0.3132344187,Refineries,75
3075,-23.64,-46.48,1991,NMVOCs,EPA,0.3395483784,0.3395483784,0.3395483784,Refineries,75
3076,-23.64,-46.48,1992,NMVOCs,EPA,0.3726949653,0.3726949653,0.3726949653,Refineries,75
3077,-23.64,-46.48,1993,NMVOCs,EPA,0.450624258,0.450624258,0.450624258,Refineries,75
3078,-23.64,-46.48,1994,NMVOCs,EPA,0.427824747,0.427824747,0.427824747,Refineries,75
3079,-23.64,-46.48,1995,NMVOCs,EPA,0.513405081,0.513405081,0.513405081,Refineries,75
3080,-23.64,-46.48,1996,NMVOCs,EPA,0.522607869,0.522607869,0.522607869,Refineries,75
3081,-23.64,-46.48,1997,NMVOCs,EPA,0.601486578,0.601486578,0.601486578,Refineries,75
3082,-23.64,-46.48,1998,NMVOCs,EPA,0.6107623263,0.6107623263,0.6107623263,Refineries,75
3083,-23.64,-46.48,1999,NMVOCs,EPA,0.4754116458,0.4754116458,0.4754116458,Refineries,75
3084,-23.64,-46.48,2000,NMVOCs,EPA,0.5478271911,0.5478271911,0.5478271911,Refineries,75
3085,-23.64,-46.48,2001,NMVOCs,EPA,0.6257811924,0.6257811924,0.6257811924,Refineries,75
3086,-23.64,-46.48,2002,NMVOCs,EPA,0.6473380473,0.6473380473,0.6473380473,Refineries,75
3087,-23.64,-46.48,2003,NMVOCs,EPA,0.595344393,0.595344393,0.595344393,Refineries,75
3088,-23.64,-46.48,2004,NMVOCs,EPA,0.6298919109,0.6298919109,0.6298919109,Refineries,75
3089,-23.64,-46.48,2005,NMVOCs,EPA,0.4867852941,0.4867852941,0.4867852941,Refineries,75
3090,-23.64,-46.48,2006,NMVOCs,EPA,0.5474034153,0.5474034153,0.5474034153,Refineries,75
3091,-23.64,-46.48,2007,NMVOCs,EPA,0.5629490874,0.5629490874,0.5629490874,Refineries,75
3092,-23.64,-46.48,2008,NMVOCs,EPA,0.61240032,0.61240032,0.61240032,Refineries,75
3093,-23.64,-46.48,2009,NMVOCs,EPA,0.5640824196,0.5640824196,0.5640824196,Refineries,75
3094,-23.64,-46.48,2010,NMVOCs,EPA,0.4936314411,0.4936314411,0.4936314411,Refineries,75
3095,-23.64,-46.48,2011,NMVOCs,EPA,0.5809367151,0.5809367151,0.5809367151,Refineries,75
3096,-23.64,-46.48,2012,NMVOCs,EPA,0.7225123311,0.7225123311,0.7225123311,Refineries,75
3097,-23.64,-46.48,2013,NMVOCs,EPA,0.7230953142,0.7230953142,0.7230953142,Refineries,75
3098,-23.64,-46.48,2014,NMVOCs,EPA,0.7366057902,0.7366057902,0.7366057902,Refineries,75
3099,-23.64,-46.48,2015,NMVOCs,EPA,0.5484076101,0.5484076101,0.5484076101,Refineries,75
3100,-23.64,-46.48,2016,NMVOCs,EPA,0.7347953025,0.7347953025,0.7347953025,Refineries,75
3101,-23.64,-46.48,2017,NMVOCs,EPA,0.6805272915,0.6805272915,0.6805272915,Refineries,75
3102,-23.64,-46.48,2018,NMVOCs,EPA,0.6721976961,0.6721976961,0.6721976961,Refineries,75
3103,-23.64,-46.48,2019,NMVOCs,EPA,0.6726331269,0.6726331269,0.6726331269,Refineries,75
3104,-23.64,-46.48,2020,NMVOCs,EPA,0.5260712688,0.5260712688,0.5260712688,Refineries,75
3105,-23.64,-46.48,2021,NMVOCs,EPA,0.7316225784,0.7316225784,0.7316225784,Refineries,75
3106,-23.64,-46.48,2022,NMVOCs,EPA,0.7871854599,0.7871854599,0.7871854599,Refineries,75
3107,-23.64,-46.48,2023,NMVOCs,EPA,0.1068558372,0.1068558372,0.1068558372,Refineries,75
3108,-22.72,-43.27,1990,NMVOCs,EPA,2.3533524252,2.3533524252,2.3533524252,Refineries,75
3109,-22.72,-43.27,1991,NMVOCs,EPA,2.440610613,2.440610613,2.440610613,Refineries,75
3110,-22.72,-43.27,1992,NMVOCs,EPA,2.571451974,2.571451974,2.571451974,Refineries,75
3111,-22.72,-43.27,1993,NMVOCs,EPA,2.3160687795,2.3160687795,2.3160687795,Refineries,75
3112,-22.72,-43.27,1994,NMVOCs,EPA,2.1952469889,2.1952469889,2.1952469889,Refineries,75
3113,-22.72,-43.27,1995,NMVOCs,EPA,1.902242853,1.902242853,1.902242853,Refineries,75
3114,-22.72,-43.27,1996,NMVOCs,EPA,2.6662646997,2.6662646997,2.6662646997,Refineries,75
3115,-22.72,-43.27,1997,NMVOCs,EPA,2.2991387265,2.2991387265,2.2991387265,Refineries,75
3116,-22.72,-43.27,1998,NMVOCs,EPA,2.8074584979,2.8074584979,2.8074584979,Refineries,75
3117,-22.72,-43.27,1999,NMVOCs,EPA,2.8418053167,2.8418053167,2.8418053167,Refineries,75
3118,-22.72,-43.27,2000,NMVOCs,EPA,2.5223977107,2.5223977107,2.5223977107,Refineries,75
3119,-22.72,-43.27,2001,NMVOCs,EPA,2.6009610354,2.6009610354,2.6009610354,Refineries,75
3120,-22.72,-43.27,2002,NMVOCs,EPA,2.6200726713,2.6200726713,2.6200726713,Refineries,75
3121,-22.72,-43.27,2003,NMVOCs,EPA,2.662507827,2.662507827,2.662507827,Refineries,75
3122,-22.72,-43.27,2004,NMVOCs,EPA,2.9664387585,2.9664387585,2.9664387585,Refineries,75
3123,-22.72,-43.27,2005,NMVOCs,EPA,2.8960376634,2.8960376634,2.8960376634,Refineries,75
3124,-22.72,-43.27,2006,NMVOCs,EPA,2.970251109,2.970251109,2.970251109,Refineries,75
3125,-22.72,-43.27,2007,NMVOCs,EPA,2.8490449365,2.8490449365,2.8490449365,Refineries,75
3126,-22.72,-43.27,2008,NMVOCs,EPA,3.0181657464,3.0181657464,3.0181657464,Refineries,75
3127,-22.72,-43.27,2009,NMVOCs,EPA,2.8305803862,2.8305803862,2.8305803862,Refineries,75
3128,-22.72,-43.27,2010,NMVOCs,EPA,3.0012827796,3.0012827796,3.0012827796,Refineries,75
3129,-22.72,-43.27,2011,NMVOCs,EPA,2.9418453099,2.9418453099,2.9418453099,Refineries,75
3130,-22.72,-43.27,2012,NMVOCs,EPA,3.0830633505,3.0830633505,3.0830633505,Refineries,75
3131,-22.72,-43.27,2013,NMVOCs,EPA,3.2967647685,3.2967647685,3.2967647685,Refineries,75
3132,-22.72,-43.27,2014,NMVOCs,EPA,3.2198324445,3.2198324445,3.2198324445,Refineries,75
3133,-22.72,-43.27,2015,NMVOCs,EPA,2.7172541592,2.7172541592,2.7172541592,Refineries,75
3134,-22.72,-43.27,2016,NMVOCs,EPA,2.6434940931,2.6434940931,2.6434940931,Refineries,75
3135,-22.72,-43.27,2017,NMVOCs,EPA,2.4306260076,2.4306260076,2.4306260076,Refineries,75
3136,-22.72,-43.27,2018,NMVOCs,EPA,2.6023731552,2.6023731552,2.6023731552,Refineries,75
3137,-22.72,-43.27,2019,NMVOCs,EPA,2.5997545098,2.5997545098,2.5997545098,Refineries,75
3138,-22.72,-43.27,2020,NMVOCs,EPA,2.4697138473,2.4697138473,2.4697138473,Refineries,75
3139,-22.72,-43.27,2021,NMVOCs,EPA,2.5547533893,2.5547533893,2.5547533893,Refineries,75
3140,-22.72,-43.27,2022,NMVOCs,EPA,2.8072755144,2.8072755144,2.8072755144,Refineries,75
3141,-22.72,-43.27,2023,NMVOCs,EPA,0.5031913383,0.5031913383,0.5031913383,Refineries,75
3142,-29.87,-51.17,1990,NMVOCs,EPA,0.8830110051,0.8830110051,0.8830110051,Refineries,75
3143,-29.87,-51.17,1991,NMVOCs,EPA,0.7673670648,0.7673670648,0.7673670648,Refineries,75
3144,-29.87,-51.17,1992,NMVOCs,EPA,0.9158459373,0.9158459373,0.9158459373,Refineries,75
3145,-29.87,-51.17,1993,NMVOCs,EPA,1.0245108636,1.0245108636,1.0245108636,Refineries,75
3146,-29.87,-51.17,1994,NMVOCs,EPA,1.3839932547,1.3839932547,1.3839932547,Refineries,75
3147,-29.87,-51.17,1995,NMVOCs,EPA,1.3211975133,1.3211975133,1.3211975133,Refineries,75
3148,-29.87,-51.17,1996,NMVOCs,EPA,1.554982128,1.554982128,1.554982128,Refineries,75
3149,-29.87,-51.17,1997,NMVOCs,EPA,1.390490451,1.390490451,1.390490451,Refineries,75
3150,-29.87,-51.17,1998,NMVOCs,EPA,1.5317772561,1.5317772561,1.5317772561,Refineries,75
3151,-29.87,-51.17,1999,NMVOCs,EPA,1.6059063195,1.6059063195,1.6059063195,Refineries,75
3152,-29.87,-51.17,2000,NMVOCs,EPA,1.6658633691,1.6658633691,1.6658633691,Refineries,75
3153,-29.87,-51.17,2001,NMVOCs,EPA,1.5569142939,1.5569142939,1.5569142939,Refineries,75
3154,-29.87,-51.17,2002,NMVOCs,EPA,1.4724022572,1.4724022572,1.4724022572,Refineries,75
3155,-29.87,-51.17,2003,NMVOCs,EPA,1.4218731702,1.4218731702,1.4218731702,Refineries,75
3156,-29.87,-51.17,2004,NMVOCs,EPA,1.4042473137,1.4042473137,1.4042473137,Refineries,75
3157,-29.87,-51.17,2005,NMVOCs,EPA,1.6179694776,1.6179694776,1.6179694776,Refineries,75
3158,-29.87,-51.17,2006,NMVOCs,EPA,1.58424084,1.58424084,1.58424084,Refineries,75
3159,-29.87,-51.17,2007,NMVOCs,EPA,2.0173350456,2.0173350456,2.0173350456,Refineries,75
3160,-29.87,-51.17,2008,NMVOCs,EPA,1.9784299563,1.9784299563,1.9784299563,Refineries,75
3161,-29.87,-51.17,2009,NMVOCs,EPA,2.2636170837,2.2636170837,2.2636170837,Refineries,75
3162,-29.87,-51.17,2010,NMVOCs,EPA,2.0194644141,2.0194644141,2.0194644141,Refineries,75
3163,-29.87,-51.17,2011,NMVOCs,EPA,2.0258413308,2.0258413308,2.0258413308,Refineries,75
3164,-29.87,-51.17,2012,NMVOCs,EPA,2.1258449604,2.1258449604,2.1258449604,Refineries,75
3165,-29.87,-51.17,2013,NMVOCs,EPA,2.6852520933,2.6852520933,2.6852520933,Refineries,75
3166,-29.87,-51.17,2014,NMVOCs,EPA,2.6069069502,2.6069069502,2.6069069502,Refineries,75
3167,-29.87,-51.17,2015,NMVOCs,EPA,2.3773381821,2.3773381821,2.3773381821,Refineries,75
3168,-29.87,-51.17,2016,NMVOCs,EPA,2.0595184533,2.0595184533,2.0595184533,Refineries,75
3169,-29.87,-51.17,2017,NMVOCs,EPA,1.8882048717,1.8882048717,1.8882048717,Refineries,75
3170,-29.87,-51.17,2018,NMVOCs,EPA,1.8669470841,1.8669470841,1.8669470841,Refineries,75
3171,-29.87,-51.17,2019,NMVOCs,EPA,1.9435488723,1.9435488723,1.9435488723,Refineries,75
3172,-29.87,-51.17,2020,NMVOCs,EPA,1.8385594668,1.8385594668,1.8385594668,Refineries,75
3173,-29.87,-51.17,2021,NMVOCs,EPA,2.0546261505,2.0546261505,2.0546261505,Refineries,75
3174,-29.87,-51.17,2022,NMVOCs,EPA,2.2344760872,2.2344760872,2.2344760872,Refineries,75
3175,-29.87,-51.17,2023,NMVOCs,EPA,0.1835343153,0.1835343153,0.1835343153,Refineries,75
3176,-19.97,-44.1,1990,NMVOCs,EPA,1.7255915145,1.7255915145,1.7255915145,Refineries,75
3177,-19.97,-44.1,1991,NMVOCs,EPA,1.7770131414,1.7770131414,1.7770131414,Refineries,75
3178,-19.97,-44.1,1992,NMVOCs,EPA,1.7246775294,1.7246775294,1.7246775294,Refineries,75
3179,-19.97,-44.1,1993,NMVOCs,EPA,1.7762490396,1.7762490396,1.7762490396,Refineries,75
3180,-19.97,-44.1,1994,NMVOCs,EPA,1.7374894047,1.7374894047,1.7374894047,Refineries,75
3181,-19.97,-44.1,1995,NMVOCs,EPA,1.7567019729,1.7567019729,1.7567019729,Refineries,75
3182,-19.97,-44.1,1996,NMVOCs,EPA,1.5403753827,1.5403753827,1.5403753827,Refineries,75
3183,-19.97,-44.1,1997,NMVOCs,EPA,1.7714828439,1.7714828439,1.7714828439,Refineries,75
3184,-19.97,-44.1,1998,NMVOCs,EPA,1.6367596686,1.6367596686,1.6367596686,Refineries,75
3185,-19.97,-44.1,1999,NMVOCs,EPA,1.8125126397,1.8125126397,1.8125126397,Refineries,75
3186,-19.97,-44.1,2000,NMVOCs,EPA,1.7657639685,1.7657639685,1.7657639685,Refineries,75
3187,-19.97,-44.1,2001,NMVOCs,EPA,1.7949417948,1.7949417948,1.7949417948,Refineries,75
3188,-19.97,-44.1,2002,NMVOCs,EPA,1.6917011055,1.6917011055,1.6917011055,Refineries,75
3189,-19.97,-44.1,2003,NMVOCs,EPA,1.7434297251,1.7434297251,1.7434297251,Refineries,75
3190,-19.97,-44.1,2004,NMVOCs,EPA,1.8111462075,1.8111462075,1.8111462075,Refineries,75
3191,-19.97,-44.1,2005,NMVOCs,EPA,1.8019245384,1.8019245384,1.8019245384,Refineries,75
3192,-19.97,-44.1,2006,NMVOCs,EPA,1.8718515081,1.8718515081,1.8718515081,Refineries,75
3193,-19.97,-44.1,2007,NMVOCs,EPA,1.8093135753,1.8093135753,1.8093135753,Refineries,75
3194,-19.97,-44.1,2008,NMVOCs,EPA,1.9914395004,1.9914395004,1.9914395004,Refineries,75
3195,-19.97,-44.1,2009,NMVOCs,EPA,1.9446691509,1.9446691509,1.9446691509,Refineries,75
3196,-19.97,-44.1,2010,NMVOCs,EPA,1.9925548839,1.9925548839,1.9925548839,Refineries,75
3197,-19.97,-44.1,2011,NMVOCs,EPA,1.8035655624,1.8035655624,1.8035655624,Refineries,75
3198,-19.97,-44.1,2012,NMVOCs,EPA,1.9952276085,1.9952276085,1.9952276085,Refineries,75
3199,-19.97,-44.1,2013,NMVOCs,EPA,2.0236434309,2.0236434309,2.0236434309,Refineries,75
3200,-19.97,-44.1,2014,NMVOCs,EPA,2.1462365484,2.1462365484,2.1462365484,Refineries,75
3201,-19.97,-44.1,2015,NMVOCs,EPA,2.0645249751,2.0645249751,2.0645249751,Refineries,75
3202,-19.97,-44.1,2016,NMVOCs,EPA,2.0348436528,2.0348436528,2.0348436528,Refineries,75
3203,-19.97,-44.1,2017,NMVOCs,EPA,1.9118367828,1.9118367828,1.9118367828,Refineries,75
3204,-19.97,-44.1,2018,NMVOCs,EPA,1.9392360561,1.9392360561,1.9392360561,Refineries,75
3205,-19.97,-44.1,2019,NMVOCs,EPA,1.8762258627,1.8762258627,1.8762258627,Refineries,75
3206,-19.97,-44.1,2020,NMVOCs,EPA,1.6910731341,1.6910731341,1.6910731341,Refineries,75
3207,-19.97,-44.1,2021,NMVOCs,EPA,1.8587578149,1.8587578149,1.8587578149,Refineries,75
3208,-19.97,-44.1,2022,NMVOCs,EPA,2.0122816707,2.0122816707,2.0122816707,Refineries,75
3209,-19.97,-44.1,2023,NMVOCs,EPA,0.3261803265,0.3261803265,0.3261803265,Refineries,75
3210,-3.15,-59.95,1990,NMVOCs,EPA,0.1179362457,0.1179362457,0.1179362457,Refineries,75
3211,-3.15,-59.95,1991,NMVOCs,EPA,0.1378835451,0.1378835451,0.1378835451,Refineries,75
3212,-3.15,-59.95,1992,NMVOCs,EPA,0.1445735151,0.1445735151,0.1445735151,Refineries,75
3213,-3.15,-59.95,1993,NMVOCs,EPA,0.1325798208,0.1325798208,0.1325798208,Refineries,75
3214,-3.15,-59.95,1994,NMVOCs,EPA,0.1417539375,0.1417539375,0.1417539375,Refineries,75
3215,-3.15,-59.95,1995,NMVOCs,EPA,0.1389269007,0.1389269007,0.1389269007,Refineries,75
3216,-3.15,-59.95,1996,NMVOCs,EPA,0.163316853,0.163316853,0.163316853,Refineries,75
3217,-3.15,-59.95,1997,NMVOCs,EPA,0.182880936,0.182880936,0.182880936,Refineries,75
3218,-3.15,-59.95,1998,NMVOCs,EPA,0.1931995737,0.1931995737,0.1931995737,Refineries,75
3219,-3.15,-59.95,1999,NMVOCs,EPA,0.1876979475,0.1876979475,0.1876979475,Refineries,75
3220,-3.15,-59.95,2000,NMVOCs,EPA,0.4143000519,0.4143000519,0.4143000519,Refineries,75
3221,-3.15,-59.95,2001,NMVOCs,EPA,0.5969362329,0.5969362329,0.5969362329,Refineries,75
3222,-3.15,-59.95,2002,NMVOCs,EPA,0.6295585779,0.6295585779,0.6295585779,Refineries,75
3223,-3.15,-59.95,2003,NMVOCs,EPA,0.598920147,0.598920147,0.598920147,Refineries,75
3224,-3.15,-59.95,2004,NMVOCs,EPA,0.6182758386,0.6182758386,0.6182758386,Refineries,75
3225,-3.15,-59.95,2005,NMVOCs,EPA,0.6007926393,0.6007926393,0.6007926393,Refineries,75
3226,-3.15,-59.95,2006,NMVOCs,EPA,0.4876377408,0.4876377408,0.4876377408,Refineries,75
3227,-3.15,-59.95,2007,NMVOCs,EPA,0.5568481611,0.5568481611,0.5568481611,Refineries,75
3228,-3.15,-59.95,2008,NMVOCs,EPA,0.5380910703,0.5380910703,0.5380910703,Refineries,75
3229,-3.15,-59.95,2009,NMVOCs,EPA,0.5539793994,0.5539793994,0.5539793994,Refineries,75
3230,-3.15,-59.95,2010,NMVOCs,EPA,0.5702015277,0.5702015277,0.5702015277,Refineries,75
3231,-3.15,-59.95,2011,NMVOCs,EPA,0.57699243,0.57699243,0.57699243,Refineries,75
3232,-3.15,-59.95,2012,NMVOCs,EPA,0.489687156,0.489687156,0.489687156,Refineries,75
3233,-3.15,-59.95,2013,NMVOCs,EPA,0.5261316417,0.5261316417,0.5261316417,Refineries,75
3234,-3.15,-59.95,2014,NMVOCs,EPA,0.5584738005,0.5584738005,0.5584738005,Refineries,75
3235,-3.15,-59.95,2015,NMVOCs,EPA,0.4756454451,0.4756454451,0.4756454451,Refineries,75
3236,-3.15,-59.95,2016,NMVOCs,EPA,0.420412167,0.420412167,0.420412167,Refineries,75
3237,-3.15,-59.95,2017,NMVOCs,EPA,0.3901821273,0.3901821273,0.3901821273,Refineries,75
3238,-3.15,-59.95,2018,NMVOCs,EPA,0.3982175505,0.3982175505,0.3982175505,Refineries,75
3239,-3.15,-59.95,2019,NMVOCs,EPA,0.427279293,0.427279293,0.427279293,Refineries,75
3240,-3.15,-59.95,2020,NMVOCs,EPA,0.3694497471,0.3694497471,0.3694497471,Refineries,75
3241,-3.15,-59.95,2021,NMVOCs,EPA,0.4112511039,0.4112511039,0.4112511039,Refineries,75
3242,-3.15,-59.95,2022,NMVOCs,EPA,0.4179489993,0.4179489993,0.4179489993,Refineries,75
3243,-3.15,-59.95,2023,NMVOCs,EPA,0.0582472611,0.0582472611,0.0582472611,Refineries,75
3244,-25.57,-49.36,1990,NMVOCs,EPA,1.854056421,1.854056421,1.854056421,Refineries,75
3245,-25.57,-49.36,1991,NMVOCs,EPA,1.8341946693,1.8341946693,1.8341946693,Refineries,75
3246,-25.57,-49.36,1992,NMVOCs,EPA,1.7172672804,1.7172672804,1.7172672804,Refineries,75
3247,-25.57,-49.36,1993,NMVOCs,EPA,2.0246548518,2.0246548518,2.0246548518,Refineries,75
3248,-25.57,-49.36,1994,NMVOCs,EPA,2.2232217861,2.2232217861,2.2232217861,Refineries,75
3249,-25.57,-49.36,1995,NMVOCs,EPA,1.8700682931,1.8700682931,1.8700682931,Refineries,75
3250,-25.57,-49.36,1996,NMVOCs,EPA,2.1862549233,2.1862549233,2.1862549233,Refineries,75
3251,-25.57,-49.36,1997,NMVOCs,EPA,2.2373947323,2.2373947323,2.2373947323,Refineries,75
3252,-25.57,-49.36,1998,NMVOCs,EPA,2.1633631047,2.1633631047,2.1633631047,Refineries,75
3253,-25.57,-49.36,1999,NMVOCs,EPA,2.5640573427,2.5640573427,2.5640573427,Refineries,75
3254,-25.57,-49.36,2000,NMVOCs,EPA,2.5588021032,2.5588021032,2.5588021032,Refineries,75
3255,-25.57,-49.36,2001,NMVOCs,EPA,2.5855223562,2.5855223562,2.5855223562,Refineries,75
3256,-25.57,-49.36,2002,NMVOCs,EPA,2.6519812641,2.6519812641,2.6519812641,Refineries,75
3257,-25.57,-49.36,2003,NMVOCs,EPA,2.5878666429,2.5878666429,2.5878666429,Refineries,75
3258,-25.57,-49.36,2004,NMVOCs,EPA,2.2516895898,2.2516895898,2.2516895898,Refineries,75
3259,-25.57,-49.36,2005,NMVOCs,EPA,2.5690302981,2.5690302981,2.5690302981,Refineries,75
3260,-25.57,-49.36,2006,NMVOCs,EPA,2.4950718639,2.4950718639,2.4950718639,Refineries,75
3261,-25.57,-49.36,2007,NMVOCs,EPA,2.2923778941,2.2923778941,2.2923778941,Refineries,75
3262,-25.57,-49.36,2008,NMVOCs,EPA,2.5142156676,2.5142156676,2.5142156676,Refineries,75
3263,-25.57,-49.36,2009,NMVOCs,EPA,2.5547384709,2.5547384709,2.5547384709,Refineries,75
3264,-25.57,-49.36,2010,NMVOCs,EPA,2.320013997,2.320013997,2.320013997,Refineries,75
3265,-25.57,-49.36,2011,NMVOCs,EPA,2.6302745259,2.6302745259,2.6302745259,Refineries,75
3266,-25.57,-49.36,2012,NMVOCs,EPA,2.7045112815,2.7045112815,2.7045112815,Refineries,75
3267,-25.57,-49.36,2013,NMVOCs,EPA,2.6389346571,2.6389346571,2.6389346571,Refineries,75
3268,-25.57,-49.36,2014,NMVOCs,EPA,2.7654548103,2.7654548103,2.7654548103,Refineries,75
3269,-25.57,-49.36,2015,NMVOCs,EPA,2.6850800655,2.6850800655,2.6850800655,Refineries,75
3270,-25.57,-49.36,2016,NMVOCs,EPA,2.298011688,2.298011688,2.298011688,Refineries,75
3271,-25.57,-49.36,2017,NMVOCs,EPA,2.2000803174,2.2000803174,2.2000803174,Refineries,75
3272,-25.57,-49.36,2018,NMVOCs,EPA,2.3409242325,2.3409242325,2.3409242325,Refineries,75
3273,-25.57,-49.36,2019,NMVOCs,EPA,2.2808697471,2.2808697471,2.2808697471,Refineries,75
3274,-25.57,-49.36,2020,NMVOCs,EPA,2.4315071256,2.4315071256,2.4315071256,Refineries,75
3275,-25.57,-49.36,2021,NMVOCs,EPA,2.4653014974,2.4653014974,2.4653014974,Refineries,75
3276,-25.57,-49.36,2022,NMVOCs,EPA,2.1863327787,2.1863327787,2.1863327787,Refineries,75
3277,-25.57,-49.36,2023,NMVOCs,EPA,0.4053970305,0.4053970305,0.4053970305,Refineries,75
3278,-22.73,-47.14,1990,NMVOCs,EPA,2.836241919,2.836241919,2.836241919,Refineries,75
3279,-22.73,-47.14,1991,NMVOCs,EPA,2.9250313407,2.9250313407,2.9250313407,Refineries,75
3280,-22.73,-47.14,1992,NMVOCs,EPA,2.7417373515,2.7417373515,2.7417373515,Refineries,75
3281,-22.73,-47.14,1993,NMVOCs,EPA,2.8683286002,2.8683286002,2.8683286002,Refineries,75
3282,-22.73,-47.14,1994,NMVOCs,EPA,2.994784884,2.994784884,2.994784884,Refineries,75
3283,-22.73,-47.14,1995,NMVOCs,EPA,3.2968041624,3.2968041624,3.2968041624,Refineries,75
3284,-22.73,-47.14,1996,NMVOCs,EPA,3.3569227503,3.3569227503,3.3569227503,Refineries,75
3285,-22.73,-47.14,1997,NMVOCs,EPA,3.5578859526,3.5578859526,3.5578859526,Refineries,75
3286,-22.73,-47.14,1998,NMVOCs,EPA,4.1953818186,4.1953818186,4.1953818186,Refineries,75
3287,-22.73,-47.14,1999,NMVOCs,EPA,3.9765170025,3.9765170025,3.9765170025,Refineries,75
3288,-22.73,-47.14,2000,NMVOCs,EPA,4.5034549371,4.5034549371,4.5034549371,Refineries,75
3289,-22.73,-47.14,2001,NMVOCs,EPA,4.3956771894,4.3956771894,4.3956771894,Refineries,75
3290,-22.73,-47.14,2002,NMVOCs,EPA,4.4259477885,4.4259477885,4.4259477885,Refineries,75
3291,-22.73,-47.14,2003,NMVOCs,EPA,4.0159363104,4.0159363104,4.0159363104,Refineries,75
3292,-22.73,-47.14,2004,NMVOCs,EPA,4.8358112481,4.8358112481,4.8358112481,Refineries,75
3293,-22.73,-47.14,2005,NMVOCs,EPA,4.5199425663,4.5199425663,4.5199425663,Refineries,75
3294,-22.73,-47.14,2006,NMVOCs,EPA,4.7477733408,4.7477733408,4.7477733408,Refineries,75
3295,-22.73,-47.14,2007,NMVOCs,EPA,4.7849145624,4.7849145624,4.7849145624,Refineries,75
3296,-22.73,-47.14,2008,NMVOCs,EPA,4.4690994936,4.4690994936,4.4690994936,Refineries,75
3297,-22.73,-47.14,2009,NMVOCs,EPA,4.6816095375,4.6816095375,4.6816095375,Refineries,75
3298,-22.73,-47.14,2010,NMVOCs,EPA,4.3590578787,4.3590578787,4.3590578787,Refineries,75
3299,-22.73,-47.14,2011,NMVOCs,EPA,5.1308508132,5.1308508132,5.1308508132,Refineries,75
3300,-22.73,-47.14,2012,NMVOCs,EPA,5.3598953394,5.3598953394,5.3598953394,Refineries,75
3301,-22.73,-47.14,2013,NMVOCs,EPA,5.7668860746,5.7668860746,5.7668860746,Refineries,75
3302,-22.73,-47.14,2014,NMVOCs,EPA,5.5963426554,5.5963426554,5.5963426554,Refineries,75
3303,-22.73,-47.14,2015,NMVOCs,EPA,5.3372224017,5.3372224017,5.3372224017,Refineries,75
3304,-22.73,-47.14,2016,NMVOCs,EPA,4.554200574,4.554200574,4.554200574,Refineries,75
3305,-22.73,-47.14,2017,NMVOCs,EPA,4.4196627132,4.4196627132,4.4196627132,Refineries,75
3306,-22.73,-47.14,2018,NMVOCs,EPA,3.8983180131,3.8983180131,3.8983180131,Refineries,75
3307,-22.73,-47.14,2019,NMVOCs,EPA,4.4658106857,4.4658106857,4.4658106857,Refineries,75
3308,-22.73,-47.14,2020,NMVOCs,EPA,4.1840422029,4.1840422029,4.1840422029,Refineries,75
3309,-22.73,-47.14,2021,NMVOCs,EPA,4.8406636908,4.8406636908,4.8406636908,Refineries,75
3310,-22.73,-47.14,2022,NMVOCs,EPA,5.1272787888,5.1272787888,5.1272787888,Refineries,75
3311,-22.73,-47.14,2023,NMVOCs,EPA,0.8818191648,0.8818191648,0.8818191648,Refineries,75
3312,-23.19,-45.82,1990,NMVOCs,EPA,2.4319187802,2.4319187802,2.4319187802,Refineries,75
3313,-23.19,-45.82,1991,NMVOCs,EPA,2.1145069764,2.1145069764,2.1145069764,Refineries,75
3314,-23.19,-45.82,1992,NMVOCs,EPA,2.4459761088,2.4459761088,2.4459761088,Refineries,75
3315,-23.19,-45.82,1993,NMVOCs,EPA,2.1592365354,2.1592365354,2.1592365354,Refineries,75
3316,-23.19,-45.82,1994,NMVOCs,EPA,2.700409887,2.700409887,2.700409887,Refineries,75
3317,-23.19,-45.82,1995,NMVOCs,EPA,2.3928216165,2.3928216165,2.3928216165,Refineries,75
3318,-23.19,-45.82,1996,NMVOCs,EPA,2.3062352229,2.3062352229,2.3062352229,Refineries,75
3319,-23.19,-45.82,1997,NMVOCs,EPA,2.5484983839,2.5484983839,2.5484983839,Refineries,75
3320,-23.19,-45.82,1998,NMVOCs,EPA,2.828276892,2.828276892,2.828276892,Refineries,75
3321,-23.19,-45.82,1999,NMVOCs,EPA,2.6892315765,2.6892315765,2.6892315765,Refineries,75
3322,-23.19,-45.82,2000,NMVOCs,EPA,3.0155233248,3.0155233248,3.0155233248,Refineries,75
3323,-23.19,-45.82,2001,NMVOCs,EPA,3.0050596989,3.0050596989,3.0050596989,Refineries,75
3324,-23.19,-45.82,2002,NMVOCs,EPA,2.6841043089,2.6841043089,2.6841043089,Refineries,75
3325,-23.19,-45.82,2003,NMVOCs,EPA,2.9599674363,2.9599674363,2.9599674363,Refineries,75
3326,-23.19,-45.82,2004,NMVOCs,EPA,3.2631116553,3.2631116553,3.2631116553,Refineries,75
3327,-23.19,-45.82,2005,NMVOCs,EPA,3.2845018437,3.2845018437,3.2845018437,Refineries,75
3328,-23.19,-45.82,2006,NMVOCs,EPA,2.9260877499,2.9260877499,2.9260877499,Refineries,75
3329,-23.19,-45.82,2007,NMVOCs,EPA,3.2506573554,3.2506573554,3.2506573554,Refineries,75
3330,-23.19,-45.82,2008,NMVOCs,EPA,2.8429624251,2.8429624251,2.8429624251,Refineries,75
3331,-23.19,-45.82,2009,NMVOCs,EPA,3.3093013527,3.3093013527,3.3093013527,Refineries,75
3332,-23.19,-45.82,2010,NMVOCs,EPA,3.2832375093,3.2832375093,3.2832375093,Refineries,75
3333,-23.19,-45.82,2011,NMVOCs,EPA,3.2679575712,3.2679575712,3.2679575712,Refineries,75
3334,-23.19,-45.82,2012,NMVOCs,EPA,3.3066372528,3.3066372528,3.3066372528,Refineries,75
3335,-23.19,-45.82,2013,NMVOCs,EPA,3.1222013067,3.1222013067,3.1222013067,Refineries,75
3336,-23.19,-45.82,2014,NMVOCs,EPA,3.4847976807,3.4847976807,3.4847976807,Refineries,75
3337,-23.19,-45.82,2015,NMVOCs,EPA,3.3081983235,3.3081983235,3.3081983235,Refineries,75
3338,-23.19,-45.82,2016,NMVOCs,EPA,2.958190515,2.958190515,2.958190515,Refineries,75
3339,-23.19,-45.82,2017,NMVOCs,EPA,2.8322987994,2.8322987994,2.8322987994,Refineries,75
3340,-23.19,-45.82,2018,NMVOCs,EPA,2.8954623726,2.8954623726,2.8954623726,Refineries,75
3341,-23.19,-45.82,2019,NMVOCs,EPA,2.5280844183,2.5280844183,2.5280844183,Refineries,75
3342,-23.19,-45.82,2020,NMVOCs,EPA,2.9693226717,2.9693226717,2.9693226717,Refineries,75
3343,-23.19,-45.82,2021,NMVOCs,EPA,3.1337493138,3.1337493138,3.1337493138,Refineries,75
3344,-23.19,-45.82,2022,NMVOCs,EPA,3.1177612179,3.1177612179,3.1177612179,Refineries,75
3345,-23.19,-45.82,2023,NMVOCs,EPA,0.4107573981,0.4107573981,0.4107573981,Refineries,75
3346,-32.04,-52.09,1990,NMVOCs,EPA,0.1342297026,0.1342297026,0.1342297026,Refineries,75
3347,-32.04,-52.09,1991,NMVOCs,EPA,0.1274483574,0.1274483574,0.1274483574,Refineries,75
3348,-32.04,-52.09,1992,NMVOCs,EPA,0.1273800591,0.1273800591,0.1273800591,Refineries,75
3349,-32.04,-52.09,1993,NMVOCs,EPA,0.1317355326,0.1317355326,0.1317355326,Refineries,75
3350,-32.04,-52.09,1994,NMVOCs,EPA,0.126598941,0.126598941,0.126598941,Refineries,75
3351,-32.04,-52.09,1995,NMVOCs,EPA,0.1275236487,0.1275236487,0.1275236487,Refineries,75
3352,-32.04,-52.09,1996,NMVOCs,EPA,0.1291756284,0.1291756284,0.1291756284,Refineries,75
3353,-32.04,-52.09,1997,NMVOCs,EPA,0.1300292406,0.1300292406,0.1300292406,Refineries,75
3354,-32.04,-52.09,1998,NMVOCs,EPA,0.1352499813,0.1352499813,0.1352499813,Refineries,75
3355,-32.04,-52.09,1999,NMVOCs,EPA,0.1627476228,0.1627476228,0.1627476228,Refineries,75
3356,-32.04,-52.09,2000,NMVOCs,EPA,0.1751450463,0.1751450463,0.1751450463,Refineries,75
3357,-32.04,-52.09,2001,NMVOCs,EPA,0.175936887,0.175936887,0.175936887,Refineries,75
3358,-32.04,-52.09,2002,NMVOCs,EPA,0.1659655683,0.1659655683,0.1659655683,Refineries,75
3359,-32.04,-52.09,2003,NMVOCs,EPA,0.1874126331,0.1874126331,0.1874126331,Refineries,75
3360,-32.04,-52.09,2004,NMVOCs,EPA,0.1530597537,0.1530597537,0.1530597537,Refineries,75
3361,-32.04,-52.09,2005,NMVOCs,EPA,0.0617843205,0.0617843205,0.0617843205,Refineries,75
3362,-32.04,-52.09,2006,NMVOCs,EPA,0.0968199498,0.0968199498,0.0968199498,Refineries,75
3363,-32.04,-52.09,2007,NMVOCs,EPA,0.1792583289,0.1792583289,0.1792583289,Refineries,75
3364,-32.04,-52.09,2008,NMVOCs,EPA,0.1062840429,0.1062840429,0.1062840429,Refineries,75
3365,-32.04,-52.09,2009,NMVOCs,EPA,0.1853653158,0.1853653158,0.1853653158,Refineries,75
3366,-32.04,-52.09,2010,NMVOCs,EPA,0.1913527224,0.1913527224,0.1913527224,Refineries,75
3367,-32.04,-52.09,2011,NMVOCs,EPA,0.204535926,0.204535926,0.204535926,Refineries,75
3368,-32.04,-52.09,2012,NMVOCs,EPA,0.2178095724,0.2178095724,0.2178095724,Refineries,75
3369,-32.04,-52.09,2013,NMVOCs,EPA,0.2124464076,0.2124464076,0.2124464076,Refineries,75
3370,-32.04,-52.09,2014,NMVOCs,EPA,0.1816186995,0.1816186995,0.1816186995,Refineries,75
3371,-32.04,-52.09,2015,NMVOCs,EPA,0.1328315688,0.1328315688,0.1328315688,Refineries,75
3372,-32.04,-52.09,2016,NMVOCs,EPA,0.1886981796,0.1886981796,0.1886981796,Refineries,75
3373,-32.04,-52.09,2017,NMVOCs,EPA,0.1972224135,0.1972224135,0.1972224135,Refineries,75
3374,-32.04,-52.09,2018,NMVOCs,EPA,0.1949296419,0.1949296419,0.1949296419,Refineries,75
3375,-32.04,-52.09,2019,NMVOCs,EPA,0.2091244995,0.2091244995,0.2091244995,Refineries,75
3376,-32.04,-52.09,2020,NMVOCs,EPA,0.1632494871,0.1632494871,0.1632494871,Refineries,75
3377,-32.04,-52.09,2021,NMVOCs,EPA,0.1522404072,0.1522404072,0.1522404072,Refineries,75
3378,-32.04,-52.09,2022,NMVOCs,EPA,0.1613529855,0.1613529855,0.1613529855,Refineries,75
3379,-32.04,-52.09,2023,NMVOCs,EPA,0.0337918077,0.0337918077,0.0337918077,Refineries,75
3380,-12.71,-38.57,1990,NMVOCs,EPA,1.6783195338,1.6783195338,1.6783195338,Refineries,75
3381,-12.71,-38.57,1991,NMVOCs,EPA,1.4979059613,1.4979059613,1.4979059613,Refineries,75
3382,-12.71,-38.57,1992,NMVOCs,EPA,1.7393770485,1.7393770485,1.7393770485,Refineries,75
3383,-12.71,-38.57,1993,NMVOCs,EPA,1.6991810514,1.6991810514,1.6991810514,Refineries,75
3384,-12.71,-38.57,1994,NMVOCs,EPA,1.5834594888,1.5834594888,1.5834594888,Refineries,75
3385,-12.71,-38.57,1995,NMVOCs,EPA,1.5863653134,1.5863653134,1.5863653134,Refineries,75
3386,-12.71,-38.57,1996,NMVOCs,EPA,1.490606901,1.490606901,1.490606901,Refineries,75
3387,-12.71,-38.57,1997,NMVOCs,EPA,1.6521083712,1.6521083712,1.6521083712,Refineries,75
3388,-12.71,-38.57,1998,NMVOCs,EPA,2.3381741187,2.3381741187,2.3381741187,Refineries,75
3389,-12.71,-38.57,1999,NMVOCs,EPA,2.6046582345,2.6046582345,2.6046582345,Refineries,75
3390,-12.71,-38.57,2000,NMVOCs,EPA,2.3171084055,2.3171084055,2.3171084055,Refineries,75
3391,-12.71,-38.57,2001,NMVOCs,EPA,2.8122967215,2.8122967215,2.8122967215,Refineries,75
3392,-12.71,-38.57,2002,NMVOCs,EPA,2.749454127,2.749454127,2.749454127,Refineries,75
3393,-12.71,-38.57,2003,NMVOCs,EPA,2.6123078772,2.6123078772,2.6123078772,Refineries,75
3394,-12.71,-38.57,2004,NMVOCs,EPA,3.1758502041,3.1758502041,3.1758502041,Refineries,75
3395,-12.71,-38.57,2005,NMVOCs,EPA,3.3270169527,3.3270169527,3.3270169527,Refineries,75
3396,-12.71,-38.57,2006,NMVOCs,EPA,3.5162559243,3.5162559243,3.5162559243,Refineries,75
3397,-12.71,-38.57,2007,NMVOCs,EPA,3.5050132782,3.5050132782,3.5050132782,Refineries,75
3398,-12.71,-38.57,2008,NMVOCs,EPA,3.45622032,3.45622032,3.45622032,Refineries,75
3399,-12.71,-38.57,2009,NMVOCs,EPA,2.9912904819,2.9912904819,2.9912904819,Refineries,75
3400,-12.71,-38.57,2010,NMVOCs,EPA,3.3956285391,3.3956285391,3.3956285391,Refineries,75
3401,-12.71,-38.57,2011,NMVOCs,EPA,3.2260282425,3.2260282425,3.2260282425,Refineries,75
3402,-12.71,-38.57,2012,NMVOCs,EPA,3.2278844178,3.2278844178,3.2278844178,Refineries,75
3403,-12.71,-38.57,2013,NMVOCs,EPA,3.7901211516,3.7901211516,3.7901211516,Refineries,75
3404,-12.71,-38.57,2014,NMVOCs,EPA,4.0757576958,4.0757576958,4.0757576958,Refineries,75
3405,-12.71,-38.57,2015,NMVOCs,EPA,3.5278421598,3.5278421598,3.5278421598,Refineries,75
3406,-12.71,-38.57,2016,NMVOCs,EPA,3.1576737654,3.1576737654,3.1576737654,Refineries,75
3407,-12.71,-38.57,2017,NMVOCs,EPA,2.9495499642,2.9495499642,2.9495499642,Refineries,75
3408,-12.71,-38.57,2018,NMVOCs,EPA,2.9457695484,2.9457695484,2.9457695484,Refineries,75
3409,-12.71,-38.57,2019,NMVOCs,EPA,3.0564671067,3.0564671067,3.0564671067,Refineries,75
3410,-12.71,-38.57,2020,NMVOCs,EPA,3.3673476816,3.3673476816,3.3673476816,Refineries,75
3411,-12.71,-38.57,2021,NMVOCs,EPA,2.7933275097,2.7933275097,2.7933275097,Refineries,75
3412,-12.71,-38.57,2022,NMVOCs,EPA,3.3708714543,3.3708714543,3.3708714543,Refineries,75
3413,-23.87,-46.44,1990,NMVOCs,EPA,1.366443855,1.366443855,1.366443855,Refineries,75
3414,-23.87,-46.44,1991,NMVOCs,EPA,1.4448001869,1.4448001869,1.4448001869,Refineries,75
3415,-23.87,-46.44,1992,NMVOCs,EPA,1.4523081048,1.4523081048,1.4523081048,Refineries,75
3416,-23.87,-46.44,1993,NMVOCs,EPA,1.4240354058,1.4240354058,1.4240354058,Refineries,75
3417,-23.87,-46.44,1994,NMVOCs,EPA,1.6205965146,1.6205965146,1.6205965146,Refineries,75
3418,-23.87,-46.44,1995,NMVOCs,EPA,1.8014231403,1.8014231403,1.8014231403,Refineries,75
3419,-23.87,-46.44,1996,NMVOCs,EPA,1.7685373923,1.7685373923,1.7685373923,Refineries,75
3420,-23.87,-46.44,1997,NMVOCs,EPA,1.9303227783,1.9303227783,1.9303227783,Refineries,75
3421,-23.87,-46.44,1998,NMVOCs,EPA,1.8915055677,1.8915055677,1.8915055677,Refineries,75
3422,-23.87,-46.44,1999,NMVOCs,EPA,2.1271969404,2.1271969404,2.1271969404,Refineries,75
3423,-23.87,-46.44,2000,NMVOCs,EPA,2.141995527,2.141995527,2.141995527,Refineries,75
3424,-23.87,-46.44,2001,NMVOCs,EPA,2.0905715691,2.0905715691,2.0905715691,Refineries,75
3425,-23.87,-46.44,2002,NMVOCs,EPA,2.0672788185,2.0672788185,2.0672788185,Refineries,75
3426,-23.87,-46.44,2003,NMVOCs,EPA,2.2207236534,2.2207236534,2.2207236534,Refineries,75
3427,-23.87,-46.44,2004,NMVOCs,EPA,2.0999992986,2.0999992986,2.0999992986,Refineries,75
3428,-23.87,-46.44,2005,NMVOCs,EPA,2.141867322,2.141867322,2.141867322,Refineries,75
3429,-23.87,-46.44,2006,NMVOCs,EPA,2.2158437049,2.2158437049,2.2158437049,Refineries,75
3430,-23.87,-46.44,2007,NMVOCs,EPA,2.0790844011,2.0790844011,2.0790844011,Refineries,75
3431,-23.87,-46.44,2008,NMVOCs,EPA,2.2850361765,2.2850361765,2.2850361765,Refineries,75
3432,-23.87,-46.44,2009,NMVOCs,EPA,2.2449830697,2.2449830697,2.2449830697,Refineries,75
3433,-23.87,-46.44,2010,NMVOCs,EPA,2.1714463134,2.1714463134,2.1714463134,Refineries,75
3434,-23.87,-46.44,2011,NMVOCs,EPA,2.0527170615,2.0527170615,2.0527170615,Refineries,75
3435,-23.87,-46.44,2012,NMVOCs,EPA,2.126203002,2.126203002,2.126203002,Refineries,75
3436,-23.87,-46.44,2013,NMVOCs,EPA,2.3775969231,2.3775969231,2.3775969231,Refineries,75
3437,-23.87,-46.44,2014,NMVOCs,EPA,2.39934492,2.39934492,2.39934492,Refineries,75
3438,-23.87,-46.44,2015,NMVOCs,EPA,2.1295319031,2.1295319031,2.1295319031,Refineries,75
3439,-23.87,-46.44,2016,NMVOCs,EPA,1.9317903759,1.9317903759,1.9317903759,Refineries,75
3440,-23.87,-46.44,2017,NMVOCs,EPA,1.957326714,1.957326714,1.957326714,Refineries,75
3441,-23.87,-46.44,2018,NMVOCs,EPA,1.938266127,1.938266127,1.938266127,Refineries,75
3442,-23.87,-46.44,2019,NMVOCs,EPA,1.8025564725,1.8025564725,1.8025564725,Refineries,75
3443,-23.87,-46.44,2020,NMVOCs,EPA,1.9456183341,1.9456183341,1.9456183341,Refineries,75
3444,-23.87,-46.44,2021,NMVOCs,EPA,2.0269937772,2.0269937772,2.0269937772,Refineries,75
3445,-23.87,-46.44,2022,NMVOCs,EPA,2.3569009065,2.3569009065,2.3569009065,Refineries,75
3446,-23.87,-46.44,2023,NMVOCs,EPA,0.3495213288,0.3495213288,0.3495213288,Refineries,75
3447,-5.13,-36.38,1990,NMVOCs,EPA,0,0,0,Refineries,75
3448,-5.13,-36.38,1991,NMVOCs,EPA,0,0,0,Refineries,75
3449,-5.13,-36.38,1992,NMVOCs,EPA,0,0,0,Refineries,75
3450,-5.13,-36.38,1993,NMVOCs,EPA,0,0,0,Refineries,75
3451,-5.13,-36.38,1994,NMVOCs,EPA,0,0,0,Refineries,75
3452,-5.13,-36.38,1995,NMVOCs,EPA,0,0,0,Refineries,75
3453,-5.13,-36.38,1996,NMVOCs,EPA,0,0,0,Refineries,75
3454,-5.13,-36.38,1997,NMVOCs,EPA,0,0,0,Refineries,75
3455,-5.13,-36.38,1998,NMVOCs,EPA,0,0,0,Refineries,75
3456,-5.13,-36.38,1999,NMVOCs,EPA,0,0,0,Refineries,75
3457,-5.13,-36.38,2000,NMVOCs,EPA,0.0449910972,0.0449910972,0.0449910972,Refineries,75
3458,-5.13,-36.38,2001,NMVOCs,EPA,0.0406869057,0.0406869057,0.0406869057,Refineries,75
3459,-5.13,-36.38,2002,NMVOCs,EPA,0.050944005,0.050944005,0.050944005,Refineries,75
3460,-5.13,-36.38,2003,NMVOCs,EPA,0.053459154,0.053459154,0.053459154,Refineries,75
3461,-5.13,-36.38,2004,NMVOCs,EPA,0.0581642775,0.0581642775,0.0581642775,Refineries,75
3462,-5.13,-36.38,2005,NMVOCs,EPA,0.0882339444,0.0882339444,0.0882339444,Refineries,75
3463,-5.13,-36.38,2006,NMVOCs,EPA,0.122561649,0.122561649,0.122561649,Refineries,75
3464,-5.13,-36.38,2007,NMVOCs,EPA,0.1306933425,0.1306933425,0.1306933425,Refineries,75
3465,-5.13,-36.38,2008,NMVOCs,EPA,0.1314024327,0.1314024327,0.1314024327,Refineries,75
3466,-5.13,-36.38,2009,NMVOCs,EPA,0.1881205578,0.1881205578,0.1881205578,Refineries,75
3467,-5.13,-36.38,2010,NMVOCs,EPA,0.442987902,0.442987902,0.442987902,Refineries,75
3468,-5.13,-36.38,2011,NMVOCs,EPA,0.463696506,0.463696506,0.463696506,Refineries,75
3469,-5.13,-36.38,2012,NMVOCs,EPA,0.4945137246,0.4945137246,0.4945137246,Refineries,75
3470,-5.13,-36.38,2013,NMVOCs,EPA,0.5041701252,0.5041701252,0.5041701252,Refineries,75
3471,-5.13,-36.38,2014,NMVOCs,EPA,0.512482005,0.512482005,0.512482005,Refineries,75
3472,-5.13,-36.38,2015,NMVOCs,EPA,0.4588482591,0.4588482591,0.4588482591,Refineries,75
3473,-5.13,-36.38,2016,NMVOCs,EPA,0.4528193607,0.4528193607,0.4528193607,Refineries,75
3474,-5.13,-36.38,2017,NMVOCs,EPA,0.4481387127,0.4481387127,0.4481387127,Refineries,75
3475,-5.13,-36.38,2018,NMVOCs,EPA,0.4195137996,0.4195137996,0.4195137996,Refineries,75
3476,-5.13,-36.38,2019,NMVOCs,EPA,0.428505399,0.428505399,0.428505399,Refineries,75
3477,-5.13,-36.38,2020,NMVOCs,EPA,0.3907049706,0.3907049706,0.3907049706,Refineries,75
3478,-5.13,-36.38,2021,NMVOCs,EPA,0.3848399415,0.3848399415,0.3848399415,Refineries,75
3479,-5.13,-36.38,2022,NMVOCs,EPA,0.3270155238,0.3270155238,0.3270155238,Refineries,75
3480,-5.13,-36.38,2023,NMVOCs,EPA,0.0574325766,0.0574325766,0.0574325766,Refineries,75
3481,-23.14,-47.02,1990,NMVOCs,EPA,0,0,0,Refineries,75
3482,-23.14,-47.02,1991,NMVOCs,EPA,0,0,0,Refineries,75
3483,-23.14,-47.02,1992,NMVOCs,EPA,0,0,0,Refineries,75
3484,-23.14,-47.02,1993,NMVOCs,EPA,0,0,0,Refineries,75
3485,-23.14,-47.02,1994,NMVOCs,EPA,0,0,0,Refineries,75
3486,-23.14,-47.02,1995,NMVOCs,EPA,0,0,0,Refineries,75
3487,-23.14,-47.02,1996,NMVOCs,EPA,0,0,0,Refineries,75
3488,-23.14,-47.02,1997,NMVOCs,EPA,0,0,0,Refineries,75
3489,-23.14,-47.02,1998,NMVOCs,EPA,0,0,0,Refineries,75
3490,-23.14,-47.02,1999,NMVOCs,EPA,0,0,0,Refineries,75
3491,-23.14,-47.02,2000,NMVOCs,EPA,0,0,0,Refineries,75
3492,-23.14,-47.02,2001,NMVOCs,EPA,0,0,0,Refineries,75
3493,-23.14,-47.02,2002,NMVOCs,EPA,0,0,0,Refineries,75
3494,-23.14,-47.02,2003,NMVOCs,EPA,0,0,0,Refineries,75
3495,-23.14,-47.02,2004,NMVOCs,EPA,0,0,0,Refineries,75
3496,-23.14,-47.02,2005,NMVOCs,EPA,0,0,0,Refineries,75
3497,-23.14,-47.02,2006,NMVOCs,EPA,0.0367980984,0.0367980984,0.0367980984,Refineries,75
3498,-23.14,-47.02,2007,NMVOCs,EPA,0.0686989989,0.0686989989,0.0686989989,Refineries,75
3499,-23.14,-47.02,2008,NMVOCs,EPA,0.02745918,0.02745918,0.02745918,Refineries,75
3500,-23.14,-47.02,2009,NMVOCs,EPA,0.0930805596,0.0930805596,0.0930805596,Refineries,75
3501,-23.14,-47.02,2010,NMVOCs,EPA,0.1160940564,0.1160940564,0.1160940564,Refineries,75
3502,-23.14,-47.02,2011,NMVOCs,EPA,0.0706132161,0.0706132161,0.0706132161,Refineries,75
3503,-23.14,-47.02,2012,NMVOCs,EPA,0.0106901991,0.0106901991,0.0106901991,Refineries,75
3504,-23.14,-47.02,2013,NMVOCs,EPA,0.0008675982,0.0008675982,0.0008675982,Refineries,75
3505,-23.14,-47.02,2014,NMVOCs,EPA,0.000240093,0.000240093,0.000240093,Refineries,75
3506,-23.14,-47.02,2015,NMVOCs,EPA,0,0,0,Refineries,75
3507,-23.14,-47.02,2016,NMVOCs,EPA,0,0,0,Refineries,75
3508,-23.14,-47.02,2017,NMVOCs,EPA,0,0,0,Refineries,75
3509,-23.14,-47.02,2018,NMVOCs,EPA,0,0,0,Refineries,75
3510,-23.14,-47.02,2019,NMVOCs,EPA,0,0,0,Refineries,75
3511,-23.14,-47.02,2020,NMVOCs,EPA,0,0,0,Refineries,75
3512,-23.14,-47.02,2021,NMVOCs,EPA,0,0,0,Refineries,75
3513,-23.14,-47.02,2022,NMVOCs,EPA,0,0,0,Refineries,75
3514,-23.14,-47.02,2023,NMVOCs,EPA,0,0,0,Refineries,75
3515,-8.38,-35.01,1990,NMVOCs,EPA,0,0,0,Refineries,75
3516,-8.38,-35.01,1991,NMVOCs,EPA,0,0,0,Refineries,75
3517,-8.38,-35.01,1992,NMVOCs,EPA,0,0,0,Refineries,75
3518,-8.38,-35.01,1993,NMVOCs,EPA,0,0,0,Refineries,75
3519,-8.38,-35.01,1994,NMVOCs,EPA,0,0,0,Refineries,75
3520,-8.38,-35.01,1995,NMVOCs,EPA,0,0,0,Refineries,75
3521,-8.38,-35.01,1996,NMVOCs,EPA,0,0,0,Refineries,75
3522,-8.38,-35.01,1997,NMVOCs,EPA,0,0,0,Refineries,75
3523,-8.38,-35.01,1998,NMVOCs,EPA,0,0,0,Refineries,75
3524,-8.38,-35.01,1999,NMVOCs,EPA,0,0,0,Refineries,75
3525,-8.38,-35.01,2000,NMVOCs,EPA,0,0,0,Refineries,75
3526,-8.38,-35.01,2001,NMVOCs,EPA,0,0,0,Refineries,75
3527,-8.38,-35.01,2002,NMVOCs,EPA,0,0,0,Refineries,75
3528,-8.38,-35.01,2003,NMVOCs,EPA,0,0,0,Refineries,75
3529,-8.38,-35.01,2004,NMVOCs,EPA,0,0,0,Refineries,75
3530,-8.38,-35.01,2005,NMVOCs,EPA,0,0,0,Refineries,75
3531,-8.38,-35.01,2006,NMVOCs,EPA,0,0,0,Refineries,75
3532,-8.38,-35.01,2007,NMVOCs,EPA,0,0,0,Refineries,75
3533,-8.38,-35.01,2008,NMVOCs,EPA,0,0,0,Refineries,75
3534,-8.38,-35.01,2009,NMVOCs,EPA,0,0,0,Refineries,75
3535,-8.38,-35.01,2010,NMVOCs,EPA,0,0,0,Refineries,75
3536,-8.38,-35.01,2011,NMVOCs,EPA,0,0,0,Refineries,75
3537,-8.38,-35.01,2012,NMVOCs,EPA,0,0,0,Refineries,75
3538,-8.38,-35.01,2013,NMVOCs,EPA,0,0,0,Refineries,75
3539,-8.38,-35.01,2014,NMVOCs,EPA,0.0474192999,0.0474192999,0.0474192999,Refineries,75
3540,-8.38,-35.01,2015,NMVOCs,EPA,0.8570287467,0.8570287467,0.8570287467,Refineries,75
3541,-8.38,-35.01,2016,NMVOCs,EPA,1.1608407972,1.1608407972,1.1608407972,Refineries,75
3542,-8.38,-35.01,2017,NMVOCs,EPA,1.0201379076,1.0201379076,1.0201379076,Refineries,75
3543,-8.38,-35.01,2018,NMVOCs,EPA,1.0656467199,1.0656467199,1.0656467199,Refineries,75
3544,-8.38,-35.01,2019,NMVOCs,EPA,1.1261252142,1.1261252142,1.1261252142,Refineries,75
3545,-8.38,-35.01,2020,NMVOCs,EPA,1.3769673876,1.3769673876,1.3769673876,Refineries,75
3546,-8.38,-35.01,2021,NMVOCs,EPA,0.9398780811,0.9398780811,0.9398780811,Refineries,75
3547,-8.38,-35.01,2022,NMVOCs,EPA,0.9885845592,0.9885845592,0.9885845592,Refineries,75
3548,-8.38,-35.01,2023,NMVOCs,EPA,0.1738047213,0.1738047213,0.1738047213,Refineries,75
3549,-21.37,-50.28,2000,NMVOCs,EPA,0,0,0,Refineries,75
3550,-21.37,-50.28,2001,NMVOCs,EPA,0,0,0,Refineries,75
3551,-21.37,-50.28,2002,NMVOCs,EPA,0,0,0,Refineries,75
3552,-21.37,-50.28,2003,NMVOCs,EPA,0,0,0,Refineries,75
3553,-21.37,-50.28,2004,NMVOCs,EPA,0,0,0,Refineries,75
3554,-21.37,-50.28,2005,NMVOCs,EPA,0,0,0,Refineries,75
3555,-21.37,-50.28,2006,NMVOCs,EPA,0,0,0,Refineries,75
3556,-21.37,-50.28,2007,NMVOCs,EPA,0,0,0,Refineries,75
3557,-21.37,-50.28,2008,NMVOCs,EPA,0,0,0,Refineries,75
3558,-21.37,-50.28,2009,NMVOCs,EPA,0,0,0,Refineries,75
3559,-21.37,-50.28,2010,NMVOCs,EPA,0,0,0,Refineries,75
3560,-21.37,-50.28,2011,NMVOCs,EPA,0,0,0,Refineries,75
3561,-21.37,-50.28,2012,NMVOCs,EPA,0,0,0,Refineries,75
3562,-21.37,-50.28,2013,NMVOCs,EPA,0,0,0,Refineries,75
3563,-21.37,-50.28,2014,NMVOCs,EPA,0,0,0,Refineries,75
3564,-21.37,-50.28,2015,NMVOCs,EPA,0,0,0,Refineries,75
3565,-21.37,-50.28,2016,NMVOCs,EPA,0,0,0,Refineries,75
3566,-21.37,-50.28,2017,NMVOCs,EPA,0,0,0,Refineries,75
3567,-21.37,-50.28,2018,NMVOCs,EPA,0,0,0,Refineries,75
3568,-21.37,-50.28,2019,NMVOCs,EPA,0,0,0,Refineries,75
3569,-21.37,-50.28,2020,NMVOCs,EPA,0,0,0,Refineries,75
3570,-21.37,-50.28,2021,NMVOCs,EPA,0,0,0,Refineries,75
3571,-21.37,-50.28,2022,NMVOCs,EPA,0.0024403239,0.0024403239,0.0024403239,Refineries,75
3572,-21.37,-50.28,2023,NMVOCs,EPA,8.3916e-05,8.3916e-05,8.3916e-05,Refineries,75
3573,-12.62,-38.09,1990,SOX,EPA,0,0,0,Refineries,75
3574,-12.62,-38.09,1991,SOX,EPA,0,0,0,Refineries,75
3575,-12.62,-38.09,1992,SOX,EPA,0,0,0,Refineries,75
3576,-12.62,-38.09,1993,SOX,EPA,0,0,0,Refineries,75
3577,-12.62,-38.09,1994,SOX,EPA,0,0,0,Refineries,75
3578,-12.62,-38.09,1995,SOX,EPA,0.00595045451,0.00595045451,0.00595045451,Refineries,75
3579,-12.62,-38.09,1996,SOX,EPA,0,0,0,Refineries,75
3580,-12.62,-38.09,1997,SOX,EPA,0,0,0,Refineries,75
3581,-12.62,-38.09,1998,SOX,EPA,0,0,0,Refineries,75
3582,-12.62,-38.09,1999,SOX,EPA,0,0,0,Refineries,75
3583,-12.62,-38.09,2000,SOX,EPA,0,0,0,Refineries,75
3584,-12.62,-38.09,2001,SOX,EPA,0,0,0,Refineries,75
3585,-12.62,-38.09,2002,SOX,EPA,0,0,0,Refineries,75
3586,-12.62,-38.09,2003,SOX,EPA,0,0,0,Refineries,75
3587,-12.62,-38.09,2004,SOX,EPA,0,0,0,Refineries,75
3588,-12.62,-38.09,2005,SOX,EPA,0,0,0,Refineries,75
3589,-12.62,-38.09,2006,SOX,EPA,0,0,0,Refineries,75
3590,-12.62,-38.09,2007,SOX,EPA,0,0,0,Refineries,75
3591,-12.62,-38.09,2008,SOX,EPA,0,0,0,Refineries,75
3592,-12.62,-38.09,2009,SOX,EPA,6.919913e-05,6.919913e-05,6.919913e-05,Refineries,75
3593,-12.62,-38.09,2010,SOX,EPA,0.00026969943,0.00026969943,0.00026969943,Refineries,75
3594,-12.62,-38.09,2011,SOX,EPA,0.00062171109,0.00062171109,0.00062171109,Refineries,75
3595,-12.62,-38.09,2012,SOX,EPA,0.00091509418,0.00091509418,0.00091509418,Refineries,75
3596,-12.62,-38.09,2013,SOX,EPA,0.0007161154,0.0007161154,0.0007161154,Refineries,75
3597,-12.62,-38.09,2014,SOX,EPA,0.00046433387,0.00046433387,0.00046433387,Refineries,75
3598,-12.62,-38.09,2015,SOX,EPA,0.00050674624,0.00050674624,0.00050674624,Refineries,75
3599,-12.62,-38.09,2016,SOX,EPA,0.00050292242,0.00050292242,0.00050292242,Refineries,75
3600,-12.62,-38.09,2017,SOX,EPA,0.00070819749,0.00070819749,0.00070819749,Refineries,75
3601,-12.62,-38.09,2018,SOX,EPA,0.00077678601,0.00077678601,0.00077678601,Refineries,75
3602,-12.62,-38.09,2019,SOX,EPA,0.00100351251,0.00100351251,0.00100351251,Refineries,75
3603,-12.62,-38.09,2020,SOX,EPA,0.00125169044,0.00125169044,0.00125169044,Refineries,75
3604,-12.62,-38.09,2021,SOX,EPA,0.0012287275,0.0012287275,0.0012287275,Refineries,75
3605,-12.62,-38.09,2022,SOX,EPA,0.00142787645,0.00142787645,0.00142787645,Refineries,75
3606,-12.62,-38.09,2023,SOX,EPA,0.0002463461,0.0002463461,0.0002463461,Refineries,75
3607,-3.72,-38.47,1990,SOX,EPA,0.00244151908,0.00244151908,0.00244151908,Refineries,75
3608,-3.72,-38.47,1991,SOX,EPA,0.00237201965,0.00237201965,0.00237201965,Refineries,75
3609,-3.72,-38.47,1992,SOX,EPA,0.00267772505,0.00267772505,0.00267772505,Refineries,75
3610,-3.72,-38.47,1993,SOX,EPA,0.00268344076,0.00268344076,0.00268344076,Refineries,75
3611,-3.72,-38.47,1994,SOX,EPA,0.00243898655,0.00243898655,0.00243898655,Refineries,75
3612,-3.72,-38.47,1995,SOX,EPA,0.00276148873,0.00276148873,0.00276148873,Refineries,75
3613,-3.72,-38.47,1996,SOX,EPA,0.00856773918,0.00856773918,0.00856773918,Refineries,75
3614,-3.72,-38.47,1997,SOX,EPA,0.00246823577,0.00246823577,0.00246823577,Refineries,75
3615,-3.72,-38.47,1998,SOX,EPA,0.00342759417,0.00342759417,0.00342759417,Refineries,75
3616,-3.72,-38.47,1999,SOX,EPA,0.00325867542,0.00325867542,0.00325867542,Refineries,75
3617,-3.72,-38.47,2000,SOX,EPA,0.00309573264,0.00309573264,0.00309573264,Refineries,75
3618,-3.72,-38.47,2001,SOX,EPA,0.00328634306,0.00328634306,0.00328634306,Refineries,75
3619,-3.72,-38.47,2002,SOX,EPA,0.0038302264,0.0038302264,0.0038302264,Refineries,75
3620,-3.72,-38.47,2003,SOX,EPA,0.00247078832,0.00247078832,0.00247078832,Refineries,75
3621,-3.72,-38.47,2004,SOX,EPA,0.00257326069,0.00257326069,0.00257326069,Refineries,75
3622,-3.72,-38.47,2005,SOX,EPA,0.0026945919,0.0026945919,0.0026945919,Refineries,75
3623,-3.72,-38.47,2006,SOX,EPA,0.00385654269,0.00385654269,0.00385654269,Refineries,75
3624,-3.72,-38.47,2007,SOX,EPA,0.00359496137,0.00359496137,0.00359496137,Refineries,75
3625,-3.72,-38.47,2008,SOX,EPA,0.00360628268,0.00360628268,0.00360628268,Refineries,75
3626,-3.72,-38.47,2009,SOX,EPA,0.00351252902,0.00351252902,0.00351252902,Refineries,75
3627,-3.72,-38.47,2010,SOX,EPA,0.00461499038,0.00461499038,0.00461499038,Refineries,75
3628,-3.72,-38.47,2011,SOX,EPA,0.00405432027,0.00405432027,0.00405432027,Refineries,75
3629,-3.72,-38.47,2012,SOX,EPA,0.00457127671,0.00457127671,0.00457127671,Refineries,75
3630,-3.72,-38.47,2013,SOX,EPA,0.00488652164,0.00488652164,0.00488652164,Refineries,75
3631,-3.72,-38.47,2014,SOX,EPA,0.00519580061,0.00519580061,0.00519580061,Refineries,75
3632,-3.72,-38.47,2015,SOX,EPA,0.00492314823,0.00492314823,0.00492314823,Refineries,75
3633,-3.72,-38.47,2016,SOX,EPA,0.0052295243,0.0052295243,0.0052295243,Refineries,75
3634,-3.72,-38.47,2017,SOX,EPA,0.0044415371,0.0044415371,0.0044415371,Refineries,75
3635,-3.72,-38.47,2018,SOX,EPA,0.00471107637,0.00471107637,0.00471107637,Refineries,75
3636,-3.72,-38.47,2019,SOX,EPA,0.00412598186,0.00412598186,0.00412598186,Refineries,75
3637,-3.72,-38.47,2020,SOX,EPA,0.00492625133,0.00492625133,0.00492625133,Refineries,75
3638,-3.72,-38.47,2021,SOX,EPA,0.00448899451,0.00448899451,0.00448899451,Refineries,75
3639,-3.72,-38.47,2022,SOX,EPA,0.00506699193,0.00506699193,0.00506699193,Refineries,75
3640,-3.72,-38.47,2023,SOX,EPA,0.00083766683,0.00083766683,0.00083766683,Refineries,75
3641,-22.89,-43.24,1990,SOX,EPA,0.00557940383,0.00557940383,0.00557940383,Refineries,75
3642,-22.89,-43.24,1991,SOX,EPA,0.00509561052,0.00509561052,0.00509561052,Refineries,75
3643,-22.89,-43.24,1992,SOX,EPA,0.00583757174,0.00583757174,0.00583757174,Refineries,75
3644,-22.89,-43.24,1993,SOX,EPA,0.00575962387,0.00575962387,0.00575962387,Refineries,75
3645,-22.89,-43.24,1994,SOX,EPA,0.00574499926,0.00574499926,0.00574499926,Refineries,75
3646,-22.89,-43.24,1995,SOX,EPA,0.00581569989,0.00581569989,0.00581569989,Refineries,75
3647,-22.89,-43.24,1996,SOX,EPA,0.00581730149,0.00581730149,0.00581730149,Refineries,75
3648,-22.89,-43.24,1997,SOX,EPA,0.0056829773,0.0056829773,0.0056829773,Refineries,75
3649,-22.89,-43.24,1998,SOX,EPA,0.00545761216,0.00545761216,0.00545761216,Refineries,75
3650,-22.89,-43.24,1999,SOX,EPA,0.00649391743,0.00649391743,0.00649391743,Refineries,75
3651,-22.89,-43.24,2000,SOX,EPA,0.00683418736,0.00683418736,0.00683418736,Refineries,75
3652,-22.89,-43.24,2001,SOX,EPA,0.00819410592,0.00819410592,0.00819410592,Refineries,75
3653,-22.89,-43.24,2002,SOX,EPA,0.00756233478,0.00756233478,0.00756233478,Refineries,75
3654,-22.89,-43.24,2003,SOX,EPA,0.00851425575,0.00851425575,0.00851425575,Refineries,75
3655,-22.89,-43.24,2004,SOX,EPA,0.00830964134,0.00830964134,0.00830964134,Refineries,75
3656,-22.89,-43.24,2005,SOX,EPA,0.00377129753,0.00377129753,0.00377129753,Refineries,75
3657,-22.89,-43.24,2006,SOX,EPA,0,0,0,Refineries,75
3658,-22.89,-43.24,2007,SOX,EPA,0,0,0,Refineries,75
3659,-22.89,-43.24,2008,SOX,EPA,0,0,0,Refineries,75
3660,-22.89,-43.24,2009,SOX,EPA,0,0,0,Refineries,75
3661,-22.89,-43.24,2010,SOX,EPA,0.0035382347,0.0035382347,0.0035382347,Refineries,75
3662,-22.89,-43.24,2011,SOX,EPA,0.0058612554,0.0058612554,0.0058612554,Refineries,75
3663,-22.89,-43.24,2012,SOX,EPA,0.00608063456,0.00608063456,0.00608063456,Refineries,75
3664,-22.89,-43.24,2013,SOX,EPA,0.00016064048,0.00016064048,0.00016064048,Refineries,75
3665,-22.89,-43.24,2014,SOX,EPA,0.0015733718,0.0015733718,0.0015733718,Refineries,75
3666,-22.89,-43.24,2015,SOX,EPA,0.00393867474,0.00393867474,0.00393867474,Refineries,75
3667,-22.89,-43.24,2016,SOX,EPA,0.00461493032,0.00461493032,0.00461493032,Refineries,75
3668,-22.89,-43.24,2017,SOX,EPA,0.00237439202,0.00237439202,0.00237439202,Refineries,75
3669,-22.89,-43.24,2018,SOX,EPA,0.00198634436,0.00198634436,0.00198634436,Refineries,75
3670,-22.89,-43.24,2019,SOX,EPA,0.00452279828,0.00452279828,0.00452279828,Refineries,75
3671,-22.89,-43.24,2020,SOX,EPA,0.00524377854,0.00524377854,0.00524377854,Refineries,75
3672,-22.89,-43.24,2021,SOX,EPA,0.00494931437,0.00494931437,0.00494931437,Refineries,75
3673,-22.89,-43.24,2022,SOX,EPA,0.0054978924,0.0054978924,0.0054978924,Refineries,75
3674,-22.89,-43.24,2023,SOX,EPA,0.00074746672,0.00074746672,0.00074746672,Refineries,75
3675,-23.64,-46.48,1990,SOX,EPA,0.01345120777,0.01345120777,0.01345120777,Refineries,75
3676,-23.64,-46.48,1991,SOX,EPA,0.01458120664,0.01458120664,0.01458120664,Refineries,75
3677,-23.64,-46.48,1992,SOX,EPA,0.01600461863,0.01600461863,0.01600461863,Refineries,75
3678,-23.64,-46.48,1993,SOX,EPA,0.0193511318,0.0193511318,0.0193511318,Refineries,75
3679,-23.64,-46.48,1994,SOX,EPA,0.0183720537,0.0183720537,0.0183720537,Refineries,75
3680,-23.64,-46.48,1995,SOX,EPA,0.0220471251,0.0220471251,0.0220471251,Refineries,75
3681,-23.64,-46.48,1996,SOX,EPA,0.0224423199,0.0224423199,0.0224423199,Refineries,75
3682,-23.64,-46.48,1997,SOX,EPA,0.0258296038,0.0258296038,0.0258296038,Refineries,75
3683,-23.64,-46.48,1998,SOX,EPA,0.02622793173,0.02622793173,0.02622793173,Refineries,75
3684,-23.64,-46.48,1999,SOX,EPA,0.02041557518,0.02041557518,0.02041557518,Refineries,75
3685,-23.64,-46.48,2000,SOX,EPA,0.02352531181,0.02352531181,0.02352531181,Refineries,75
3686,-23.64,-46.48,2001,SOX,EPA,0.02687288604,0.02687288604,0.02687288604,Refineries,75
3687,-23.64,-46.48,2002,SOX,EPA,0.02779860083,0.02779860083,0.02779860083,Refineries,75
3688,-23.64,-46.48,2003,SOX,EPA,0.0255658403,0.0255658403,0.0255658403,Refineries,75
3689,-23.64,-46.48,2004,SOX,EPA,0.02704941239,0.02704941239,0.02704941239,Refineries,75
3690,-23.64,-46.48,2005,SOX,EPA,0.02090399311,0.02090399311,0.02090399311,Refineries,75
3691,-23.64,-46.48,2006,SOX,EPA,0.02350711363,0.02350711363,0.02350711363,Refineries,75
3692,-23.64,-46.48,2007,SOX,EPA,0.02417469054,0.02417469054,0.02417469054,Refineries,75
3693,-23.64,-46.48,2008,SOX,EPA,0.026298272,0.026298272,0.026298272,Refineries,75
3694,-23.64,-46.48,2009,SOX,EPA,0.02422335916,0.02422335916,0.02422335916,Refineries,75
3695,-23.64,-46.48,2010,SOX,EPA,0.02119798681,0.02119798681,0.02119798681,Refineries,75
3696,-23.64,-46.48,2011,SOX,EPA,0.02494713221,0.02494713221,0.02494713221,Refineries,75
3697,-23.64,-46.48,2012,SOX,EPA,0.03102680581,0.03102680581,0.03102680581,Refineries,75
3698,-23.64,-46.48,2013,SOX,EPA,0.03105184082,0.03105184082,0.03105184082,Refineries,75
3699,-23.64,-46.48,2014,SOX,EPA,0.03163202042,0.03163202042,0.03163202042,Refineries,75
3700,-23.64,-46.48,2015,SOX,EPA,0.02355023671,0.02355023671,0.02355023671,Refineries,75
3701,-23.64,-46.48,2016,SOX,EPA,0.03155427275,0.03155427275,0.03155427275,Refineries,75
3702,-23.64,-46.48,2017,SOX,EPA,0.02922384465,0.02922384465,0.02922384465,Refineries,75
3703,-23.64,-46.48,2018,SOX,EPA,0.02886614731,0.02886614731,0.02886614731,Refineries,75
3704,-23.64,-46.48,2019,SOX,EPA,0.02888484599,0.02888484599,0.02888484599,Refineries,75
3705,-23.64,-46.48,2020,SOX,EPA,0.02259104848,0.02259104848,0.02259104848,Refineries,75
3706,-23.64,-46.48,2021,SOX,EPA,0.03141802664,0.03141802664,0.03141802664,Refineries,75
3707,-23.64,-46.48,2022,SOX,EPA,0.03380406029,0.03380406029,0.03380406029,Refineries,75
3708,-23.64,-46.48,2023,SOX,EPA,0.00458870412,0.00458870412,0.00458870412,Refineries,75
3709,-22.72,-43.27,1990,SOX,EPA,0.10105987892,0.10105987892,0.10105987892,Refineries,75
3710,-22.72,-43.27,1991,SOX,EPA,0.1048070023,0.1048070023,0.1048070023,Refineries,75
3711,-22.72,-43.27,1992,SOX,EPA,0.1104257154,0.1104257154,0.1104257154,Refineries,75
3712,-22.72,-43.27,1993,SOX,EPA,0.09945880945,0.09945880945,0.09945880945,Refineries,75
3713,-22.72,-43.27,1994,SOX,EPA,0.09427036619,0.09427036619,0.09427036619,Refineries,75
3714,-22.72,-43.27,1995,SOX,EPA,0.0816879063,0.0816879063,0.0816879063,Refineries,75
3715,-22.72,-43.27,1996,SOX,EPA,0.11449725287,0.11449725287,0.11449725287,Refineries,75
3716,-22.72,-43.27,1997,SOX,EPA,0.09873178315,0.09873178315,0.09873178315,Refineries,75
3717,-22.72,-43.27,1998,SOX,EPA,0.12056053009,0.12056053009,0.12056053009,Refineries,75
3718,-22.72,-43.27,1999,SOX,EPA,0.12203548357,0.12203548357,0.12203548357,Refineries,75
3719,-22.72,-43.27,2000,SOX,EPA,0.10831918097,0.10831918097,0.10831918097,Refineries,75
3720,-22.72,-43.27,2001,SOX,EPA,0.11169292134,0.11169292134,0.11169292134,Refineries,75
3721,-22.72,-43.27,2002,SOX,EPA,0.11251363123,0.11251363123,0.11251363123,Refineries,75
3722,-22.72,-43.27,2003,SOX,EPA,0.1143359217,0.1143359217,0.1143359217,Refineries,75
3723,-22.72,-43.27,2004,SOX,EPA,0.12738761035,0.12738761035,0.12738761035,Refineries,75
3724,-22.72,-43.27,2005,SOX,EPA,0.12436438014,0.12436438014,0.12436438014,Refineries,75
3725,-22.72,-43.27,2006,SOX,EPA,0.1275513239,0.1275513239,0.1275513239,Refineries,75
3726,-22.72,-43.27,2007,SOX,EPA,0.12234637415,0.12234637415,0.12234637415,Refineries,75
3727,-22.72,-43.27,2008,SOX,EPA,0.12960891944,0.12960891944,0.12960891944,Refineries,75
3728,-22.72,-43.27,2009,SOX,EPA,0.12155345202,0.12155345202,0.12155345202,Refineries,75
3729,-22.72,-43.27,2010,SOX,EPA,0.12888391516,0.12888391516,0.12888391516,Refineries,75
3730,-22.72,-43.27,2011,SOX,EPA,0.12633149529,0.12633149529,0.12633149529,Refineries,75
3731,-22.72,-43.27,2012,SOX,EPA,0.13239581355,0.13239581355,0.13239581355,Refineries,75
3732,-22.72,-43.27,2013,SOX,EPA,0.14157278135,0.14157278135,0.14157278135,Refineries,75
3733,-22.72,-43.27,2014,SOX,EPA,0.13826908095,0.13826908095,0.13826908095,Refineries,75
3734,-22.72,-43.27,2015,SOX,EPA,0.11668689032,0.11668689032,0.11668689032,Refineries,75
3735,-22.72,-43.27,2016,SOX,EPA,0.11351941601,0.11351941601,0.11351941601,Refineries,75
3736,-22.72,-43.27,2017,SOX,EPA,0.10437823396,0.10437823396,0.10437823396,Refineries,75
3737,-22.72,-43.27,2018,SOX,EPA,0.11175356192,0.11175356192,0.11175356192,Refineries,75
3738,-22.72,-43.27,2019,SOX,EPA,0.11164110958,0.11164110958,0.11164110958,Refineries,75
3739,-22.72,-43.27,2020,SOX,EPA,0.10605678083,0.10605678083,0.10605678083,Refineries,75
3740,-22.72,-43.27,2021,SOX,EPA,0.10970862903,0.10970862903,0.10970862903,Refineries,75
3741,-22.72,-43.27,2022,SOX,EPA,0.12055267224,0.12055267224,0.12055267224,Refineries,75
3742,-22.72,-43.27,2023,SOX,EPA,0.02160851693,0.02160851693,0.02160851693,Refineries,75
3743,-29.87,-51.17,1990,SOX,EPA,0.03791909121,0.03791909121,0.03791909121,Refineries,75
3744,-29.87,-51.17,1991,SOX,EPA,0.03295300008,0.03295300008,0.03295300008,Refineries,75
3745,-29.87,-51.17,1992,SOX,EPA,0.03932911983,0.03932911983,0.03932911983,Refineries,75
3746,-29.87,-51.17,1993,SOX,EPA,0.04399551156,0.04399551156,0.04399551156,Refineries,75
3747,-29.87,-51.17,1994,SOX,EPA,0.05943274337,0.05943274337,0.05943274337,Refineries,75
3748,-29.87,-51.17,1995,SOX,EPA,0.05673610943,0.05673610943,0.05673610943,Refineries,75
3749,-29.87,-51.17,1996,SOX,EPA,0.0667755088,0.0667755088,0.0667755088,Refineries,75
3750,-29.87,-51.17,1997,SOX,EPA,0.0597117521,0.0597117521,0.0597117521,Refineries,75
3751,-29.87,-51.17,1998,SOX,EPA,0.06577902331,0.06577902331,0.06577902331,Refineries,75
3752,-29.87,-51.17,1999,SOX,EPA,0.06896234345,0.06896234345,0.06896234345,Refineries,75
3753,-29.87,-51.17,2000,SOX,EPA,0.07153707561,0.07153707561,0.07153707561,Refineries,75
3754,-29.87,-51.17,2001,SOX,EPA,0.06685848169,0.06685848169,0.06685848169,Refineries,75
3755,-29.87,-51.17,2002,SOX,EPA,0.06322928612,0.06322928612,0.06322928612,Refineries,75
3756,-29.87,-51.17,2003,SOX,EPA,0.06105941842,0.06105941842,0.06105941842,Refineries,75
3757,-29.87,-51.17,2004,SOX,EPA,0.06030251227,0.06030251227,0.06030251227,Refineries,75
3758,-29.87,-51.17,2005,SOX,EPA,0.06948037096,0.06948037096,0.06948037096,Refineries,75
3759,-29.87,-51.17,2006,SOX,EPA,0.068031964,0.068031964,0.068031964,Refineries,75
3760,-29.87,-51.17,2007,SOX,EPA,0.08663030376,0.08663030376,0.08663030376,Refineries,75
3761,-29.87,-51.17,2008,SOX,EPA,0.08495960473,0.08495960473,0.08495960473,Refineries,75
3762,-29.87,-51.17,2009,SOX,EPA,0.09720637927,0.09720637927,0.09720637927,Refineries,75
3763,-29.87,-51.17,2010,SOX,EPA,0.08672174511,0.08672174511,0.08672174511,Refineries,75
3764,-29.87,-51.17,2011,SOX,EPA,0.08699558868,0.08699558868,0.08699558868,Refineries,75
3765,-29.87,-51.17,2012,SOX,EPA,0.09129003884,0.09129003884,0.09129003884,Refineries,75
3766,-29.87,-51.17,2013,SOX,EPA,0.11531262743,0.11531262743,0.11531262743,Refineries,75
3767,-29.87,-51.17,2014,SOX,EPA,0.11194825642,0.11194825642,0.11194825642,Refineries,75
3768,-29.87,-51.17,2015,SOX,EPA,0.10208989791,0.10208989791,0.10208989791,Refineries,75
3769,-29.87,-51.17,2016,SOX,EPA,0.08844178343,0.08844178343,0.08844178343,Refineries,75
3770,-29.87,-51.17,2017,SOX,EPA,0.08108507407,0.08108507407,0.08108507407,Refineries,75
3771,-29.87,-51.17,2018,SOX,EPA,0.08017220211,0.08017220211,0.08017220211,Refineries,75
3772,-29.87,-51.17,2019,SOX,EPA,0.08346170833,0.08346170833,0.08346170833,Refineries,75
3773,-29.87,-51.17,2020,SOX,EPA,0.07895315428,0.07895315428,0.07895315428,Refineries,75
3774,-29.87,-51.17,2021,SOX,EPA,0.08823169355,0.08823169355,0.08823169355,Refineries,75
3775,-29.87,-51.17,2022,SOX,EPA,0.09595497912,0.09595497912,0.09595497912,Refineries,75
3776,-29.87,-51.17,2023,SOX,EPA,0.00788150363,0.00788150363,0.00788150363,Refineries,75
3777,-19.97,-44.1,1990,SOX,EPA,0.07410197795,0.07410197795,0.07410197795,Refineries,75
3778,-19.97,-44.1,1991,SOX,EPA,0.07631017394,0.07631017394,0.07631017394,Refineries,75
3779,-19.97,-44.1,1992,SOX,EPA,0.07406272874,0.07406272874,0.07406272874,Refineries,75
3780,-19.97,-44.1,1993,SOX,EPA,0.07627736116,0.07627736116,0.07627736116,Refineries,75
3781,-19.97,-44.1,1994,SOX,EPA,0.07461290837,0.07461290837,0.07461290837,Refineries,75
3782,-19.97,-44.1,1995,SOX,EPA,0.07543795259,0.07543795259,0.07543795259,Refineries,75
3783,-19.97,-44.1,1996,SOX,EPA,0.06614825217,0.06614825217,0.06614825217,Refineries,75
3784,-19.97,-44.1,1997,SOX,EPA,0.07607268669,0.07607268669,0.07607268669,Refineries,75
3785,-19.97,-44.1,1998,SOX,EPA,0.07028727706,0.07028727706,0.07028727706,Refineries,75
3786,-19.97,-44.1,1999,SOX,EPA,0.07783462687,0.07783462687,0.07783462687,Refineries,75
3787,-19.97,-44.1,2000,SOX,EPA,0.07582710135,0.07582710135,0.07582710135,Refineries,75
3788,-19.97,-44.1,2001,SOX,EPA,0.07708008308,0.07708008308,0.07708008308,Refineries,75
3789,-19.97,-44.1,2002,SOX,EPA,0.07264662405,0.07264662405,0.07264662405,Refineries,75
3790,-19.97,-44.1,2003,SOX,EPA,0.07486800321,0.07486800321,0.07486800321,Refineries,75
3791,-19.97,-44.1,2004,SOX,EPA,0.07777594825,0.07777594825,0.07777594825,Refineries,75
3792,-19.97,-44.1,2005,SOX,EPA,0.07737994264,0.07737994264,0.07737994264,Refineries,75
3793,-19.97,-44.1,2006,SOX,EPA,0.08038281251,0.08038281251,0.08038281251,Refineries,75
3794,-19.97,-44.1,2007,SOX,EPA,0.07769724963,0.07769724963,0.07769724963,Refineries,75
3795,-19.97,-44.1,2008,SOX,EPA,0.08551827284,0.08551827284,0.08551827284,Refineries,75
3796,-19.97,-44.1,2009,SOX,EPA,0.08350981639,0.08350981639,0.08350981639,Refineries,75
3797,-19.97,-44.1,2010,SOX,EPA,0.08556617069,0.08556617069,0.08556617069,Refineries,75
3798,-19.97,-44.1,2011,SOX,EPA,0.07745041304,0.07745041304,0.07745041304,Refineries,75
3799,-19.97,-44.1,2012,SOX,EPA,0.08568094535,0.08568094535,0.08568094535,Refineries,75
3800,-19.97,-44.1,2013,SOX,EPA,0.08690120439,0.08690120439,0.08690120439,Refineries,75
3801,-19.97,-44.1,2014,SOX,EPA,0.09216571364,0.09216571364,0.09216571364,Refineries,75
3802,-19.97,-44.1,2015,SOX,EPA,0.08865677821,0.08865677821,0.08865677821,Refineries,75
3803,-19.97,-44.1,2016,SOX,EPA,0.08738217488,0.08738217488,0.08738217488,Refineries,75
3804,-19.97,-44.1,2017,SOX,EPA,0.08209989788,0.08209989788,0.08209989788,Refineries,75
3805,-19.97,-44.1,2018,SOX,EPA,0.08327650331,0.08327650331,0.08327650331,Refineries,75
3806,-19.97,-44.1,2019,SOX,EPA,0.08057066017,0.08057066017,0.08057066017,Refineries,75
3807,-19.97,-44.1,2020,SOX,EPA,0.07261965711,0.07261965711,0.07261965711,Refineries,75
3808,-19.97,-44.1,2021,SOX,EPA,0.07982053079,0.07982053079,0.07982053079,Refineries,75
3809,-19.97,-44.1,2022,SOX,EPA,0.08641329697,0.08641329697,0.08641329697,Refineries,75
3810,-19.97,-44.1,2023,SOX,EPA,0.01400714315,0.01400714315,0.01400714315,Refineries,75
3811,-3.15,-59.95,1990,SOX,EPA,0.00506452947,0.00506452947,0.00506452947,Refineries,75
3812,-3.15,-59.95,1991,SOX,EPA,0.00592112521,0.00592112521,0.00592112521,Refineries,75
3813,-3.15,-59.95,1992,SOX,EPA,0.00620841221,0.00620841221,0.00620841221,Refineries,75
3814,-3.15,-59.95,1993,SOX,EPA,0.00569336768,0.00569336768,0.00569336768,Refineries,75
3815,-3.15,-59.95,1994,SOX,EPA,0.00608733125,0.00608733125,0.00608733125,Refineries,75
3816,-3.15,-59.95,1995,SOX,EPA,0.00596592997,0.00596592997,0.00596592997,Refineries,75
3817,-3.15,-59.95,1996,SOX,EPA,0.0070133063,0.0070133063,0.0070133063,Refineries,75
3818,-3.15,-59.95,1997,SOX,EPA,0.0078534456,0.0078534456,0.0078534456,Refineries,75
3819,-3.15,-59.95,1998,SOX,EPA,0.00829655827,0.00829655827,0.00829655827,Refineries,75
3820,-3.15,-59.95,1999,SOX,EPA,0.00806030225,0.00806030225,0.00806030225,Refineries,75
3821,-3.15,-59.95,2000,SOX,EPA,0.01779126349,0.01779126349,0.01779126349,Refineries,75
3822,-3.15,-59.95,2001,SOX,EPA,0.02563419859,0.02563419859,0.02563419859,Refineries,75
3823,-3.15,-59.95,2002,SOX,EPA,0.02703509809,0.02703509809,0.02703509809,Refineries,75
3824,-3.15,-59.95,2003,SOX,EPA,0.0257193937,0.0257193937,0.0257193937,Refineries,75
3825,-3.15,-59.95,2004,SOX,EPA,0.02655058406,0.02655058406,0.02655058406,Refineries,75
3826,-3.15,-59.95,2005,SOX,EPA,0.02579980403,0.02579980403,0.02579980403,Refineries,75
3827,-3.15,-59.95,2006,SOX,EPA,0.02094059968,0.02094059968,0.02094059968,Refineries,75
3828,-3.15,-59.95,2007,SOX,EPA,0.02391269881,0.02391269881,0.02391269881,Refineries,75
3829,-3.15,-59.95,2008,SOX,EPA,0.02310721413,0.02310721413,0.02310721413,Refineries,75
3830,-3.15,-59.95,2009,SOX,EPA,0.02378950574,0.02378950574,0.02378950574,Refineries,75
3831,-3.15,-59.95,2010,SOX,EPA,0.02448613167,0.02448613167,0.02448613167,Refineries,75
3832,-3.15,-59.95,2011,SOX,EPA,0.024777753,0.024777753,0.024777753,Refineries,75
3833,-3.15,-59.95,2012,SOX,EPA,0.0210286076,0.0210286076,0.0210286076,Refineries,75
3834,-3.15,-59.95,2013,SOX,EPA,0.02259364107,0.02259364107,0.02259364107,Refineries,75
3835,-3.15,-59.95,2014,SOX,EPA,0.02398250855,0.02398250855,0.02398250855,Refineries,75
3836,-3.15,-59.95,2015,SOX,EPA,0.02042561521,0.02042561521,0.02042561521,Refineries,75
3837,-3.15,-59.95,2016,SOX,EPA,0.0180537357,0.0180537357,0.0180537357,Refineries,75
3838,-3.15,-59.95,2017,SOX,EPA,0.01675556883,0.01675556883,0.01675556883,Refineries,75
3839,-3.15,-59.95,2018,SOX,EPA,0.01710063355,0.01710063355,0.01710063355,Refineries,75
3840,-3.15,-59.95,2019,SOX,EPA,0.0183486303,0.0183486303,0.0183486303,Refineries,75
3841,-3.15,-59.95,2020,SOX,EPA,0.01586525941,0.01586525941,0.01586525941,Refineries,75
3842,-3.15,-59.95,2021,SOX,EPA,0.01766033269,0.01766033269,0.01766033269,Refineries,75
3843,-3.15,-59.95,2022,SOX,EPA,0.01794796003,0.01794796003,0.01794796003,Refineries,75
3844,-3.15,-59.95,2023,SOX,EPA,0.00250130881,0.00250130881,0.00250130881,Refineries,75
3845,-25.57,-49.36,1990,SOX,EPA,0.0796186391,0.0796186391,0.0796186391,Refineries,75
3846,-25.57,-49.36,1991,SOX,EPA,0.07876571703,0.07876571703,0.07876571703,Refineries,75
3847,-25.57,-49.36,1992,SOX,EPA,0.07374451084,0.07374451084,0.07374451084,Refineries,75
3848,-25.57,-49.36,1993,SOX,EPA,0.08694463778,0.08694463778,0.08694463778,Refineries,75
3849,-25.57,-49.36,1994,SOX,EPA,0.09547168631,0.09547168631,0.09547168631,Refineries,75
3850,-25.57,-49.36,1995,SOX,EPA,0.08030623601,0.08030623601,0.08030623601,Refineries,75
3851,-25.57,-49.36,1996,SOX,EPA,0.09388422043,0.09388422043,0.09388422043,Refineries,75
3852,-25.57,-49.36,1997,SOX,EPA,0.09608031433,0.09608031433,0.09608031433,Refineries,75
3853,-25.57,-49.36,1998,SOX,EPA,0.09290117837,0.09290117837,0.09290117837,Refineries,75
3854,-25.57,-49.36,1999,SOX,EPA,0.11010816817,0.11010816817,0.11010816817,Refineries,75
3855,-25.57,-49.36,2000,SOX,EPA,0.10988249272,0.10988249272,0.10988249272,Refineries,75
3856,-25.57,-49.36,2001,SOX,EPA,0.11102993902,0.11102993902,0.11102993902,Refineries,75
3857,-25.57,-49.36,2002,SOX,EPA,0.11388388011,0.11388388011,0.11388388011,Refineries,75
3858,-25.57,-49.36,2003,SOX,EPA,0.11113060959,0.11113060959,0.11113060959,Refineries,75
3859,-25.57,-49.36,2004,SOX,EPA,0.09669417758,0.09669417758,0.09669417758,Refineries,75
3860,-25.57,-49.36,2005,SOX,EPA,0.11032172151,0.11032172151,0.11032172151,Refineries,75
3861,-25.57,-49.36,2006,SOX,EPA,0.10714572869,0.10714572869,0.10714572869,Refineries,75
3862,-25.57,-49.36,2007,SOX,EPA,0.09844145311,0.09844145311,0.09844145311,Refineries,75
3863,-25.57,-49.36,2008,SOX,EPA,0.10796781996,0.10796781996,0.10796781996,Refineries,75
3864,-25.57,-49.36,2009,SOX,EPA,0.10970798839,0.10970798839,0.10970798839,Refineries,75
3865,-25.57,-49.36,2010,SOX,EPA,0.0996282287,0.0996282287,0.0996282287,Refineries,75
3866,-25.57,-49.36,2011,SOX,EPA,0.11295172889,0.11295172889,0.11295172889,Refineries,75
3867,-25.57,-49.36,2012,SOX,EPA,0.11613967365,0.11613967365,0.11613967365,Refineries,75
3868,-25.57,-49.36,2013,SOX,EPA,0.11332362041,0.11332362041,0.11332362041,Refineries,75
3869,-25.57,-49.36,2014,SOX,EPA,0.11875676813,0.11875676813,0.11875676813,Refineries,75
3870,-25.57,-49.36,2015,SOX,EPA,0.11530524005,0.11530524005,0.11530524005,Refineries,75
3871,-25.57,-49.36,2016,SOX,EPA,0.0986833848,0.0986833848,0.0986833848,Refineries,75
3872,-25.57,-49.36,2017,SOX,EPA,0.09447792354,0.09447792354,0.09447792354,Refineries,75
3873,-25.57,-49.36,2018,SOX,EPA,0.10052617575,0.10052617575,0.10052617575,Refineries,75
3874,-25.57,-49.36,2019,SOX,EPA,0.09794725941,0.09794725941,0.09794725941,Refineries,75
3875,-25.57,-49.36,2020,SOX,EPA,0.10441607176,0.10441607176,0.10441607176,Refineries,75
3876,-25.57,-49.36,2021,SOX,EPA,0.10586730154,0.10586730154,0.10586730154,Refineries,75
3877,-25.57,-49.36,2022,SOX,EPA,0.09388756377,0.09388756377,0.09388756377,Refineries,75
3878,-25.57,-49.36,2023,SOX,EPA,0.01740894155,0.01740894155,0.01740894155,Refineries,75
3879,-22.73,-47.14,1990,SOX,EPA,0.1217965749,0.1217965749,0.1217965749,Refineries,75
3880,-22.73,-47.14,1991,SOX,EPA,0.12560945397,0.12560945397,0.12560945397,Refineries,75
3881,-22.73,-47.14,1992,SOX,EPA,0.11773827065,0.11773827065,0.11773827065,Refineries,75
3882,-22.73,-47.14,1993,SOX,EPA,0.12317447142,0.12317447142,0.12317447142,Refineries,75
3883,-22.73,-47.14,1994,SOX,EPA,0.1286048764,0.1286048764,0.1286048764,Refineries,75
3884,-22.73,-47.14,1995,SOX,EPA,0.14157447304,0.14157447304,0.14157447304,Refineries,75
3885,-22.73,-47.14,1996,SOX,EPA,0.14415614213,0.14415614213,0.14415614213,Refineries,75
3886,-22.73,-47.14,1997,SOX,EPA,0.15278609346,0.15278609346,0.15278609346,Refineries,75
3887,-22.73,-47.14,1998,SOX,EPA,0.18016204206,0.18016204206,0.18016204206,Refineries,75
3888,-22.73,-47.14,1999,SOX,EPA,0.17076334275,0.17076334275,0.17076334275,Refineries,75
3889,-22.73,-47.14,2000,SOX,EPA,0.19339160841,0.19339160841,0.19339160841,Refineries,75
3890,-22.73,-47.14,2001,SOX,EPA,0.18876331474,0.18876331474,0.18876331474,Refineries,75
3891,-22.73,-47.14,2002,SOX,EPA,0.19006322335,0.19006322335,0.19006322335,Refineries,75
3892,-22.73,-47.14,2003,SOX,EPA,0.17245612384,0.17245612384,0.17245612384,Refineries,75
3893,-22.73,-47.14,2004,SOX,EPA,0.20766396651,0.20766396651,0.20766396651,Refineries,75
3894,-22.73,-47.14,2005,SOX,EPA,0.19409963573,0.19409963573,0.19409963573,Refineries,75
3895,-22.73,-47.14,2006,SOX,EPA,0.20388335968,0.20388335968,0.20388335968,Refineries,75
3896,-22.73,-47.14,2007,SOX,EPA,0.20547831304,0.20547831304,0.20547831304,Refineries,75
3897,-22.73,-47.14,2008,SOX,EPA,0.19191628456,0.19191628456,0.19191628456,Refineries,75
3898,-22.73,-47.14,2009,SOX,EPA,0.20104209125,0.20104209125,0.20104209125,Refineries,75
3899,-22.73,-47.14,2010,SOX,EPA,0.18719077377,0.18719077377,0.18719077377,Refineries,75
3900,-22.73,-47.14,2011,SOX,EPA,0.22033383372,0.22033383372,0.22033383372,Refineries,75
3901,-22.73,-47.14,2012,SOX,EPA,0.23016967974,0.23016967974,0.23016967974,Refineries,75
3902,-22.73,-47.14,2013,SOX,EPA,0.24764705966,0.24764705966,0.24764705966,Refineries,75
3903,-22.73,-47.14,2014,SOX,EPA,0.24032342334,0.24032342334,0.24032342334,Refineries,75
3904,-22.73,-47.14,2015,SOX,EPA,0.22919603707,0.22919603707,0.22919603707,Refineries,75
3905,-22.73,-47.14,2016,SOX,EPA,0.1955707754,0.1955707754,0.1955707754,Refineries,75
3906,-22.73,-47.14,2017,SOX,EPA,0.18979332372,0.18979332372,0.18979332372,Refineries,75
3907,-22.73,-47.14,2018,SOX,EPA,0.16740524801,0.16740524801,0.16740524801,Refineries,75
3908,-22.73,-47.14,2019,SOX,EPA,0.19177505347,0.19177505347,0.19177505347,Refineries,75
3909,-22.73,-47.14,2020,SOX,EPA,0.17967508559,0.17967508559,0.17967508559,Refineries,75
3910,-22.73,-47.14,2021,SOX,EPA,0.20787234468,0.20787234468,0.20787234468,Refineries,75
3911,-22.73,-47.14,2022,SOX,EPA,0.22018044048,0.22018044048,0.22018044048,Refineries,75
3912,-22.73,-47.14,2023,SOX,EPA,0.03786791008,0.03786791008,0.03786791008,Refineries,75
3913,-23.19,-45.82,1990,SOX,EPA,0.10443374942,0.10443374942,0.10443374942,Refineries,75
3914,-23.19,-45.82,1991,SOX,EPA,0.09080315244,0.09080315244,0.09080315244,Refineries,75
3915,-23.19,-45.82,1992,SOX,EPA,0.10503741248,0.10503741248,0.10503741248,Refineries,75
3916,-23.19,-45.82,1993,SOX,EPA,0.09272397134,0.09272397134,0.09272397134,Refineries,75
3917,-23.19,-45.82,1994,SOX,EPA,0.1159635477,0.1159635477,0.1159635477,Refineries,75
3918,-23.19,-45.82,1995,SOX,EPA,0.10275480215,0.10275480215,0.10275480215,Refineries,75
3919,-23.19,-45.82,1996,SOX,EPA,0.09903652759,0.09903652759,0.09903652759,Refineries,75
3920,-23.19,-45.82,1997,SOX,EPA,0.10944002069,0.10944002069,0.10944002069,Refineries,75
3921,-23.19,-45.82,1998,SOX,EPA,0.1214545332,0.1214545332,0.1214545332,Refineries,75
3922,-23.19,-45.82,1999,SOX,EPA,0.11548351815,0.11548351815,0.11548351815,Refineries,75
3923,-23.19,-45.82,2000,SOX,EPA,0.12949544608,0.12949544608,0.12949544608,Refineries,75
3924,-23.19,-45.82,2001,SOX,EPA,0.12904610719,0.12904610719,0.12904610719,Refineries,75
3925,-23.19,-45.82,2002,SOX,EPA,0.11526333819,0.11526333819,0.11526333819,Refineries,75
3926,-23.19,-45.82,2003,SOX,EPA,0.12710971273,0.12710971273,0.12710971273,Refineries,75
3927,-23.19,-45.82,2004,SOX,EPA,0.14012761763,0.14012761763,0.14012761763,Refineries,75
3928,-23.19,-45.82,2005,SOX,EPA,0.14104617527,0.14104617527,0.14104617527,Refineries,75
3929,-23.19,-45.82,2006,SOX,EPA,0.12565481929,0.12565481929,0.12565481929,Refineries,75
3930,-23.19,-45.82,2007,SOX,EPA,0.13959279334,0.13959279334,0.13959279334,Refineries,75
3931,-23.19,-45.82,2008,SOX,EPA,0.12208517321,0.12208517321,0.12208517321,Refineries,75
3932,-23.19,-45.82,2009,SOX,EPA,0.14211113917,0.14211113917,0.14211113917,Refineries,75
3933,-23.19,-45.82,2010,SOX,EPA,0.14099188103,0.14099188103,0.14099188103,Refineries,75
3934,-23.19,-45.82,2011,SOX,EPA,0.14033571552,0.14033571552,0.14033571552,Refineries,75
3935,-23.19,-45.82,2012,SOX,EPA,0.14199673488,0.14199673488,0.14199673488,Refineries,75
3936,-23.19,-45.82,2013,SOX,EPA,0.13407651257,0.13407651257,0.13407651257,Refineries,75
3937,-23.19,-45.82,2014,SOX,EPA,0.14964746797,0.14964746797,0.14964746797,Refineries,75
3938,-23.19,-45.82,2015,SOX,EPA,0.14206377185,0.14206377185,0.14206377185,Refineries,75
3939,-23.19,-45.82,2016,SOX,EPA,0.1270334065,0.1270334065,0.1270334065,Refineries,75
3940,-23.19,-45.82,2017,SOX,EPA,0.12162724574,0.12162724574,0.12162724574,Refineries,75
3941,-23.19,-45.82,2018,SOX,EPA,0.12433967546,0.12433967546,0.12433967546,Refineries,75
3942,-23.19,-45.82,2019,SOX,EPA,0.10856338493,0.10856338493,0.10856338493,Refineries,75
3943,-23.19,-45.82,2020,SOX,EPA,0.12751145407,0.12751145407,0.12751145407,Refineries,75
3944,-23.19,-45.82,2021,SOX,EPA,0.13457241798,0.13457241798,0.13457241798,Refineries,75
3945,-23.19,-45.82,2022,SOX,EPA,0.13388584209,0.13388584209,0.13388584209,Refineries,75
3946,-23.19,-45.82,2023,SOX,EPA,0.01763913151,0.01763913151,0.01763913151,Refineries,75
3947,-32.04,-52.09,1990,SOX,EPA,0.00576421846,0.00576421846,0.00576421846,Refineries,75
3948,-32.04,-52.09,1991,SOX,EPA,0.00547300754,0.00547300754,0.00547300754,Refineries,75
3949,-32.04,-52.09,1992,SOX,EPA,0.00547007461,0.00547007461,0.00547007461,Refineries,75
3950,-32.04,-52.09,1993,SOX,EPA,0.00565711146,0.00565711146,0.00565711146,Refineries,75
3951,-32.04,-52.09,1994,SOX,EPA,0.0054365311,0.0054365311,0.0054365311,Refineries,75
3952,-32.04,-52.09,1995,SOX,EPA,0.00547624077,0.00547624077,0.00547624077,Refineries,75
3953,-32.04,-52.09,1996,SOX,EPA,0.00554718164,0.00554718164,0.00554718164,Refineries,75
3954,-32.04,-52.09,1997,SOX,EPA,0.00558383826,0.00558383826,0.00558383826,Refineries,75
3955,-32.04,-52.09,1998,SOX,EPA,0.00580803223,0.00580803223,0.00580803223,Refineries,75
3956,-32.04,-52.09,1999,SOX,EPA,0.00698886188,0.00698886188,0.00698886188,Refineries,75
3957,-32.04,-52.09,2000,SOX,EPA,0.00752124373,0.00752124373,0.00752124373,Refineries,75
3958,-32.04,-52.09,2001,SOX,EPA,0.0075552477,0.0075552477,0.0075552477,Refineries,75
3959,-32.04,-52.09,2002,SOX,EPA,0.00712704993,0.00712704993,0.00712704993,Refineries,75
3960,-32.04,-52.09,2003,SOX,EPA,0.00804805001,0.00804805001,0.00804805001,Refineries,75
3961,-32.04,-52.09,2004,SOX,EPA,0.00657283627,0.00657283627,0.00657283627,Refineries,75
3962,-32.04,-52.09,2005,SOX,EPA,0.00265320055,0.00265320055,0.00265320055,Refineries,75
3963,-32.04,-52.09,2006,SOX,EPA,0.00415773358,0.00415773358,0.00415773358,Refineries,75
3964,-32.04,-52.09,2007,SOX,EPA,0.00769788019,0.00769788019,0.00769788019,Refineries,75
3965,-32.04,-52.09,2008,SOX,EPA,0.00456414959,0.00456414959,0.00456414959,Refineries,75
3966,-32.04,-52.09,2009,SOX,EPA,0.00796013218,0.00796013218,0.00796013218,Refineries,75
3967,-32.04,-52.09,2010,SOX,EPA,0.00821724904,0.00821724904,0.00821724904,Refineries,75
3968,-32.04,-52.09,2011,SOX,EPA,0.0087833746,0.0087833746,0.0087833746,Refineries,75
3969,-32.04,-52.09,2012,SOX,EPA,0.00935338404,0.00935338404,0.00935338404,Refineries,75
3970,-32.04,-52.09,2013,SOX,EPA,0.00912307396,0.00912307396,0.00912307396,Refineries,75
3971,-32.04,-52.09,2014,SOX,EPA,0.00779924145,0.00779924145,0.00779924145,Refineries,75
3972,-32.04,-52.09,2015,SOX,EPA,0.00570417848,0.00570417848,0.00570417848,Refineries,75
3973,-32.04,-52.09,2016,SOX,EPA,0.00810325516,0.00810325516,0.00810325516,Refineries,75
3974,-32.04,-52.09,2017,SOX,EPA,0.00846931085,0.00846931085,0.00846931085,Refineries,75
3975,-32.04,-52.09,2018,SOX,EPA,0.00837085249,0.00837085249,0.00837085249,Refineries,75
3976,-32.04,-52.09,2019,SOX,EPA,0.00898042145,0.00898042145,0.00898042145,Refineries,75
3977,-32.04,-52.09,2020,SOX,EPA,0.00701041341,0.00701041341,0.00701041341,Refineries,75
3978,-32.04,-52.09,2021,SOX,EPA,0.00653765112,0.00653765112,0.00653765112,Refineries,75
3979,-32.04,-52.09,2022,SOX,EPA,0.00692897205,0.00692897205,0.00692897205,Refineries,75
3980,-32.04,-52.09,2023,SOX,EPA,0.00145111967,0.00145111967,0.00145111967,Refineries,75
3981,-12.71,-38.57,1990,SOX,EPA,0.07207197998,0.07207197998,0.07207197998,Refineries,75
3982,-12.71,-38.57,1991,SOX,EPA,0.06432449023,0.06432449023,0.06432449023,Refineries,75
3983,-12.71,-38.57,1992,SOX,EPA,0.07469396935,0.07469396935,0.07469396935,Refineries,75
3984,-12.71,-38.57,1993,SOX,EPA,0.07296783494,0.07296783494,0.07296783494,Refineries,75
3985,-12.71,-38.57,1994,SOX,EPA,0.06799841048,0.06799841048,0.06799841048,Refineries,75
3986,-12.71,-38.57,1995,SOX,EPA,0.06812319514,0.06812319514,0.06812319514,Refineries,75
3987,-12.71,-38.57,1996,SOX,EPA,0.0640110471,0.0640110471,0.0640110471,Refineries,75
3988,-12.71,-38.57,1997,SOX,EPA,0.07094639552,0.07094639552,0.07094639552,Refineries,75
3989,-12.71,-38.57,1998,SOX,EPA,0.10040807777,0.10040807777,0.10040807777,Refineries,75
3990,-12.71,-38.57,1999,SOX,EPA,0.11185168995,0.11185168995,0.11185168995,Refineries,75
3991,-12.71,-38.57,2000,SOX,EPA,0.09950345405,0.09950345405,0.09950345405,Refineries,75
3992,-12.71,-38.57,2001,SOX,EPA,0.12076829765,0.12076829765,0.12076829765,Refineries,75
3993,-12.71,-38.57,2002,SOX,EPA,0.1180696517,0.1180696517,0.1180696517,Refineries,75
3994,-12.71,-38.57,2003,SOX,EPA,0.11218018812,0.11218018812,0.11218018812,Refineries,75
3995,-12.71,-38.57,2004,SOX,EPA,0.13638035411,0.13638035411,0.13638035411,Refineries,75
3996,-12.71,-38.57,2005,SOX,EPA,0.14287189917,0.14287189917,0.14287189917,Refineries,75
3997,-12.71,-38.57,2006,SOX,EPA,0.15099837753,0.15099837753,0.15099837753,Refineries,75
3998,-12.71,-38.57,2007,SOX,EPA,0.15051558522,0.15051558522,0.15051558522,Refineries,75
3999,-12.71,-38.57,2008,SOX,EPA,0.148420272,0.148420272,0.148420272,Refineries,75
4000,-12.71,-38.57,2009,SOX,EPA,0.12845481649,0.12845481649,0.12845481649,Refineries,75
4001,-12.71,-38.57,2010,SOX,EPA,0.14581828261,0.14581828261,0.14581828261,Refineries,75
4002,-12.71,-38.57,2011,SOX,EPA,0.13853514675,0.13853514675,0.13853514675,Refineries,75
4003,-12.71,-38.57,2012,SOX,EPA,0.13861485638,0.13861485638,0.13861485638,Refineries,75
4004,-12.71,-38.57,2013,SOX,EPA,0.16275895636,0.16275895636,0.16275895636,Refineries,75
4005,-12.71,-38.57,2014,SOX,EPA,0.17502503018,0.17502503018,0.17502503018,Refineries,75
4006,-12.71,-38.57,2015,SOX,EPA,0.15149592458,0.15149592458,0.15149592458,Refineries,75
4007,-12.71,-38.57,2016,SOX,EPA,0.13559980434,0.13559980434,0.13559980434,Refineries,75
4008,-12.71,-38.57,2017,SOX,EPA,0.12666235582,0.12666235582,0.12666235582,Refineries,75
4009,-12.71,-38.57,2018,SOX,EPA,0.12650001364,0.12650001364,0.12650001364,Refineries,75
4010,-12.71,-38.57,2019,SOX,EPA,0.13125369257,0.13125369257,0.13125369257,Refineries,75
4011,-12.71,-38.57,2020,SOX,EPA,0.14460381936,0.14460381936,0.14460381936,Refineries,75
4012,-12.71,-38.57,2021,SOX,EPA,0.11995370387,0.11995370387,0.11995370387,Refineries,75
4013,-12.71,-38.57,2022,SOX,EPA,0.14475514053,0.14475514053,0.14475514053,Refineries,75
4014,-23.87,-46.44,1990,SOX,EPA,0.0586791205,0.0586791205,0.0586791205,Refineries,75
4015,-23.87,-46.44,1991,SOX,EPA,0.06204397199,0.06204397199,0.06204397199,Refineries,75
4016,-23.87,-46.44,1992,SOX,EPA,0.06236638408,0.06236638408,0.06236638408,Refineries,75
4017,-23.87,-46.44,1993,SOX,EPA,0.06115227118,0.06115227118,0.06115227118,Refineries,75
4018,-23.87,-46.44,1994,SOX,EPA,0.06959318366,0.06959318366,0.06959318366,Refineries,75
4019,-23.87,-46.44,1995,SOX,EPA,0.07735841113,0.07735841113,0.07735841113,Refineries,75
4020,-23.87,-46.44,1996,SOX,EPA,0.07594620033,0.07594620033,0.07594620033,Refineries,75
4021,-23.87,-46.44,1997,SOX,EPA,0.08289374093,0.08289374093,0.08289374093,Refineries,75
4022,-23.87,-46.44,1998,SOX,EPA,0.08122681567,0.08122681567,0.08122681567,Refineries,75
4023,-23.87,-46.44,1999,SOX,EPA,0.09134809684,0.09134809684,0.09134809684,Refineries,75
4024,-23.87,-46.44,2000,SOX,EPA,0.0919835917,0.0919835917,0.0919835917,Refineries,75
4025,-23.87,-46.44,2001,SOX,EPA,0.08977529561,0.08977529561,0.08977529561,Refineries,75
4026,-23.87,-46.44,2002,SOX,EPA,0.08877503635,0.08877503635,0.08877503635,Refineries,75
4027,-23.87,-46.44,2003,SOX,EPA,0.09536440914,0.09536440914,0.09536440914,Refineries,75
4028,-23.87,-46.44,2004,SOX,EPA,0.09018015006,0.09018015006,0.09018015006,Refineries,75
4029,-23.87,-46.44,2005,SOX,EPA,0.0919780862,0.0919780862,0.0919780862,Refineries,75
4030,-23.87,-46.44,2006,SOX,EPA,0.09515484979,0.09515484979,0.09515484979,Refineries,75
4031,-23.87,-46.44,2007,SOX,EPA,0.08928200281,0.08928200281,0.08928200281,Refineries,75
4032,-23.87,-46.44,2008,SOX,EPA,0.09812617815,0.09812617815,0.09812617815,Refineries,75
4033,-23.87,-46.44,2009,SOX,EPA,0.09640617987,0.09640617987,0.09640617987,Refineries,75
4034,-23.87,-46.44,2010,SOX,EPA,0.09324829514,0.09324829514,0.09324829514,Refineries,75
4035,-23.87,-46.44,2011,SOX,EPA,0.08814971165,0.08814971165,0.08814971165,Refineries,75
4036,-23.87,-46.44,2012,SOX,EPA,0.0913054142,0.0913054142,0.0913054142,Refineries,75
4037,-23.87,-46.44,2013,SOX,EPA,0.10210100901,0.10210100901,0.10210100901,Refineries,75
4038,-23.87,-46.44,2014,SOX,EPA,0.103034932,0.103034932,0.103034932,Refineries,75
4039,-23.87,-46.44,2015,SOX,EPA,0.09144836701,0.09144836701,0.09144836701,Refineries,75
4040,-23.87,-46.44,2016,SOX,EPA,0.08295676389,0.08295676389,0.08295676389,Refineries,75
4041,-23.87,-46.44,2017,SOX,EPA,0.0840533694,0.0840533694,0.0840533694,Refineries,75
4042,-23.87,-46.44,2018,SOX,EPA,0.0832348517,0.0832348517,0.0832348517,Refineries,75
4043,-23.87,-46.44,2019,SOX,EPA,0.07740707975,0.07740707975,0.07740707975,Refineries,75
4044,-23.87,-46.44,2020,SOX,EPA,0.08355057711,0.08355057711,0.08355057711,Refineries,75
4045,-23.87,-46.44,2021,SOX,EPA,0.08704507812,0.08704507812,0.08704507812,Refineries,75
4046,-23.87,-46.44,2022,SOX,EPA,0.10121226115,0.10121226115,0.10121226115,Refineries,75
4047,-23.87,-46.44,2023,SOX,EPA,0.01500947448,0.01500947448,0.01500947448,Refineries,75
4048,-5.13,-36.38,1990,SOX,EPA,0,0,0,Refineries,75
4049,-5.13,-36.38,1991,SOX,EPA,0,0,0,Refineries,75
4050,-5.13,-36.38,1992,SOX,EPA,0,0,0,Refineries,75
4051,-5.13,-36.38,1993,SOX,EPA,0,0,0,Refineries,75
4052,-5.13,-36.38,1994,SOX,EPA,0,0,0,Refineries,75
4053,-5.13,-36.38,1995,SOX,EPA,0,0,0,Refineries,75
4054,-5.13,-36.38,1996,SOX,EPA,0,0,0,Refineries,75
4055,-5.13,-36.38,1997,SOX,EPA,0,0,0,Refineries,75
4056,-5.13,-36.38,1998,SOX,EPA,0,0,0,Refineries,75
4057,-5.13,-36.38,1999,SOX,EPA,0,0,0,Refineries,75
4058,-5.13,-36.38,2000,SOX,EPA,0.00193205012,0.00193205012,0.00193205012,Refineries,75
4059,-5.13,-36.38,2001,SOX,EPA,0.00174721547,0.00174721547,0.00174721547,Refineries,75
4060,-5.13,-36.38,2002,SOX,EPA,0.0021876855,0.0021876855,0.0021876855,Refineries,75
4061,-5.13,-36.38,2003,SOX,EPA,0.0022956934,0.0022956934,0.0022956934,Refineries,75
4062,-5.13,-36.38,2004,SOX,EPA,0.00249774525,0.00249774525,0.00249774525,Refineries,75
4063,-5.13,-36.38,2005,SOX,EPA,0.00378902524,0.00378902524,0.00378902524,Refineries,75
4064,-5.13,-36.38,2006,SOX,EPA,0.0052631579,0.0052631579,0.0052631579,Refineries,75
4065,-5.13,-36.38,2007,SOX,EPA,0.00561235675,0.00561235675,0.00561235675,Refineries,75
4066,-5.13,-36.38,2008,SOX,EPA,0.00564280717,0.00564280717,0.00564280717,Refineries,75
4067,-5.13,-36.38,2009,SOX,EPA,0.00807845038,0.00807845038,0.00807845038,Refineries,75
4068,-5.13,-36.38,2010,SOX,EPA,0.0190232042,0.0190232042,0.0190232042,Refineries,75
4069,-5.13,-36.38,2011,SOX,EPA,0.0199124926,0.0199124926,0.0199124926,Refineries,75
4070,-5.13,-36.38,2012,SOX,EPA,0.02123587466,0.02123587466,0.02123587466,Refineries,75
4071,-5.13,-36.38,2013,SOX,EPA,0.02165054892,0.02165054892,0.02165054892,Refineries,75
4072,-5.13,-36.38,2014,SOX,EPA,0.0220074855,0.0220074855,0.0220074855,Refineries,75
4073,-5.13,-36.38,2015,SOX,EPA,0.01970429461,0.01970429461,0.01970429461,Refineries,75
4074,-5.13,-36.38,2016,SOX,EPA,0.01944539597,0.01944539597,0.01944539597,Refineries,75
4075,-5.13,-36.38,2017,SOX,EPA,0.01924439517,0.01924439517,0.01924439517,Refineries,75
4076,-5.13,-36.38,2018,SOX,EPA,0.01801515716,0.01801515716,0.01801515716,Refineries,75
4077,-5.13,-36.38,2019,SOX,EPA,0.0184012829,0.0184012829,0.0184012829,Refineries,75
4078,-5.13,-36.38,2020,SOX,EPA,0.01677802126,0.01677802126,0.01677802126,Refineries,75
4079,-5.13,-36.38,2021,SOX,EPA,0.01652615965,0.01652615965,0.01652615965,Refineries,75
4080,-5.13,-36.38,2022,SOX,EPA,0.01404300898,0.01404300898,0.01404300898,Refineries,75
4081,-5.13,-36.38,2023,SOX,EPA,0.00246632386,0.00246632386,0.00246632386,Refineries,75
4082,-23.14,-47.02,1990,SOX,EPA,0,0,0,Refineries,75
4083,-23.14,-47.02,1991,SOX,EPA,0,0,0,Refineries,75
4084,-23.14,-47.02,1992,SOX,EPA,0,0,0,Refineries,75
4085,-23.14,-47.02,1993,SOX,EPA,0,0,0,Refineries,75
4086,-23.14,-47.02,1994,SOX,EPA,0,0,0,Refineries,75
4087,-23.14,-47.02,1995,SOX,EPA,0,0,0,Refineries,75
4088,-23.14,-47.02,1996,SOX,EPA,0,0,0,Refineries,75
4089,-23.14,-47.02,1997,SOX,EPA,0,0,0,Refineries,75
4090,-23.14,-47.02,1998,SOX,EPA,0,0,0,Refineries,75
4091,-23.14,-47.02,1999,SOX,EPA,0,0,0,Refineries,75
4092,-23.14,-47.02,2000,SOX,EPA,0,0,0,Refineries,75
4093,-23.14,-47.02,2001,SOX,EPA,0,0,0,Refineries,75
4094,-23.14,-47.02,2002,SOX,EPA,0,0,0,Refineries,75
4095,-23.14,-47.02,2003,SOX,EPA,0,0,0,Refineries,75
4096,-23.14,-47.02,2004,SOX,EPA,0,0,0,Refineries,75
4097,-23.14,-47.02,2005,SOX,EPA,0,0,0,Refineries,75
4098,-23.14,-47.02,2006,SOX,EPA,0.00158021864,0.00158021864,0.00158021864,Refineries,75
4099,-23.14,-47.02,2007,SOX,EPA,0.00295013719,0.00295013719,0.00295013719,Refineries,75
4100,-23.14,-47.02,2008,SOX,EPA,0.001179178,0.001179178,0.001179178,Refineries,75
4101,-23.14,-47.02,2009,SOX,EPA,0.00399715316,0.00399715316,0.00399715316,Refineries,75
4102,-23.14,-47.02,2010,SOX,EPA,0.00498542044,0.00498542044,0.00498542044,Refineries,75
4103,-23.14,-47.02,2011,SOX,EPA,0.00303233931,0.00303233931,0.00303233931,Refineries,75
4104,-23.14,-47.02,2012,SOX,EPA,0.00045906861,0.00045906861,0.00045906861,Refineries,75
4105,-23.14,-47.02,2013,SOX,EPA,3.725722e-05,3.725722e-05,3.725722e-05,Refineries,75
4106,-23.14,-47.02,2014,SOX,EPA,1.03103e-05,1.03103e-05,1.03103e-05,Refineries,75
4107,-23.14,-47.02,2015,SOX,EPA,0,0,0,Refineries,75
4108,-23.14,-47.02,2016,SOX,EPA,0,0,0,Refineries,75
4109,-23.14,-47.02,2017,SOX,EPA,0,0,0,Refineries,75
4110,-23.14,-47.02,2018,SOX,EPA,0,0,0,Refineries,75
4111,-23.14,-47.02,2019,SOX,EPA,0,0,0,Refineries,75
4112,-23.14,-47.02,2020,SOX,EPA,0,0,0,Refineries,75
4113,-23.14,-47.02,2021,SOX,EPA,0,0,0,Refineries,75
4114,-23.14,-47.02,2022,SOX,EPA,0,0,0,Refineries,75
4115,-23.14,-47.02,2023,SOX,EPA,0,0,0,Refineries,75
4116,-8.38,-35.01,1990,SOX,EPA,0,0,0,Refineries,75
4117,-8.38,-35.01,1991,SOX,EPA,0,0,0,Refineries,75
4118,-8.38,-35.01,1992,SOX,EPA,0,0,0,Refineries,75
4119,-8.38,-35.01,1993,SOX,EPA,0,0,0,Refineries,75
4120,-8.38,-35.01,1994,SOX,EPA,0,0,0,Refineries,75
4121,-8.38,-35.01,1995,SOX,EPA,0,0,0,Refineries,75
4122,-8.38,-35.01,1996,SOX,EPA,0,0,0,Refineries,75
4123,-8.38,-35.01,1997,SOX,EPA,0,0,0,Refineries,75
4124,-8.38,-35.01,1998,SOX,EPA,0,0,0,Refineries,75
4125,-8.38,-35.01,1999,SOX,EPA,0,0,0,Refineries,75
4126,-8.38,-35.01,2000,SOX,EPA,0,0,0,Refineries,75
4127,-8.38,-35.01,2001,SOX,EPA,0,0,0,Refineries,75
4128,-8.38,-35.01,2002,SOX,EPA,0,0,0,Refineries,75
4129,-8.38,-35.01,2003,SOX,EPA,0,0,0,Refineries,75
4130,-8.38,-35.01,2004,SOX,EPA,0,0,0,Refineries,75
4131,-8.38,-35.01,2005,SOX,EPA,0,0,0,Refineries,75
4132,-8.38,-35.01,2006,SOX,EPA,0,0,0,Refineries,75
4133,-8.38,-35.01,2007,SOX,EPA,0,0,0,Refineries,75
4134,-8.38,-35.01,2008,SOX,EPA,0,0,0,Refineries,75
4135,-8.38,-35.01,2009,SOX,EPA,0,0,0,Refineries,75
4136,-8.38,-35.01,2010,SOX,EPA,0,0,0,Refineries,75
4137,-8.38,-35.01,2011,SOX,EPA,0,0,0,Refineries,75
4138,-8.38,-35.01,2012,SOX,EPA,0,0,0,Refineries,75
4139,-8.38,-35.01,2013,SOX,EPA,0,0,0,Refineries,75
4140,-8.38,-35.01,2014,SOX,EPA,0.00203632429,0.00203632429,0.00203632429,Refineries,75
4141,-8.38,-35.01,2015,SOX,EPA,0.03680333657,0.03680333657,0.03680333657,Refineries,75
4142,-8.38,-35.01,2016,SOX,EPA,0.04984992012,0.04984992012,0.04984992012,Refineries,75
4143,-8.38,-35.01,2017,SOX,EPA,0.04380772396,0.04380772396,0.04380772396,Refineries,75
4144,-8.38,-35.01,2018,SOX,EPA,0.04576200629,0.04576200629,0.04576200629,Refineries,75
4145,-8.38,-35.01,2019,SOX,EPA,0.04835913082,0.04835913082,0.04835913082,Refineries,75
4146,-8.38,-35.01,2020,SOX,EPA,0.05913103196,0.05913103196,0.05913103196,Refineries,75
4147,-8.38,-35.01,2021,SOX,EPA,0.04036113081,0.04036113081,0.04036113081,Refineries,75
4148,-8.38,-35.01,2022,SOX,EPA,0.04245273032,0.04245273032,0.04245273032,Refineries,75
4149,-8.38,-35.01,2023,SOX,EPA,0.00746368623,0.00746368623,0.00746368623,Refineries,75
4150,-21.37,-50.28,2000,SOX,EPA,0,0,0,Refineries,75
4151,-21.37,-50.28,2001,SOX,EPA,0,0,0,Refineries,75
4152,-21.37,-50.28,2002,SOX,EPA,0,0,0,Refineries,75
4153,-21.37,-50.28,2003,SOX,EPA,0,0,0,Refineries,75
4154,-21.37,-50.28,2004,SOX,EPA,0,0,0,Refineries,75
4155,-21.37,-50.28,2005,SOX,EPA,0,0,0,Refineries,75
4156,-21.37,-50.28,2006,SOX,EPA,0,0,0,Refineries,75
4157,-21.37,-50.28,2007,SOX,EPA,0,0,0,Refineries,75
4158,-21.37,-50.28,2008,SOX,EPA,0,0,0,Refineries,75
4159,-21.37,-50.28,2009,SOX,EPA,0,0,0,Refineries,75
4160,-21.37,-50.28,2010,SOX,EPA,0,0,0,Refineries,75
4161,-21.37,-50.28,2011,SOX,EPA,0,0,0,Refineries,75
4162,-21.37,-50.28,2012,SOX,EPA,0,0,0,Refineries,75
4163,-21.37,-50.28,2013,SOX,EPA,0,0,0,Refineries,75
4164,-21.37,-50.28,2014,SOX,EPA,0,0,0,Refineries,75
4165,-21.37,-50.28,2015,SOX,EPA,0,0,0,Refineries,75
4166,-21.37,-50.28,2016,SOX,EPA,0,0,0,Refineries,75
4167,-21.37,-50.28,2017,SOX,EPA,0,0,0,Refineries,75
4168,-21.37,-50.28,2018,SOX,EPA,0,0,0,Refineries,75
4169,-21.37,-50.28,2019,SOX,EPA,0,0,0,Refineries,75
4170,-21.37,-50.28,2020,SOX,EPA,0,0,0,Refineries,75
4171,-21.37,-50.28,2021,SOX,EPA,0,0,0,Refineries,75
4172,-21.37,-50.28,2022,SOX,EPA,0.00010479469,0.00010479469,0.00010479469,Refineries,75
4173,-21.37,-50.28,2023,SOX,EPA,3.6036e-06,3.6036e-06,3.6036e-06,Refineries,75
4174,-12.62,-38.09,1990,CO,EPA,0,0,0,Refineries,75
4175,-12.62,-38.09,1991,CO,EPA,0,0,0,Refineries,75
4176,-12.62,-38.09,1992,CO,EPA,0,0,0,Refineries,75
4177,-12.62,-38.09,1993,CO,EPA,0,0,0,Refineries,75
4178,-12.62,-38.09,1994,CO,EPA,0,0,0,Refineries,75
4179,-12.62,-38.09,1995,CO,EPA,0.00092734356,0.00092734356,0.00092734356,Refineries,75
4180,-12.62,-38.09,1996,CO,EPA,0,0,0,Refineries,75
4181,-12.62,-38.09,1997,CO,EPA,0,0,0,Refineries,75
4182,-12.62,-38.09,1998,CO,EPA,0,0,0,Refineries,75
4183,-12.62,-38.09,1999,CO,EPA,0,0,0,Refineries,75
4184,-12.62,-38.09,2000,CO,EPA,0,0,0,Refineries,75
4185,-12.62,-38.09,2001,CO,EPA,0,0,0,Refineries,75
4186,-12.62,-38.09,2002,CO,EPA,0,0,0,Refineries,75
4187,-12.62,-38.09,2003,CO,EPA,0,0,0,Refineries,75
4188,-12.62,-38.09,2004,CO,EPA,0,0,0,Refineries,75
4189,-12.62,-38.09,2005,CO,EPA,0,0,0,Refineries,75
4190,-12.62,-38.09,2006,CO,EPA,0,0,0,Refineries,75
4191,-12.62,-38.09,2007,CO,EPA,0,0,0,Refineries,75
4192,-12.62,-38.09,2008,CO,EPA,0,0,0,Refineries,75
4193,-12.62,-38.09,2009,CO,EPA,1.078428e-05,1.078428e-05,1.078428e-05,Refineries,75
4194,-12.62,-38.09,2010,CO,EPA,4.203108e-05,4.203108e-05,4.203108e-05,Refineries,75
4195,-12.62,-38.09,2011,CO,EPA,9.689004e-05,9.689004e-05,9.689004e-05,Refineries,75
4196,-12.62,-38.09,2012,CO,EPA,0.00014261208,0.00014261208,0.00014261208,Refineries,75
4197,-12.62,-38.09,2013,CO,EPA,0.0001116024,0.0001116024,0.0001116024,Refineries,75
4198,-12.62,-38.09,2014,CO,EPA,7.236372e-05,7.236372e-05,7.236372e-05,Refineries,75
4199,-12.62,-38.09,2015,CO,EPA,7.897344e-05,7.897344e-05,7.897344e-05,Refineries,75
4200,-12.62,-38.09,2016,CO,EPA,7.837752e-05,7.837752e-05,7.837752e-05,Refineries,75
4201,-12.62,-38.09,2017,CO,EPA,0.00011036844,0.00011036844,0.00011036844,Refineries,75
4202,-12.62,-38.09,2018,CO,EPA,0.00012105756,0.00012105756,0.00012105756,Refineries,75
4203,-12.62,-38.09,2019,CO,EPA,0.00015639156,0.00015639156,0.00015639156,Refineries,75
4204,-12.62,-38.09,2020,CO,EPA,0.00019506864,0.00019506864,0.00019506864,Refineries,75
4205,-12.62,-38.09,2021,CO,EPA,0.00019149,0.00019149,0.00019149,Refineries,75
4206,-12.62,-38.09,2022,CO,EPA,0.0002225262,0.0002225262,0.0002225262,Refineries,75
4207,-12.62,-38.09,2023,CO,EPA,3.83916e-05,3.83916e-05,3.83916e-05,Refineries,75
4208,-3.72,-38.47,1990,CO,EPA,0.00038049648,0.00038049648,0.00038049648,Refineries,75
4209,-3.72,-38.47,1991,CO,EPA,0.0003696654,0.0003696654,0.0003696654,Refineries,75
4210,-3.72,-38.47,1992,CO,EPA,0.0004173078,0.0004173078,0.0004173078,Refineries,75
4211,-3.72,-38.47,1993,CO,EPA,0.00041819856,0.00041819856,0.00041819856,Refineries,75
4212,-3.72,-38.47,1994,CO,EPA,0.0003801018,0.0003801018,0.0003801018,Refineries,75
4213,-3.72,-38.47,1995,CO,EPA,0.00043036188,0.00043036188,0.00043036188,Refineries,75
4214,-3.72,-38.47,1996,CO,EPA,0.00133523208,0.00133523208,0.00133523208,Refineries,75
4215,-3.72,-38.47,1997,CO,EPA,0.00038466012,0.00038466012,0.00038466012,Refineries,75
4216,-3.72,-38.47,1998,CO,EPA,0.00053417052,0.00053417052,0.00053417052,Refineries,75
4217,-3.72,-38.47,1999,CO,EPA,0.00050784552,0.00050784552,0.00050784552,Refineries,75
4218,-3.72,-38.47,2000,CO,EPA,0.00048245184,0.00048245184,0.00048245184,Refineries,75
4219,-3.72,-38.47,2001,CO,EPA,0.00051215736,0.00051215736,0.00051215736,Refineries,75
4220,-3.72,-38.47,2002,CO,EPA,0.0005969184,0.0005969184,0.0005969184,Refineries,75
4221,-3.72,-38.47,2003,CO,EPA,0.00038505792,0.00038505792,0.00038505792,Refineries,75
4222,-3.72,-38.47,2004,CO,EPA,0.00040102764,0.00040102764,0.00040102764,Refineries,75
4223,-3.72,-38.47,2005,CO,EPA,0.0004199364,0.0004199364,0.0004199364,Refineries,75
4224,-3.72,-38.47,2006,CO,EPA,0.00060101964,0.00060101964,0.00060101964,Refineries,75
4225,-3.72,-38.47,2007,CO,EPA,0.00056025372,0.00056025372,0.00056025372,Refineries,75
4226,-3.72,-38.47,2008,CO,EPA,0.00056201808,0.00056201808,0.00056201808,Refineries,75
4227,-3.72,-38.47,2009,CO,EPA,0.00054740712,0.00054740712,0.00054740712,Refineries,75
4228,-3.72,-38.47,2010,CO,EPA,0.00071921928,0.00071921928,0.00071921928,Refineries,75
4229,-3.72,-38.47,2011,CO,EPA,0.00063184212,0.00063184212,0.00063184212,Refineries,75
4230,-3.72,-38.47,2012,CO,EPA,0.00071240676,0.00071240676,0.00071240676,Refineries,75
4231,-3.72,-38.47,2013,CO,EPA,0.00076153584,0.00076153584,0.00076153584,Refineries,75
4232,-3.72,-38.47,2014,CO,EPA,0.00080973516,0.00080973516,0.00080973516,Refineries,75
4233,-3.72,-38.47,2015,CO,EPA,0.00076724388,0.00076724388,0.00076724388,Refineries,75
4234,-3.72,-38.47,2016,CO,EPA,0.0008149908,0.0008149908,0.0008149908,Refineries,75
4235,-3.72,-38.47,2017,CO,EPA,0.0006921876,0.0006921876,0.0006921876,Refineries,75
4236,-3.72,-38.47,2018,CO,EPA,0.00073419372,0.00073419372,0.00073419372,Refineries,75
4237,-3.72,-38.47,2019,CO,EPA,0.00064301016,0.00064301016,0.00064301016,Refineries,75
4238,-3.72,-38.47,2020,CO,EPA,0.00076772748,0.00076772748,0.00076772748,Refineries,75
4239,-3.72,-38.47,2021,CO,EPA,0.00069958356,0.00069958356,0.00069958356,Refineries,75
4240,-3.72,-38.47,2022,CO,EPA,0.00078966108,0.00078966108,0.00078966108,Refineries,75
4241,-3.72,-38.47,2023,CO,EPA,0.00013054548,0.00013054548,0.00013054548,Refineries,75
4242,-22.89,-43.24,1990,CO,EPA,0.00086951748,0.00086951748,0.00086951748,Refineries,75
4243,-22.89,-43.24,1991,CO,EPA,0.00079412112,0.00079412112,0.00079412112,Refineries,75
4244,-22.89,-43.24,1992,CO,EPA,0.00090975144,0.00090975144,0.00090975144,Refineries,75
4245,-22.89,-43.24,1993,CO,EPA,0.00089760372,0.00089760372,0.00089760372,Refineries,75
4246,-22.89,-43.24,1994,CO,EPA,0.00089532456,0.00089532456,0.00089532456,Refineries,75
4247,-22.89,-43.24,1995,CO,EPA,0.00090634284,0.00090634284,0.00090634284,Refineries,75
4248,-22.89,-43.24,1996,CO,EPA,0.00090659244,0.00090659244,0.00090659244,Refineries,75
4249,-22.89,-43.24,1997,CO,EPA,0.0008856588,0.0008856588,0.0008856588,Refineries,75
4250,-22.89,-43.24,1998,CO,EPA,0.00085053696,0.00085053696,0.00085053696,Refineries,75
4251,-22.89,-43.24,1999,CO,EPA,0.00101203908,0.00101203908,0.00101203908,Refineries,75
4252,-22.89,-43.24,2000,CO,EPA,0.00106506816,0.00106506816,0.00106506816,Refineries,75
4253,-22.89,-43.24,2001,CO,EPA,0.00127700352,0.00127700352,0.00127700352,Refineries,75
4254,-22.89,-43.24,2002,CO,EPA,0.00117854568,0.00117854568,0.00117854568,Refineries,75
4255,-22.89,-43.24,2003,CO,EPA,0.001326897,0.001326897,0.001326897,Refineries,75
4256,-22.89,-43.24,2004,CO,EPA,0.00129500904,0.00129500904,0.00129500904,Refineries,75
4257,-22.89,-43.24,2005,CO,EPA,0.00058773468,0.00058773468,0.00058773468,Refineries,75
4258,-22.89,-43.24,2006,CO,EPA,0,0,0,Refineries,75
4259,-22.89,-43.24,2007,CO,EPA,0,0,0,Refineries,75
4260,-22.89,-43.24,2008,CO,EPA,0,0,0,Refineries,75
4261,-22.89,-43.24,2009,CO,EPA,0,0,0,Refineries,75
4262,-22.89,-43.24,2010,CO,EPA,0.0005514132,0.0005514132,0.0005514132,Refineries,75
4263,-22.89,-43.24,2011,CO,EPA,0.0009134424,0.0009134424,0.0009134424,Refineries,75
4264,-22.89,-43.24,2012,CO,EPA,0.00094763136,0.00094763136,0.00094763136,Refineries,75
4265,-22.89,-43.24,2013,CO,EPA,2.503488e-05,2.503488e-05,2.503488e-05,Refineries,75
4266,-22.89,-43.24,2014,CO,EPA,0.0002452008,0.0002452008,0.0002452008,Refineries,75
4267,-22.89,-43.24,2015,CO,EPA,0.00061381944,0.00061381944,0.00061381944,Refineries,75
4268,-22.89,-43.24,2016,CO,EPA,0.00071920992,0.00071920992,0.00071920992,Refineries,75
4269,-22.89,-43.24,2017,CO,EPA,0.00037003512,0.00037003512,0.00037003512,Refineries,75
4270,-22.89,-43.24,2018,CO,EPA,0.00030956016,0.00030956016,0.00030956016,Refineries,75
4271,-22.89,-43.24,2019,CO,EPA,0.00070485168,0.00070485168,0.00070485168,Refineries,75
4272,-22.89,-43.24,2020,CO,EPA,0.00081721224,0.00081721224,0.00081721224,Refineries,75
4273,-22.89,-43.24,2021,CO,EPA,0.00077132172,0.00077132172,0.00077132172,Refineries,75
4274,-22.89,-43.24,2022,CO,EPA,0.0008568144,0.0008568144,0.0008568144,Refineries,75
4275,-22.89,-43.24,2023,CO,EPA,0.00011648832,0.00011648832,0.00011648832,Refineries,75
4276,-23.64,-46.48,1990,CO,EPA,0.00209629212,0.00209629212,0.00209629212,Refineries,75
4277,-23.64,-46.48,1991,CO,EPA,0.00227239584,0.00227239584,0.00227239584,Refineries,75
4278,-23.64,-46.48,1992,CO,EPA,0.00249422628,0.00249422628,0.00249422628,Refineries,75
4279,-23.64,-46.48,1993,CO,EPA,0.0030157608,0.0030157608,0.0030157608,Refineries,75
4280,-23.64,-46.48,1994,CO,EPA,0.0028631772,0.0028631772,0.0028631772,Refineries,75
4281,-23.64,-46.48,1995,CO,EPA,0.0034359156,0.0034359156,0.0034359156,Refineries,75
4282,-23.64,-46.48,1996,CO,EPA,0.0034975044,0.0034975044,0.0034975044,Refineries,75
4283,-23.64,-46.48,1997,CO,EPA,0.0040253928,0.0040253928,0.0040253928,Refineries,75
4284,-23.64,-46.48,1998,CO,EPA,0.00408746988,0.00408746988,0.00408746988,Refineries,75
4285,-23.64,-46.48,1999,CO,EPA,0.00318164808,0.00318164808,0.00318164808,Refineries,75
4286,-23.64,-46.48,2000,CO,EPA,0.00366628236,0.00366628236,0.00366628236,Refineries,75
4287,-23.64,-46.48,2001,CO,EPA,0.00418798224,0.00418798224,0.00418798224,Refineries,75
4288,-23.64,-46.48,2002,CO,EPA,0.00433224948,0.00433224948,0.00433224948,Refineries,75
4289,-23.64,-46.48,2003,CO,EPA,0.0039842868,0.0039842868,0.0039842868,Refineries,75
4290,-23.64,-46.48,2004,CO,EPA,0.00421549284,0.00421549284,0.00421549284,Refineries,75
4291,-23.64,-46.48,2005,CO,EPA,0.00325776516,0.00325776516,0.00325776516,Refineries,75
4292,-23.64,-46.48,2006,CO,EPA,0.00366344628,0.00366344628,0.00366344628,Refineries,75
4293,-23.64,-46.48,2007,CO,EPA,0.00376748424,0.00376748424,0.00376748424,Refineries,75
4294,-23.64,-46.48,2008,CO,EPA,0.004098432,0.004098432,0.004098432,Refineries,75
4295,-23.64,-46.48,2009,CO,EPA,0.00377506896,0.00377506896,0.00377506896,Refineries,75
4296,-23.64,-46.48,2010,CO,EPA,0.00330358236,0.00330358236,0.00330358236,Refineries,75
4297,-23.64,-46.48,2011,CO,EPA,0.00388786476,0.00388786476,0.00388786476,Refineries,75
4298,-23.64,-46.48,2012,CO,EPA,0.00483534636,0.00483534636,0.00483534636,Refineries,75
4299,-23.64,-46.48,2013,CO,EPA,0.00483924792,0.00483924792,0.00483924792,Refineries,75
4300,-23.64,-46.48,2014,CO,EPA,0.00492966552,0.00492966552,0.00492966552,Refineries,75
4301,-23.64,-46.48,2015,CO,EPA,0.00367016676,0.00367016676,0.00367016676,Refineries,75
4302,-23.64,-46.48,2016,CO,EPA,0.004917549,0.004917549,0.004917549,Refineries,75
4303,-23.64,-46.48,2017,CO,EPA,0.0045543654,0.0045543654,0.0045543654,Refineries,75
4304,-23.64,-46.48,2018,CO,EPA,0.00449862036,0.00449862036,0.00449862036,Refineries,75
4305,-23.64,-46.48,2019,CO,EPA,0.00450153444,0.00450153444,0.00450153444,Refineries,75
4306,-23.64,-46.48,2020,CO,EPA,0.00352068288,0.00352068288,0.00352068288,Refineries,75
4307,-23.64,-46.48,2021,CO,EPA,0.00489631584,0.00489631584,0.00489631584,Refineries,75
4308,-23.64,-46.48,2022,CO,EPA,0.00526816524,0.00526816524,0.00526816524,Refineries,75
4309,-23.64,-46.48,2023,CO,EPA,0.00071512272,0.00071512272,0.00071512272,Refineries,75
4310,-22.72,-43.27,1990,CO,EPA,0.01574959152,0.01574959152,0.01574959152,Refineries,75
4311,-22.72,-43.27,1991,CO,EPA,0.0163335588,0.0163335588,0.0163335588,Refineries,75
4312,-22.72,-43.27,1992,CO,EPA,0.0172092024,0.0172092024,0.0172092024,Refineries,75
4313,-22.72,-43.27,1993,CO,EPA,0.0155000742,0.0155000742,0.0155000742,Refineries,75
4314,-22.72,-43.27,1994,CO,EPA,0.01469148564,0.01469148564,0.01469148564,Refineries,75
4315,-22.72,-43.27,1995,CO,EPA,0.0127305828,0.0127305828,0.0127305828,Refineries,75
4316,-22.72,-43.27,1996,CO,EPA,0.01784372772,0.01784372772,0.01784372772,Refineries,75
4317,-22.72,-43.27,1997,CO,EPA,0.0153867714,0.0153867714,0.0153867714,Refineries,75
4318,-22.72,-43.27,1998,CO,EPA,0.01878865404,0.01878865404,0.01878865404,Refineries,75
4319,-22.72,-43.27,1999,CO,EPA,0.01901851692,0.01901851692,0.01901851692,Refineries,75
4320,-22.72,-43.27,2000,CO,EPA,0.01688091132,0.01688091132,0.01688091132,Refineries,75
4321,-22.72,-43.27,2001,CO,EPA,0.01740668904,0.01740668904,0.01740668904,Refineries,75
4322,-22.72,-43.27,2002,CO,EPA,0.01753459188,0.01753459188,0.01753459188,Refineries,75
4323,-22.72,-43.27,2003,CO,EPA,0.0178185852,0.0178185852,0.0178185852,Refineries,75
4324,-22.72,-43.27,2004,CO,EPA,0.0198526146,0.0198526146,0.0198526146,Refineries,75
4325,-22.72,-43.27,2005,CO,EPA,0.01938146184,0.01938146184,0.01938146184,Refineries,75
4326,-22.72,-43.27,2006,CO,EPA,0.0198781284,0.0198781284,0.0198781284,Refineries,75
4327,-22.72,-43.27,2007,CO,EPA,0.0190669674,0.0190669674,0.0190669674,Refineries,75
4328,-22.72,-43.27,2008,CO,EPA,0.02019879264,0.02019879264,0.02019879264,Refineries,75
4329,-22.72,-43.27,2009,CO,EPA,0.01894339512,0.01894339512,0.01894339512,Refineries,75
4330,-22.72,-43.27,2010,CO,EPA,0.02008580496,0.02008580496,0.02008580496,Refineries,75
4331,-22.72,-43.27,2011,CO,EPA,0.01968802524,0.01968802524,0.01968802524,Refineries,75
4332,-22.72,-43.27,2012,CO,EPA,0.0206331138,0.0206331138,0.0206331138,Refineries,75
4333,-22.72,-43.27,2013,CO,EPA,0.0220632906,0.0220632906,0.0220632906,Refineries,75
4334,-22.72,-43.27,2014,CO,EPA,0.0215484282,0.0215484282,0.0215484282,Refineries,75
4335,-22.72,-43.27,2015,CO,EPA,0.01818496992,0.01818496992,0.01818496992,Refineries,75
4336,-22.72,-43.27,2016,CO,EPA,0.01769133756,0.01769133756,0.01769133756,Refineries,75
4337,-22.72,-43.27,2017,CO,EPA,0.01626673776,0.01626673776,0.01626673776,Refineries,75
4338,-22.72,-43.27,2018,CO,EPA,0.01741613952,0.01741613952,0.01741613952,Refineries,75
4339,-22.72,-43.27,2019,CO,EPA,0.01739861448,0.01739861448,0.01739861448,Refineries,75
4340,-22.72,-43.27,2020,CO,EPA,0.01652832948,0.01652832948,0.01652832948,Refineries,75
4341,-22.72,-43.27,2021,CO,EPA,0.01709744868,0.01709744868,0.01709744868,Refineries,75
4342,-22.72,-43.27,2022,CO,EPA,0.01878742944,0.01878742944,0.01878742944,Refineries,75
4343,-22.72,-43.27,2023,CO,EPA,0.00336756108,0.00336756108,0.00336756108,Refineries,75
4344,-29.87,-51.17,1990,CO,EPA,0.00590946876,0.00590946876,0.00590946876,Refineries,75
4345,-29.87,-51.17,1991,CO,EPA,0.00513553248,0.00513553248,0.00513553248,Refineries,75
4346,-29.87,-51.17,1992,CO,EPA,0.00612921348,0.00612921348,0.00612921348,Refineries,75
4347,-29.87,-51.17,1993,CO,EPA,0.00685644336,0.00685644336,0.00685644336,Refineries,75
4348,-29.87,-51.17,1994,CO,EPA,0.00926224572,0.00926224572,0.00926224572,Refineries,75
4349,-29.87,-51.17,1995,CO,EPA,0.00884199108,0.00884199108,0.00884199108,Refineries,75
4350,-29.87,-51.17,1996,CO,EPA,0.0104065728,0.0104065728,0.0104065728,Refineries,75
4351,-29.87,-51.17,1997,CO,EPA,0.0093057276,0.0093057276,0.0093057276,Refineries,75
4352,-29.87,-51.17,1998,CO,EPA,0.01025127636,0.01025127636,0.01025127636,Refineries,75
4353,-29.87,-51.17,1999,CO,EPA,0.0107473782,0.0107473782,0.0107473782,Refineries,75
4354,-29.87,-51.17,2000,CO,EPA,0.01114863516,0.01114863516,0.01114863516,Refineries,75
4355,-29.87,-51.17,2001,CO,EPA,0.01041950364,0.01041950364,0.01041950364,Refineries,75
4356,-29.87,-51.17,2002,CO,EPA,0.00985391472,0.00985391472,0.00985391472,Refineries,75
4357,-29.87,-51.17,2003,CO,EPA,0.00951575352,0.00951575352,0.00951575352,Refineries,75
4358,-29.87,-51.17,2004,CO,EPA,0.00939779412,0.00939779412,0.00939779412,Refineries,75
4359,-29.87,-51.17,2005,CO,EPA,0.01082810976,0.01082810976,0.01082810976,Refineries,75
4360,-29.87,-51.17,2006,CO,EPA,0.010602384,0.010602384,0.010602384,Refineries,75
4361,-29.87,-51.17,2007,CO,EPA,0.01350082656,0.01350082656,0.01350082656,Refineries,75
4362,-29.87,-51.17,2008,CO,EPA,0.01324045788,0.01324045788,0.01324045788,Refineries,75
4363,-29.87,-51.17,2009,CO,EPA,0.01514904612,0.01514904612,0.01514904612,Refineries,75
4364,-29.87,-51.17,2010,CO,EPA,0.01351507716,0.01351507716,0.01351507716,Refineries,75
4365,-29.87,-51.17,2011,CO,EPA,0.01355775408,0.01355775408,0.01355775408,Refineries,75
4366,-29.87,-51.17,2012,CO,EPA,0.01422701904,0.01422701904,0.01422701904,Refineries,75
4367,-29.87,-51.17,2013,CO,EPA,0.01797079908,0.01797079908,0.01797079908,Refineries,75
4368,-29.87,-51.17,2014,CO,EPA,0.01744648152,0.01744648152,0.01744648152,Refineries,75
4369,-29.87,-51.17,2015,CO,EPA,0.01591011396,0.01591011396,0.01591011396,Refineries,75
4370,-29.87,-51.17,2016,CO,EPA,0.01378313508,0.01378313508,0.01378313508,Refineries,75
4371,-29.87,-51.17,2017,CO,EPA,0.01263663492,0.01263663492,0.01263663492,Refineries,75
4372,-29.87,-51.17,2018,CO,EPA,0.01249436916,0.01249436916,0.01249436916,Refineries,75
4373,-29.87,-51.17,2019,CO,EPA,0.01300701948,0.01300701948,0.01300701948,Refineries,75
4374,-29.87,-51.17,2020,CO,EPA,0.01230438768,0.01230438768,0.01230438768,Refineries,75
4375,-29.87,-51.17,2021,CO,EPA,0.0137503938,0.0137503938,0.0137503938,Refineries,75
4376,-29.87,-51.17,2022,CO,EPA,0.01495402272,0.01495402272,0.01495402272,Refineries,75
4377,-29.87,-51.17,2023,CO,EPA,0.00122828628,0.00122828628,0.00122828628,Refineries,75
4378,-19.97,-44.1,1990,CO,EPA,0.0115483602,0.0115483602,0.0115483602,Refineries,75
4379,-19.97,-44.1,1991,CO,EPA,0.01189249464,0.01189249464,0.01189249464,Refineries,75
4380,-19.97,-44.1,1992,CO,EPA,0.01154224344,0.01154224344,0.01154224344,Refineries,75
4381,-19.97,-44.1,1993,CO,EPA,0.01188738096,0.01188738096,0.01188738096,Refineries,75
4382,-19.97,-44.1,1994,CO,EPA,0.01162798572,0.01162798572,0.01162798572,Refineries,75
4383,-19.97,-44.1,1995,CO,EPA,0.01175656404,0.01175656404,0.01175656404,Refineries,75
4384,-19.97,-44.1,1996,CO,EPA,0.01030881852,0.01030881852,0.01030881852,Refineries,75
4385,-19.97,-44.1,1997,CO,EPA,0.01185548364,0.01185548364,0.01185548364,Refineries,75
4386,-19.97,-44.1,1998,CO,EPA,0.01095386136,0.01095386136,0.01095386136,Refineries,75
4387,-19.97,-44.1,1999,CO,EPA,0.01213007172,0.01213007172,0.01213007172,Refineries,75
4388,-19.97,-44.1,2000,CO,EPA,0.0118172106,0.0118172106,0.0118172106,Refineries,75
4389,-19.97,-44.1,2001,CO,EPA,0.01201248048,0.01201248048,0.01201248048,Refineries,75
4390,-19.97,-44.1,2002,CO,EPA,0.0113215518,0.0113215518,0.0113215518,Refineries,75
4391,-19.97,-44.1,2003,CO,EPA,0.01166774076,0.01166774076,0.01166774076,Refineries,75
4392,-19.97,-44.1,2004,CO,EPA,0.012120927,0.012120927,0.012120927,Refineries,75
4393,-19.97,-44.1,2005,CO,EPA,0.01205921184,0.01205921184,0.01205921184,Refineries,75
4394,-19.97,-44.1,2006,CO,EPA,0.01252719156,0.01252719156,0.01252719156,Refineries,75
4395,-19.97,-44.1,2007,CO,EPA,0.01210866228,0.01210866228,0.01210866228,Refineries,75
4396,-19.97,-44.1,2008,CO,EPA,0.01332752304,0.01332752304,0.01332752304,Refineries,75
4397,-19.97,-44.1,2009,CO,EPA,0.01301451684,0.01301451684,0.01301451684,Refineries,75
4398,-19.97,-44.1,2010,CO,EPA,0.01333498764,0.01333498764,0.01333498764,Refineries,75
4399,-19.97,-44.1,2011,CO,EPA,0.01207019424,0.01207019424,0.01207019424,Refineries,75
4400,-19.97,-44.1,2012,CO,EPA,0.0133528746,0.0133528746,0.0133528746,Refineries,75
4401,-19.97,-44.1,2013,CO,EPA,0.01354304484,0.01354304484,0.01354304484,Refineries,75
4402,-19.97,-44.1,2014,CO,EPA,0.01436348784,0.01436348784,0.01436348784,Refineries,75
4403,-19.97,-44.1,2015,CO,EPA,0.01381664076,0.01381664076,0.01381664076,Refineries,75
4404,-19.97,-44.1,2016,CO,EPA,0.01361800128,0.01361800128,0.01361800128,Refineries,75
4405,-19.97,-44.1,2017,CO,EPA,0.01279478928,0.01279478928,0.01279478928,Refineries,75
4406,-19.97,-44.1,2018,CO,EPA,0.01297815636,0.01297815636,0.01297815636,Refineries,75
4407,-19.97,-44.1,2019,CO,EPA,0.01255646652,0.01255646652,0.01255646652,Refineries,75
4408,-19.97,-44.1,2020,CO,EPA,0.01131734916,0.01131734916,0.01131734916,Refineries,75
4409,-19.97,-44.1,2021,CO,EPA,0.01243956324,0.01243956324,0.01243956324,Refineries,75
4410,-19.97,-44.1,2022,CO,EPA,0.01346700732,0.01346700732,0.01346700732,Refineries,75
4411,-19.97,-44.1,2023,CO,EPA,0.0021829314,0.0021829314,0.0021829314,Refineries,75
4412,-3.15,-59.95,1990,CO,EPA,0.00078927732,0.00078927732,0.00078927732,Refineries,75
4413,-3.15,-59.95,1991,CO,EPA,0.00092277276,0.00092277276,0.00092277276,Refineries,75
4414,-3.15,-59.95,1992,CO,EPA,0.00096754476,0.00096754476,0.00096754476,Refineries,75
4415,-3.15,-59.95,1993,CO,EPA,0.00088727808,0.00088727808,0.00088727808,Refineries,75
4416,-3.15,-59.95,1994,CO,EPA,0.000948675,0.000948675,0.000948675,Refineries,75
4417,-3.15,-59.95,1995,CO,EPA,0.00092975532,0.00092975532,0.00092975532,Refineries,75
4418,-3.15,-59.95,1996,CO,EPA,0.0010929828,0.0010929828,0.0010929828,Refineries,75
4419,-3.15,-59.95,1997,CO,EPA,0.0012239136,0.0012239136,0.0012239136,Refineries,75
4420,-3.15,-59.95,1998,CO,EPA,0.00129297012,0.00129297012,0.00129297012,Refineries,75
4421,-3.15,-59.95,1999,CO,EPA,0.001256151,0.001256151,0.001256151,Refineries,75
4422,-3.15,-59.95,2000,CO,EPA,0.00277266444,0.00277266444,0.00277266444,Refineries,75
4423,-3.15,-59.95,2001,CO,EPA,0.00399494004,0.00399494004,0.00399494004,Refineries,75
4424,-3.15,-59.95,2002,CO,EPA,0.00421326204,0.00421326204,0.00421326204,Refineries,75
4425,-3.15,-59.95,2003,CO,EPA,0.0040082172,0.0040082172,0.0040082172,Refineries,75
4426,-3.15,-59.95,2004,CO,EPA,0.00413775336,0.00413775336,0.00413775336,Refineries,75
4427,-3.15,-59.95,2005,CO,EPA,0.00402074868,0.00402074868,0.00402074868,Refineries,75
4428,-3.15,-59.95,2006,CO,EPA,0.00326347008,0.00326347008,0.00326347008,Refineries,75
4429,-3.15,-59.95,2007,CO,EPA,0.00372665436,0.00372665436,0.00372665436,Refineries,75
4430,-3.15,-59.95,2008,CO,EPA,0.00360112428,0.00360112428,0.00360112428,Refineries,75
4431,-3.15,-59.95,2009,CO,EPA,0.00370745544,0.00370745544,0.00370745544,Refineries,75
4432,-3.15,-59.95,2010,CO,EPA,0.00381602052,0.00381602052,0.00381602052,Refineries,75
4433,-3.15,-59.95,2011,CO,EPA,0.003861468,0.003861468,0.003861468,Refineries,75
4434,-3.15,-59.95,2012,CO,EPA,0.0032771856,0.0032771856,0.0032771856,Refineries,75
4435,-3.15,-59.95,2013,CO,EPA,0.00352108692,0.00352108692,0.00352108692,Refineries,75
4436,-3.15,-59.95,2014,CO,EPA,0.0037375338,0.0037375338,0.0037375338,Refineries,75
4437,-3.15,-59.95,2015,CO,EPA,0.00318321276,0.00318321276,0.00318321276,Refineries,75
4438,-3.15,-59.95,2016,CO,EPA,0.0028135692,0.0028135692,0.0028135692,Refineries,75
4439,-3.15,-59.95,2017,CO,EPA,0.00261125748,0.00261125748,0.00261125748,Refineries,75
4440,-3.15,-59.95,2018,CO,EPA,0.0026650338,0.0026650338,0.0026650338,Refineries,75
4441,-3.15,-59.95,2019,CO,EPA,0.0028595268,0.0028595268,0.0028595268,Refineries,75
4442,-3.15,-59.95,2020,CO,EPA,0.00247250796,0.00247250796,0.00247250796,Refineries,75
4443,-3.15,-59.95,2021,CO,EPA,0.00275225964,0.00275225964,0.00275225964,Refineries,75
4444,-3.15,-59.95,2022,CO,EPA,0.00279708468,0.00279708468,0.00279708468,Refineries,75
4445,-3.15,-59.95,2023,CO,EPA,0.00038981436,0.00038981436,0.00038981436,Refineries,75
4446,-25.57,-49.36,1990,CO,EPA,0.0124080996,0.0124080996,0.0124080996,Refineries,75
4447,-25.57,-49.36,1991,CO,EPA,0.01227517668,0.01227517668,0.01227517668,Refineries,75
4448,-25.57,-49.36,1992,CO,EPA,0.01149265104,0.01149265104,0.01149265104,Refineries,75
4449,-25.57,-49.36,1993,CO,EPA,0.01354981368,0.01354981368,0.01354981368,Refineries,75
4450,-25.57,-49.36,1994,CO,EPA,0.01487870436,0.01487870436,0.01487870436,Refineries,75
4451,-25.57,-49.36,1995,CO,EPA,0.01251525756,0.01251525756,0.01251525756,Refineries,75
4452,-25.57,-49.36,1996,CO,EPA,0.01463130708,0.01463130708,0.01463130708,Refineries,75
4453,-25.57,-49.36,1997,CO,EPA,0.01497355548,0.01497355548,0.01497355548,Refineries,75
4454,-25.57,-49.36,1998,CO,EPA,0.01447810572,0.01447810572,0.01447810572,Refineries,75
4455,-25.57,-49.36,1999,CO,EPA,0.01715971452,0.01715971452,0.01715971452,Refineries,75
4456,-25.57,-49.36,2000,CO,EPA,0.01712454432,0.01712454432,0.01712454432,Refineries,75
4457,-25.57,-49.36,2001,CO,EPA,0.01730336712,0.01730336712,0.01730336712,Refineries,75
4458,-25.57,-49.36,2002,CO,EPA,0.01774813716,0.01774813716,0.01774813716,Refineries,75
4459,-25.57,-49.36,2003,CO,EPA,0.01731905604,0.01731905604,0.01731905604,Refineries,75
4460,-25.57,-49.36,2004,CO,EPA,0.01506922248,0.01506922248,0.01506922248,Refineries,75
4461,-25.57,-49.36,2005,CO,EPA,0.01719299556,0.01719299556,0.01719299556,Refineries,75
4462,-25.57,-49.36,2006,CO,EPA,0.01669803564,0.01669803564,0.01669803564,Refineries,75
4463,-25.57,-49.36,2007,CO,EPA,0.01534152516,0.01534152516,0.01534152516,Refineries,75
4464,-25.57,-49.36,2008,CO,EPA,0.01682615376,0.01682615376,0.01682615376,Refineries,75
4465,-25.57,-49.36,2009,CO,EPA,0.01709734884,0.01709734884,0.01709734884,Refineries,75
4466,-25.57,-49.36,2010,CO,EPA,0.0155264772,0.0155264772,0.0155264772,Refineries,75
4467,-25.57,-49.36,2011,CO,EPA,0.01760286684,0.01760286684,0.01760286684,Refineries,75
4468,-25.57,-49.36,2012,CO,EPA,0.0180996894,0.0180996894,0.0180996894,Refineries,75
4469,-25.57,-49.36,2013,CO,EPA,0.01766082396,0.01766082396,0.01766082396,Refineries,75
4470,-25.57,-49.36,2014,CO,EPA,0.01850754828,0.01850754828,0.01850754828,Refineries,75
4471,-25.57,-49.36,2015,CO,EPA,0.0179696478,0.0179696478,0.0179696478,Refineries,75
4472,-25.57,-49.36,2016,CO,EPA,0.0153792288,0.0153792288,0.0153792288,Refineries,75
4473,-25.57,-49.36,2017,CO,EPA,0.01472383224,0.01472383224,0.01472383224,Refineries,75
4474,-25.57,-49.36,2018,CO,EPA,0.015666417,0.015666417,0.015666417,Refineries,75
4475,-25.57,-49.36,2019,CO,EPA,0.01526450796,0.01526450796,0.01526450796,Refineries,75
4476,-25.57,-49.36,2020,CO,EPA,0.01627263456,0.01627263456,0.01627263456,Refineries,75
4477,-25.57,-49.36,2021,CO,EPA,0.01649880024,0.01649880024,0.01649880024,Refineries,75
4478,-25.57,-49.36,2022,CO,EPA,0.01463182812,0.01463182812,0.01463182812,Refineries,75
4479,-25.57,-49.36,2023,CO,EPA,0.0027130818,0.0027130818,0.0027130818,Refineries,75
4480,-22.73,-47.14,1990,CO,EPA,0.0189812844,0.0189812844,0.0189812844,Refineries,75
4481,-22.73,-47.14,1991,CO,EPA,0.01957549932,0.01957549932,0.01957549932,Refineries,75
4482,-22.73,-47.14,1992,CO,EPA,0.0183488214,0.0183488214,0.0183488214,Refineries,75
4483,-22.73,-47.14,1993,CO,EPA,0.01919602152,0.01919602152,0.01919602152,Refineries,75
4484,-22.73,-47.14,1994,CO,EPA,0.0200423184,0.0200423184,0.0200423184,Refineries,75
4485,-22.73,-47.14,1995,CO,EPA,0.02206355424,0.02206355424,0.02206355424,Refineries,75
4486,-22.73,-47.14,1996,CO,EPA,0.02246589228,0.02246589228,0.02246589228,Refineries,75
4487,-22.73,-47.14,1997,CO,EPA,0.02381081976,0.02381081976,0.02381081976,Refineries,75
4488,-22.73,-47.14,1998,CO,EPA,0.02807720136,0.02807720136,0.02807720136,Refineries,75
4489,-22.73,-47.14,1999,CO,EPA,0.026612469,0.026612469,0.026612469,Refineries,75
4490,-22.73,-47.14,2000,CO,EPA,0.03013895196,0.03013895196,0.03013895196,Refineries,75
4491,-22.73,-47.14,2001,CO,EPA,0.02941765944,0.02941765944,0.02941765944,Refineries,75
4492,-22.73,-47.14,2002,CO,EPA,0.0296202426,0.0296202426,0.0296202426,Refineries,75
4493,-22.73,-47.14,2003,CO,EPA,0.02687627904,0.02687627904,0.02687627904,Refineries,75
4494,-22.73,-47.14,2004,CO,EPA,0.03236321556,0.03236321556,0.03236321556,Refineries,75
4495,-22.73,-47.14,2005,CO,EPA,0.03024929388,0.03024929388,0.03024929388,Refineries,75
4496,-22.73,-47.14,2006,CO,EPA,0.03177403008,0.03177403008,0.03177403008,Refineries,75
4497,-22.73,-47.14,2007,CO,EPA,0.03202259424,0.03202259424,0.03202259424,Refineries,75
4498,-22.73,-47.14,2008,CO,EPA,0.02990903136,0.02990903136,0.02990903136,Refineries,75
4499,-22.73,-47.14,2009,CO,EPA,0.031331235,0.031331235,0.031331235,Refineries,75
4500,-22.73,-47.14,2010,CO,EPA,0.02917258812,0.02917258812,0.02917258812,Refineries,75
4501,-22.73,-47.14,2011,CO,EPA,0.03433774032,0.03433774032,0.03433774032,Refineries,75
4502,-22.73,-47.14,2012,CO,EPA,0.03587059944,0.03587059944,0.03587059944,Refineries,75
4503,-22.73,-47.14,2013,CO,EPA,0.03859434696,0.03859434696,0.03859434696,Refineries,75
4504,-22.73,-47.14,2014,CO,EPA,0.03745300104,0.03745300104,0.03745300104,Refineries,75
4505,-22.73,-47.14,2015,CO,EPA,0.03571886292,0.03571886292,0.03571886292,Refineries,75
4506,-22.73,-47.14,2016,CO,EPA,0.0304785624,0.0304785624,0.0304785624,Refineries,75
4507,-22.73,-47.14,2017,CO,EPA,0.02957818032,0.02957818032,0.02957818032,Refineries,75
4508,-22.73,-47.14,2018,CO,EPA,0.02608912956,0.02608912956,0.02608912956,Refineries,75
4509,-22.73,-47.14,2019,CO,EPA,0.02988702132,0.02988702132,0.02988702132,Refineries,75
4510,-22.73,-47.14,2020,CO,EPA,0.02800131204,0.02800131204,0.02800131204,Refineries,75
4511,-22.73,-47.14,2021,CO,EPA,0.03239569008,0.03239569008,0.03239569008,Refineries,75
4512,-22.73,-47.14,2022,CO,EPA,0.03431383488,0.03431383488,0.03431383488,Refineries,75
4513,-22.73,-47.14,2023,CO,EPA,0.00590149248,0.00590149248,0.00590149248,Refineries,75
4514,-23.19,-45.82,1990,CO,EPA,0.01627538952,0.01627538952,0.01627538952,Refineries,75
4515,-23.19,-45.82,1991,CO,EPA,0.01415114064,0.01415114064,0.01415114064,Refineries,75
4516,-23.19,-45.82,1992,CO,EPA,0.01636946688,0.01636946688,0.01636946688,Refineries,75
4517,-23.19,-45.82,1993,CO,EPA,0.01445048904,0.01445048904,0.01445048904,Refineries,75
4518,-23.19,-45.82,1994,CO,EPA,0.0180722412,0.0180722412,0.0180722412,Refineries,75
4519,-23.19,-45.82,1995,CO,EPA,0.0160137354,0.0160137354,0.0160137354,Refineries,75
4520,-23.19,-45.82,1996,CO,EPA,0.01543426404,0.01543426404,0.01543426404,Refineries,75
4521,-23.19,-45.82,1997,CO,EPA,0.01705558764,0.01705558764,0.01705558764,Refineries,75
4522,-23.19,-45.82,1998,CO,EPA,0.0189279792,0.0189279792,0.0189279792,Refineries,75
4523,-23.19,-45.82,1999,CO,EPA,0.0179974314,0.0179974314,0.0179974314,Refineries,75
4524,-23.19,-45.82,2000,CO,EPA,0.02018110848,0.02018110848,0.02018110848,Refineries,75
4525,-23.19,-45.82,2001,CO,EPA,0.02011108164,0.02011108164,0.02011108164,Refineries,75
4526,-23.19,-45.82,2002,CO,EPA,0.01796311764,0.01796311764,0.01796311764,Refineries,75
4527,-23.19,-45.82,2003,CO,EPA,0.01980930588,0.01980930588,0.01980930588,Refineries,75
4528,-23.19,-45.82,2004,CO,EPA,0.02183807028,0.02183807028,0.02183807028,Refineries,75
4529,-23.19,-45.82,2005,CO,EPA,0.02198122212,0.02198122212,0.02198122212,Refineries,75
4530,-23.19,-45.82,2006,CO,EPA,0.01958256924,0.01958256924,0.01958256924,Refineries,75
4531,-23.19,-45.82,2007,CO,EPA,0.02175472104,0.02175472104,0.02175472104,Refineries,75
4532,-23.19,-45.82,2008,CO,EPA,0.01902626076,0.01902626076,0.01902626076,Refineries,75
4533,-23.19,-45.82,2009,CO,EPA,0.02214719052,0.02214719052,0.02214719052,Refineries,75
4534,-23.19,-45.82,2010,CO,EPA,0.02197276068,0.02197276068,0.02197276068,Refineries,75
4535,-23.19,-45.82,2011,CO,EPA,0.02187050112,0.02187050112,0.02187050112,Refineries,75
4536,-23.19,-45.82,2012,CO,EPA,0.02212936128,0.02212936128,0.02212936128,Refineries,75
4537,-23.19,-45.82,2013,CO,EPA,0.02089504092,0.02089504092,0.02089504092,Refineries,75
4538,-23.19,-45.82,2014,CO,EPA,0.02332168332,0.02332168332,0.02332168332,Refineries,75
4539,-23.19,-45.82,2015,CO,EPA,0.0221398086,0.0221398086,0.0221398086,Refineries,75
4540,-23.19,-45.82,2016,CO,EPA,0.019797414,0.019797414,0.019797414,Refineries,75
4541,-23.19,-45.82,2017,CO,EPA,0.01895489544,0.01895489544,0.01895489544,Refineries,75
4542,-23.19,-45.82,2018,CO,EPA,0.01937761176,0.01937761176,0.01937761176,Refineries,75
4543,-23.19,-45.82,2019,CO,EPA,0.01691896908,0.01691896908,0.01691896908,Refineries,75
4544,-23.19,-45.82,2020,CO,EPA,0.01987191492,0.01987191492,0.01987191492,Refineries,75
4545,-23.19,-45.82,2021,CO,EPA,0.02097232488,0.02097232488,0.02097232488,Refineries,75
4546,-23.19,-45.82,2022,CO,EPA,0.02086532604,0.02086532604,0.02086532604,Refineries,75
4547,-23.19,-45.82,2023,CO,EPA,0.00274895556,0.00274895556,0.00274895556,Refineries,75
4548,-32.04,-52.09,1990,CO,EPA,0.00089831976,0.00089831976,0.00089831976,Refineries,75
4549,-32.04,-52.09,1991,CO,EPA,0.00085293624,0.00085293624,0.00085293624,Refineries,75
4550,-32.04,-52.09,1992,CO,EPA,0.00085247916,0.00085247916,0.00085247916,Refineries,75
4551,-32.04,-52.09,1993,CO,EPA,0.00088162776,0.00088162776,0.00088162776,Refineries,75
4552,-32.04,-52.09,1994,CO,EPA,0.0008472516,0.0008472516,0.0008472516,Refineries,75
4553,-32.04,-52.09,1995,CO,EPA,0.00085344012,0.00085344012,0.00085344012,Refineries,75
4554,-32.04,-52.09,1996,CO,EPA,0.00086449584,0.00086449584,0.00086449584,Refineries,75
4555,-32.04,-52.09,1997,CO,EPA,0.00087020856,0.00087020856,0.00087020856,Refineries,75
4556,-32.04,-52.09,1998,CO,EPA,0.00090514788,0.00090514788,0.00090514788,Refineries,75
4557,-32.04,-52.09,1999,CO,EPA,0.00108917328,0.00108917328,0.00108917328,Refineries,75
4558,-32.04,-52.09,2000,CO,EPA,0.00117214188,0.00117214188,0.00117214188,Refineries,75
4559,-32.04,-52.09,2001,CO,EPA,0.0011774412,0.0011774412,0.0011774412,Refineries,75
4560,-32.04,-52.09,2002,CO,EPA,0.00111070908,0.00111070908,0.00111070908,Refineries,75
4561,-32.04,-52.09,2003,CO,EPA,0.00125424156,0.00125424156,0.00125424156,Refineries,75
4562,-32.04,-52.09,2004,CO,EPA,0.00102433812,0.00102433812,0.00102433812,Refineries,75
4563,-32.04,-52.09,2005,CO,EPA,0.0004134858,0.0004134858,0.0004134858,Refineries,75
4564,-32.04,-52.09,2006,CO,EPA,0.00064795848,0.00064795848,0.00064795848,Refineries,75
4565,-32.04,-52.09,2007,CO,EPA,0.00119966964,0.00119966964,0.00119966964,Refineries,75
4566,-32.04,-52.09,2008,CO,EPA,0.00071129604,0.00071129604,0.00071129604,Refineries,75
4567,-32.04,-52.09,2009,CO,EPA,0.00124054008,0.00124054008,0.00124054008,Refineries,75
4568,-32.04,-52.09,2010,CO,EPA,0.00128061024,0.00128061024,0.00128061024,Refineries,75
4569,-32.04,-52.09,2011,CO,EPA,0.0013688376,0.0013688376,0.0013688376,Refineries,75
4570,-32.04,-52.09,2012,CO,EPA,0.00145767024,0.00145767024,0.00145767024,Refineries,75
4571,-32.04,-52.09,2013,CO,EPA,0.00142177776,0.00142177776,0.00142177776,Refineries,75
4572,-32.04,-52.09,2014,CO,EPA,0.0012154662,0.0012154662,0.0012154662,Refineries,75
4573,-32.04,-52.09,2015,CO,EPA,0.00088896288,0.00088896288,0.00088896288,Refineries,75
4574,-32.04,-52.09,2016,CO,EPA,0.00126284496,0.00126284496,0.00126284496,Refineries,75
4575,-32.04,-52.09,2017,CO,EPA,0.0013198926,0.0013198926,0.0013198926,Refineries,75
4576,-32.04,-52.09,2018,CO,EPA,0.00130454844,0.00130454844,0.00130454844,Refineries,75
4577,-32.04,-52.09,2019,CO,EPA,0.0013995462,0.0013995462,0.0013995462,Refineries,75
4578,-32.04,-52.09,2020,CO,EPA,0.00109253196,0.00109253196,0.00109253196,Refineries,75
4579,-32.04,-52.09,2021,CO,EPA,0.00101885472,0.00101885472,0.00101885472,Refineries,75
4580,-32.04,-52.09,2022,CO,EPA,0.0010798398,0.0010798398,0.0010798398,Refineries,75
4581,-32.04,-52.09,2023,CO,EPA,0.00022614852,0.00022614852,0.00022614852,Refineries,75
4582,-12.71,-38.57,1990,CO,EPA,0.01123199688,0.01123199688,0.01123199688,Refineries,75
4583,-12.71,-38.57,1991,CO,EPA,0.01002459588,0.01002459588,0.01002459588,Refineries,75
4584,-12.71,-38.57,1992,CO,EPA,0.0116406186,0.0116406186,0.0116406186,Refineries,75
4585,-12.71,-38.57,1993,CO,EPA,0.01137161064,0.01137161064,0.01137161064,Refineries,75
4586,-12.71,-38.57,1994,CO,EPA,0.01059715488,0.01059715488,0.01059715488,Refineries,75
4587,-12.71,-38.57,1995,CO,EPA,0.01061660184,0.01061660184,0.01061660184,Refineries,75
4588,-12.71,-38.57,1996,CO,EPA,0.0099757476,0.0099757476,0.0099757476,Refineries,75
4589,-12.71,-38.57,1997,CO,EPA,0.01105658112,0.01105658112,0.01105658112,Refineries,75
4590,-12.71,-38.57,1998,CO,EPA,0.01564801212,0.01564801212,0.01564801212,Refineries,75
4591,-12.71,-38.57,1999,CO,EPA,0.0174314322,0.0174314322,0.0174314322,Refineries,75
4592,-12.71,-38.57,2000,CO,EPA,0.0155070318,0.0155070318,0.0155070318,Refineries,75
4593,-12.71,-38.57,2001,CO,EPA,0.0188210334,0.0188210334,0.0188210334,Refineries,75
4594,-12.71,-38.57,2002,CO,EPA,0.0184004652,0.0184004652,0.0184004652,Refineries,75
4595,-12.71,-38.57,2003,CO,EPA,0.01748262672,0.01748262672,0.01748262672,Refineries,75
4596,-12.71,-38.57,2004,CO,EPA,0.02125408116,0.02125408116,0.02125408116,Refineries,75
4597,-12.71,-38.57,2005,CO,EPA,0.02226575052,0.02226575052,0.02226575052,Refineries,75
4598,-12.71,-38.57,2006,CO,EPA,0.02353221468,0.02353221468,0.02353221468,Refineries,75
4599,-12.71,-38.57,2007,CO,EPA,0.02345697432,0.02345697432,0.02345697432,Refineries,75
4600,-12.71,-38.57,2008,CO,EPA,0.023130432,0.023130432,0.023130432,Refineries,75
4601,-12.71,-38.57,2009,CO,EPA,0.02001893244,0.02001893244,0.02001893244,Refineries,75
4602,-12.71,-38.57,2010,CO,EPA,0.02272492716,0.02272492716,0.02272492716,Refineries,75
4603,-12.71,-38.57,2011,CO,EPA,0.021589893,0.021589893,0.021589893,Refineries,75
4604,-12.71,-38.57,2012,CO,EPA,0.02160231528,0.02160231528,0.02160231528,Refineries,75
4605,-12.71,-38.57,2013,CO,EPA,0.02536503216,0.02536503216,0.02536503216,Refineries,75
4606,-12.71,-38.57,2014,CO,EPA,0.02727662808,0.02727662808,0.02727662808,Refineries,75
4607,-12.71,-38.57,2015,CO,EPA,0.02360975448,0.02360975448,0.02360975448,Refineries,75
4608,-12.71,-38.57,2016,CO,EPA,0.02113243704,0.02113243704,0.02113243704,Refineries,75
4609,-12.71,-38.57,2017,CO,EPA,0.01973958792,0.01973958792,0.01973958792,Refineries,75
4610,-12.71,-38.57,2018,CO,EPA,0.01971428784,0.01971428784,0.01971428784,Refineries,75
4611,-12.71,-38.57,2019,CO,EPA,0.02045512092,0.02045512092,0.02045512092,Refineries,75
4612,-12.71,-38.57,2020,CO,EPA,0.02253566016,0.02253566016,0.02253566016,Refineries,75
4613,-12.71,-38.57,2021,CO,EPA,0.01869408372,0.01869408372,0.01869408372,Refineries,75
4614,-12.71,-38.57,2022,CO,EPA,0.02255924268,0.02255924268,0.02255924268,Refineries,75
4615,-23.87,-46.44,1990,CO,EPA,0.009144798,0.009144798,0.009144798,Refineries,75
4616,-23.87,-46.44,1991,CO,EPA,0.00966919044,0.00966919044,0.00966919044,Refineries,75
4617,-23.87,-46.44,1992,CO,EPA,0.00971943648,0.00971943648,0.00971943648,Refineries,75
4618,-23.87,-46.44,1993,CO,EPA,0.00953022408,0.00953022408,0.00953022408,Refineries,75
4619,-23.87,-46.44,1994,CO,EPA,0.01084569096,0.01084569096,0.01084569096,Refineries,75
4620,-23.87,-46.44,1995,CO,EPA,0.01205585628,0.01205585628,0.01205585628,Refineries,75
4621,-23.87,-46.44,1996,CO,EPA,0.01183577148,0.01183577148,0.01183577148,Refineries,75
4622,-23.87,-46.44,1997,CO,EPA,0.01291850508,0.01291850508,0.01291850508,Refineries,75
4623,-23.87,-46.44,1998,CO,EPA,0.01265872452,0.01265872452,0.01265872452,Refineries,75
4624,-23.87,-46.44,1999,CO,EPA,0.01423606704,0.01423606704,0.01423606704,Refineries,75
4625,-23.87,-46.44,2000,CO,EPA,0.0143351052,0.0143351052,0.0143351052,Refineries,75
4626,-23.87,-46.44,2001,CO,EPA,0.01399095516,0.01399095516,0.01399095516,Refineries,75
4627,-23.87,-46.44,2002,CO,EPA,0.0138350706,0.0138350706,0.0138350706,Refineries,75
4628,-23.87,-46.44,2003,CO,EPA,0.01486198584,0.01486198584,0.01486198584,Refineries,75
4629,-23.87,-46.44,2004,CO,EPA,0.01405404936,0.01405404936,0.01405404936,Refineries,75
4630,-23.87,-46.44,2005,CO,EPA,0.0143342472,0.0143342472,0.0143342472,Refineries,75
4631,-23.87,-46.44,2006,CO,EPA,0.01482932724,0.01482932724,0.01482932724,Refineries,75
4632,-23.87,-46.44,2007,CO,EPA,0.01391407836,0.01391407836,0.01391407836,Refineries,75
4633,-23.87,-46.44,2008,CO,EPA,0.0152923914,0.0152923914,0.0152923914,Refineries,75
4634,-23.87,-46.44,2009,CO,EPA,0.01502433972,0.01502433972,0.01502433972,Refineries,75
4635,-23.87,-46.44,2010,CO,EPA,0.01453220184,0.01453220184,0.01453220184,Refineries,75
4636,-23.87,-46.44,2011,CO,EPA,0.0137376174,0.0137376174,0.0137376174,Refineries,75
4637,-23.87,-46.44,2012,CO,EPA,0.0142294152,0.0142294152,0.0142294152,Refineries,75
4638,-23.87,-46.44,2013,CO,EPA,0.01591184556,0.01591184556,0.01591184556,Refineries,75
4639,-23.87,-46.44,2014,CO,EPA,0.016057392,0.016057392,0.016057392,Refineries,75
4640,-23.87,-46.44,2015,CO,EPA,0.01425169356,0.01425169356,0.01425169356,Refineries,75
4641,-23.87,-46.44,2016,CO,EPA,0.01292832684,0.01292832684,0.01292832684,Refineries,75
4642,-23.87,-46.44,2017,CO,EPA,0.0130992264,0.0130992264,0.0130992264,Refineries,75
4643,-23.87,-46.44,2018,CO,EPA,0.0129716652,0.0129716652,0.0129716652,Refineries,75
4644,-23.87,-46.44,2019,CO,EPA,0.012063441,0.012063441,0.012063441,Refineries,75
4645,-23.87,-46.44,2020,CO,EPA,0.01302086916,0.01302086916,0.01302086916,Refineries,75
4646,-23.87,-46.44,2021,CO,EPA,0.01356546672,0.01356546672,0.01356546672,Refineries,75
4647,-23.87,-46.44,2022,CO,EPA,0.0157733394,0.0157733394,0.0157733394,Refineries,75
4648,-23.87,-46.44,2023,CO,EPA,0.00233913888,0.00233913888,0.00233913888,Refineries,75
4649,-5.13,-36.38,1990,CO,EPA,0,0,0,Refineries,75
4650,-5.13,-36.38,1991,CO,EPA,0,0,0,Refineries,75
4651,-5.13,-36.38,1992,CO,EPA,0,0,0,Refineries,75
4652,-5.13,-36.38,1993,CO,EPA,0,0,0,Refineries,75
4653,-5.13,-36.38,1994,CO,EPA,0,0,0,Refineries,75
4654,-5.13,-36.38,1995,CO,EPA,0,0,0,Refineries,75
4655,-5.13,-36.38,1996,CO,EPA,0,0,0,Refineries,75
4656,-5.13,-36.38,1997,CO,EPA,0,0,0,Refineries,75
4657,-5.13,-36.38,1998,CO,EPA,0,0,0,Refineries,75
4658,-5.13,-36.38,1999,CO,EPA,0,0,0,Refineries,75
4659,-5.13,-36.38,2000,CO,EPA,0.00030109872,0.00030109872,0.00030109872,Refineries,75
4660,-5.13,-36.38,2001,CO,EPA,0.00027229332,0.00027229332,0.00027229332,Refineries,75
4661,-5.13,-36.38,2002,CO,EPA,0.000340938,0.000340938,0.000340938,Refineries,75
4662,-5.13,-36.38,2003,CO,EPA,0.0003577704,0.0003577704,0.0003577704,Refineries,75
4663,-5.13,-36.38,2004,CO,EPA,0.000389259,0.000389259,0.000389259,Refineries,75
4664,-5.13,-36.38,2005,CO,EPA,0.00059049744,0.00059049744,0.00059049744,Refineries,75
4665,-5.13,-36.38,2006,CO,EPA,0.0008202324,0.0008202324,0.0008202324,Refineries,75
4666,-5.13,-36.38,2007,CO,EPA,0.000874653,0.000874653,0.000874653,Refineries,75
4667,-5.13,-36.38,2008,CO,EPA,0.00087939852,0.00087939852,0.00087939852,Refineries,75
4668,-5.13,-36.38,2009,CO,EPA,0.00125897928,0.00125897928,0.00125897928,Refineries,75
4669,-5.13,-36.38,2010,CO,EPA,0.0029646552,0.0029646552,0.0029646552,Refineries,75
4670,-5.13,-36.38,2011,CO,EPA,0.0031032456,0.0031032456,0.0031032456,Refineries,75
4671,-5.13,-36.38,2012,CO,EPA,0.00330948696,0.00330948696,0.00330948696,Refineries,75
4672,-5.13,-36.38,2013,CO,EPA,0.00337411152,0.00337411152,0.00337411152,Refineries,75
4673,-5.13,-36.38,2014,CO,EPA,0.003429738,0.003429738,0.003429738,Refineries,75
4674,-5.13,-36.38,2015,CO,EPA,0.00307079916,0.00307079916,0.00307079916,Refineries,75
4675,-5.13,-36.38,2016,CO,EPA,0.00303045132,0.00303045132,0.00303045132,Refineries,75
4676,-5.13,-36.38,2017,CO,EPA,0.00299912652,0.00299912652,0.00299912652,Refineries,75
4677,-5.13,-36.38,2018,CO,EPA,0.00280755696,0.00280755696,0.00280755696,Refineries,75
4678,-5.13,-36.38,2019,CO,EPA,0.0028677324,0.0028677324,0.0028677324,Refineries,75
4679,-5.13,-36.38,2020,CO,EPA,0.00261475656,0.00261475656,0.00261475656,Refineries,75
4680,-5.13,-36.38,2021,CO,EPA,0.0025755054,0.0025755054,0.0025755054,Refineries,75
4681,-5.13,-36.38,2022,CO,EPA,0.00218852088,0.00218852088,0.00218852088,Refineries,75
4682,-5.13,-36.38,2023,CO,EPA,0.00038436216,0.00038436216,0.00038436216,Refineries,75
4683,-23.14,-47.02,1990,CO,EPA,0,0,0,Refineries,75
4684,-23.14,-47.02,1991,CO,EPA,0,0,0,Refineries,75
4685,-23.14,-47.02,1992,CO,EPA,0,0,0,Refineries,75
4686,-23.14,-47.02,1993,CO,EPA,0,0,0,Refineries,75
4687,-23.14,-47.02,1994,CO,EPA,0,0,0,Refineries,75
4688,-23.14,-47.02,1995,CO,EPA,0,0,0,Refineries,75
4689,-23.14,-47.02,1996,CO,EPA,0,0,0,Refineries,75
4690,-23.14,-47.02,1997,CO,EPA,0,0,0,Refineries,75
4691,-23.14,-47.02,1998,CO,EPA,0,0,0,Refineries,75
4692,-23.14,-47.02,1999,CO,EPA,0,0,0,Refineries,75
4693,-23.14,-47.02,2000,CO,EPA,0,0,0,Refineries,75
4694,-23.14,-47.02,2001,CO,EPA,0,0,0,Refineries,75
4695,-23.14,-47.02,2002,CO,EPA,0,0,0,Refineries,75
4696,-23.14,-47.02,2003,CO,EPA,0,0,0,Refineries,75
4697,-23.14,-47.02,2004,CO,EPA,0,0,0,Refineries,75
4698,-23.14,-47.02,2005,CO,EPA,0,0,0,Refineries,75
4699,-23.14,-47.02,2006,CO,EPA,0.00024626784,0.00024626784,0.00024626784,Refineries,75
4700,-23.14,-47.02,2007,CO,EPA,0.00045976164,0.00045976164,0.00045976164,Refineries,75
4701,-23.14,-47.02,2008,CO,EPA,0.000183768,0.000183768,0.000183768,Refineries,75
4702,-23.14,-47.02,2009,CO,EPA,0.00062293296,0.00062293296,0.00062293296,Refineries,75
4703,-23.14,-47.02,2010,CO,EPA,0.00077694864,0.00077694864,0.00077694864,Refineries,75
4704,-23.14,-47.02,2011,CO,EPA,0.00047257236,0.00047257236,0.00047257236,Refineries,75
4705,-23.14,-47.02,2012,CO,EPA,7.154316e-05,7.154316e-05,7.154316e-05,Refineries,75
4706,-23.14,-47.02,2013,CO,EPA,5.80632e-06,5.80632e-06,5.80632e-06,Refineries,75
4707,-23.14,-47.02,2014,CO,EPA,1.6068e-06,1.6068e-06,1.6068e-06,Refineries,75
4708,-23.14,-47.02,2015,CO,EPA,0,0,0,Refineries,75
4709,-23.14,-47.02,2016,CO,EPA,0,0,0,Refineries,75
4710,-23.14,-47.02,2017,CO,EPA,0,0,0,Refineries,75
4711,-23.14,-47.02,2018,CO,EPA,0,0,0,Refineries,75
4712,-23.14,-47.02,2019,CO,EPA,0,0,0,Refineries,75
4713,-23.14,-47.02,2020,CO,EPA,0,0,0,Refineries,75
4714,-23.14,-47.02,2021,CO,EPA,0,0,0,Refineries,75
4715,-23.14,-47.02,2022,CO,EPA,0,0,0,Refineries,75
4716,-23.14,-47.02,2023,CO,EPA,0,0,0,Refineries,75
4717,-8.38,-35.01,1990,CO,EPA,0,0,0,Refineries,75
4718,-8.38,-35.01,1991,CO,EPA,0,0,0,Refineries,75
4719,-8.38,-35.01,1992,CO,EPA,0,0,0,Refineries,75
4720,-8.38,-35.01,1993,CO,EPA,0,0,0,Refineries,75
4721,-8.38,-35.01,1994,CO,EPA,0,0,0,Refineries,75
4722,-8.38,-35.01,1995,CO,EPA,0,0,0,Refineries,75
4723,-8.38,-35.01,1996,CO,EPA,0,0,0,Refineries,75
4724,-8.38,-35.01,1997,CO,EPA,0,0,0,Refineries,75
4725,-8.38,-35.01,1998,CO,EPA,0,0,0,Refineries,75
4726,-8.38,-35.01,1999,CO,EPA,0,0,0,Refineries,75
4727,-8.38,-35.01,2000,CO,EPA,0,0,0,Refineries,75
4728,-8.38,-35.01,2001,CO,EPA,0,0,0,Refineries,75
4729,-8.38,-35.01,2002,CO,EPA,0,0,0,Refineries,75
4730,-8.38,-35.01,2003,CO,EPA,0,0,0,Refineries,75
4731,-8.38,-35.01,2004,CO,EPA,0,0,0,Refineries,75
4732,-8.38,-35.01,2005,CO,EPA,0,0,0,Refineries,75
4733,-8.38,-35.01,2006,CO,EPA,0,0,0,Refineries,75
4734,-8.38,-35.01,2007,CO,EPA,0,0,0,Refineries,75
4735,-8.38,-35.01,2008,CO,EPA,0,0,0,Refineries,75
4736,-8.38,-35.01,2009,CO,EPA,0,0,0,Refineries,75
4737,-8.38,-35.01,2010,CO,EPA,0,0,0,Refineries,75
4738,-8.38,-35.01,2011,CO,EPA,0,0,0,Refineries,75
4739,-8.38,-35.01,2012,CO,EPA,0,0,0,Refineries,75
4740,-8.38,-35.01,2013,CO,EPA,0,0,0,Refineries,75
4741,-8.38,-35.01,2014,CO,EPA,0.00031734924,0.00031734924,0.00031734924,Refineries,75
4742,-8.38,-35.01,2015,CO,EPA,0.00573558492,0.00573558492,0.00573558492,Refineries,75
4743,-8.38,-35.01,2016,CO,EPA,0.00776881872,0.00776881872,0.00776881872,Refineries,75
4744,-8.38,-35.01,2017,CO,EPA,0.00682717776,0.00682717776,0.00682717776,Refineries,75
4745,-8.38,-35.01,2018,CO,EPA,0.00713174124,0.00713174124,0.00713174124,Refineries,75
4746,-8.38,-35.01,2019,CO,EPA,0.00753648792,0.00753648792,0.00753648792,Refineries,75
4747,-8.38,-35.01,2020,CO,EPA,0.00921522576,0.00921522576,0.00921522576,Refineries,75
4748,-8.38,-35.01,2021,CO,EPA,0.00629004636,0.00629004636,0.00629004636,Refineries,75
4749,-8.38,-35.01,2022,CO,EPA,0.00661600992,0.00661600992,0.00661600992,Refineries,75
4750,-8.38,-35.01,2023,CO,EPA,0.00116317188,0.00116317188,0.00116317188,Refineries,75
4751,-21.37,-50.28,2000,CO,EPA,0,0,0,Refineries,75
4752,-21.37,-50.28,2001,CO,EPA,0,0,0,Refineries,75
4753,-21.37,-50.28,2002,CO,EPA,0,0,0,Refineries,75
4754,-21.37,-50.28,2003,CO,EPA,0,0,0,Refineries,75
4755,-21.37,-50.28,2004,CO,EPA,0,0,0,Refineries,75
4756,-21.37,-50.28,2005,CO,EPA,0,0,0,Refineries,75
4757,-21.37,-50.28,2006,CO,EPA,0,0,0,Refineries,75
4758,-21.37,-50.28,2007,CO,EPA,0,0,0,Refineries,75
4759,-21.37,-50.28,2008,CO,EPA,0,0,0,Refineries,75
4760,-21.37,-50.28,2009,CO,EPA,0,0,0,Refineries,75
4761,-21.37,-50.28,2010,CO,EPA,0,0,0,Refineries,75
4762,-21.37,-50.28,2011,CO,EPA,0,0,0,Refineries,75
4763,-21.37,-50.28,2012,CO,EPA,0,0,0,Refineries,75
4764,-21.37,-50.28,2013,CO,EPA,0,0,0,Refineries,75
4765,-21.37,-50.28,2014,CO,EPA,0,0,0,Refineries,75
4766,-21.37,-50.28,2015,CO,EPA,0,0,0,Refineries,75
4767,-21.37,-50.28,2016,CO,EPA,0,0,0,Refineries,75
4768,-21.37,-50.28,2017,CO,EPA,0,0,0,Refineries,75
4769,-21.37,-50.28,2018,CO,EPA,0,0,0,Refineries,75
4770,-21.37,-50.28,2019,CO,EPA,0,0,0,Refineries,75
4771,-21.37,-50.28,2020,CO,EPA,0,0,0,Refineries,75
4772,-21.37,-50.28,2021,CO,EPA,0,0,0,Refineries,75
4773,-21.37,-50.28,2022,CO,EPA,1.633164e-05,1.633164e-05,1.633164e-05,Refineries,75
4774,-21.37,-50.28,2023,CO,EPA,5.616e-07,5.616e-07,5.616e-07,Refineries,75
4775,-12.62,-38.09,1990,NOX,EPA,0,0,0,Refineries,75
4776,-12.62,-38.09,1991,NOX,EPA,0,0,0,Refineries,75
4777,-12.62,-38.09,1992,NOX,EPA,0,0,0,Refineries,75
4778,-12.62,-38.09,1993,NOX,EPA,0,0,0,Refineries,75
4779,-12.62,-38.09,1994,NOX,EPA,0,0,0,Refineries,75
4780,-12.62,-38.09,1995,NOX,EPA,0.00417304602,0.00092734356,0.00092734356,Refineries,75
4781,-12.62,-38.09,1996,NOX,EPA,0,0,0,Refineries,75
4782,-12.62,-38.09,1997,NOX,EPA,0,0,0,Refineries,75
4783,-12.62,-38.09,1998,NOX,EPA,0,0,0,Refineries,75
4784,-12.62,-38.09,1999,NOX,EPA,0,0,0,Refineries,75
4785,-12.62,-38.09,2000,NOX,EPA,0,0,0,Refineries,75
4786,-12.62,-38.09,2001,NOX,EPA,0,0,0,Refineries,75
4787,-12.62,-38.09,2002,NOX,EPA,0,0,0,Refineries,75
4788,-12.62,-38.09,2003,NOX,EPA,0,0,0,Refineries,75
4789,-12.62,-38.09,2004,NOX,EPA,0,0,0,Refineries,75
4790,-12.62,-38.09,2005,NOX,EPA,0,0,0,Refineries,75
4791,-12.62,-38.09,2006,NOX,EPA,0,0,0,Refineries,75
4792,-12.62,-38.09,2007,NOX,EPA,0,0,0,Refineries,75
4793,-12.62,-38.09,2008,NOX,EPA,0,0,0,Refineries,75
4794,-12.62,-38.09,2009,NOX,EPA,4.852926e-05,1.078428e-05,1.078428e-05,Refineries,75
4795,-12.62,-38.09,2010,NOX,EPA,0.00018913986,4.203108e-05,4.203108e-05,Refineries,75
4796,-12.62,-38.09,2011,NOX,EPA,0.00043600518,9.689004e-05,9.689004e-05,Refineries,75
4797,-12.62,-38.09,2012,NOX,EPA,0.00064175436,0.00014261208,0.00014261208,Refineries,75
4798,-12.62,-38.09,2013,NOX,EPA,0.0005022108,0.0001116024,0.0001116024,Refineries,75
4799,-12.62,-38.09,2014,NOX,EPA,0.00032563674,7.236372e-05,7.236372e-05,Refineries,75
4800,-12.62,-38.09,2015,NOX,EPA,0.00035538048,7.897344e-05,7.897344e-05,Refineries,75
4801,-12.62,-38.09,2016,NOX,EPA,0.00035269884,7.837752e-05,7.837752e-05,Refineries,75
4802,-12.62,-38.09,2017,NOX,EPA,0.00049665798,0.00011036844,0.00011036844,Refineries,75
4803,-12.62,-38.09,2018,NOX,EPA,0.00054475902,0.00012105756,0.00012105756,Refineries,75
4804,-12.62,-38.09,2019,NOX,EPA,0.00070376202,0.00015639156,0.00015639156,Refineries,75
4805,-12.62,-38.09,2020,NOX,EPA,0.00087780888,0.00019506864,0.00019506864,Refineries,75
4806,-12.62,-38.09,2021,NOX,EPA,0.000861705,0.00019149,0.00019149,Refineries,75
4807,-12.62,-38.09,2022,NOX,EPA,0.0010013679,0.0002225262,0.0002225262,Refineries,75
4808,-12.62,-38.09,2023,NOX,EPA,0.0001727622,3.83916e-05,3.83916e-05,Refineries,75
4809,-3.72,-38.47,1990,NOX,EPA,0.00171223416,0.00038049648,0.00038049648,Refineries,75
4810,-3.72,-38.47,1991,NOX,EPA,0.0016634943,0.0003696654,0.0003696654,Refineries,75
4811,-3.72,-38.47,1992,NOX,EPA,0.0018778851,0.0004173078,0.0004173078,Refineries,75
4812,-3.72,-38.47,1993,NOX,EPA,0.00188189352,0.00041819856,0.00041819856,Refineries,75
4813,-3.72,-38.47,1994,NOX,EPA,0.0017104581,0.0003801018,0.0003801018,Refineries,75
4814,-3.72,-38.47,1995,NOX,EPA,0.00193662846,0.00043036188,0.00043036188,Refineries,75
4815,-3.72,-38.47,1996,NOX,EPA,0.00600854436,0.00133523208,0.00133523208,Refineries,75
4816,-3.72,-38.47,1997,NOX,EPA,0.00173097054,0.00038466012,0.00038466012,Refineries,75
4817,-3.72,-38.47,1998,NOX,EPA,0.00240376734,0.00053417052,0.00053417052,Refineries,75
4818,-3.72,-38.47,1999,NOX,EPA,0.00228530484,0.00050784552,0.00050784552,Refineries,75
4819,-3.72,-38.47,2000,NOX,EPA,0.00217103328,0.00048245184,0.00048245184,Refineries,75
4820,-3.72,-38.47,2001,NOX,EPA,0.00230470812,0.00051215736,0.00051215736,Refineries,75
4821,-3.72,-38.47,2002,NOX,EPA,0.0026861328,0.0005969184,0.0005969184,Refineries,75
4822,-3.72,-38.47,2003,NOX,EPA,0.00173276064,0.00038505792,0.00038505792,Refineries,75
4823,-3.72,-38.47,2004,NOX,EPA,0.00180462438,0.00040102764,0.00040102764,Refineries,75
4824,-3.72,-38.47,2005,NOX,EPA,0.0018897138,0.0004199364,0.0004199364,Refineries,75
4825,-3.72,-38.47,2006,NOX,EPA,0.00270458838,0.00060101964,0.00060101964,Refineries,75
4826,-3.72,-38.47,2007,NOX,EPA,0.00252114174,0.00056025372,0.00056025372,Refineries,75
4827,-3.72,-38.47,2008,NOX,EPA,0.00252908136,0.00056201808,0.00056201808,Refineries,75
4828,-3.72,-38.47,2009,NOX,EPA,0.00246333204,0.00054740712,0.00054740712,Refineries,75
4829,-3.72,-38.47,2010,NOX,EPA,0.00323648676,0.00071921928,0.00071921928,Refineries,75
4830,-3.72,-38.47,2011,NOX,EPA,0.00284328954,0.00063184212,0.00063184212,Refineries,75
4831,-3.72,-38.47,2012,NOX,EPA,0.00320583042,0.00071240676,0.00071240676,Refineries,75
4832,-3.72,-38.47,2013,NOX,EPA,0.00342691128,0.00076153584,0.00076153584,Refineries,75
4833,-3.72,-38.47,2014,NOX,EPA,0.00364380822,0.00080973516,0.00080973516,Refineries,75
4834,-3.72,-38.47,2015,NOX,EPA,0.00345259746,0.00076724388,0.00076724388,Refineries,75
4835,-3.72,-38.47,2016,NOX,EPA,0.0036674586,0.0008149908,0.0008149908,Refineries,75
4836,-3.72,-38.47,2017,NOX,EPA,0.0031148442,0.0006921876,0.0006921876,Refineries,75
4837,-3.72,-38.47,2018,NOX,EPA,0.00330387174,0.00073419372,0.00073419372,Refineries,75
4838,-3.72,-38.47,2019,NOX,EPA,0.00289354572,0.00064301016,0.00064301016,Refineries,75
4839,-3.72,-38.47,2020,NOX,EPA,0.00345477366,0.00076772748,0.00076772748,Refineries,75
4840,-3.72,-38.47,2021,NOX,EPA,0.00314812602,0.00069958356,0.00069958356,Refineries,75
4841,-3.72,-38.47,2022,NOX,EPA,0.00355347486,0.00078966108,0.00078966108,Refineries,75
4842,-3.72,-38.47,2023,NOX,EPA,0.00058745466,0.00013054548,0.00013054548,Refineries,75
4843,-22.89,-43.24,1990,NOX,EPA,0.00391282866,0.00086951748,0.00086951748,Refineries,75
4844,-22.89,-43.24,1991,NOX,EPA,0.00357354504,0.00079412112,0.00079412112,Refineries,75
4845,-22.89,-43.24,1992,NOX,EPA,0.00409388148,0.00090975144,0.00090975144,Refineries,75
4846,-22.89,-43.24,1993,NOX,EPA,0.00403921674,0.00089760372,0.00089760372,Refineries,75
4847,-22.89,-43.24,1994,NOX,EPA,0.00402896052,0.00089532456,0.00089532456,Refineries,75
4848,-22.89,-43.24,1995,NOX,EPA,0.00407854278,0.00090634284,0.00090634284,Refineries,75
4849,-22.89,-43.24,1996,NOX,EPA,0.00407966598,0.00090659244,0.00090659244,Refineries,75
4850,-22.89,-43.24,1997,NOX,EPA,0.0039854646,0.0008856588,0.0008856588,Refineries,75
4851,-22.89,-43.24,1998,NOX,EPA,0.00382741632,0.00085053696,0.00085053696,Refineries,75
4852,-22.89,-43.24,1999,NOX,EPA,0.00455417586,0.00101203908,0.00101203908,Refineries,75
4853,-22.89,-43.24,2000,NOX,EPA,0.00479280672,0.00106506816,0.00106506816,Refineries,75
4854,-22.89,-43.24,2001,NOX,EPA,0.00574651584,0.00127700352,0.00127700352,Refineries,75
4855,-22.89,-43.24,2002,NOX,EPA,0.00530345556,0.00117854568,0.00117854568,Refineries,75
4856,-22.89,-43.24,2003,NOX,EPA,0.0059710365,0.001326897,0.001326897,Refineries,75
4857,-22.89,-43.24,2004,NOX,EPA,0.00582754068,0.00129500904,0.00129500904,Refineries,75
4858,-22.89,-43.24,2005,NOX,EPA,0.00264480606,0.00058773468,0.00058773468,Refineries,75
4859,-22.89,-43.24,2006,NOX,EPA,0,0,0,Refineries,75
4860,-22.89,-43.24,2007,NOX,EPA,0,0,0,Refineries,75
4861,-22.89,-43.24,2008,NOX,EPA,0,0,0,Refineries,75
4862,-22.89,-43.24,2009,NOX,EPA,0,0,0,Refineries,75
4863,-22.89,-43.24,2010,NOX,EPA,0.0024813594,0.0005514132,0.0005514132,Refineries,75
4864,-22.89,-43.24,2011,NOX,EPA,0.0041104908,0.0009134424,0.0009134424,Refineries,75
4865,-22.89,-43.24,2012,NOX,EPA,0.00426434112,0.00094763136,0.00094763136,Refineries,75
4866,-22.89,-43.24,2013,NOX,EPA,0.00011265696,2.503488e-05,2.503488e-05,Refineries,75
4867,-22.89,-43.24,2014,NOX,EPA,0.0011034036,0.0002452008,0.0002452008,Refineries,75
4868,-22.89,-43.24,2015,NOX,EPA,0.00276218748,0.00061381944,0.00061381944,Refineries,75
4869,-22.89,-43.24,2016,NOX,EPA,0.00323644464,0.00071920992,0.00071920992,Refineries,75
4870,-22.89,-43.24,2017,NOX,EPA,0.00166515804,0.00037003512,0.00037003512,Refineries,75
4871,-22.89,-43.24,2018,NOX,EPA,0.00139302072,0.00030956016,0.00030956016,Refineries,75
4872,-22.89,-43.24,2019,NOX,EPA,0.00317183256,0.00070485168,0.00070485168,Refineries,75
4873,-22.89,-43.24,2020,NOX,EPA,0.00367745508,0.00081721224,0.00081721224,Refineries,75
4874,-22.89,-43.24,2021,NOX,EPA,0.00347094774,0.00077132172,0.00077132172,Refineries,75
4875,-22.89,-43.24,2022,NOX,EPA,0.0038556648,0.0008568144,0.0008568144,Refineries,75
4876,-22.89,-43.24,2023,NOX,EPA,0.00052419744,0.00011648832,0.00011648832,Refineries,75
4877,-23.64,-46.48,1990,NOX,EPA,0.00943331454,0.00209629212,0.00209629212,Refineries,75
4878,-23.64,-46.48,1991,NOX,EPA,0.01022578128,0.00227239584,0.00227239584,Refineries,75
4879,-23.64,-46.48,1992,NOX,EPA,0.01122401826,0.00249422628,0.00249422628,Refineries,75
4880,-23.64,-46.48,1993,NOX,EPA,0.0135709236,0.0030157608,0.0030157608,Refineries,75
4881,-23.64,-46.48,1994,NOX,EPA,0.0128842974,0.0028631772,0.0028631772,Refineries,75
4882,-23.64,-46.48,1995,NOX,EPA,0.0154616202,0.0034359156,0.0034359156,Refineries,75
4883,-23.64,-46.48,1996,NOX,EPA,0.0157387698,0.0034975044,0.0034975044,Refineries,75
4884,-23.64,-46.48,1997,NOX,EPA,0.0181142676,0.0040253928,0.0040253928,Refineries,75
4885,-23.64,-46.48,1998,NOX,EPA,0.01839361446,0.00408746988,0.00408746988,Refineries,75
4886,-23.64,-46.48,1999,NOX,EPA,0.01431741636,0.00318164808,0.00318164808,Refineries,75
4887,-23.64,-46.48,2000,NOX,EPA,0.01649827062,0.00366628236,0.00366628236,Refineries,75
4888,-23.64,-46.48,2001,NOX,EPA,0.01884592008,0.00418798224,0.00418798224,Refineries,75
4889,-23.64,-46.48,2002,NOX,EPA,0.01949512266,0.00433224948,0.00433224948,Refineries,75
4890,-23.64,-46.48,2003,NOX,EPA,0.0179292906,0.0039842868,0.0039842868,Refineries,75
4891,-23.64,-46.48,2004,NOX,EPA,0.01896971778,0.00421549284,0.00421549284,Refineries,75
4892,-23.64,-46.48,2005,NOX,EPA,0.01465994322,0.00325776516,0.00325776516,Refineries,75
4893,-23.64,-46.48,2006,NOX,EPA,0.01648550826,0.00366344628,0.00366344628,Refineries,75
4894,-23.64,-46.48,2007,NOX,EPA,0.01695367908,0.00376748424,0.00376748424,Refineries,75
4895,-23.64,-46.48,2008,NOX,EPA,0.018442944,0.004098432,0.004098432,Refineries,75
4896,-23.64,-46.48,2009,NOX,EPA,0.01698781032,0.00377506896,0.00377506896,Refineries,75
4897,-23.64,-46.48,2010,NOX,EPA,0.01486612062,0.00330358236,0.00330358236,Refineries,75
4898,-23.64,-46.48,2011,NOX,EPA,0.01749539142,0.00388786476,0.00388786476,Refineries,75
4899,-23.64,-46.48,2012,NOX,EPA,0.02175905862,0.00483534636,0.00483534636,Refineries,75
4900,-23.64,-46.48,2013,NOX,EPA,0.02177661564,0.00483924792,0.00483924792,Refineries,75
4901,-23.64,-46.48,2014,NOX,EPA,0.02218349484,0.00492966552,0.00492966552,Refineries,75
4902,-23.64,-46.48,2015,NOX,EPA,0.01651575042,0.00367016676,0.00367016676,Refineries,75
4903,-23.64,-46.48,2016,NOX,EPA,0.0221289705,0.004917549,0.004917549,Refineries,75
4904,-23.64,-46.48,2017,NOX,EPA,0.0204946443,0.0045543654,0.0045543654,Refineries,75
4905,-23.64,-46.48,2018,NOX,EPA,0.02024379162,0.00449862036,0.00449862036,Refineries,75
4906,-23.64,-46.48,2019,NOX,EPA,0.02025690498,0.00450153444,0.00450153444,Refineries,75
4907,-23.64,-46.48,2020,NOX,EPA,0.01584307296,0.00352068288,0.00352068288,Refineries,75
4908,-23.64,-46.48,2021,NOX,EPA,0.02203342128,0.00489631584,0.00489631584,Refineries,75
4909,-23.64,-46.48,2022,NOX,EPA,0.02370674358,0.00526816524,0.00526816524,Refineries,75
4910,-23.64,-46.48,2023,NOX,EPA,0.00321805224,0.00071512272,0.00071512272,Refineries,75
4911,-22.72,-43.27,1990,NOX,EPA,0.07087316184,0.01574959152,0.01574959152,Refineries,75
4912,-22.72,-43.27,1991,NOX,EPA,0.0735010146,0.0163335588,0.0163335588,Refineries,75
4913,-22.72,-43.27,1992,NOX,EPA,0.0774414108,0.0172092024,0.0172092024,Refineries,75
4914,-22.72,-43.27,1993,NOX,EPA,0.0697503339,0.0155000742,0.0155000742,Refineries,75
4915,-22.72,-43.27,1994,NOX,EPA,0.06611168538,0.01469148564,0.01469148564,Refineries,75
4916,-22.72,-43.27,1995,NOX,EPA,0.0572876226,0.0127305828,0.0127305828,Refineries,75
4917,-22.72,-43.27,1996,NOX,EPA,0.08029677474,0.01784372772,0.01784372772,Refineries,75
4918,-22.72,-43.27,1997,NOX,EPA,0.0692404713,0.0153867714,0.0153867714,Refineries,75
4919,-22.72,-43.27,1998,NOX,EPA,0.08454894318,0.01878865404,0.01878865404,Refineries,75
4920,-22.72,-43.27,1999,NOX,EPA,0.08558332614,0.01901851692,0.01901851692,Refineries,75
4921,-22.72,-43.27,2000,NOX,EPA,0.07596410094,0.01688091132,0.01688091132,Refineries,75
4922,-22.72,-43.27,2001,NOX,EPA,0.07833010068,0.01740668904,0.01740668904,Refineries,75
4923,-22.72,-43.27,2002,NOX,EPA,0.07890566346,0.01753459188,0.01753459188,Refineries,75
4924,-22.72,-43.27,2003,NOX,EPA,0.0801836334,0.0178185852,0.0178185852,Refineries,75
4925,-22.72,-43.27,2004,NOX,EPA,0.0893367657,0.0198526146,0.0198526146,Refineries,75
4926,-22.72,-43.27,2005,NOX,EPA,0.08721657828,0.01938146184,0.01938146184,Refineries,75
4927,-22.72,-43.27,2006,NOX,EPA,0.0894515778,0.0198781284,0.0198781284,Refineries,75
4928,-22.72,-43.27,2007,NOX,EPA,0.0858013533,0.0190669674,0.0190669674,Refineries,75
4929,-22.72,-43.27,2008,NOX,EPA,0.09089456688,0.02019879264,0.02019879264,Refineries,75
4930,-22.72,-43.27,2009,NOX,EPA,0.08524527804,0.01894339512,0.01894339512,Refineries,75
4931,-22.72,-43.27,2010,NOX,EPA,0.09038612232,0.02008580496,0.02008580496,Refineries,75
4932,-22.72,-43.27,2011,NOX,EPA,0.08859611358,0.01968802524,0.01968802524,Refineries,75
4933,-22.72,-43.27,2012,NOX,EPA,0.0928490121,0.0206331138,0.0206331138,Refineries,75
4934,-22.72,-43.27,2013,NOX,EPA,0.0992848077,0.0220632906,0.0220632906,Refineries,75
4935,-22.72,-43.27,2014,NOX,EPA,0.0969679269,0.0215484282,0.0215484282,Refineries,75
4936,-22.72,-43.27,2015,NOX,EPA,0.08183236464,0.01818496992,0.01818496992,Refineries,75
4937,-22.72,-43.27,2016,NOX,EPA,0.07961101902,0.01769133756,0.01769133756,Refineries,75
4938,-22.72,-43.27,2017,NOX,EPA,0.07320031992,0.01626673776,0.01626673776,Refineries,75
4939,-22.72,-43.27,2018,NOX,EPA,0.07837262784,0.01741613952,0.01741613952,Refineries,75
4940,-22.72,-43.27,2019,NOX,EPA,0.07829376516,0.01739861448,0.01739861448,Refineries,75
4941,-22.72,-43.27,2020,NOX,EPA,0.07437748266,0.01652832948,0.01652832948,Refineries,75
4942,-22.72,-43.27,2021,NOX,EPA,0.07693851906,0.01709744868,0.01709744868,Refineries,75
4943,-22.72,-43.27,2022,NOX,EPA,0.08454343248,0.01878742944,0.01878742944,Refineries,75
4944,-22.72,-43.27,2023,NOX,EPA,0.01515402486,0.00336756108,0.00336756108,Refineries,75
4945,-29.87,-51.17,1990,NOX,EPA,0.02659260942,0.00590946876,0.00590946876,Refineries,75
4946,-29.87,-51.17,1991,NOX,EPA,0.02310989616,0.00513553248,0.00513553248,Refineries,75
4947,-29.87,-51.17,1992,NOX,EPA,0.02758146066,0.00612921348,0.00612921348,Refineries,75
4948,-29.87,-51.17,1993,NOX,EPA,0.03085399512,0.00685644336,0.00685644336,Refineries,75
4949,-29.87,-51.17,1994,NOX,EPA,0.04168010574,0.00926224572,0.00926224572,Refineries,75
4950,-29.87,-51.17,1995,NOX,EPA,0.03978895986,0.00884199108,0.00884199108,Refineries,75
4951,-29.87,-51.17,1996,NOX,EPA,0.0468295776,0.0104065728,0.0104065728,Refineries,75
4952,-29.87,-51.17,1997,NOX,EPA,0.0418757742,0.0093057276,0.0093057276,Refineries,75
4953,-29.87,-51.17,1998,NOX,EPA,0.04613074362,0.01025127636,0.01025127636,Refineries,75
4954,-29.87,-51.17,1999,NOX,EPA,0.0483632019,0.0107473782,0.0107473782,Refineries,75
4955,-29.87,-51.17,2000,NOX,EPA,0.05016885822,0.01114863516,0.01114863516,Refineries,75
4956,-29.87,-51.17,2001,NOX,EPA,0.04688776638,0.01041950364,0.01041950364,Refineries,75
4957,-29.87,-51.17,2002,NOX,EPA,0.04434261624,0.00985391472,0.00985391472,Refineries,75
4958,-29.87,-51.17,2003,NOX,EPA,0.04282089084,0.00951575352,0.00951575352,Refineries,75
4959,-29.87,-51.17,2004,NOX,EPA,0.04229007354,0.00939779412,0.00939779412,Refineries,75
4960,-29.87,-51.17,2005,NOX,EPA,0.04872649392,0.01082810976,0.01082810976,Refineries,75
4961,-29.87,-51.17,2006,NOX,EPA,0.047710728,0.010602384,0.010602384,Refineries,75
4962,-29.87,-51.17,2007,NOX,EPA,0.06075371952,0.01350082656,0.01350082656,Refineries,75
4963,-29.87,-51.17,2008,NOX,EPA,0.05958206046,0.01324045788,0.01324045788,Refineries,75
4964,-29.87,-51.17,2009,NOX,EPA,0.06817070754,0.01514904612,0.01514904612,Refineries,75
4965,-29.87,-51.17,2010,NOX,EPA,0.06081784722,0.01351507716,0.01351507716,Refineries,75
4966,-29.87,-51.17,2011,NOX,EPA,0.06100989336,0.01355775408,0.01355775408,Refineries,75
4967,-29.87,-51.17,2012,NOX,EPA,0.06402158568,0.01422701904,0.01422701904,Refineries,75
4968,-29.87,-51.17,2013,NOX,EPA,0.08086859586,0.01797079908,0.01797079908,Refineries,75
4969,-29.87,-51.17,2014,NOX,EPA,0.07850916684,0.01744648152,0.01744648152,Refineries,75
4970,-29.87,-51.17,2015,NOX,EPA,0.07159551282,0.01591011396,0.01591011396,Refineries,75
4971,-29.87,-51.17,2016,NOX,EPA,0.06202410786,0.01378313508,0.01378313508,Refineries,75
4972,-29.87,-51.17,2017,NOX,EPA,0.05686485714,0.01263663492,0.01263663492,Refineries,75
4973,-29.87,-51.17,2018,NOX,EPA,0.05622466122,0.01249436916,0.01249436916,Refineries,75
4974,-29.87,-51.17,2019,NOX,EPA,0.05853158766,0.01300701948,0.01300701948,Refineries,75
4975,-29.87,-51.17,2020,NOX,EPA,0.05536974456,0.01230438768,0.01230438768,Refineries,75
4976,-29.87,-51.17,2021,NOX,EPA,0.0618767721,0.0137503938,0.0137503938,Refineries,75
4977,-29.87,-51.17,2022,NOX,EPA,0.06729310224,0.01495402272,0.01495402272,Refineries,75
4978,-29.87,-51.17,2023,NOX,EPA,0.00552728826,0.00122828628,0.00122828628,Refineries,75
4979,-19.97,-44.1,1990,NOX,EPA,0.0519676209,0.0115483602,0.0115483602,Refineries,75
4980,-19.97,-44.1,1991,NOX,EPA,0.05351622588,0.01189249464,0.01189249464,Refineries,75
4981,-19.97,-44.1,1992,NOX,EPA,0.05194009548,0.01154224344,0.01154224344,Refineries,75
4982,-19.97,-44.1,1993,NOX,EPA,0.05349321432,0.01188738096,0.01188738096,Refineries,75
4983,-19.97,-44.1,1994,NOX,EPA,0.05232593574,0.01162798572,0.01162798572,Refineries,75
4984,-19.97,-44.1,1995,NOX,EPA,0.05290453818,0.01175656404,0.01175656404,Refineries,75
4985,-19.97,-44.1,1996,NOX,EPA,0.04638968334,0.01030881852,0.01030881852,Refineries,75
4986,-19.97,-44.1,1997,NOX,EPA,0.05334967638,0.01185548364,0.01185548364,Refineries,75
4987,-19.97,-44.1,1998,NOX,EPA,0.04929237612,0.01095386136,0.01095386136,Refineries,75
4988,-19.97,-44.1,1999,NOX,EPA,0.05458532274,0.01213007172,0.01213007172,Refineries,75
4989,-19.97,-44.1,2000,NOX,EPA,0.0531774477,0.0118172106,0.0118172106,Refineries,75
4990,-19.97,-44.1,2001,NOX,EPA,0.05405616216,0.01201248048,0.01201248048,Refineries,75
4991,-19.97,-44.1,2002,NOX,EPA,0.0509469831,0.0113215518,0.0113215518,Refineries,75
4992,-19.97,-44.1,2003,NOX,EPA,0.05250483342,0.01166774076,0.01166774076,Refineries,75
4993,-19.97,-44.1,2004,NOX,EPA,0.0545441715,0.012120927,0.012120927,Refineries,75
4994,-19.97,-44.1,2005,NOX,EPA,0.05426645328,0.01205921184,0.01205921184,Refineries,75
4995,-19.97,-44.1,2006,NOX,EPA,0.05637236202,0.01252719156,0.01252719156,Refineries,75
4996,-19.97,-44.1,2007,NOX,EPA,0.05448898026,0.01210866228,0.01210866228,Refineries,75
4997,-19.97,-44.1,2008,NOX,EPA,0.05997385368,0.01332752304,0.01332752304,Refineries,75
4998,-19.97,-44.1,2009,NOX,EPA,0.05856532578,0.01301451684,0.01301451684,Refineries,75
4999,-19.97,-44.1,2010,NOX,EPA,0.06000744438,0.01333498764,0.01333498764,Refineries,75
5000,-19.97,-44.1,2011,NOX,EPA,0.05431587408,0.01207019424,0.01207019424,Refineries,75
5001,-19.97,-44.1,2012,NOX,EPA,0.0600879357,0.0133528746,0.0133528746,Refineries,75
5002,-19.97,-44.1,2013,NOX,EPA,0.06094370178,0.01354304484,0.01354304484,Refineries,75
5003,-19.97,-44.1,2014,NOX,EPA,0.06463569528,0.01436348784,0.01436348784,Refineries,75
5004,-19.97,-44.1,2015,NOX,EPA,0.06217488342,0.01381664076,0.01381664076,Refineries,75
5005,-19.97,-44.1,2016,NOX,EPA,0.06128100576,0.01361800128,0.01361800128,Refineries,75
5006,-19.97,-44.1,2017,NOX,EPA,0.05757655176,0.01279478928,0.01279478928,Refineries,75
5007,-19.97,-44.1,2018,NOX,EPA,0.05840170362,0.01297815636,0.01297815636,Refineries,75
5008,-19.97,-44.1,2019,NOX,EPA,0.05650409934,0.01255646652,0.01255646652,Refineries,75
5009,-19.97,-44.1,2020,NOX,EPA,0.05092807122,0.01131734916,0.01131734916,Refineries,75
5010,-19.97,-44.1,2021,NOX,EPA,0.05597803458,0.01243956324,0.01243956324,Refineries,75
5011,-19.97,-44.1,2022,NOX,EPA,0.06060153294,0.01346700732,0.01346700732,Refineries,75
5012,-19.97,-44.1,2023,NOX,EPA,0.0098231913,0.0021829314,0.0021829314,Refineries,75
5013,-3.15,-59.95,1990,NOX,EPA,0.00355174794,0.00078927732,0.00078927732,Refineries,75
5014,-3.15,-59.95,1991,NOX,EPA,0.00415247742,0.00092277276,0.00092277276,Refineries,75
5015,-3.15,-59.95,1992,NOX,EPA,0.00435395142,0.00096754476,0.00096754476,Refineries,75
5016,-3.15,-59.95,1993,NOX,EPA,0.00399275136,0.00088727808,0.00088727808,Refineries,75
5017,-3.15,-59.95,1994,NOX,EPA,0.0042690375,0.000948675,0.000948675,Refineries,75
5018,-3.15,-59.95,1995,NOX,EPA,0.00418389894,0.00092975532,0.00092975532,Refineries,75
5019,-3.15,-59.95,1996,NOX,EPA,0.0049184226,0.0010929828,0.0010929828,Refineries,75
5020,-3.15,-59.95,1997,NOX,EPA,0.0055076112,0.0012239136,0.0012239136,Refineries,75
5021,-3.15,-59.95,1998,NOX,EPA,0.00581836554,0.00129297012,0.00129297012,Refineries,75
5022,-3.15,-59.95,1999,NOX,EPA,0.0056526795,0.001256151,0.001256151,Refineries,75
5023,-3.15,-59.95,2000,NOX,EPA,0.01247698998,0.00277266444,0.00277266444,Refineries,75
5024,-3.15,-59.95,2001,NOX,EPA,0.01797723018,0.00399494004,0.00399494004,Refineries,75
5025,-3.15,-59.95,2002,NOX,EPA,0.01895967918,0.00421326204,0.00421326204,Refineries,75
5026,-3.15,-59.95,2003,NOX,EPA,0.0180369774,0.0040082172,0.0040082172,Refineries,75
5027,-3.15,-59.95,2004,NOX,EPA,0.01861989012,0.00413775336,0.00413775336,Refineries,75
5028,-3.15,-59.95,2005,NOX,EPA,0.01809336906,0.00402074868,0.00402074868,Refineries,75
5029,-3.15,-59.95,2006,NOX,EPA,0.01468561536,0.00326347008,0.00326347008,Refineries,75
5030,-3.15,-59.95,2007,NOX,EPA,0.01676994462,0.00372665436,0.00372665436,Refineries,75
5031,-3.15,-59.95,2008,NOX,EPA,0.01620505926,0.00360112428,0.00360112428,Refineries,75
5032,-3.15,-59.95,2009,NOX,EPA,0.01668354948,0.00370745544,0.00370745544,Refineries,75
5033,-3.15,-59.95,2010,NOX,EPA,0.01717209234,0.00381602052,0.00381602052,Refineries,75
5034,-3.15,-59.95,2011,NOX,EPA,0.017376606,0.003861468,0.003861468,Refineries,75
5035,-3.15,-59.95,2012,NOX,EPA,0.0147473352,0.0032771856,0.0032771856,Refineries,75
5036,-3.15,-59.95,2013,NOX,EPA,0.01584489114,0.00352108692,0.00352108692,Refineries,75
5037,-3.15,-59.95,2014,NOX,EPA,0.0168189021,0.0037375338,0.0037375338,Refineries,75
5038,-3.15,-59.95,2015,NOX,EPA,0.01432445742,0.00318321276,0.00318321276,Refineries,75
5039,-3.15,-59.95,2016,NOX,EPA,0.0126610614,0.0028135692,0.0028135692,Refineries,75
5040,-3.15,-59.95,2017,NOX,EPA,0.01175065866,0.00261125748,0.00261125748,Refineries,75
5041,-3.15,-59.95,2018,NOX,EPA,0.0119926521,0.0026650338,0.0026650338,Refineries,75
5042,-3.15,-59.95,2019,NOX,EPA,0.0128678706,0.0028595268,0.0028595268,Refineries,75
5043,-3.15,-59.95,2020,NOX,EPA,0.01112628582,0.00247250796,0.00247250796,Refineries,75
5044,-3.15,-59.95,2021,NOX,EPA,0.01238516838,0.00275225964,0.00275225964,Refineries,75
5045,-3.15,-59.95,2022,NOX,EPA,0.01258688106,0.00279708468,0.00279708468,Refineries,75
5046,-3.15,-59.95,2023,NOX,EPA,0.00175416462,0.00038981436,0.00038981436,Refineries,75
5047,-25.57,-49.36,1990,NOX,EPA,0.0558364482,0.0124080996,0.0124080996,Refineries,75
5048,-25.57,-49.36,1991,NOX,EPA,0.05523829506,0.01227517668,0.01227517668,Refineries,75
5049,-25.57,-49.36,1992,NOX,EPA,0.05171692968,0.01149265104,0.01149265104,Refineries,75
5050,-25.57,-49.36,1993,NOX,EPA,0.06097416156,0.01354981368,0.01354981368,Refineries,75
5051,-25.57,-49.36,1994,NOX,EPA,0.06695416962,0.01487870436,0.01487870436,Refineries,75
5052,-25.57,-49.36,1995,NOX,EPA,0.05631865902,0.01251525756,0.01251525756,Refineries,75
5053,-25.57,-49.36,1996,NOX,EPA,0.06584088186,0.01463130708,0.01463130708,Refineries,75
5054,-25.57,-49.36,1997,NOX,EPA,0.06738099966,0.01497355548,0.01497355548,Refineries,75
5055,-25.57,-49.36,1998,NOX,EPA,0.06515147574,0.01447810572,0.01447810572,Refineries,75
5056,-25.57,-49.36,1999,NOX,EPA,0.07721871534,0.01715971452,0.01715971452,Refineries,75
5057,-25.57,-49.36,2000,NOX,EPA,0.07706044944,0.01712454432,0.01712454432,Refineries,75
5058,-25.57,-49.36,2001,NOX,EPA,0.07786515204,0.01730336712,0.01730336712,Refineries,75
5059,-25.57,-49.36,2002,NOX,EPA,0.07986661722,0.01774813716,0.01774813716,Refineries,75
5060,-25.57,-49.36,2003,NOX,EPA,0.07793575218,0.01731905604,0.01731905604,Refineries,75
5061,-25.57,-49.36,2004,NOX,EPA,0.06781150116,0.01506922248,0.01506922248,Refineries,75
5062,-25.57,-49.36,2005,NOX,EPA,0.07736848002,0.01719299556,0.01719299556,Refineries,75
5063,-25.57,-49.36,2006,NOX,EPA,0.07514116038,0.01669803564,0.01669803564,Refineries,75
5064,-25.57,-49.36,2007,NOX,EPA,0.06903686322,0.01534152516,0.01534152516,Refineries,75
5065,-25.57,-49.36,2008,NOX,EPA,0.07571769192,0.01682615376,0.01682615376,Refineries,75
5066,-25.57,-49.36,2009,NOX,EPA,0.07693806978,0.01709734884,0.01709734884,Refineries,75
5067,-25.57,-49.36,2010,NOX,EPA,0.0698691474,0.0155264772,0.0155264772,Refineries,75
5068,-25.57,-49.36,2011,NOX,EPA,0.07921290078,0.01760286684,0.01760286684,Refineries,75
5069,-25.57,-49.36,2012,NOX,EPA,0.0814486023,0.0180996894,0.0180996894,Refineries,75
5070,-25.57,-49.36,2013,NOX,EPA,0.07947370782,0.01766082396,0.01766082396,Refineries,75
5071,-25.57,-49.36,2014,NOX,EPA,0.08328396726,0.01850754828,0.01850754828,Refineries,75
5072,-25.57,-49.36,2015,NOX,EPA,0.0808634151,0.0179696478,0.0179696478,Refineries,75
5073,-25.57,-49.36,2016,NOX,EPA,0.0692065296,0.0153792288,0.0153792288,Refineries,75
5074,-25.57,-49.36,2017,NOX,EPA,0.06625724508,0.01472383224,0.01472383224,Refineries,75
5075,-25.57,-49.36,2018,NOX,EPA,0.0704988765,0.015666417,0.015666417,Refineries,75
5076,-25.57,-49.36,2019,NOX,EPA,0.06869028582,0.01526450796,0.01526450796,Refineries,75
5077,-25.57,-49.36,2020,NOX,EPA,0.07322685552,0.01627263456,0.01627263456,Refineries,75
5078,-25.57,-49.36,2021,NOX,EPA,0.07424460108,0.01649880024,0.01649880024,Refineries,75
5079,-25.57,-49.36,2022,NOX,EPA,0.06584322654,0.01463182812,0.01463182812,Refineries,75
5080,-25.57,-49.36,2023,NOX,EPA,0.0122088681,0.0027130818,0.0027130818,Refineries,75
5081,-22.73,-47.14,1990,NOX,EPA,0.0854157798,0.0189812844,0.0189812844,Refineries,75
5082,-22.73,-47.14,1991,NOX,EPA,0.08808974694,0.01957549932,0.01957549932,Refineries,75
5083,-22.73,-47.14,1992,NOX,EPA,0.0825696963,0.0183488214,0.0183488214,Refineries,75
5084,-22.73,-47.14,1993,NOX,EPA,0.08638209684,0.01919602152,0.01919602152,Refineries,75
5085,-22.73,-47.14,1994,NOX,EPA,0.0901904328,0.0200423184,0.0200423184,Refineries,75
5086,-22.73,-47.14,1995,NOX,EPA,0.09928599408,0.02206355424,0.02206355424,Refineries,75
5087,-22.73,-47.14,1996,NOX,EPA,0.10109651526,0.02246589228,0.02246589228,Refineries,75
5088,-22.73,-47.14,1997,NOX,EPA,0.10714868892,0.02381081976,0.02381081976,Refineries,75
5089,-22.73,-47.14,1998,NOX,EPA,0.12634740612,0.02807720136,0.02807720136,Refineries,75
5090,-22.73,-47.14,1999,NOX,EPA,0.1197561105,0.026612469,0.026612469,Refineries,75
5091,-22.73,-47.14,2000,NOX,EPA,0.13562528382,0.03013895196,0.03013895196,Refineries,75
5092,-22.73,-47.14,2001,NOX,EPA,0.13237946748,0.02941765944,0.02941765944,Refineries,75
5093,-22.73,-47.14,2002,NOX,EPA,0.1332910917,0.0296202426,0.0296202426,Refineries,75
5094,-22.73,-47.14,2003,NOX,EPA,0.12094325568,0.02687627904,0.02687627904,Refineries,75
5095,-22.73,-47.14,2004,NOX,EPA,0.14563447002,0.03236321556,0.03236321556,Refineries,75
5096,-22.73,-47.14,2005,NOX,EPA,0.13612182246,0.03024929388,0.03024929388,Refineries,75
5097,-22.73,-47.14,2006,NOX,EPA,0.14298313536,0.03177403008,0.03177403008,Refineries,75
5098,-22.73,-47.14,2007,NOX,EPA,0.14410167408,0.03202259424,0.03202259424,Refineries,75
5099,-22.73,-47.14,2008,NOX,EPA,0.13459064112,0.02990903136,0.02990903136,Refineries,75
5100,-22.73,-47.14,2009,NOX,EPA,0.1409905575,0.031331235,0.031331235,Refineries,75
5101,-22.73,-47.14,2010,NOX,EPA,0.13127664654,0.02917258812,0.02917258812,Refineries,75
5102,-22.73,-47.14,2011,NOX,EPA,0.15451983144,0.03433774032,0.03433774032,Refineries,75
5103,-22.73,-47.14,2012,NOX,EPA,0.16141769748,0.03587059944,0.03587059944,Refineries,75
5104,-22.73,-47.14,2013,NOX,EPA,0.17367456132,0.03859434696,0.03859434696,Refineries,75
5105,-22.73,-47.14,2014,NOX,EPA,0.16853850468,0.03745300104,0.03745300104,Refineries,75
5106,-22.73,-47.14,2015,NOX,EPA,0.16073488314,0.03571886292,0.03571886292,Refineries,75
5107,-22.73,-47.14,2016,NOX,EPA,0.1371535308,0.0304785624,0.0304785624,Refineries,75
5108,-22.73,-47.14,2017,NOX,EPA,0.13310181144,0.02957818032,0.02957818032,Refineries,75
5109,-22.73,-47.14,2018,NOX,EPA,0.11740108302,0.02608912956,0.02608912956,Refineries,75
5110,-22.73,-47.14,2019,NOX,EPA,0.13449159594,0.02988702132,0.02988702132,Refineries,75
5111,-22.73,-47.14,2020,NOX,EPA,0.12600590418,0.02800131204,0.02800131204,Refineries,75
5112,-22.73,-47.14,2021,NOX,EPA,0.14578060536,0.03239569008,0.03239569008,Refineries,75
5113,-22.73,-47.14,2022,NOX,EPA,0.15441225696,0.03431383488,0.03431383488,Refineries,75
5114,-22.73,-47.14,2023,NOX,EPA,0.02655671616,0.00590149248,0.00590149248,Refineries,75
5115,-23.19,-45.82,1990,NOX,EPA,0.07323925284,0.01627538952,0.01627538952,Refineries,75
5116,-23.19,-45.82,1991,NOX,EPA,0.06368013288,0.01415114064,0.01415114064,Refineries,75
5117,-23.19,-45.82,1992,NOX,EPA,0.07366260096,0.01636946688,0.01636946688,Refineries,75
5118,-23.19,-45.82,1993,NOX,EPA,0.06502720068,0.01445048904,0.01445048904,Refineries,75
5119,-23.19,-45.82,1994,NOX,EPA,0.0813250854,0.0180722412,0.0180722412,Refineries,75
5120,-23.19,-45.82,1995,NOX,EPA,0.0720618093,0.0160137354,0.0160137354,Refineries,75
5121,-23.19,-45.82,1996,NOX,EPA,0.06945418818,0.01543426404,0.01543426404,Refineries,75
5122,-23.19,-45.82,1997,NOX,EPA,0.07675014438,0.01705558764,0.01705558764,Refineries,75
5123,-23.19,-45.82,1998,NOX,EPA,0.0851759064,0.0189279792,0.0189279792,Refineries,75
5124,-23.19,-45.82,1999,NOX,EPA,0.0809884413,0.0179974314,0.0179974314,Refineries,75
5125,-23.19,-45.82,2000,NOX,EPA,0.09081498816,0.02018110848,0.02018110848,Refineries,75
5126,-23.19,-45.82,2001,NOX,EPA,0.09049986738,0.02011108164,0.02011108164,Refineries,75
5127,-23.19,-45.82,2002,NOX,EPA,0.08083402938,0.01796311764,0.01796311764,Refineries,75
5128,-23.19,-45.82,2003,NOX,EPA,0.08914187646,0.01980930588,0.01980930588,Refineries,75
5129,-23.19,-45.82,2004,NOX,EPA,0.09827131626,0.02183807028,0.02183807028,Refineries,75
5130,-23.19,-45.82,2005,NOX,EPA,0.09891549954,0.02198122212,0.02198122212,Refineries,75
5131,-23.19,-45.82,2006,NOX,EPA,0.08812156158,0.01958256924,0.01958256924,Refineries,75
5132,-23.19,-45.82,2007,NOX,EPA,0.09789624468,0.02175472104,0.02175472104,Refineries,75
5133,-23.19,-45.82,2008,NOX,EPA,0.08561817342,0.01902626076,0.01902626076,Refineries,75
5134,-23.19,-45.82,2009,NOX,EPA,0.09966235734,0.02214719052,0.02214719052,Refineries,75
5135,-23.19,-45.82,2010,NOX,EPA,0.09887742306,0.02197276068,0.02197276068,Refineries,75
5136,-23.19,-45.82,2011,NOX,EPA,0.09841725504,0.02187050112,0.02187050112,Refineries,75
5137,-23.19,-45.82,2012,NOX,EPA,0.09958212576,0.02212936128,0.02212936128,Refineries,75
5138,-23.19,-45.82,2013,NOX,EPA,0.09402768414,0.02089504092,0.02089504092,Refineries,75
5139,-23.19,-45.82,2014,NOX,EPA,0.10494757494,0.02332168332,0.02332168332,Refineries,75
5140,-23.19,-45.82,2015,NOX,EPA,0.0996291387,0.0221398086,0.0221398086,Refineries,75
5141,-23.19,-45.82,2016,NOX,EPA,0.089088363,0.019797414,0.019797414,Refineries,75
5142,-23.19,-45.82,2017,NOX,EPA,0.08529702948,0.01895489544,0.01895489544,Refineries,75
5143,-23.19,-45.82,2018,NOX,EPA,0.08719925292,0.01937761176,0.01937761176,Refineries,75
5144,-23.19,-45.82,2019,NOX,EPA,0.07613536086,0.01691896908,0.01691896908,Refineries,75
5145,-23.19,-45.82,2020,NOX,EPA,0.08942361714,0.01987191492,0.01987191492,Refineries,75
5146,-23.19,-45.82,2021,NOX,EPA,0.09437546196,0.02097232488,0.02097232488,Refineries,75
5147,-23.19,-45.82,2022,NOX,EPA,0.09389396718,0.02086532604,0.02086532604,Refineries,75
5148,-23.19,-45.82,2023,NOX,EPA,0.01237030002,0.00274895556,0.00274895556,Refineries,75
5149,-32.04,-52.09,1990,NOX,EPA,0.00404243892,0.00089831976,0.00089831976,Refineries,75
5150,-32.04,-52.09,1991,NOX,EPA,0.00383821308,0.00085293624,0.00085293624,Refineries,75
5151,-32.04,-52.09,1992,NOX,EPA,0.00383615622,0.00085247916,0.00085247916,Refineries,75
5152,-32.04,-52.09,1993,NOX,EPA,0.00396732492,0.00088162776,0.00088162776,Refineries,75
5153,-32.04,-52.09,1994,NOX,EPA,0.0038126322,0.0008472516,0.0008472516,Refineries,75
5154,-32.04,-52.09,1995,NOX,EPA,0.00384048054,0.00085344012,0.00085344012,Refineries,75
5155,-32.04,-52.09,1996,NOX,EPA,0.00389023128,0.00086449584,0.00086449584,Refineries,75
5156,-32.04,-52.09,1997,NOX,EPA,0.00391593852,0.00087020856,0.00087020856,Refineries,75
5157,-32.04,-52.09,1998,NOX,EPA,0.00407316546,0.00090514788,0.00090514788,Refineries,75
5158,-32.04,-52.09,1999,NOX,EPA,0.00490127976,0.00108917328,0.00108917328,Refineries,75
5159,-32.04,-52.09,2000,NOX,EPA,0.00527463846,0.00117214188,0.00117214188,Refineries,75
5160,-32.04,-52.09,2001,NOX,EPA,0.0052984854,0.0011774412,0.0011774412,Refineries,75
5161,-32.04,-52.09,2002,NOX,EPA,0.00499819086,0.00111070908,0.00111070908,Refineries,75
5162,-32.04,-52.09,2003,NOX,EPA,0.00564408702,0.00125424156,0.00125424156,Refineries,75
5163,-32.04,-52.09,2004,NOX,EPA,0.00460952154,0.00102433812,0.00102433812,Refineries,75
5164,-32.04,-52.09,2005,NOX,EPA,0.0018606861,0.0004134858,0.0004134858,Refineries,75
5165,-32.04,-52.09,2006,NOX,EPA,0.00291581316,0.00064795848,0.00064795848,Refineries,75
5166,-32.04,-52.09,2007,NOX,EPA,0.00539851338,0.00119966964,0.00119966964,Refineries,75
5167,-32.04,-52.09,2008,NOX,EPA,0.00320083218,0.00071129604,0.00071129604,Refineries,75
5168,-32.04,-52.09,2009,NOX,EPA,0.00558243036,0.00124054008,0.00124054008,Refineries,75
5169,-32.04,-52.09,2010,NOX,EPA,0.00576274608,0.00128061024,0.00128061024,Refineries,75
5170,-32.04,-52.09,2011,NOX,EPA,0.0061597692,0.0013688376,0.0013688376,Refineries,75
5171,-32.04,-52.09,2012,NOX,EPA,0.00655951608,0.00145767024,0.00145767024,Refineries,75
5172,-32.04,-52.09,2013,NOX,EPA,0.00639799992,0.00142177776,0.00142177776,Refineries,75
5173,-32.04,-52.09,2014,NOX,EPA,0.0054695979,0.0012154662,0.0012154662,Refineries,75
5174,-32.04,-52.09,2015,NOX,EPA,0.00400033296,0.00088896288,0.00088896288,Refineries,75
5175,-32.04,-52.09,2016,NOX,EPA,0.00568280232,0.00126284496,0.00126284496,Refineries,75
5176,-32.04,-52.09,2017,NOX,EPA,0.0059395167,0.0013198926,0.0013198926,Refineries,75
5177,-32.04,-52.09,2018,NOX,EPA,0.00587046798,0.00130454844,0.00130454844,Refineries,75
5178,-32.04,-52.09,2019,NOX,EPA,0.0062979579,0.0013995462,0.0013995462,Refineries,75
5179,-32.04,-52.09,2020,NOX,EPA,0.00491639382,0.00109253196,0.00109253196,Refineries,75
5180,-32.04,-52.09,2021,NOX,EPA,0.00458484624,0.00101885472,0.00101885472,Refineries,75
5181,-32.04,-52.09,2022,NOX,EPA,0.0048592791,0.0010798398,0.0010798398,Refineries,75
5182,-32.04,-52.09,2023,NOX,EPA,0.00101766834,0.00022614852,0.00022614852,Refineries,75
5183,-12.71,-38.57,1990,NOX,EPA,0.05054398596,0.01123199688,0.01123199688,Refineries,75
5184,-12.71,-38.57,1991,NOX,EPA,0.04511068146,0.01002459588,0.01002459588,Refineries,75
5185,-12.71,-38.57,1992,NOX,EPA,0.0523827837,0.0116406186,0.0116406186,Refineries,75
5186,-12.71,-38.57,1993,NOX,EPA,0.05117224788,0.01137161064,0.01137161064,Refineries,75
5187,-12.71,-38.57,1994,NOX,EPA,0.04768719696,0.01059715488,0.01059715488,Refineries,75
5188,-12.71,-38.57,1995,NOX,EPA,0.04777470828,0.01061660184,0.01061660184,Refineries,75
5189,-12.71,-38.57,1996,NOX,EPA,0.0448908642,0.0099757476,0.0099757476,Refineries,75
5190,-12.71,-38.57,1997,NOX,EPA,0.04975461504,0.01105658112,0.01105658112,Refineries,75
5191,-12.71,-38.57,1998,NOX,EPA,0.07041605454,0.01564801212,0.01564801212,Refineries,75
5192,-12.71,-38.57,1999,NOX,EPA,0.0784414449,0.0174314322,0.0174314322,Refineries,75
5193,-12.71,-38.57,2000,NOX,EPA,0.0697816431,0.0155070318,0.0155070318,Refineries,75
5194,-12.71,-38.57,2001,NOX,EPA,0.0846946503,0.0188210334,0.0188210334,Refineries,75
5195,-12.71,-38.57,2002,NOX,EPA,0.0828020934,0.0184004652,0.0184004652,Refineries,75
5196,-12.71,-38.57,2003,NOX,EPA,0.07867182024,0.01748262672,0.01748262672,Refineries,75
5197,-12.71,-38.57,2004,NOX,EPA,0.09564336522,0.02125408116,0.02125408116,Refineries,75
5198,-12.71,-38.57,2005,NOX,EPA,0.10019587734,0.02226575052,0.02226575052,Refineries,75
5199,-12.71,-38.57,2006,NOX,EPA,0.10589496606,0.02353221468,0.02353221468,Refineries,75
5200,-12.71,-38.57,2007,NOX,EPA,0.10555638444,0.02345697432,0.02345697432,Refineries,75
5201,-12.71,-38.57,2008,NOX,EPA,0.104086944,0.023130432,0.023130432,Refineries,75
5202,-12.71,-38.57,2009,NOX,EPA,0.09008519598,0.02001893244,0.02001893244,Refineries,75
5203,-12.71,-38.57,2010,NOX,EPA,0.10226217222,0.02272492716,0.02272492716,Refineries,75
5204,-12.71,-38.57,2011,NOX,EPA,0.0971545185,0.021589893,0.021589893,Refineries,75
5205,-12.71,-38.57,2012,NOX,EPA,0.09721041876,0.02160231528,0.02160231528,Refineries,75
5206,-12.71,-38.57,2013,NOX,EPA,0.11414264472,0.02536503216,0.02536503216,Refineries,75
5207,-12.71,-38.57,2014,NOX,EPA,0.12274482636,0.02727662808,0.02727662808,Refineries,75
5208,-12.71,-38.57,2015,NOX,EPA,0.10624389516,0.02360975448,0.02360975448,Refineries,75
5209,-12.71,-38.57,2016,NOX,EPA,0.09509596668,0.02113243704,0.02113243704,Refineries,75
5210,-12.71,-38.57,2017,NOX,EPA,0.08882814564,0.01973958792,0.01973958792,Refineries,75
5211,-12.71,-38.57,2018,NOX,EPA,0.08871429528,0.01971428784,0.01971428784,Refineries,75
5212,-12.71,-38.57,2019,NOX,EPA,0.09204804414,0.02045512092,0.02045512092,Refineries,75
5213,-12.71,-38.57,2020,NOX,EPA,0.10141047072,0.02253566016,0.02253566016,Refineries,75
5214,-12.71,-38.57,2021,NOX,EPA,0.08412337674,0.01869408372,0.01869408372,Refineries,75
5215,-12.71,-38.57,2022,NOX,EPA,0.10151659206,0.02255924268,0.02255924268,Refineries,75
5216,-23.87,-46.44,1990,NOX,EPA,0.041151591,0.009144798,0.009144798,Refineries,75
5217,-23.87,-46.44,1991,NOX,EPA,0.04351135698,0.00966919044,0.00966919044,Refineries,75
5218,-23.87,-46.44,1992,NOX,EPA,0.04373746416,0.00971943648,0.00971943648,Refineries,75
5219,-23.87,-46.44,1993,NOX,EPA,0.04288600836,0.00953022408,0.00953022408,Refineries,75
5220,-23.87,-46.44,1994,NOX,EPA,0.04880560932,0.01084569096,0.01084569096,Refineries,75
5221,-23.87,-46.44,1995,NOX,EPA,0.05425135326,0.01205585628,0.01205585628,Refineries,75
5222,-23.87,-46.44,1996,NOX,EPA,0.05326097166,0.01183577148,0.01183577148,Refineries,75
5223,-23.87,-46.44,1997,NOX,EPA,0.05813327286,0.01291850508,0.01291850508,Refineries,75
5224,-23.87,-46.44,1998,NOX,EPA,0.05696426034,0.01265872452,0.01265872452,Refineries,75
5225,-23.87,-46.44,1999,NOX,EPA,0.06406230168,0.01423606704,0.01423606704,Refineries,75
5226,-23.87,-46.44,2000,NOX,EPA,0.0645079734,0.0143351052,0.0143351052,Refineries,75
5227,-23.87,-46.44,2001,NOX,EPA,0.06295929822,0.01399095516,0.01399095516,Refineries,75
5228,-23.87,-46.44,2002,NOX,EPA,0.0622578177,0.0138350706,0.0138350706,Refineries,75
5229,-23.87,-46.44,2003,NOX,EPA,0.06687893628,0.01486198584,0.01486198584,Refineries,75
5230,-23.87,-46.44,2004,NOX,EPA,0.06324322212,0.01405404936,0.01405404936,Refineries,75
5231,-23.87,-46.44,2005,NOX,EPA,0.0645041124,0.0143342472,0.0143342472,Refineries,75
5232,-23.87,-46.44,2006,NOX,EPA,0.06673197258,0.01482932724,0.01482932724,Refineries,75
5233,-23.87,-46.44,2007,NOX,EPA,0.06261335262,0.01391407836,0.01391407836,Refineries,75
5234,-23.87,-46.44,2008,NOX,EPA,0.0688157613,0.0152923914,0.0152923914,Refineries,75
5235,-23.87,-46.44,2009,NOX,EPA,0.06760952874,0.01502433972,0.01502433972,Refineries,75
5236,-23.87,-46.44,2010,NOX,EPA,0.06539490828,0.01453220184,0.01453220184,Refineries,75
5237,-23.87,-46.44,2011,NOX,EPA,0.0618192783,0.0137376174,0.0137376174,Refineries,75
5238,-23.87,-46.44,2012,NOX,EPA,0.0640323684,0.0142294152,0.0142294152,Refineries,75
5239,-23.87,-46.44,2013,NOX,EPA,0.07160330502,0.01591184556,0.01591184556,Refineries,75
5240,-23.87,-46.44,2014,NOX,EPA,0.072258264,0.016057392,0.016057392,Refineries,75
5241,-23.87,-46.44,2015,NOX,EPA,0.06413262102,0.01425169356,0.01425169356,Refineries,75
5242,-23.87,-46.44,2016,NOX,EPA,0.05817747078,0.01292832684,0.01292832684,Refineries,75
5243,-23.87,-46.44,2017,NOX,EPA,0.0589465188,0.0130992264,0.0130992264,Refineries,75
5244,-23.87,-46.44,2018,NOX,EPA,0.0583724934,0.0129716652,0.0129716652,Refineries,75
5245,-23.87,-46.44,2019,NOX,EPA,0.0542854845,0.012063441,0.012063441,Refineries,75
5246,-23.87,-46.44,2020,NOX,EPA,0.05859391122,0.01302086916,0.01302086916,Refineries,75
5247,-23.87,-46.44,2021,NOX,EPA,0.06104460024,0.01356546672,0.01356546672,Refineries,75
5248,-23.87,-46.44,2022,NOX,EPA,0.0709800273,0.0157733394,0.0157733394,Refineries,75
5249,-23.87,-46.44,2023,NOX,EPA,0.01052612496,0.00233913888,0.00233913888,Refineries,75
5250,-5.13,-36.38,1990,NOX,EPA,0,0,0,Refineries,75
5251,-5.13,-36.38,1991,NOX,EPA,0,0,0,Refineries,75
5252,-5.13,-36.38,1992,NOX,EPA,0,0,0,Refineries,75
5253,-5.13,-36.38,1993,NOX,EPA,0,0,0,Refineries,75
5254,-5.13,-36.38,1994,NOX,EPA,0,0,0,Refineries,75
5255,-5.13,-36.38,1995,NOX,EPA,0,0,0,Refineries,75
5256,-5.13,-36.38,1996,NOX,EPA,0,0,0,Refineries,75
5257,-5.13,-36.38,1997,NOX,EPA,0,0,0,Refineries,75
5258,-5.13,-36.38,1998,NOX,EPA,0,0,0,Refineries,75
5259,-5.13,-36.38,1999,NOX,EPA,0,0,0,Refineries,75
5260,-5.13,-36.38,2000,NOX,EPA,0.00135494424,0.00030109872,0.00030109872,Refineries,75
5261,-5.13,-36.38,2001,NOX,EPA,0.00122531994,0.00027229332,0.00027229332,Refineries,75
5262,-5.13,-36.38,2002,NOX,EPA,0.001534221,0.000340938,0.000340938,Refineries,75
5263,-5.13,-36.38,2003,NOX,EPA,0.0016099668,0.0003577704,0.0003577704,Refineries,75
5264,-5.13,-36.38,2004,NOX,EPA,0.0017516655,0.000389259,0.000389259,Refineries,75
5265,-5.13,-36.38,2005,NOX,EPA,0.00265723848,0.00059049744,0.00059049744,Refineries,75
5266,-5.13,-36.38,2006,NOX,EPA,0.0036910458,0.0008202324,0.0008202324,Refineries,75
5267,-5.13,-36.38,2007,NOX,EPA,0.0039359385,0.000874653,0.000874653,Refineries,75
5268,-5.13,-36.38,2008,NOX,EPA,0.00395729334,0.00087939852,0.00087939852,Refineries,75
5269,-5.13,-36.38,2009,NOX,EPA,0.00566540676,0.00125897928,0.00125897928,Refineries,75
5270,-5.13,-36.38,2010,NOX,EPA,0.0133409484,0.0029646552,0.0029646552,Refineries,75
5271,-5.13,-36.38,2011,NOX,EPA,0.0139646052,0.0031032456,0.0031032456,Refineries,75
5272,-5.13,-36.38,2012,NOX,EPA,0.01489269132,0.00330948696,0.00330948696,Refineries,75
5273,-5.13,-36.38,2013,NOX,EPA,0.01518350184,0.00337411152,0.00337411152,Refineries,75
5274,-5.13,-36.38,2014,NOX,EPA,0.015433821,0.003429738,0.003429738,Refineries,75
5275,-5.13,-36.38,2015,NOX,EPA,0.01381859622,0.00307079916,0.00307079916,Refineries,75
5276,-5.13,-36.38,2016,NOX,EPA,0.01363703094,0.00303045132,0.00303045132,Refineries,75
5277,-5.13,-36.38,2017,NOX,EPA,0.01349606934,0.00299912652,0.00299912652,Refineries,75
5278,-5.13,-36.38,2018,NOX,EPA,0.01263400632,0.00280755696,0.00280755696,Refineries,75
5279,-5.13,-36.38,2019,NOX,EPA,0.0129047958,0.0028677324,0.0028677324,Refineries,75
5280,-5.13,-36.38,2020,NOX,EPA,0.01176640452,0.00261475656,0.00261475656,Refineries,75
5281,-5.13,-36.38,2021,NOX,EPA,0.0115897743,0.0025755054,0.0025755054,Refineries,75
5282,-5.13,-36.38,2022,NOX,EPA,0.00984834396,0.00218852088,0.00218852088,Refineries,75
5283,-5.13,-36.38,2023,NOX,EPA,0.00172962972,0.00038436216,0.00038436216,Refineries,75
5284,-23.14,-47.02,1990,NOX,EPA,0,0,0,Refineries,75
5285,-23.14,-47.02,1991,NOX,EPA,0,0,0,Refineries,75
5286,-23.14,-47.02,1992,NOX,EPA,0,0,0,Refineries,75
5287,-23.14,-47.02,1993,NOX,EPA,0,0,0,Refineries,75
5288,-23.14,-47.02,1994,NOX,EPA,0,0,0,Refineries,75
5289,-23.14,-47.02,1995,NOX,EPA,0,0,0,Refineries,75
5290,-23.14,-47.02,1996,NOX,EPA,0,0,0,Refineries,75
5291,-23.14,-47.02,1997,NOX,EPA,0,0,0,Refineries,75
5292,-23.14,-47.02,1998,NOX,EPA,0,0,0,Refineries,75
5293,-23.14,-47.02,1999,NOX,EPA,0,0,0,Refineries,75
5294,-23.14,-47.02,2000,NOX,EPA,0,0,0,Refineries,75
5295,-23.14,-47.02,2001,NOX,EPA,0,0,0,Refineries,75
5296,-23.14,-47.02,2002,NOX,EPA,0,0,0,Refineries,75
5297,-23.14,-47.02,2003,NOX,EPA,0,0,0,Refineries,75
5298,-23.14,-47.02,2004,NOX,EPA,0,0,0,Refineries,75
5299,-23.14,-47.02,2005,NOX,EPA,0,0,0,Refineries,75
5300,-23.14,-47.02,2006,NOX,EPA,0.00110820528,0.00024626784,0.00024626784,Refineries,75
5301,-23.14,-47.02,2007,NOX,EPA,0.00206892738,0.00045976164,0.00045976164,Refineries,75
5302,-23.14,-47.02,2008,NOX,EPA,0.000826956,0.000183768,0.000183768,Refineries,75
5303,-23.14,-47.02,2009,NOX,EPA,0.00280319832,0.00062293296,0.00062293296,Refineries,75
5304,-23.14,-47.02,2010,NOX,EPA,0.00349626888,0.00077694864,0.00077694864,Refineries,75
5305,-23.14,-47.02,2011,NOX,EPA,0.00212657562,0.00047257236,0.00047257236,Refineries,75
5306,-23.14,-47.02,2012,NOX,EPA,0.00032194422,7.154316e-05,7.154316e-05,Refineries,75
5307,-23.14,-47.02,2013,NOX,EPA,2.612844e-05,5.80632e-06,5.80632e-06,Refineries,75
5308,-23.14,-47.02,2014,NOX,EPA,7.2306e-06,1.6068e-06,1.6068e-06,Refineries,75
5309,-23.14,-47.02,2015,NOX,EPA,0,0,0,Refineries,75
5310,-23.14,-47.02,2016,NOX,EPA,0,0,0,Refineries,75
5311,-23.14,-47.02,2017,NOX,EPA,0,0,0,Refineries,75
5312,-23.14,-47.02,2018,NOX,EPA,0,0,0,Refineries,75
5313,-23.14,-47.02,2019,NOX,EPA,0,0,0,Refineries,75
5314,-23.14,-47.02,2020,NOX,EPA,0,0,0,Refineries,75
5315,-23.14,-47.02,2021,NOX,EPA,0,0,0,Refineries,75
5316,-23.14,-47.02,2022,NOX,EPA,0,0,0,Refineries,75
5317,-23.14,-47.02,2023,NOX,EPA,0,0,0,Refineries,75
5318,-8.38,-35.01,1990,NOX,EPA,0,0,0,Refineries,75
5319,-8.38,-35.01,1991,NOX,EPA,0,0,0,Refineries,75
5320,-8.38,-35.01,1992,NOX,EPA,0,0,0,Refineries,75
5321,-8.38,-35.01,1993,NOX,EPA,0,0,0,Refineries,75
5322,-8.38,-35.01,1994,NOX,EPA,0,0,0,Refineries,75
5323,-8.38,-35.01,1995,NOX,EPA,0,0,0,Refineries,75
5324,-8.38,-35.01,1996,NOX,EPA,0,0,0,Refineries,75
5325,-8.38,-35.01,1997,NOX,EPA,0,0,0,Refineries,75
5326,-8.38,-35.01,1998,NOX,EPA,0,0,0,Refineries,75
5327,-8.38,-35.01,1999,NOX,EPA,0,0,0,Refineries,75
5328,-8.38,-35.01,2000,NOX,EPA,0,0,0,Refineries,75
5329,-8.38,-35.01,2001,NOX,EPA,0,0,0,Refineries,75
5330,-8.38,-35.01,2002,NOX,EPA,0,0,0,Refineries,75
5331,-8.38,-35.01,2003,NOX,EPA,0,0,0,Refineries,75
5332,-8.38,-35.01,2004,NOX,EPA,0,0,0,Refineries,75
5333,-8.38,-35.01,2005,NOX,EPA,0,0,0,Refineries,75
5334,-8.38,-35.01,2006,NOX,EPA,0,0,0,Refineries,75
5335,-8.38,-35.01,2007,NOX,EPA,0,0,0,Refineries,75
5336,-8.38,-35.01,2008,NOX,EPA,0,0,0,Refineries,75
5337,-8.38,-35.01,2009,NOX,EPA,0,0,0,Refineries,75
5338,-8.38,-35.01,2010,NOX,EPA,0,0,0,Refineries,75
5339,-8.38,-35.01,2011,NOX,EPA,0,0,0,Refineries,75
5340,-8.38,-35.01,2012,NOX,EPA,0,0,0,Refineries,75
5341,-8.38,-35.01,2013,NOX,EPA,0,0,0,Refineries,75
5342,-8.38,-35.01,2014,NOX,EPA,0.00142807158,0.00031734924,0.00031734924,Refineries,75
5343,-8.38,-35.01,2015,NOX,EPA,0.02581013214,0.00573558492,0.00573558492,Refineries,75
5344,-8.38,-35.01,2016,NOX,EPA,0.03495968424,0.00776881872,0.00776881872,Refineries,75
5345,-8.38,-35.01,2017,NOX,EPA,0.03072229992,0.00682717776,0.00682717776,Refineries,75
5346,-8.38,-35.01,2018,NOX,EPA,0.03209283558,0.00713174124,0.00713174124,Refineries,75
5347,-8.38,-35.01,2019,NOX,EPA,0.03391419564,0.00753648792,0.00753648792,Refineries,75
5348,-8.38,-35.01,2020,NOX,EPA,0.04146851592,0.00921522576,0.00921522576,Refineries,75
5349,-8.38,-35.01,2021,NOX,EPA,0.02830520862,0.00629004636,0.00629004636,Refineries,75
5350,-8.38,-35.01,2022,NOX,EPA,0.02977204464,0.00661600992,0.00661600992,Refineries,75
5351,-8.38,-35.01,2023,NOX,EPA,0.00523427346,0.00116317188,0.00116317188,Refineries,75
5352,-21.37,-50.28,2000,NOX,EPA,0,0,0,Refineries,75
5353,-21.37,-50.28,2001,NOX,EPA,0,0,0,Refineries,75
5354,-21.37,-50.28,2002,NOX,EPA,0,0,0,Refineries,75
5355,-21.37,-50.28,2003,NOX,EPA,0,0,0,Refineries,75
5356,-21.37,-50.28,2004,NOX,EPA,0,0,0,Refineries,75
5357,-21.37,-50.28,2005,NOX,EPA,0,0,0,Refineries,75
5358,-21.37,-50.28,2006,NOX,EPA,0,0,0,Refineries,75
5359,-21.37,-50.28,2007,NOX,EPA,0,0,0,Refineries,75
5360,-21.37,-50.28,2008,NOX,EPA,0,0,0,Refineries,75
5361,-21.37,-50.28,2009,NOX,EPA,0,0,0,Refineries,75
5362,-21.37,-50.28,2010,NOX,EPA,0,0,0,Refineries,75
5363,-21.37,-50.28,2011,NOX,EPA,0,0,0,Refineries,75
5364,-21.37,-50.28,2012,NOX,EPA,0,0,0,Refineries,75
5365,-21.37,-50.28,2013,NOX,EPA,0,0,0,Refineries,75
5366,-21.37,-50.28,2014,NOX,EPA,0,0,0,Refineries,75
5367,-21.37,-50.28,2015,NOX,EPA,0,0,0,Refineries,75
5368,-21.37,-50.28,2016,NOX,EPA,0,0,0,Refineries,75
5369,-21.37,-50.28,2017,NOX,EPA,0,0,0,Refineries,75
5370,-21.37,-50.28,2018,NOX,EPA,0,0,0,Refineries,75
5371,-21.37,-50.28,2019,NOX,EPA,0,0,0,Refineries,75
5372,-21.37,-50.28,2020,NOX,EPA,0,0,0,Refineries,75
5373,-21.37,-50.28,2021,NOX,EPA,0,0,0,Refineries,75
5374,-21.37,-50.28,2022,NOX,EPA,7.349238e-05,1.633164e-05,1.633164e-05,Refineries,75
5375,-21.37,-50.28,2023,NOX,EPA,2.5272e-06,5.616e-07,5.616e-07,Refineries,75
5376,-12.62,-38.09,1990,NMVOCs,EPA,0,0,0,Refineries,75
5377,-12.62,-38.09,1991,NMVOCs,EPA,0,0,0,Refineries,75
5378,-12.62,-38.09,1992,NMVOCs,EPA,0,0,0,Refineries,75
5379,-12.62,-38.09,1993,NMVOCs,EPA,0,0,0,Refineries,75
5380,-12.62,-38.09,1994,NMVOCs,EPA,0,0,0,Refineries,75
5381,-12.62,-38.09,1995,NMVOCs,EPA,0.00015455726,0.00092734356,0.00092734356,Refineries,75
5382,-12.62,-38.09,1996,NMVOCs,EPA,0,0,0,Refineries,75
5383,-12.62,-38.09,1997,NMVOCs,EPA,0,0,0,Refineries,75
5384,-12.62,-38.09,1998,NMVOCs,EPA,0,0,0,Refineries,75
5385,-12.62,-38.09,1999,NMVOCs,EPA,0,0,0,Refineries,75
5386,-12.62,-38.09,2000,NMVOCs,EPA,0,0,0,Refineries,75
5387,-12.62,-38.09,2001,NMVOCs,EPA,0,0,0,Refineries,75
5388,-12.62,-38.09,2002,NMVOCs,EPA,0,0,0,Refineries,75
5389,-12.62,-38.09,2003,NMVOCs,EPA,0,0,0,Refineries,75
5390,-12.62,-38.09,2004,NMVOCs,EPA,0,0,0,Refineries,75
5391,-12.62,-38.09,2005,NMVOCs,EPA,0,0,0,Refineries,75
5392,-12.62,-38.09,2006,NMVOCs,EPA,0,0,0,Refineries,75
5393,-12.62,-38.09,2007,NMVOCs,EPA,0,0,0,Refineries,75
5394,-12.62,-38.09,2008,NMVOCs,EPA,0,0,0,Refineries,75
5395,-12.62,-38.09,2009,NMVOCs,EPA,1.79738e-06,1.078428e-05,1.078428e-05,Refineries,75
5396,-12.62,-38.09,2010,NMVOCs,EPA,7.00518e-06,4.203108e-05,4.203108e-05,Refineries,75
5397,-12.62,-38.09,2011,NMVOCs,EPA,1.614834e-05,9.689004e-05,9.689004e-05,Refineries,75
5398,-12.62,-38.09,2012,NMVOCs,EPA,2.376868e-05,0.00014261208,0.00014261208,Refineries,75
5399,-12.62,-38.09,2013,NMVOCs,EPA,1.86004e-05,0.0001116024,0.0001116024,Refineries,75
5400,-12.62,-38.09,2014,NMVOCs,EPA,1.206062e-05,7.236372e-05,7.236372e-05,Refineries,75
5401,-12.62,-38.09,2015,NMVOCs,EPA,1.316224e-05,7.897344e-05,7.897344e-05,Refineries,75
5402,-12.62,-38.09,2016,NMVOCs,EPA,1.306292e-05,7.837752e-05,7.837752e-05,Refineries,75
5403,-12.62,-38.09,2017,NMVOCs,EPA,1.839474e-05,0.00011036844,0.00011036844,Refineries,75
5404,-12.62,-38.09,2018,NMVOCs,EPA,2.017626e-05,0.00012105756,0.00012105756,Refineries,75
5405,-12.62,-38.09,2019,NMVOCs,EPA,2.606526e-05,0.00015639156,0.00015639156,Refineries,75
5406,-12.62,-38.09,2020,NMVOCs,EPA,3.251144e-05,0.00019506864,0.00019506864,Refineries,75
5407,-12.62,-38.09,2021,NMVOCs,EPA,3.1915e-05,0.00019149,0.00019149,Refineries,75
5408,-12.62,-38.09,2022,NMVOCs,EPA,3.70877e-05,0.0002225262,0.0002225262,Refineries,75
5409,-12.62,-38.09,2023,NMVOCs,EPA,6.3986e-06,3.83916e-05,3.83916e-05,Refineries,75
5410,-3.72,-38.47,1990,NMVOCs,EPA,6.341608e-05,0.00038049648,0.00038049648,Refineries,75
5411,-3.72,-38.47,1991,NMVOCs,EPA,6.16109e-05,0.0003696654,0.0003696654,Refineries,75
5412,-3.72,-38.47,1992,NMVOCs,EPA,6.95513e-05,0.0004173078,0.0004173078,Refineries,75
5413,-3.72,-38.47,1993,NMVOCs,EPA,6.969976e-05,0.00041819856,0.00041819856,Refineries,75
5414,-3.72,-38.47,1994,NMVOCs,EPA,6.33503e-05,0.0003801018,0.0003801018,Refineries,75
5415,-3.72,-38.47,1995,NMVOCs,EPA,7.172698e-05,0.00043036188,0.00043036188,Refineries,75
5416,-3.72,-38.47,1996,NMVOCs,EPA,0.00022253868,0.00133523208,0.00133523208,Refineries,75
5417,-3.72,-38.47,1997,NMVOCs,EPA,6.411002e-05,0.00038466012,0.00038466012,Refineries,75
5418,-3.72,-38.47,1998,NMVOCs,EPA,8.902842e-05,0.00053417052,0.00053417052,Refineries,75
5419,-3.72,-38.47,1999,NMVOCs,EPA,8.464092e-05,0.00050784552,0.00050784552,Refineries,75
5420,-3.72,-38.47,2000,NMVOCs,EPA,8.040864e-05,0.00048245184,0.00048245184,Refineries,75
5421,-3.72,-38.47,2001,NMVOCs,EPA,8.535956e-05,0.00051215736,0.00051215736,Refineries,75
5422,-3.72,-38.47,2002,NMVOCs,EPA,9.94864e-05,0.0005969184,0.0005969184,Refineries,75
5423,-3.72,-38.47,2003,NMVOCs,EPA,6.417632e-05,0.00038505792,0.00038505792,Refineries,75
5424,-3.72,-38.47,2004,NMVOCs,EPA,6.683794e-05,0.00040102764,0.00040102764,Refineries,75
5425,-3.72,-38.47,2005,NMVOCs,EPA,6.99894e-05,0.0004199364,0.0004199364,Refineries,75
5426,-3.72,-38.47,2006,NMVOCs,EPA,0.00010016994,0.00060101964,0.00060101964,Refineries,75
5427,-3.72,-38.47,2007,NMVOCs,EPA,9.337562e-05,0.00056025372,0.00056025372,Refineries,75
5428,-3.72,-38.47,2008,NMVOCs,EPA,9.366968e-05,0.00056201808,0.00056201808,Refineries,75
5429,-3.72,-38.47,2009,NMVOCs,EPA,9.123452e-05,0.00054740712,0.00054740712,Refineries,75
5430,-3.72,-38.47,2010,NMVOCs,EPA,0.00011986988,0.00071921928,0.00071921928,Refineries,75
5431,-3.72,-38.47,2011,NMVOCs,EPA,0.00010530702,0.00063184212,0.00063184212,Refineries,75
5432,-3.72,-38.47,2012,NMVOCs,EPA,0.00011873446,0.00071240676,0.00071240676,Refineries,75
5433,-3.72,-38.47,2013,NMVOCs,EPA,0.00012692264,0.00076153584,0.00076153584,Refineries,75
5434,-3.72,-38.47,2014,NMVOCs,EPA,0.00013495586,0.00080973516,0.00080973516,Refineries,75
5435,-3.72,-38.47,2015,NMVOCs,EPA,0.00012787398,0.00076724388,0.00076724388,Refineries,75
5436,-3.72,-38.47,2016,NMVOCs,EPA,0.0001358318,0.0008149908,0.0008149908,Refineries,75
5437,-3.72,-38.47,2017,NMVOCs,EPA,0.0001153646,0.0006921876,0.0006921876,Refineries,75
5438,-3.72,-38.47,2018,NMVOCs,EPA,0.00012236562,0.00073419372,0.00073419372,Refineries,75
5439,-3.72,-38.47,2019,NMVOCs,EPA,0.00010716836,0.00064301016,0.00064301016,Refineries,75
5440,-3.72,-38.47,2020,NMVOCs,EPA,0.00012795458,0.00076772748,0.00076772748,Refineries,75
5441,-3.72,-38.47,2021,NMVOCs,EPA,0.00011659726,0.00069958356,0.00069958356,Refineries,75
5442,-3.72,-38.47,2022,NMVOCs,EPA,0.00013161018,0.00078966108,0.00078966108,Refineries,75
5443,-3.72,-38.47,2023,NMVOCs,EPA,2.175758e-05,0.00013054548,0.00013054548,Refineries,75
5444,-22.89,-43.24,1990,NMVOCs,EPA,0.00014491958,0.00086951748,0.00086951748,Refineries,75
5445,-22.89,-43.24,1991,NMVOCs,EPA,0.00013235352,0.00079412112,0.00079412112,Refineries,75
5446,-22.89,-43.24,1992,NMVOCs,EPA,0.00015162524,0.00090975144,0.00090975144,Refineries,75
5447,-22.89,-43.24,1993,NMVOCs,EPA,0.00014960062,0.00089760372,0.00089760372,Refineries,75
5448,-22.89,-43.24,1994,NMVOCs,EPA,0.00014922076,0.00089532456,0.00089532456,Refineries,75
5449,-22.89,-43.24,1995,NMVOCs,EPA,0.00015105714,0.00090634284,0.00090634284,Refineries,75
5450,-22.89,-43.24,1996,NMVOCs,EPA,0.00015109874,0.00090659244,0.00090659244,Refineries,75
5451,-22.89,-43.24,1997,NMVOCs,EPA,0.0001476098,0.0008856588,0.0008856588,Refineries,75
5452,-22.89,-43.24,1998,NMVOCs,EPA,0.00014175616,0.00085053696,0.00085053696,Refineries,75
5453,-22.89,-43.24,1999,NMVOCs,EPA,0.00016867318,0.00101203908,0.00101203908,Refineries,75
5454,-22.89,-43.24,2000,NMVOCs,EPA,0.00017751136,0.00106506816,0.00106506816,Refineries,75
5455,-22.89,-43.24,2001,NMVOCs,EPA,0.00021283392,0.00127700352,0.00127700352,Refineries,75
5456,-22.89,-43.24,2002,NMVOCs,EPA,0.00019642428,0.00117854568,0.00117854568,Refineries,75
5457,-22.89,-43.24,2003,NMVOCs,EPA,0.0002211495,0.001326897,0.001326897,Refineries,75
5458,-22.89,-43.24,2004,NMVOCs,EPA,0.00021583484,0.00129500904,0.00129500904,Refineries,75
5459,-22.89,-43.24,2005,NMVOCs,EPA,9.795578e-05,0.00058773468,0.00058773468,Refineries,75
5460,-22.89,-43.24,2006,NMVOCs,EPA,0,0,0,Refineries,75
5461,-22.89,-43.24,2007,NMVOCs,EPA,0,0,0,Refineries,75
5462,-22.89,-43.24,2008,NMVOCs,EPA,0,0,0,Refineries,75
5463,-22.89,-43.24,2009,NMVOCs,EPA,0,0,0,Refineries,75
5464,-22.89,-43.24,2010,NMVOCs,EPA,9.19022e-05,0.0005514132,0.0005514132,Refineries,75
5465,-22.89,-43.24,2011,NMVOCs,EPA,0.0001522404,0.0009134424,0.0009134424,Refineries,75
5466,-22.89,-43.24,2012,NMVOCs,EPA,0.00015793856,0.00094763136,0.00094763136,Refineries,75
5467,-22.89,-43.24,2013,NMVOCs,EPA,4.17248e-06,2.503488e-05,2.503488e-05,Refineries,75
5468,-22.89,-43.24,2014,NMVOCs,EPA,4.08668e-05,0.0002452008,0.0002452008,Refineries,75
5469,-22.89,-43.24,2015,NMVOCs,EPA,0.00010230324,0.00061381944,0.00061381944,Refineries,75
5470,-22.89,-43.24,2016,NMVOCs,EPA,0.00011986832,0.00071920992,0.00071920992,Refineries,75
5471,-22.89,-43.24,2017,NMVOCs,EPA,6.167252e-05,0.00037003512,0.00037003512,Refineries,75
5472,-22.89,-43.24,2018,NMVOCs,EPA,5.159336e-05,0.00030956016,0.00030956016,Refineries,75
5473,-22.89,-43.24,2019,NMVOCs,EPA,0.00011747528,0.00070485168,0.00070485168,Refineries,75
5474,-22.89,-43.24,2020,NMVOCs,EPA,0.00013620204,0.00081721224,0.00081721224,Refineries,75
5475,-22.89,-43.24,2021,NMVOCs,EPA,0.00012855362,0.00077132172,0.00077132172,Refineries,75
5476,-22.89,-43.24,2022,NMVOCs,EPA,0.0001428024,0.0008568144,0.0008568144,Refineries,75
5477,-22.89,-43.24,2023,NMVOCs,EPA,1.941472e-05,0.00011648832,0.00011648832,Refineries,75
5478,-23.64,-46.48,1990,NMVOCs,EPA,0.00034938202,0.00209629212,0.00209629212,Refineries,75
5479,-23.64,-46.48,1991,NMVOCs,EPA,0.00037873264,0.00227239584,0.00227239584,Refineries,75
5480,-23.64,-46.48,1992,NMVOCs,EPA,0.00041570438,0.00249422628,0.00249422628,Refineries,75
5481,-23.64,-46.48,1993,NMVOCs,EPA,0.0005026268,0.0030157608,0.0030157608,Refineries,75
5482,-23.64,-46.48,1994,NMVOCs,EPA,0.0004771962,0.0028631772,0.0028631772,Refineries,75
5483,-23.64,-46.48,1995,NMVOCs,EPA,0.0005726526,0.0034359156,0.0034359156,Refineries,75
5484,-23.64,-46.48,1996,NMVOCs,EPA,0.0005829174,0.0034975044,0.0034975044,Refineries,75
5485,-23.64,-46.48,1997,NMVOCs,EPA,0.0006708988,0.0040253928,0.0040253928,Refineries,75
5486,-23.64,-46.48,1998,NMVOCs,EPA,0.00068124498,0.00408746988,0.00408746988,Refineries,75
5487,-23.64,-46.48,1999,NMVOCs,EPA,0.00053027468,0.00318164808,0.00318164808,Refineries,75
5488,-23.64,-46.48,2000,NMVOCs,EPA,0.00061104706,0.00366628236,0.00366628236,Refineries,75
5489,-23.64,-46.48,2001,NMVOCs,EPA,0.00069799704,0.00418798224,0.00418798224,Refineries,75
5490,-23.64,-46.48,2002,NMVOCs,EPA,0.00072204158,0.00433224948,0.00433224948,Refineries,75
5491,-23.64,-46.48,2003,NMVOCs,EPA,0.0006640478,0.0039842868,0.0039842868,Refineries,75
5492,-23.64,-46.48,2004,NMVOCs,EPA,0.00070258214,0.00421549284,0.00421549284,Refineries,75
5493,-23.64,-46.48,2005,NMVOCs,EPA,0.00054296086,0.00325776516,0.00325776516,Refineries,75
5494,-23.64,-46.48,2006,NMVOCs,EPA,0.00061057438,0.00366344628,0.00366344628,Refineries,75
5495,-23.64,-46.48,2007,NMVOCs,EPA,0.00062791404,0.00376748424,0.00376748424,Refineries,75
5496,-23.64,-46.48,2008,NMVOCs,EPA,0.000683072,0.004098432,0.004098432,Refineries,75
5497,-23.64,-46.48,2009,NMVOCs,EPA,0.00062917816,0.00377506896,0.00377506896,Refineries,75
5498,-23.64,-46.48,2010,NMVOCs,EPA,0.00055059706,0.00330358236,0.00330358236,Refineries,75
5499,-23.64,-46.48,2011,NMVOCs,EPA,0.00064797746,0.00388786476,0.00388786476,Refineries,75
5500,-23.64,-46.48,2012,NMVOCs,EPA,0.00080589106,0.00483534636,0.00483534636,Refineries,75
5501,-23.64,-46.48,2013,NMVOCs,EPA,0.00080654132,0.00483924792,0.00483924792,Refineries,75
5502,-23.64,-46.48,2014,NMVOCs,EPA,0.00082161092,0.00492966552,0.00492966552,Refineries,75
5503,-23.64,-46.48,2015,NMVOCs,EPA,0.00061169446,0.00367016676,0.00367016676,Refineries,75
5504,-23.64,-46.48,2016,NMVOCs,EPA,0.0008195915,0.004917549,0.004917549,Refineries,75
5505,-23.64,-46.48,2017,NMVOCs,EPA,0.0007590609,0.0045543654,0.0045543654,Refineries,75
5506,-23.64,-46.48,2018,NMVOCs,EPA,0.00074977006,0.00449862036,0.00449862036,Refineries,75
5507,-23.64,-46.48,2019,NMVOCs,EPA,0.00075025574,0.00450153444,0.00450153444,Refineries,75
5508,-23.64,-46.48,2020,NMVOCs,EPA,0.00058678048,0.00352068288,0.00352068288,Refineries,75
5509,-23.64,-46.48,2021,NMVOCs,EPA,0.00081605264,0.00489631584,0.00489631584,Refineries,75
5510,-23.64,-46.48,2022,NMVOCs,EPA,0.00087802754,0.00526816524,0.00526816524,Refineries,75
5511,-23.64,-46.48,2023,NMVOCs,EPA,0.00011918712,0.00071512272,0.00071512272,Refineries,75
5512,-22.72,-43.27,1990,NMVOCs,EPA,0.00262493192,0.01574959152,0.01574959152,Refineries,75
5513,-22.72,-43.27,1991,NMVOCs,EPA,0.0027222598,0.0163335588,0.0163335588,Refineries,75
5514,-22.72,-43.27,1992,NMVOCs,EPA,0.0028682004,0.0172092024,0.0172092024,Refineries,75
5515,-22.72,-43.27,1993,NMVOCs,EPA,0.0025833457,0.0155000742,0.0155000742,Refineries,75
5516,-22.72,-43.27,1994,NMVOCs,EPA,0.00244858094,0.01469148564,0.01469148564,Refineries,75
5517,-22.72,-43.27,1995,NMVOCs,EPA,0.0021217638,0.0127305828,0.0127305828,Refineries,75
5518,-22.72,-43.27,1996,NMVOCs,EPA,0.00297395462,0.01784372772,0.01784372772,Refineries,75
5519,-22.72,-43.27,1997,NMVOCs,EPA,0.0025644619,0.0153867714,0.0153867714,Refineries,75
5520,-22.72,-43.27,1998,NMVOCs,EPA,0.00313144234,0.01878865404,0.01878865404,Refineries,75
5521,-22.72,-43.27,1999,NMVOCs,EPA,0.00316975282,0.01901851692,0.01901851692,Refineries,75
5522,-22.72,-43.27,2000,NMVOCs,EPA,0.00281348522,0.01688091132,0.01688091132,Refineries,75
5523,-22.72,-43.27,2001,NMVOCs,EPA,0.00290111484,0.01740668904,0.01740668904,Refineries,75
5524,-22.72,-43.27,2002,NMVOCs,EPA,0.00292243198,0.01753459188,0.01753459188,Refineries,75
5525,-22.72,-43.27,2003,NMVOCs,EPA,0.0029697642,0.0178185852,0.0178185852,Refineries,75
5526,-22.72,-43.27,2004,NMVOCs,EPA,0.0033087691,0.0198526146,0.0198526146,Refineries,75
5527,-22.72,-43.27,2005,NMVOCs,EPA,0.00323024364,0.01938146184,0.01938146184,Refineries,75
5528,-22.72,-43.27,2006,NMVOCs,EPA,0.0033130214,0.0198781284,0.0198781284,Refineries,75
5529,-22.72,-43.27,2007,NMVOCs,EPA,0.0031778279,0.0190669674,0.0190669674,Refineries,75
5530,-22.72,-43.27,2008,NMVOCs,EPA,0.00336646544,0.02019879264,0.02019879264,Refineries,75
5531,-22.72,-43.27,2009,NMVOCs,EPA,0.00315723252,0.01894339512,0.01894339512,Refineries,75
5532,-22.72,-43.27,2010,NMVOCs,EPA,0.00334763416,0.02008580496,0.02008580496,Refineries,75
5533,-22.72,-43.27,2011,NMVOCs,EPA,0.00328133754,0.01968802524,0.01968802524,Refineries,75
5534,-22.72,-43.27,2012,NMVOCs,EPA,0.0034388523,0.0206331138,0.0206331138,Refineries,75
5535,-22.72,-43.27,2013,NMVOCs,EPA,0.0036772151,0.0220632906,0.0220632906,Refineries,75
5536,-22.72,-43.27,2014,NMVOCs,EPA,0.0035914047,0.0215484282,0.0215484282,Refineries,75
5537,-22.72,-43.27,2015,NMVOCs,EPA,0.00303082832,0.01818496992,0.01818496992,Refineries,75
5538,-22.72,-43.27,2016,NMVOCs,EPA,0.00294855626,0.01769133756,0.01769133756,Refineries,75
5539,-22.72,-43.27,2017,NMVOCs,EPA,0.00271112296,0.01626673776,0.01626673776,Refineries,75
5540,-22.72,-43.27,2018,NMVOCs,EPA,0.00290268992,0.01741613952,0.01741613952,Refineries,75
5541,-22.72,-43.27,2019,NMVOCs,EPA,0.00289976908,0.01739861448,0.01739861448,Refineries,75
5542,-22.72,-43.27,2020,NMVOCs,EPA,0.00275472158,0.01652832948,0.01652832948,Refineries,75
5543,-22.72,-43.27,2021,NMVOCs,EPA,0.00284957478,0.01709744868,0.01709744868,Refineries,75
5544,-22.72,-43.27,2022,NMVOCs,EPA,0.00313123824,0.01878742944,0.01878742944,Refineries,75
5545,-22.72,-43.27,2023,NMVOCs,EPA,0.00056126018,0.00336756108,0.00336756108,Refineries,75
5546,-29.87,-51.17,1990,NMVOCs,EPA,0.00098491146,0.00590946876,0.00590946876,Refineries,75
5547,-29.87,-51.17,1991,NMVOCs,EPA,0.00085592208,0.00513553248,0.00513553248,Refineries,75
5548,-29.87,-51.17,1992,NMVOCs,EPA,0.00102153558,0.00612921348,0.00612921348,Refineries,75
5549,-29.87,-51.17,1993,NMVOCs,EPA,0.00114274056,0.00685644336,0.00685644336,Refineries,75
5550,-29.87,-51.17,1994,NMVOCs,EPA,0.00154370762,0.00926224572,0.00926224572,Refineries,75
5551,-29.87,-51.17,1995,NMVOCs,EPA,0.00147366518,0.00884199108,0.00884199108,Refineries,75
5552,-29.87,-51.17,1996,NMVOCs,EPA,0.0017344288,0.0104065728,0.0104065728,Refineries,75
5553,-29.87,-51.17,1997,NMVOCs,EPA,0.0015509546,0.0093057276,0.0093057276,Refineries,75
5554,-29.87,-51.17,1998,NMVOCs,EPA,0.00170854606,0.01025127636,0.01025127636,Refineries,75
5555,-29.87,-51.17,1999,NMVOCs,EPA,0.0017912297,0.0107473782,0.0107473782,Refineries,75
5556,-29.87,-51.17,2000,NMVOCs,EPA,0.00185810586,0.01114863516,0.01114863516,Refineries,75
5557,-29.87,-51.17,2001,NMVOCs,EPA,0.00173658394,0.01041950364,0.01041950364,Refineries,75
5558,-29.87,-51.17,2002,NMVOCs,EPA,0.00164231912,0.00985391472,0.00985391472,Refineries,75
5559,-29.87,-51.17,2003,NMVOCs,EPA,0.00158595892,0.00951575352,0.00951575352,Refineries,75
5560,-29.87,-51.17,2004,NMVOCs,EPA,0.00156629902,0.00939779412,0.00939779412,Refineries,75
5561,-29.87,-51.17,2005,NMVOCs,EPA,0.00180468496,0.01082810976,0.01082810976,Refineries,75
5562,-29.87,-51.17,2006,NMVOCs,EPA,0.001767064,0.010602384,0.010602384,Refineries,75
5563,-29.87,-51.17,2007,NMVOCs,EPA,0.00225013776,0.01350082656,0.01350082656,Refineries,75
5564,-29.87,-51.17,2008,NMVOCs,EPA,0.00220674298,0.01324045788,0.01324045788,Refineries,75
5565,-29.87,-51.17,2009,NMVOCs,EPA,0.00252484102,0.01514904612,0.01514904612,Refineries,75
5566,-29.87,-51.17,2010,NMVOCs,EPA,0.00225251286,0.01351507716,0.01351507716,Refineries,75
5567,-29.87,-51.17,2011,NMVOCs,EPA,0.00225962568,0.01355775408,0.01355775408,Refineries,75
5568,-29.87,-51.17,2012,NMVOCs,EPA,0.00237116984,0.01422701904,0.01422701904,Refineries,75
5569,-29.87,-51.17,2013,NMVOCs,EPA,0.00299513318,0.01797079908,0.01797079908,Refineries,75
5570,-29.87,-51.17,2014,NMVOCs,EPA,0.00290774692,0.01744648152,0.01744648152,Refineries,75
5571,-29.87,-51.17,2015,NMVOCs,EPA,0.00265168566,0.01591011396,0.01591011396,Refineries,75
5572,-29.87,-51.17,2016,NMVOCs,EPA,0.00229718918,0.01378313508,0.01378313508,Refineries,75
5573,-29.87,-51.17,2017,NMVOCs,EPA,0.00210610582,0.01263663492,0.01263663492,Refineries,75
5574,-29.87,-51.17,2018,NMVOCs,EPA,0.00208239486,0.01249436916,0.01249436916,Refineries,75
5575,-29.87,-51.17,2019,NMVOCs,EPA,0.00216783658,0.01300701948,0.01300701948,Refineries,75
5576,-29.87,-51.17,2020,NMVOCs,EPA,0.00205073128,0.01230438768,0.01230438768,Refineries,75
5577,-29.87,-51.17,2021,NMVOCs,EPA,0.0022917323,0.0137503938,0.0137503938,Refineries,75
5578,-29.87,-51.17,2022,NMVOCs,EPA,0.00249233712,0.01495402272,0.01495402272,Refineries,75
5579,-29.87,-51.17,2023,NMVOCs,EPA,0.00020471438,0.00122828628,0.00122828628,Refineries,75
5580,-19.97,-44.1,1990,NMVOCs,EPA,0.0019247267,0.0115483602,0.0115483602,Refineries,75
5581,-19.97,-44.1,1991,NMVOCs,EPA,0.00198208244,0.01189249464,0.01189249464,Refineries,75
5582,-19.97,-44.1,1992,NMVOCs,EPA,0.00192370724,0.01154224344,0.01154224344,Refineries,75
5583,-19.97,-44.1,1993,NMVOCs,EPA,0.00198123016,0.01188738096,0.01188738096,Refineries,75
5584,-19.97,-44.1,1994,NMVOCs,EPA,0.00193799762,0.01162798572,0.01162798572,Refineries,75
5585,-19.97,-44.1,1995,NMVOCs,EPA,0.00195942734,0.01175656404,0.01175656404,Refineries,75
5586,-19.97,-44.1,1996,NMVOCs,EPA,0.00171813642,0.01030881852,0.01030881852,Refineries,75
5587,-19.97,-44.1,1997,NMVOCs,EPA,0.00197591394,0.01185548364,0.01185548364,Refineries,75
5588,-19.97,-44.1,1998,NMVOCs,EPA,0.00182564356,0.01095386136,0.01095386136,Refineries,75
5589,-19.97,-44.1,1999,NMVOCs,EPA,0.00202167862,0.01213007172,0.01213007172,Refineries,75
5590,-19.97,-44.1,2000,NMVOCs,EPA,0.0019695351,0.0118172106,0.0118172106,Refineries,75
5591,-19.97,-44.1,2001,NMVOCs,EPA,0.00200208008,0.01201248048,0.01201248048,Refineries,75
5592,-19.97,-44.1,2002,NMVOCs,EPA,0.0018869253,0.0113215518,0.0113215518,Refineries,75
5593,-19.97,-44.1,2003,NMVOCs,EPA,0.00194462346,0.01166774076,0.01166774076,Refineries,75
5594,-19.97,-44.1,2004,NMVOCs,EPA,0.0020201545,0.012120927,0.012120927,Refineries,75
5595,-19.97,-44.1,2005,NMVOCs,EPA,0.00200986864,0.01205921184,0.01205921184,Refineries,75
5596,-19.97,-44.1,2006,NMVOCs,EPA,0.00208786526,0.01252719156,0.01252719156,Refineries,75
5597,-19.97,-44.1,2007,NMVOCs,EPA,0.00201811038,0.01210866228,0.01210866228,Refineries,75
5598,-19.97,-44.1,2008,NMVOCs,EPA,0.00222125384,0.01332752304,0.01332752304,Refineries,75
5599,-19.97,-44.1,2009,NMVOCs,EPA,0.00216908614,0.01301451684,0.01301451684,Refineries,75
5600,-19.97,-44.1,2010,NMVOCs,EPA,0.00222249794,0.01333498764,0.01333498764,Refineries,75
5601,-19.97,-44.1,2011,NMVOCs,EPA,0.00201169904,0.01207019424,0.01207019424,Refineries,75
5602,-19.97,-44.1,2012,NMVOCs,EPA,0.0022254791,0.0133528746,0.0133528746,Refineries,75
5603,-19.97,-44.1,2013,NMVOCs,EPA,0.00225717414,0.01354304484,0.01354304484,Refineries,75
5604,-19.97,-44.1,2014,NMVOCs,EPA,0.00239391464,0.01436348784,0.01436348784,Refineries,75
5605,-19.97,-44.1,2015,NMVOCs,EPA,0.00230277346,0.01381664076,0.01381664076,Refineries,75
5606,-19.97,-44.1,2016,NMVOCs,EPA,0.00226966688,0.01361800128,0.01361800128,Refineries,75
5607,-19.97,-44.1,2017,NMVOCs,EPA,0.00213246488,0.01279478928,0.01279478928,Refineries,75
5608,-19.97,-44.1,2018,NMVOCs,EPA,0.00216302606,0.01297815636,0.01297815636,Refineries,75
5609,-19.97,-44.1,2019,NMVOCs,EPA,0.00209274442,0.01255646652,0.01255646652,Refineries,75
5610,-19.97,-44.1,2020,NMVOCs,EPA,0.00188622486,0.01131734916,0.01131734916,Refineries,75
5611,-19.97,-44.1,2021,NMVOCs,EPA,0.00207326054,0.01243956324,0.01243956324,Refineries,75
5612,-19.97,-44.1,2022,NMVOCs,EPA,0.00224450122,0.01346700732,0.01346700732,Refineries,75
5613,-19.97,-44.1,2023,NMVOCs,EPA,0.0003638219,0.0021829314,0.0021829314,Refineries,75
5614,-3.15,-59.95,1990,NMVOCs,EPA,0.00013154622,0.00078927732,0.00078927732,Refineries,75
5615,-3.15,-59.95,1991,NMVOCs,EPA,0.00015379546,0.00092277276,0.00092277276,Refineries,75
5616,-3.15,-59.95,1992,NMVOCs,EPA,0.00016125746,0.00096754476,0.00096754476,Refineries,75
5617,-3.15,-59.95,1993,NMVOCs,EPA,0.00014787968,0.00088727808,0.00088727808,Refineries,75
5618,-3.15,-59.95,1994,NMVOCs,EPA,0.0001581125,0.000948675,0.000948675,Refineries,75
5619,-3.15,-59.95,1995,NMVOCs,EPA,0.00015495922,0.00092975532,0.00092975532,Refineries,75
5620,-3.15,-59.95,1996,NMVOCs,EPA,0.0001821638,0.0010929828,0.0010929828,Refineries,75
5621,-3.15,-59.95,1997,NMVOCs,EPA,0.0002039856,0.0012239136,0.0012239136,Refineries,75
5622,-3.15,-59.95,1998,NMVOCs,EPA,0.00021549502,0.00129297012,0.00129297012,Refineries,75
5623,-3.15,-59.95,1999,NMVOCs,EPA,0.0002093585,0.001256151,0.001256151,Refineries,75
5624,-3.15,-59.95,2000,NMVOCs,EPA,0.00046211074,0.00277266444,0.00277266444,Refineries,75
5625,-3.15,-59.95,2001,NMVOCs,EPA,0.00066582334,0.00399494004,0.00399494004,Refineries,75
5626,-3.15,-59.95,2002,NMVOCs,EPA,0.00070221034,0.00421326204,0.00421326204,Refineries,75
5627,-3.15,-59.95,2003,NMVOCs,EPA,0.0006680362,0.0040082172,0.0040082172,Refineries,75
5628,-3.15,-59.95,2004,NMVOCs,EPA,0.00068962556,0.00413775336,0.00413775336,Refineries,75
5629,-3.15,-59.95,2005,NMVOCs,EPA,0.00067012478,0.00402074868,0.00402074868,Refineries,75
5630,-3.15,-59.95,2006,NMVOCs,EPA,0.00054391168,0.00326347008,0.00326347008,Refineries,75
5631,-3.15,-59.95,2007,NMVOCs,EPA,0.00062110906,0.00372665436,0.00372665436,Refineries,75
5632,-3.15,-59.95,2008,NMVOCs,EPA,0.00060018738,0.00360112428,0.00360112428,Refineries,75
5633,-3.15,-59.95,2009,NMVOCs,EPA,0.00061790924,0.00370745544,0.00370745544,Refineries,75
5634,-3.15,-59.95,2010,NMVOCs,EPA,0.00063600342,0.00381602052,0.00381602052,Refineries,75
5635,-3.15,-59.95,2011,NMVOCs,EPA,0.000643578,0.003861468,0.003861468,Refineries,75
5636,-3.15,-59.95,2012,NMVOCs,EPA,0.0005461976,0.0032771856,0.0032771856,Refineries,75
5637,-3.15,-59.95,2013,NMVOCs,EPA,0.00058684782,0.00352108692,0.00352108692,Refineries,75
5638,-3.15,-59.95,2014,NMVOCs,EPA,0.0006229223,0.0037375338,0.0037375338,Refineries,75
5639,-3.15,-59.95,2015,NMVOCs,EPA,0.00053053546,0.00318321276,0.00318321276,Refineries,75
5640,-3.15,-59.95,2016,NMVOCs,EPA,0.0004689282,0.0028135692,0.0028135692,Refineries,75
5641,-3.15,-59.95,2017,NMVOCs,EPA,0.00043520958,0.00261125748,0.00261125748,Refineries,75
5642,-3.15,-59.95,2018,NMVOCs,EPA,0.0004441723,0.0026650338,0.0026650338,Refineries,75
5643,-3.15,-59.95,2019,NMVOCs,EPA,0.0004765878,0.0028595268,0.0028595268,Refineries,75
5644,-3.15,-59.95,2020,NMVOCs,EPA,0.00041208466,0.00247250796,0.00247250796,Refineries,75
5645,-3.15,-59.95,2021,NMVOCs,EPA,0.00045870994,0.00275225964,0.00275225964,Refineries,75
5646,-3.15,-59.95,2022,NMVOCs,EPA,0.00046618078,0.00279708468,0.00279708468,Refineries,75
5647,-3.15,-59.95,2023,NMVOCs,EPA,6.496906e-05,0.00038981436,0.00038981436,Refineries,75
5648,-25.57,-49.36,1990,NMVOCs,EPA,0.0020680166,0.0124080996,0.0124080996,Refineries,75
5649,-25.57,-49.36,1991,NMVOCs,EPA,0.00204586278,0.01227517668,0.01227517668,Refineries,75
5650,-25.57,-49.36,1992,NMVOCs,EPA,0.00191544184,0.01149265104,0.01149265104,Refineries,75
5651,-25.57,-49.36,1993,NMVOCs,EPA,0.00225830228,0.01354981368,0.01354981368,Refineries,75
5652,-25.57,-49.36,1994,NMVOCs,EPA,0.00247978406,0.01487870436,0.01487870436,Refineries,75
5653,-25.57,-49.36,1995,NMVOCs,EPA,0.00208587626,0.01251525756,0.01251525756,Refineries,75
5654,-25.57,-49.36,1996,NMVOCs,EPA,0.00243855118,0.01463130708,0.01463130708,Refineries,75
5655,-25.57,-49.36,1997,NMVOCs,EPA,0.00249559258,0.01497355548,0.01497355548,Refineries,75
5656,-25.57,-49.36,1998,NMVOCs,EPA,0.00241301762,0.01447810572,0.01447810572,Refineries,75
5657,-25.57,-49.36,1999,NMVOCs,EPA,0.00285995242,0.01715971452,0.01715971452,Refineries,75
5658,-25.57,-49.36,2000,NMVOCs,EPA,0.00285409072,0.01712454432,0.01712454432,Refineries,75
5659,-25.57,-49.36,2001,NMVOCs,EPA,0.00288389452,0.01730336712,0.01730336712,Refineries,75
5660,-25.57,-49.36,2002,NMVOCs,EPA,0.00295802286,0.01774813716,0.01774813716,Refineries,75
5661,-25.57,-49.36,2003,NMVOCs,EPA,0.00288650934,0.01731905604,0.01731905604,Refineries,75
5662,-25.57,-49.36,2004,NMVOCs,EPA,0.00251153708,0.01506922248,0.01506922248,Refineries,75
5663,-25.57,-49.36,2005,NMVOCs,EPA,0.00286549926,0.01719299556,0.01719299556,Refineries,75
5664,-25.57,-49.36,2006,NMVOCs,EPA,0.00278300594,0.01669803564,0.01669803564,Refineries,75
5665,-25.57,-49.36,2007,NMVOCs,EPA,0.00255692086,0.01534152516,0.01534152516,Refineries,75
5666,-25.57,-49.36,2008,NMVOCs,EPA,0.00280435896,0.01682615376,0.01682615376,Refineries,75
5667,-25.57,-49.36,2009,NMVOCs,EPA,0.00284955814,0.01709734884,0.01709734884,Refineries,75
5668,-25.57,-49.36,2010,NMVOCs,EPA,0.0025877462,0.0155264772,0.0155264772,Refineries,75
5669,-25.57,-49.36,2011,NMVOCs,EPA,0.00293381114,0.01760286684,0.01760286684,Refineries,75
5670,-25.57,-49.36,2012,NMVOCs,EPA,0.0030166149,0.0180996894,0.0180996894,Refineries,75
5671,-25.57,-49.36,2013,NMVOCs,EPA,0.00294347066,0.01766082396,0.01766082396,Refineries,75
5672,-25.57,-49.36,2014,NMVOCs,EPA,0.00308459138,0.01850754828,0.01850754828,Refineries,75
5673,-25.57,-49.36,2015,NMVOCs,EPA,0.0029949413,0.0179696478,0.0179696478,Refineries,75
5674,-25.57,-49.36,2016,NMVOCs,EPA,0.0025632048,0.0153792288,0.0153792288,Refineries,75
5675,-25.57,-49.36,2017,NMVOCs,EPA,0.00245397204,0.01472383224,0.01472383224,Refineries,75
5676,-25.57,-49.36,2018,NMVOCs,EPA,0.0026110695,0.015666417,0.015666417,Refineries,75
5677,-25.57,-49.36,2019,NMVOCs,EPA,0.00254408466,0.01526450796,0.01526450796,Refineries,75
5678,-25.57,-49.36,2020,NMVOCs,EPA,0.00271210576,0.01627263456,0.01627263456,Refineries,75
5679,-25.57,-49.36,2021,NMVOCs,EPA,0.00274980004,0.01649880024,0.01649880024,Refineries,75
5680,-25.57,-49.36,2022,NMVOCs,EPA,0.00243863802,0.01463182812,0.01463182812,Refineries,75
5681,-25.57,-49.36,2023,NMVOCs,EPA,0.0004521803,0.0027130818,0.0027130818,Refineries,75
5682,-22.73,-47.14,1990,NMVOCs,EPA,0.0031635474,0.0189812844,0.0189812844,Refineries,75
5683,-22.73,-47.14,1991,NMVOCs,EPA,0.00326258322,0.01957549932,0.01957549932,Refineries,75
5684,-22.73,-47.14,1992,NMVOCs,EPA,0.0030581369,0.0183488214,0.0183488214,Refineries,75
5685,-22.73,-47.14,1993,NMVOCs,EPA,0.00319933692,0.01919602152,0.01919602152,Refineries,75
5686,-22.73,-47.14,1994,NMVOCs,EPA,0.0033403864,0.0200423184,0.0200423184,Refineries,75
5687,-22.73,-47.14,1995,NMVOCs,EPA,0.00367725904,0.02206355424,0.02206355424,Refineries,75
5688,-22.73,-47.14,1996,NMVOCs,EPA,0.00374431538,0.02246589228,0.02246589228,Refineries,75
5689,-22.73,-47.14,1997,NMVOCs,EPA,0.00396846996,0.02381081976,0.02381081976,Refineries,75
5690,-22.73,-47.14,1998,NMVOCs,EPA,0.00467953356,0.02807720136,0.02807720136,Refineries,75
5691,-22.73,-47.14,1999,NMVOCs,EPA,0.0044354115,0.026612469,0.026612469,Refineries,75
5692,-22.73,-47.14,2000,NMVOCs,EPA,0.00502315866,0.03013895196,0.03013895196,Refineries,75
5693,-22.73,-47.14,2001,NMVOCs,EPA,0.00490294324,0.02941765944,0.02941765944,Refineries,75
5694,-22.73,-47.14,2002,NMVOCs,EPA,0.0049367071,0.0296202426,0.0296202426,Refineries,75
5695,-22.73,-47.14,2003,NMVOCs,EPA,0.00447937984,0.02687627904,0.02687627904,Refineries,75
5696,-22.73,-47.14,2004,NMVOCs,EPA,0.00539386926,0.03236321556,0.03236321556,Refineries,75
5697,-22.73,-47.14,2005,NMVOCs,EPA,0.00504154898,0.03024929388,0.03024929388,Refineries,75
5698,-22.73,-47.14,2006,NMVOCs,EPA,0.00529567168,0.03177403008,0.03177403008,Refineries,75
5699,-22.73,-47.14,2007,NMVOCs,EPA,0.00533709904,0.03202259424,0.03202259424,Refineries,75
5700,-22.73,-47.14,2008,NMVOCs,EPA,0.00498483856,0.02990903136,0.02990903136,Refineries,75
5701,-22.73,-47.14,2009,NMVOCs,EPA,0.0052218725,0.031331235,0.031331235,Refineries,75
5702,-22.73,-47.14,2010,NMVOCs,EPA,0.00486209802,0.02917258812,0.02917258812,Refineries,75
5703,-22.73,-47.14,2011,NMVOCs,EPA,0.00572295672,0.03433774032,0.03433774032,Refineries,75
5704,-22.73,-47.14,2012,NMVOCs,EPA,0.00597843324,0.03587059944,0.03587059944,Refineries,75
5705,-22.73,-47.14,2013,NMVOCs,EPA,0.00643239116,0.03859434696,0.03859434696,Refineries,75
5706,-22.73,-47.14,2014,NMVOCs,EPA,0.00624216684,0.03745300104,0.03745300104,Refineries,75
5707,-22.73,-47.14,2015,NMVOCs,EPA,0.00595314382,0.03571886292,0.03571886292,Refineries,75
5708,-22.73,-47.14,2016,NMVOCs,EPA,0.0050797604,0.0304785624,0.0304785624,Refineries,75
5709,-22.73,-47.14,2017,NMVOCs,EPA,0.00492969672,0.02957818032,0.02957818032,Refineries,75
5710,-22.73,-47.14,2018,NMVOCs,EPA,0.00434818826,0.02608912956,0.02608912956,Refineries,75
5711,-22.73,-47.14,2019,NMVOCs,EPA,0.00498117022,0.02988702132,0.02988702132,Refineries,75
5712,-22.73,-47.14,2020,NMVOCs,EPA,0.00466688534,0.02800131204,0.02800131204,Refineries,75
5713,-22.73,-47.14,2021,NMVOCs,EPA,0.00539928168,0.03239569008,0.03239569008,Refineries,75
5714,-22.73,-47.14,2022,NMVOCs,EPA,0.00571897248,0.03431383488,0.03431383488,Refineries,75
5715,-22.73,-47.14,2023,NMVOCs,EPA,0.00098358208,0.00590149248,0.00590149248,Refineries,75
5716,-23.19,-45.82,1990,NMVOCs,EPA,0.00271256492,0.01627538952,0.01627538952,Refineries,75
5717,-23.19,-45.82,1991,NMVOCs,EPA,0.00235852344,0.01415114064,0.01415114064,Refineries,75
5718,-23.19,-45.82,1992,NMVOCs,EPA,0.00272824448,0.01636946688,0.01636946688,Refineries,75
5719,-23.19,-45.82,1993,NMVOCs,EPA,0.00240841484,0.01445048904,0.01445048904,Refineries,75
5720,-23.19,-45.82,1994,NMVOCs,EPA,0.0030120402,0.0180722412,0.0180722412,Refineries,75
5721,-23.19,-45.82,1995,NMVOCs,EPA,0.0026689559,0.0160137354,0.0160137354,Refineries,75
5722,-23.19,-45.82,1996,NMVOCs,EPA,0.00257237734,0.01543426404,0.01543426404,Refineries,75
5723,-23.19,-45.82,1997,NMVOCs,EPA,0.00284259794,0.01705558764,0.01705558764,Refineries,75
5724,-23.19,-45.82,1998,NMVOCs,EPA,0.0031546632,0.0189279792,0.0189279792,Refineries,75
5725,-23.19,-45.82,1999,NMVOCs,EPA,0.0029995719,0.0179974314,0.0179974314,Refineries,75
5726,-23.19,-45.82,2000,NMVOCs,EPA,0.00336351808,0.02018110848,0.02018110848,Refineries,75
5727,-23.19,-45.82,2001,NMVOCs,EPA,0.00335184694,0.02011108164,0.02011108164,Refineries,75
5728,-23.19,-45.82,2002,NMVOCs,EPA,0.00299385294,0.01796311764,0.01796311764,Refineries,75
5729,-23.19,-45.82,2003,NMVOCs,EPA,0.00330155098,0.01980930588,0.01980930588,Refineries,75
5730,-23.19,-45.82,2004,NMVOCs,EPA,0.00363967838,0.02183807028,0.02183807028,Refineries,75
5731,-23.19,-45.82,2005,NMVOCs,EPA,0.00366353702,0.02198122212,0.02198122212,Refineries,75
5732,-23.19,-45.82,2006,NMVOCs,EPA,0.00326376154,0.01958256924,0.01958256924,Refineries,75
5733,-23.19,-45.82,2007,NMVOCs,EPA,0.00362578684,0.02175472104,0.02175472104,Refineries,75
5734,-23.19,-45.82,2008,NMVOCs,EPA,0.00317104346,0.01902626076,0.01902626076,Refineries,75
5735,-23.19,-45.82,2009,NMVOCs,EPA,0.00369119842,0.02214719052,0.02214719052,Refineries,75
5736,-23.19,-45.82,2010,NMVOCs,EPA,0.00366212678,0.02197276068,0.02197276068,Refineries,75
5737,-23.19,-45.82,2011,NMVOCs,EPA,0.00364508352,0.02187050112,0.02187050112,Refineries,75
5738,-23.19,-45.82,2012,NMVOCs,EPA,0.00368822688,0.02212936128,0.02212936128,Refineries,75
5739,-23.19,-45.82,2013,NMVOCs,EPA,0.00348250682,0.02089504092,0.02089504092,Refineries,75
5740,-23.19,-45.82,2014,NMVOCs,EPA,0.00388694722,0.02332168332,0.02332168332,Refineries,75
5741,-23.19,-45.82,2015,NMVOCs,EPA,0.0036899681,0.0221398086,0.0221398086,Refineries,75
5742,-23.19,-45.82,2016,NMVOCs,EPA,0.003299569,0.019797414,0.019797414,Refineries,75
5743,-23.19,-45.82,2017,NMVOCs,EPA,0.00315914924,0.01895489544,0.01895489544,Refineries,75
5744,-23.19,-45.82,2018,NMVOCs,EPA,0.00322960196,0.01937761176,0.01937761176,Refineries,75
5745,-23.19,-45.82,2019,NMVOCs,EPA,0.00281982818,0.01691896908,0.01691896908,Refineries,75
5746,-23.19,-45.82,2020,NMVOCs,EPA,0.00331198582,0.01987191492,0.01987191492,Refineries,75
5747,-23.19,-45.82,2021,NMVOCs,EPA,0.00349538748,0.02097232488,0.02097232488,Refineries,75
5748,-23.19,-45.82,2022,NMVOCs,EPA,0.00347755434,0.02086532604,0.02086532604,Refineries,75
5749,-23.19,-45.82,2023,NMVOCs,EPA,0.00045815926,0.00274895556,0.00274895556,Refineries,75
5750,-32.04,-52.09,1990,NMVOCs,EPA,0.00014971996,0.00089831976,0.00089831976,Refineries,75
5751,-32.04,-52.09,1991,NMVOCs,EPA,0.00014215604,0.00085293624,0.00085293624,Refineries,75
5752,-32.04,-52.09,1992,NMVOCs,EPA,0.00014207986,0.00085247916,0.00085247916,Refineries,75
5753,-32.04,-52.09,1993,NMVOCs,EPA,0.00014693796,0.00088162776,0.00088162776,Refineries,75
5754,-32.04,-52.09,1994,NMVOCs,EPA,0.0001412086,0.0008472516,0.0008472516,Refineries,75
5755,-32.04,-52.09,1995,NMVOCs,EPA,0.00014224002,0.00085344012,0.00085344012,Refineries,75
5756,-32.04,-52.09,1996,NMVOCs,EPA,0.00014408264,0.00086449584,0.00086449584,Refineries,75
5757,-32.04,-52.09,1997,NMVOCs,EPA,0.00014503476,0.00087020856,0.00087020856,Refineries,75
5758,-32.04,-52.09,1998,NMVOCs,EPA,0.00015085798,0.00090514788,0.00090514788,Refineries,75
5759,-32.04,-52.09,1999,NMVOCs,EPA,0.00018152888,0.00108917328,0.00108917328,Refineries,75
5760,-32.04,-52.09,2000,NMVOCs,EPA,0.00019535698,0.00117214188,0.00117214188,Refineries,75
5761,-32.04,-52.09,2001,NMVOCs,EPA,0.0001962402,0.0011774412,0.0011774412,Refineries,75
5762,-32.04,-52.09,2002,NMVOCs,EPA,0.00018511818,0.00111070908,0.00111070908,Refineries,75
5763,-32.04,-52.09,2003,NMVOCs,EPA,0.00020904026,0.00125424156,0.00125424156,Refineries,75
5764,-32.04,-52.09,2004,NMVOCs,EPA,0.00017072302,0.00102433812,0.00102433812,Refineries,75
5765,-32.04,-52.09,2005,NMVOCs,EPA,6.89143e-05,0.0004134858,0.0004134858,Refineries,75
5766,-32.04,-52.09,2006,NMVOCs,EPA,0.00010799308,0.00064795848,0.00064795848,Refineries,75
5767,-32.04,-52.09,2007,NMVOCs,EPA,0.00019994494,0.00119966964,0.00119966964,Refineries,75
5768,-32.04,-52.09,2008,NMVOCs,EPA,0.00011854934,0.00071129604,0.00071129604,Refineries,75
5769,-32.04,-52.09,2009,NMVOCs,EPA,0.00020675668,0.00124054008,0.00124054008,Refineries,75
5770,-32.04,-52.09,2010,NMVOCs,EPA,0.00021343504,0.00128061024,0.00128061024,Refineries,75
5771,-32.04,-52.09,2011,NMVOCs,EPA,0.0002281396,0.0013688376,0.0013688376,Refineries,75
5772,-32.04,-52.09,2012,NMVOCs,EPA,0.00024294504,0.00145767024,0.00145767024,Refineries,75
5773,-32.04,-52.09,2013,NMVOCs,EPA,0.00023696296,0.00142177776,0.00142177776,Refineries,75
5774,-32.04,-52.09,2014,NMVOCs,EPA,0.0002025777,0.0012154662,0.0012154662,Refineries,75
5775,-32.04,-52.09,2015,NMVOCs,EPA,0.00014816048,0.00088896288,0.00088896288,Refineries,75
5776,-32.04,-52.09,2016,NMVOCs,EPA,0.00021047416,0.00126284496,0.00126284496,Refineries,75
5777,-32.04,-52.09,2017,NMVOCs,EPA,0.0002199821,0.0013198926,0.0013198926,Refineries,75
5778,-32.04,-52.09,2018,NMVOCs,EPA,0.00021742474,0.00130454844,0.00130454844,Refineries,75
5779,-32.04,-52.09,2019,NMVOCs,EPA,0.0002332577,0.0013995462,0.0013995462,Refineries,75
5780,-32.04,-52.09,2020,NMVOCs,EPA,0.00018208866,0.00109253196,0.00109253196,Refineries,75
5781,-32.04,-52.09,2021,NMVOCs,EPA,0.00016980912,0.00101885472,0.00101885472,Refineries,75
5782,-32.04,-52.09,2022,NMVOCs,EPA,0.0001799733,0.0010798398,0.0010798398,Refineries,75
5783,-32.04,-52.09,2023,NMVOCs,EPA,3.769142e-05,0.00022614852,0.00022614852,Refineries,75
5784,-12.71,-38.57,1990,NMVOCs,EPA,0.00187199948,0.01123199688,0.01123199688,Refineries,75
5785,-12.71,-38.57,1991,NMVOCs,EPA,0.00167076598,0.01002459588,0.01002459588,Refineries,75
5786,-12.71,-38.57,1992,NMVOCs,EPA,0.0019401031,0.0116406186,0.0116406186,Refineries,75
5787,-12.71,-38.57,1993,NMVOCs,EPA,0.00189526844,0.01137161064,0.01137161064,Refineries,75
5788,-12.71,-38.57,1994,NMVOCs,EPA,0.00176619248,0.01059715488,0.01059715488,Refineries,75
5789,-12.71,-38.57,1995,NMVOCs,EPA,0.00176943364,0.01061660184,0.01061660184,Refineries,75
5790,-12.71,-38.57,1996,NMVOCs,EPA,0.0016626246,0.0099757476,0.0099757476,Refineries,75
5791,-12.71,-38.57,1997,NMVOCs,EPA,0.00184276352,0.01105658112,0.01105658112,Refineries,75
5792,-12.71,-38.57,1998,NMVOCs,EPA,0.00260800202,0.01564801212,0.01564801212,Refineries,75
5793,-12.71,-38.57,1999,NMVOCs,EPA,0.0029052387,0.0174314322,0.0174314322,Refineries,75
5794,-12.71,-38.57,2000,NMVOCs,EPA,0.0025845053,0.0155070318,0.0155070318,Refineries,75
5795,-12.71,-38.57,2001,NMVOCs,EPA,0.0031368389,0.0188210334,0.0188210334,Refineries,75
5796,-12.71,-38.57,2002,NMVOCs,EPA,0.0030667442,0.0184004652,0.0184004652,Refineries,75
5797,-12.71,-38.57,2003,NMVOCs,EPA,0.00291377112,0.01748262672,0.01748262672,Refineries,75
5798,-12.71,-38.57,2004,NMVOCs,EPA,0.00354234686,0.02125408116,0.02125408116,Refineries,75
5799,-12.71,-38.57,2005,NMVOCs,EPA,0.00371095842,0.02226575052,0.02226575052,Refineries,75
5800,-12.71,-38.57,2006,NMVOCs,EPA,0.00392203578,0.02353221468,0.02353221468,Refineries,75
5801,-12.71,-38.57,2007,NMVOCs,EPA,0.00390949572,0.02345697432,0.02345697432,Refineries,75
5802,-12.71,-38.57,2008,NMVOCs,EPA,0.003855072,0.023130432,0.023130432,Refineries,75
5803,-12.71,-38.57,2009,NMVOCs,EPA,0.00333648874,0.02001893244,0.02001893244,Refineries,75
5804,-12.71,-38.57,2010,NMVOCs,EPA,0.00378748786,0.02272492716,0.02272492716,Refineries,75
5805,-12.71,-38.57,2011,NMVOCs,EPA,0.0035983155,0.021589893,0.021589893,Refineries,75
5806,-12.71,-38.57,2012,NMVOCs,EPA,0.00360038588,0.02160231528,0.02160231528,Refineries,75
5807,-12.71,-38.57,2013,NMVOCs,EPA,0.00422750536,0.02536503216,0.02536503216,Refineries,75
5808,-12.71,-38.57,2014,NMVOCs,EPA,0.00454610468,0.02727662808,0.02727662808,Refineries,75
5809,-12.71,-38.57,2015,NMVOCs,EPA,0.00393495908,0.02360975448,0.02360975448,Refineries,75
5810,-12.71,-38.57,2016,NMVOCs,EPA,0.00352207284,0.02113243704,0.02113243704,Refineries,75
5811,-12.71,-38.57,2017,NMVOCs,EPA,0.00328993132,0.01973958792,0.01973958792,Refineries,75
5812,-12.71,-38.57,2018,NMVOCs,EPA,0.00328571464,0.01971428784,0.01971428784,Refineries,75
5813,-12.71,-38.57,2019,NMVOCs,EPA,0.00340918682,0.02045512092,0.02045512092,Refineries,75
5814,-12.71,-38.57,2020,NMVOCs,EPA,0.00375594336,0.02253566016,0.02253566016,Refineries,75
5815,-12.71,-38.57,2021,NMVOCs,EPA,0.00311568062,0.01869408372,0.01869408372,Refineries,75
5816,-12.71,-38.57,2022,NMVOCs,EPA,0.00375987378,0.02255924268,0.02255924268,Refineries,75
5817,-23.87,-46.44,1990,NMVOCs,EPA,0.001524133,0.009144798,0.009144798,Refineries,75
5818,-23.87,-46.44,1991,NMVOCs,EPA,0.00161153174,0.00966919044,0.00966919044,Refineries,75
5819,-23.87,-46.44,1992,NMVOCs,EPA,0.00161990608,0.00971943648,0.00971943648,Refineries,75
5820,-23.87,-46.44,1993,NMVOCs,EPA,0.00158837068,0.00953022408,0.00953022408,Refineries,75
5821,-23.87,-46.44,1994,NMVOCs,EPA,0.00180761516,0.01084569096,0.01084569096,Refineries,75
5822,-23.87,-46.44,1995,NMVOCs,EPA,0.00200930938,0.01205585628,0.01205585628,Refineries,75
5823,-23.87,-46.44,1996,NMVOCs,EPA,0.00197262858,0.01183577148,0.01183577148,Refineries,75
5824,-23.87,-46.44,1997,NMVOCs,EPA,0.00215308418,0.01291850508,0.01291850508,Refineries,75
5825,-23.87,-46.44,1998,NMVOCs,EPA,0.00210978742,0.01265872452,0.01265872452,Refineries,75
5826,-23.87,-46.44,1999,NMVOCs,EPA,0.00237267784,0.01423606704,0.01423606704,Refineries,75
5827,-23.87,-46.44,2000,NMVOCs,EPA,0.0023891842,0.0143351052,0.0143351052,Refineries,75
5828,-23.87,-46.44,2001,NMVOCs,EPA,0.00233182586,0.01399095516,0.01399095516,Refineries,75
5829,-23.87,-46.44,2002,NMVOCs,EPA,0.0023058451,0.0138350706,0.0138350706,Refineries,75
5830,-23.87,-46.44,2003,NMVOCs,EPA,0.00247699764,0.01486198584,0.01486198584,Refineries,75
5831,-23.87,-46.44,2004,NMVOCs,EPA,0.00234234156,0.01405404936,0.01405404936,Refineries,75
5832,-23.87,-46.44,2005,NMVOCs,EPA,0.0023890412,0.0143342472,0.0143342472,Refineries,75
5833,-23.87,-46.44,2006,NMVOCs,EPA,0.00247155454,0.01482932724,0.01482932724,Refineries,75
5834,-23.87,-46.44,2007,NMVOCs,EPA,0.00231901306,0.01391407836,0.01391407836,Refineries,75
5835,-23.87,-46.44,2008,NMVOCs,EPA,0.0025487319,0.0152923914,0.0152923914,Refineries,75
5836,-23.87,-46.44,2009,NMVOCs,EPA,0.00250405662,0.01502433972,0.01502433972,Refineries,75
5837,-23.87,-46.44,2010,NMVOCs,EPA,0.00242203364,0.01453220184,0.01453220184,Refineries,75
5838,-23.87,-46.44,2011,NMVOCs,EPA,0.0022896029,0.0137376174,0.0137376174,Refineries,75
5839,-23.87,-46.44,2012,NMVOCs,EPA,0.0023715692,0.0142294152,0.0142294152,Refineries,75
5840,-23.87,-46.44,2013,NMVOCs,EPA,0.00265197426,0.01591184556,0.01591184556,Refineries,75
5841,-23.87,-46.44,2014,NMVOCs,EPA,0.002676232,0.016057392,0.016057392,Refineries,75
5842,-23.87,-46.44,2015,NMVOCs,EPA,0.00237528226,0.01425169356,0.01425169356,Refineries,75
5843,-23.87,-46.44,2016,NMVOCs,EPA,0.00215472114,0.01292832684,0.01292832684,Refineries,75
5844,-23.87,-46.44,2017,NMVOCs,EPA,0.0021832044,0.0130992264,0.0130992264,Refineries,75
5845,-23.87,-46.44,2018,NMVOCs,EPA,0.0021619442,0.0129716652,0.0129716652,Refineries,75
5846,-23.87,-46.44,2019,NMVOCs,EPA,0.0020105735,0.012063441,0.012063441,Refineries,75
5847,-23.87,-46.44,2020,NMVOCs,EPA,0.00217014486,0.01302086916,0.01302086916,Refineries,75
5848,-23.87,-46.44,2021,NMVOCs,EPA,0.00226091112,0.01356546672,0.01356546672,Refineries,75
5849,-23.87,-46.44,2022,NMVOCs,EPA,0.0026288899,0.0157733394,0.0157733394,Refineries,75
5850,-23.87,-46.44,2023,NMVOCs,EPA,0.00038985648,0.00233913888,0.00233913888,Refineries,75
5851,-5.13,-36.38,1990,NMVOCs,EPA,0,0,0,Refineries,75
5852,-5.13,-36.38,1991,NMVOCs,EPA,0,0,0,Refineries,75
5853,-5.13,-36.38,1992,NMVOCs,EPA,0,0,0,Refineries,75
5854,-5.13,-36.38,1993,NMVOCs,EPA,0,0,0,Refineries,75
5855,-5.13,-36.38,1994,NMVOCs,EPA,0,0,0,Refineries,75
5856,-5.13,-36.38,1995,NMVOCs,EPA,0,0,0,Refineries,75
5857,-5.13,-36.38,1996,NMVOCs,EPA,0,0,0,Refineries,75
5858,-5.13,-36.38,1997,NMVOCs,EPA,0,0,0,Refineries,75
5859,-5.13,-36.38,1998,NMVOCs,EPA,0,0,0,Refineries,75
5860,-5.13,-36.38,1999,NMVOCs,EPA,0,0,0,Refineries,75
5861,-5.13,-36.38,2000,NMVOCs,EPA,5.018312e-05,0.00030109872,0.00030109872,Refineries,75
5862,-5.13,-36.38,2001,NMVOCs,EPA,4.538222e-05,0.00027229332,0.00027229332,Refineries,75
5863,-5.13,-36.38,2002,NMVOCs,EPA,5.6823e-05,0.000340938,0.000340938,Refineries,75
5864,-5.13,-36.38,2003,NMVOCs,EPA,5.96284e-05,0.0003577704,0.0003577704,Refineries,75
5865,-5.13,-36.38,2004,NMVOCs,EPA,6.48765e-05,0.000389259,0.000389259,Refineries,75
5866,-5.13,-36.38,2005,NMVOCs,EPA,9.841624e-05,0.00059049744,0.00059049744,Refineries,75
5867,-5.13,-36.38,2006,NMVOCs,EPA,0.0001367054,0.0008202324,0.0008202324,Refineries,75
5868,-5.13,-36.38,2007,NMVOCs,EPA,0.0001457755,0.000874653,0.000874653,Refineries,75
5869,-5.13,-36.38,2008,NMVOCs,EPA,0.00014656642,0.00087939852,0.00087939852,Refineries,75
5870,-5.13,-36.38,2009,NMVOCs,EPA,0.00020982988,0.00125897928,0.00125897928,Refineries,75
5871,-5.13,-36.38,2010,NMVOCs,EPA,0.0004941092,0.0029646552,0.0029646552,Refineries,75
5872,-5.13,-36.38,2011,NMVOCs,EPA,0.0005172076,0.0031032456,0.0031032456,Refineries,75
5873,-5.13,-36.38,2012,NMVOCs,EPA,0.00055158116,0.00330948696,0.00330948696,Refineries,75
5874,-5.13,-36.38,2013,NMVOCs,EPA,0.00056235192,0.00337411152,0.00337411152,Refineries,75
5875,-5.13,-36.38,2014,NMVOCs,EPA,0.000571623,0.003429738,0.003429738,Refineries,75
5876,-5.13,-36.38,2015,NMVOCs,EPA,0.00051179986,0.00307079916,0.00307079916,Refineries,75
5877,-5.13,-36.38,2016,NMVOCs,EPA,0.00050507522,0.00303045132,0.00303045132,Refineries,75
5878,-5.13,-36.38,2017,NMVOCs,EPA,0.00049985442,0.00299912652,0.00299912652,Refineries,75
5879,-5.13,-36.38,2018,NMVOCs,EPA,0.00046792616,0.00280755696,0.00280755696,Refineries,75
5880,-5.13,-36.38,2019,NMVOCs,EPA,0.0004779554,0.0028677324,0.0028677324,Refineries,75
5881,-5.13,-36.38,2020,NMVOCs,EPA,0.00043579276,0.00261475656,0.00261475656,Refineries,75
5882,-5.13,-36.38,2021,NMVOCs,EPA,0.0004292509,0.0025755054,0.0025755054,Refineries,75
5883,-5.13,-36.38,2022,NMVOCs,EPA,0.00036475348,0.00218852088,0.00218852088,Refineries,75
5884,-5.13,-36.38,2023,NMVOCs,EPA,6.406036e-05,0.00038436216,0.00038436216,Refineries,75
5885,-23.14,-47.02,1990,NMVOCs,EPA,0,0,0,Refineries,75
5886,-23.14,-47.02,1991,NMVOCs,EPA,0,0,0,Refineries,75
5887,-23.14,-47.02,1992,NMVOCs,EPA,0,0,0,Refineries,75
5888,-23.14,-47.02,1993,NMVOCs,EPA,0,0,0,Refineries,75
5889,-23.14,-47.02,1994,NMVOCs,EPA,0,0,0,Refineries,75
5890,-23.14,-47.02,1995,NMVOCs,EPA,0,0,0,Refineries,75
5891,-23.14,-47.02,1996,NMVOCs,EPA,0,0,0,Refineries,75
5892,-23.14,-47.02,1997,NMVOCs,EPA,0,0,0,Refineries,75
5893,-23.14,-47.02,1998,NMVOCs,EPA,0,0,0,Refineries,75
5894,-23.14,-47.02,1999,NMVOCs,EPA,0,0,0,Refineries,75
5895,-23.14,-47.02,2000,NMVOCs,EPA,0,0,0,Refineries,75
5896,-23.14,-47.02,2001,NMVOCs,EPA,0,0,0,Refineries,75
5897,-23.14,-47.02,2002,NMVOCs,EPA,0,0,0,Refineries,75
5898,-23.14,-47.02,2003,NMVOCs,EPA,0,0,0,Refineries,75
5899,-23.14,-47.02,2004,NMVOCs,EPA,0,0,0,Refineries,75
5900,-23.14,-47.02,2005,NMVOCs,EPA,0,0,0,Refineries,75
5901,-23.14,-47.02,2006,NMVOCs,EPA,4.104464e-05,0.00024626784,0.00024626784,Refineries,75
5902,-23.14,-47.02,2007,NMVOCs,EPA,7.662694e-05,0.00045976164,0.00045976164,Refineries,75
5903,-23.14,-47.02,2008,NMVOCs,EPA,3.0628e-05,0.000183768,0.000183768,Refineries,75
5904,-23.14,-47.02,2009,NMVOCs,EPA,0.00010382216,0.00062293296,0.00062293296,Refineries,75
5905,-23.14,-47.02,2010,NMVOCs,EPA,0.00012949144,0.00077694864,0.00077694864,Refineries,75
5906,-23.14,-47.02,2011,NMVOCs,EPA,7.876206e-05,0.00047257236,0.00047257236,Refineries,75
5907,-23.14,-47.02,2012,NMVOCs,EPA,1.192386e-05,7.154316e-05,7.154316e-05,Refineries,75
5908,-23.14,-47.02,2013,NMVOCs,EPA,9.6772e-07,5.80632e-06,5.80632e-06,Refineries,75
5909,-23.14,-47.02,2014,NMVOCs,EPA,2.678e-07,1.6068e-06,1.6068e-06,Refineries,75
5910,-23.14,-47.02,2015,NMVOCs,EPA,0,0,0,Refineries,75
5911,-23.14,-47.02,2016,NMVOCs,EPA,0,0,0,Refineries,75
5912,-23.14,-47.02,2017,NMVOCs,EPA,0,0,0,Refineries,75
5913,-23.14,-47.02,2018,NMVOCs,EPA,0,0,0,Refineries,75
5914,-23.14,-47.02,2019,NMVOCs,EPA,0,0,0,Refineries,75
5915,-23.14,-47.02,2020,NMVOCs,EPA,0,0,0,Refineries,75
5916,-23.14,-47.02,2021,NMVOCs,EPA,0,0,0,Refineries,75
5917,-23.14,-47.02,2022,NMVOCs,EPA,0,0,0,Refineries,75
5918,-23.14,-47.02,2023,NMVOCs,EPA,0,0,0,Refineries,75
5919,-8.38,-35.01,1990,NMVOCs,EPA,0,0,0,Refineries,75
5920,-8.38,-35.01,1991,NMVOCs,EPA,0,0,0,Refineries,75
5921,-8.38,-35.01,1992,NMVOCs,EPA,0,0,0,Refineries,75
5922,-8.38,-35.01,1993,NMVOCs,EPA,0,0,0,Refineries,75
5923,-8.38,-35.01,1994,NMVOCs,EPA,0,0,0,Refineries,75
5924,-8.38,-35.01,1995,NMVOCs,EPA,0,0,0,Refineries,75
5925,-8.38,-35.01,1996,NMVOCs,EPA,0,0,0,Refineries,75
5926,-8.38,-35.01,1997,NMVOCs,EPA,0,0,0,Refineries,75
5927,-8.38,-35.01,1998,NMVOCs,EPA,0,0,0,Refineries,75
5928,-8.38,-35.01,1999,NMVOCs,EPA,0,0,0,Refineries,75
5929,-8.38,-35.01,2000,NMVOCs,EPA,0,0,0,Refineries,75
5930,-8.38,-35.01,2001,NMVOCs,EPA,0,0,0,Refineries,75
5931,-8.38,-35.01,2002,NMVOCs,EPA,0,0,0,Refineries,75
5932,-8.38,-35.01,2003,NMVOCs,EPA,0,0,0,Refineries,75
5933,-8.38,-35.01,2004,NMVOCs,EPA,0,0,0,Refineries,75
5934,-8.38,-35.01,2005,NMVOCs,EPA,0,0,0,Refineries,75
5935,-8.38,-35.01,2006,NMVOCs,EPA,0,0,0,Refineries,75
5936,-8.38,-35.01,2007,NMVOCs,EPA,0,0,0,Refineries,75
5937,-8.38,-35.01,2008,NMVOCs,EPA,0,0,0,Refineries,75
5938,-8.38,-35.01,2009,NMVOCs,EPA,0,0,0,Refineries,75
5939,-8.38,-35.01,2010,NMVOCs,EPA,0,0,0,Refineries,75
5940,-8.38,-35.01,2011,NMVOCs,EPA,0,0,0,Refineries,75
5941,-8.38,-35.01,2012,NMVOCs,EPA,0,0,0,Refineries,75
5942,-8.38,-35.01,2013,NMVOCs,EPA,0,0,0,Refineries,75
5943,-8.38,-35.01,2014,NMVOCs,EPA,5.289154e-05,0.00031734924,0.00031734924,Refineries,75
5944,-8.38,-35.01,2015,NMVOCs,EPA,0.00095593082,0.00573558492,0.00573558492,Refineries,75
5945,-8.38,-35.01,2016,NMVOCs,EPA,0.00129480312,0.00776881872,0.00776881872,Refineries,75
5946,-8.38,-35.01,2017,NMVOCs,EPA,0.00113786296,0.00682717776,0.00682717776,Refineries,75
5947,-8.38,-35.01,2018,NMVOCs,EPA,0.00118862354,0.00713174124,0.00713174124,Refineries,75
5948,-8.38,-35.01,2019,NMVOCs,EPA,0.00125608132,0.00753648792,0.00753648792,Refineries,75
5949,-8.38,-35.01,2020,NMVOCs,EPA,0.00153587096,0.00921522576,0.00921522576,Refineries,75
5950,-8.38,-35.01,2021,NMVOCs,EPA,0.00104834106,0.00629004636,0.00629004636,Refineries,75
5951,-8.38,-35.01,2022,NMVOCs,EPA,0.00110266832,0.00661600992,0.00661600992,Refineries,75
5952,-8.38,-35.01,2023,NMVOCs,EPA,0.00019386198,0.00116317188,0.00116317188,Refineries,75
5953,-21.37,-50.28,2000,NMVOCs,EPA,0,0,0,Refineries,75
5954,-21.37,-50.28,2001,NMVOCs,EPA,0,0,0,Refineries,75
5955,-21.37,-50.28,2002,NMVOCs,EPA,0,0,0,Refineries,75
5956,-21.37,-50.28,2003,NMVOCs,EPA,0,0,0,Refineries,75
5957,-21.37,-50.28,2004,NMVOCs,EPA,0,0,0,Refineries,75
5958,-21.37,-50.28,2005,NMVOCs,EPA,0,0,0,Refineries,75
5959,-21.37,-50.28,2006,NMVOCs,EPA,0,0,0,Refineries,75
5960,-21.37,-50.28,2007,NMVOCs,EPA,0,0,0,Refineries,75
5961,-21.37,-50.28,2008,NMVOCs,EPA,0,0,0,Refineries,75
5962,-21.37,-50.28,2009,NMVOCs,EPA,0,0,0,Refineries,75
5963,-21.37,-50.28,2010,NMVOCs,EPA,0,0,0,Refineries,75
5964,-21.37,-50.28,2011,NMVOCs,EPA,0,0,0,Refineries,75
5965,-21.37,-50.28,2012,NMVOCs,EPA,0,0,0,Refineries,75
5966,-21.37,-50.28,2013,NMVOCs,EPA,0,0,0,Refineries,75
5967,-21.37,-50.28,2014,NMVOCs,EPA,0,0,0,Refineries,75
5968,-21.37,-50.28,2015,NMVOCs,EPA,0,0,0,Refineries,75
5969,-21.37,-50.28,2016,NMVOCs,EPA,0,0,0,Refineries,75
5970,-21.37,-50.28,2017,NMVOCs,EPA,0,0,0,Refineries,75
5971,-21.37,-50.28,2018,NMVOCs,EPA,0,0,0,Refineries,75
5972,-21.37,-50.28,2019,NMVOCs,EPA,0,0,0,Refineries,75
5973,-21.37,-50.28,2020,NMVOCs,EPA,0,0,0,Refineries,75
5974,-21.37,-50.28,2021,NMVOCs,EPA,0,0,0,Refineries,75
5975,-21.37,-50.28,2022,NMVOCs,EPA,2.72194e-06,1.633164e-05,1.633164e-05,Refineries,75
5976,-21.37,-50.28,2023,NMVOCs,EPA,9.36e-08,5.616e-07,5.616e-07,Refineries,75
5977,-3.72,-38.47,1990,NMVOCs,EPA,0.0122929632,0,0.0324885456,Refineries,75
5978,-3.72,-38.47,1991,NMVOCs,EPA,0.011943036,0,0.031563738,Refineries,75
5979,-3.72,-38.47,1992,NMVOCs,EPA,0.013482252,0,0.035631666,Refineries,75
5980,-3.72,-38.47,1993,NMVOCs,EPA,0.0135110304,0,0.0357077232,Refineries,75
5981,-3.72,-38.47,1994,NMVOCs,EPA,0.012280212,0,0.032454846,Refineries,75
5982,-3.72,-38.47,1995,NMVOCs,EPA,0.0139039992,0,0.0367462836,Refineries,75
5983,-3.72,-38.47,1996,NMVOCs,EPA,0.0431382672,0,0.1140082776,Refineries,75
5984,-3.72,-38.47,1997,NMVOCs,EPA,0.0124274808,0,0.0328440564,Refineries,75
5985,-3.72,-38.47,1998,NMVOCs,EPA,0.0172578168,0,0.0456099444,Refineries,75
5986,-3.72,-38.47,1999,NMVOCs,EPA,0.0164073168,0,0.0433621944,Refineries,75
5987,-3.72,-38.47,2000,NMVOCs,EPA,0.0155869056,0,0.0411939648,Refineries,75
5988,-3.72,-38.47,2001,NMVOCs,EPA,0.0165466224,0,0.0437303592,Refineries,75
5989,-3.72,-38.47,2002,NMVOCs,EPA,0.019285056,0,0.050967648,Refineries,75
5990,-3.72,-38.47,2003,NMVOCs,EPA,0.0124403328,0,0.0328780224,Refineries,75
5991,-3.72,-38.47,2004,NMVOCs,EPA,0.0129562776,0,0.0342415908,Refineries,75
5992,-3.72,-38.47,2005,NMVOCs,EPA,0.013567176,0,0.035856108,Refineries,75
5993,-3.72,-38.47,2006,NMVOCs,EPA,0.0194175576,0,0.0513178308,Refineries,75
5994,-3.72,-38.47,2007,NMVOCs,EPA,0.0181005048,0,0.0478370484,Refineries,75
5995,-3.72,-38.47,2008,NMVOCs,EPA,0.0181575072,0,0.0479876976,Refineries,75
5996,-3.72,-38.47,2009,NMVOCs,EPA,0.0176854608,0,0.0467401464,Refineries,75
5997,-3.72,-38.47,2010,NMVOCs,EPA,0.0232363152,0,0.0614102616,Refineries,75
5998,-3.72,-38.47,2011,NMVOCs,EPA,0.0204133608,0,0.0539495964,Refineries,75
5999,-3.72,-38.47,2012,NMVOCs,EPA,0.0230162184,0,0.0608285772,Refineries,75
6000,-3.72,-38.47,2013,NMVOCs,EPA,0.0246034656,0,0.0650234448,Refineries,75
6001,-3.72,-38.47,2014,NMVOCs,EPA,0.0261606744,0,0.0691389252,Refineries,75
6002,-3.72,-38.47,2015,NMVOCs,EPA,0.0247878792,0,0.0655108236,Refineries,75
6003,-3.72,-38.47,2016,NMVOCs,EPA,0.026330472,0,0.069587676,Refineries,75
6004,-3.72,-38.47,2017,NMVOCs,EPA,0.022362984,0,0.059102172,Refineries,75
6005,-3.72,-38.47,2018,NMVOCs,EPA,0.0237201048,0,0.0626888484,Refineries,75
6006,-3.72,-38.47,2019,NMVOCs,EPA,0.0207741744,0,0.0549031752,Refineries,75
6007,-3.72,-38.47,2020,NMVOCs,EPA,0.0248035032,0,0.0655521156,Refineries,75
6008,-3.72,-38.47,2021,NMVOCs,EPA,0.0226019304,0,0.0597336732,Refineries,75
6009,-3.72,-38.47,2022,NMVOCs,EPA,0.0255121272,0,0.0674249076,Refineries,75
6010,-3.72,-38.47,2023,NMVOCs,EPA,0.0042176232,0,0.0111465756,Refineries,75
6011,-22.72,-43.27,1990,NMVOCs,EPA,0.5088329568,0,1.3447728144,Refineries,75
6012,-22.72,-43.27,1991,NMVOCs,EPA,0.527699592,0,1.394634636,Refineries,75
6013,-22.72,-43.27,1992,NMVOCs,EPA,0.555989616,0,1.469401128,Refineries,75
6014,-22.72,-43.27,1993,NMVOCs,EPA,0.500771628,0,1.323467874,Refineries,75
6015,-22.72,-43.27,1994,NMVOCs,EPA,0.4746479976,0,1.2544268508,Refineries,75
6016,-22.72,-43.27,1995,NMVOCs,EPA,0.411295752,0,1.086995916,Refineries,75
6017,-22.72,-43.27,1996,NMVOCs,EPA,0.5764896648,0,1.5235798284,Refineries,75
6018,-22.72,-43.27,1997,NMVOCs,EPA,0.497111076,0,1.313793558,Refineries,75
6019,-22.72,-43.27,1998,NMVOCs,EPA,0.6070180536,0,1.6042619988,Refineries,75
6020,-22.72,-43.27,1999,NMVOCs,EPA,0.6144443928,0,1.6238887524,Refineries,75
6021,-22.72,-43.27,2000,NMVOCs,EPA,0.5453832888,0,1.4413701204,Refineries,75
6022,-22.72,-43.27,2001,NMVOCs,EPA,0.5623699536,0,1.4862634488,Refineries,75
6023,-22.72,-43.27,2002,NMVOCs,EPA,0.5665021992,0,1.4971843836,Refineries,75
6024,-22.72,-43.27,2003,NMVOCs,EPA,0.575677368,0,1.521433044,Refineries,75
6025,-22.72,-43.27,2004,NMVOCs,EPA,0.641392164,0,1.695107862,Refineries,75
6026,-22.72,-43.27,2005,NMVOCs,EPA,0.6261703056,0,1.6548786648,Refineries,75
6027,-22.72,-43.27,2006,NMVOCs,EPA,0.642216456,0,1.697286348,Refineries,75
6028,-22.72,-43.27,2007,NMVOCs,EPA,0.616009716,0,1.628025678,Refineries,75
6029,-22.72,-43.27,2008,NMVOCs,EPA,0.6525763776,0,1.7246661408,Refineries,75
6030,-22.72,-43.27,2009,NMVOCs,EPA,0.6120173808,0,1.6174745064,Refineries,75
6031,-22.72,-43.27,2010,NMVOCs,EPA,0.6489260064,0,1.7150187312,Refineries,75
6032,-22.72,-43.27,2011,NMVOCs,EPA,0.6360746616,0,1.6810544628,Refineries,75
6033,-22.72,-43.27,2012,NMVOCs,EPA,0.666608292,0,1.761750486,Refineries,75
6034,-22.72,-43.27,2013,NMVOCs,EPA,0.712814004,0,1.883865582,Refineries,75
6035,-22.72,-43.27,2014,NMVOCs,EPA,0.696179988,0,1.839904254,Refineries,75
6036,-22.72,-43.27,2015,NMVOCs,EPA,0.5875144128,0,1.5527166624,Refineries,75
6037,-22.72,-43.27,2016,NMVOCs,EPA,0.5715662904,0,1.5105680532,Refineries,75
6038,-22.72,-43.27,2017,NMVOCs,EPA,0.5255407584,0,1.3889291472,Refineries,75
6039,-22.72,-43.27,2018,NMVOCs,EPA,0.5626752768,0,1.4870703744,Refineries,75
6040,-22.72,-43.27,2019,NMVOCs,EPA,0.5621090832,0,1.4855740056,Refineries,75
6041,-22.72,-43.27,2020,NMVOCs,EPA,0.5339921832,0,1.4112650556,Refineries,75
6042,-22.72,-43.27,2021,NMVOCs,EPA,0.5523791112,0,1.4598590796,Refineries,75
6043,-22.72,-43.27,2022,NMVOCs,EPA,0.6069784896,0,1.6041574368,Refineries,75
6044,-22.72,-43.27,2023,NMVOCs,EPA,0.1087981272,0,0.2875379076,Refineries,75
6045,-29.87,-51.17,1990,NMVOCs,EPA,0.1909212984,0,0.5045777172,Refineries,75
6046,-29.87,-51.17,1991,NMVOCs,EPA,0.1659172032,0,0.4384954656,Refineries,75
6047,-29.87,-51.17,1992,NMVOCs,EPA,0.1980207432,0,0.5233405356,Refineries,75
6048,-29.87,-51.17,1993,NMVOCs,EPA,0.2215158624,0,0.5854347792,Refineries,75
6049,-29.87,-51.17,1994,NMVOCs,EPA,0.2992417848,0,0.7908532884,Refineries,75
6050,-29.87,-51.17,1995,NMVOCs,EPA,0.2856643272,0,0.7549700076,Refineries,75
6051,-29.87,-51.17,1996,NMVOCs,EPA,0.336212352,0,0.888561216,Refineries,75
6052,-29.87,-51.17,1997,NMVOCs,EPA,0.300646584,0,0.794565972,Refineries,75
6053,-29.87,-51.17,1998,NMVOCs,EPA,0.3311950824,0,0.8753012892,Refineries,75
6054,-29.87,-51.17,1999,NMVOCs,EPA,0.347222988,0,0.917660754,Refineries,75
6055,-29.87,-51.17,2000,NMVOCs,EPA,0.3601866744,0,0.9519219252,Refineries,75
6056,-29.87,-51.17,2001,NMVOCs,EPA,0.3366301176,0,0.8896653108,Refineries,75
6057,-29.87,-51.17,2002,NMVOCs,EPA,0.3183572448,0,0.8413727184,Refineries,75
6058,-29.87,-51.17,2003,NMVOCs,EPA,0.3074320368,0,0.8124989544,Refineries,75
6059,-29.87,-51.17,2004,NMVOCs,EPA,0.3036210408,0,0.8024270364,Refineries,75
6060,-29.87,-51.17,2005,NMVOCs,EPA,0.3498312384,0,0.9245539872,Refineries,75
6061,-29.87,-51.17,2006,NMVOCs,EPA,0.34253856,0,0.90528048,Refineries,75
6062,-29.87,-51.17,2007,NMVOCs,EPA,0.4361805504,0,1.1527628832,Refineries,75
6063,-29.87,-51.17,2008,NMVOCs,EPA,0.4277686392,0,1.1305314036,Refineries,75
6064,-29.87,-51.17,2009,NMVOCs,EPA,0.4894307208,0,1.2934954764,Refineries,75
6065,-29.87,-51.17,2010,NMVOCs,EPA,0.4366409544,0,1.1539796652,Refineries,75
6066,-29.87,-51.17,2011,NMVOCs,EPA,0.4380197472,0,1.1576236176,Refineries,75
6067,-29.87,-51.17,2012,NMVOCs,EPA,0.4596421536,0,1.2147685488,Refineries,75
6068,-29.87,-51.17,2013,NMVOCs,EPA,0.5805950472,0,1.5344297676,Refineries,75
6069,-29.87,-51.17,2014,NMVOCs,EPA,0.5636555568,0,1.4896611144,Refineries,75
6070,-29.87,-51.17,2015,NMVOCs,EPA,0.5140190664,0,1.3584789612,Refineries,75
6071,-29.87,-51.17,2016,NMVOCs,EPA,0.4453012872,0,1.1768676876,Refineries,75
6072,-29.87,-51.17,2017,NMVOCs,EPA,0.4082605128,0,1.0789742124,Refineries,75
6073,-29.87,-51.17,2018,NMVOCs,EPA,0.4036642344,0,1.0668269052,Refineries,75
6074,-29.87,-51.17,2019,NMVOCs,EPA,0.4202267832,0,1.1105993556,Refineries,75
6075,-29.87,-51.17,2020,NMVOCs,EPA,0.3975263712,0,1.0506054096,Refineries,75
6076,-29.87,-51.17,2021,NMVOCs,EPA,0.444243492,0,1.174072086,Refineries,75
6077,-29.87,-51.17,2022,NMVOCs,EPA,0.4831299648,0,1.2768434784,Refineries,75
6078,-29.87,-51.17,2023,NMVOCs,EPA,0.0396830952,0,0.1048767516,Refineries,75
6079,-19.97,-44.1,1990,NMVOCs,EPA,0.373100868,0,0.986052294,Refineries,75
6080,-19.97,-44.1,1991,NMVOCs,EPA,0.3842190576,0,1.0154360808,Refineries,75
6081,-19.97,-44.1,1992,NMVOCs,EPA,0.3729032496,0,0.9855300168,Refineries,75
6082,-19.97,-44.1,1993,NMVOCs,EPA,0.3840538464,0,1.0149994512,Refineries,75
6083,-19.97,-44.1,1994,NMVOCs,EPA,0.3756733848,0,0.9928510884,Refineries,75
6084,-19.97,-44.1,1995,NMVOCs,EPA,0.3798274536,0,1.0038296988,Refineries,75
6085,-19.97,-44.1,1996,NMVOCs,EPA,0.3330541368,0,0.8802145044,Refineries,75
6086,-19.97,-44.1,1997,NMVOCs,EPA,0.3830233176,0,1.0122759108,Refineries,75
6087,-19.97,-44.1,1998,NMVOCs,EPA,0.3538939824,0,0.9352912392,Refineries,75
6088,-19.97,-44.1,1999,NMVOCs,EPA,0.3918946248,0,1.0357215084,Refineries,75
6089,-19.97,-44.1,2000,NMVOCs,EPA,0.381786804,0,1.009007982,Refineries,75
6090,-19.97,-44.1,2001,NMVOCs,EPA,0.3880955232,0,1.0256810256,Refineries,75
6091,-19.97,-44.1,2002,NMVOCs,EPA,0.365773212,0,0.966686346,Refineries,75
6092,-19.97,-44.1,2003,NMVOCs,EPA,0.3769577784,0,0.9962455572,Refineries,75
6093,-19.97,-44.1,2004,NMVOCs,EPA,0.39159918,0,1.03494069,Refineries,75
6094,-19.97,-44.1,2005,NMVOCs,EPA,0.3896053056,0,1.0296711648,Refineries,75
6095,-19.97,-44.1,2006,NMVOCs,EPA,0.4047246504,0,1.0696294332,Refineries,75
6096,-19.97,-44.1,2007,NMVOCs,EPA,0.3912029352,0,1.0338934716,Refineries,75
6097,-19.97,-44.1,2008,NMVOCs,EPA,0.4305815136,0,1.1379654288,Refineries,75
6098,-19.97,-44.1,2009,NMVOCs,EPA,0.4204690056,0,1.1112395148,Refineries,75
6099,-19.97,-44.1,2010,NMVOCs,EPA,0.4308226776,0,1.1386027908,Refineries,75
6100,-19.97,-44.1,2011,NMVOCs,EPA,0.3899601216,0,1.0306088928,Refineries,75
6101,-19.97,-44.1,2012,NMVOCs,EPA,0.431400564,0,1.140130062,Refineries,75
6102,-19.97,-44.1,2013,NMVOCs,EPA,0.4375445256,0,1.1563676748,Refineries,75
6103,-19.97,-44.1,2014,NMVOCs,EPA,0.4640511456,0,1.2264208848,Refineries,75
6104,-19.97,-44.1,2015,NMVOCs,EPA,0.4463837784,0,1.1797285572,Refineries,75
6105,-19.97,-44.1,2016,NMVOCs,EPA,0.4399661952,0,1.1627678016,Refineries,75
6106,-19.97,-44.1,2017,NMVOCs,EPA,0.4133701152,0,1.0924781616,Refineries,75
6107,-19.97,-44.1,2018,NMVOCs,EPA,0.4192942824,0,1.1081348892,Refineries,75
6108,-19.97,-44.1,2019,NMVOCs,EPA,0.4056704568,0,1.0721290644,Refineries,75
6109,-19.97,-44.1,2020,NMVOCs,EPA,0.3656374344,0,0.9663275052,Refineries,75
6110,-19.97,-44.1,2021,NMVOCs,EPA,0.4018935816,0,1.0621473228,Refineries,75
6111,-19.97,-44.1,2022,NMVOCs,EPA,0.4350879288,0,1.1498752404,Refineries,75
6112,-19.97,-44.1,2023,NMVOCs,EPA,0.070525476,0,0.186388758,Refineries,75
6113,-25.57,-49.36,1990,NMVOCs,EPA,0.400877064,0,1.059460812,Refineries,75
6114,-25.57,-49.36,1991,NMVOCs,EPA,0.3965826312,0,1.0481112396,Refineries,75
6115,-25.57,-49.36,1992,NMVOCs,EPA,0.3713010336,0,0.9812955888,Refineries,75
6116,-25.57,-49.36,1993,NMVOCs,EPA,0.4377632112,0,1.1569456296,Refineries,75
6117,-25.57,-49.36,1994,NMVOCs,EPA,0.4806966024,0,1.2704124492,Refineries,75
6118,-25.57,-49.36,1995,NMVOCs,EPA,0.4043390904,0,1.0686104532,Refineries,75
6119,-25.57,-49.36,1996,NMVOCs,EPA,0.4727037672,0,1.2492885276,Refineries,75
6120,-25.57,-49.36,1997,NMVOCs,EPA,0.4837610232,0,1.2785112756,Refineries,75
6121,-25.57,-49.36,1998,NMVOCs,EPA,0.4677541848,0,1.2362074884,Refineries,75
6122,-25.57,-49.36,1999,NMVOCs,EPA,0.5543907768,0,1.4651756244,Refineries,75
6123,-25.57,-49.36,2000,NMVOCs,EPA,0.5532545088,0,1.4621726304,Refineries,75
6124,-25.57,-49.36,2001,NMVOCs,EPA,0.5590318608,0,1.4774413464,Refineries,75
6125,-25.57,-49.36,2002,NMVOCs,EPA,0.5734013544,0,1.5154178652,Refineries,75
6126,-25.57,-49.36,2003,NMVOCs,EPA,0.5595387336,0,1.4787809388,Refineries,75
6127,-25.57,-49.36,2004,NMVOCs,EPA,0.4868518032,0,1.2866797656,Refineries,75
6128,-25.57,-49.36,2005,NMVOCs,EPA,0.5554660104,0,1.4680173132,Refineries,75
6129,-25.57,-49.36,2006,NMVOCs,EPA,0.5394749976,0,1.4257553508,Refineries,75
6130,-25.57,-49.36,2007,NMVOCs,EPA,0.4956492744,0,1.3099302252,Refineries,75
6131,-25.57,-49.36,2008,NMVOCs,EPA,0.5436141984,0,1.4366946672,Refineries,75
6132,-25.57,-49.36,2009,NMVOCs,EPA,0.5523758856,0,1.4598505548,Refineries,75
6133,-25.57,-49.36,2010,NMVOCs,EPA,0.501624648,0,1.325722284,Refineries,75
6134,-25.57,-49.36,2011,NMVOCs,EPA,0.5687080056,0,1.5030140148,Refineries,75
6135,-25.57,-49.36,2012,NMVOCs,EPA,0.584759196,0,1.545435018,Refineries,75
6136,-25.57,-49.36,2013,NMVOCs,EPA,0.5705804664,0,1.5079626612,Refineries,75
6137,-25.57,-49.36,2014,NMVOCs,EPA,0.5979361752,0,1.5802598916,Refineries,75
6138,-25.57,-49.36,2015,NMVOCs,EPA,0.580557852,0,1.534331466,Refineries,75
6139,-25.57,-49.36,2016,NMVOCs,EPA,0.496867392,0,1.313149536,Refineries,75
6140,-25.57,-49.36,2017,NMVOCs,EPA,0.4756930416,0,1.2571887528,Refineries,75
6141,-25.57,-49.36,2018,NMVOCs,EPA,0.50614578,0,1.33767099,Refineries,75
6142,-25.57,-49.36,2019,NMVOCs,EPA,0.4931610264,0,1.3033541412,Refineries,75
6143,-25.57,-49.36,2020,NMVOCs,EPA,0.5257312704,0,1.3894326432,Refineries,75
6144,-25.57,-49.36,2021,NMVOCs,EPA,0.5330381616,0,1.4087437128,Refineries,75
6145,-25.57,-49.36,2022,NMVOCs,EPA,0.4727206008,0,1.2493330164,Refineries,75
6146,-25.57,-49.36,2023,NMVOCs,EPA,0.087653412,0,0.231655446,Refineries,75
6147,-22.73,-47.14,1990,NMVOCs,EPA,0.613241496,0,1.620709668,Refineries,75
6148,-22.73,-47.14,1991,NMVOCs,EPA,0.6324392088,0,1.6714464804,Refineries,75
6149,-22.73,-47.14,1992,NMVOCs,EPA,0.592808076,0,1.566707058,Refineries,75
6150,-22.73,-47.14,1993,NMVOCs,EPA,0.6201791568,0,1.6390449144,Refineries,75
6151,-22.73,-47.14,1994,NMVOCs,EPA,0.647521056,0,1.711305648,Refineries,75
6152,-22.73,-47.14,1995,NMVOCs,EPA,0.7128225216,0,1.8838880928,Refineries,75
6153,-22.73,-47.14,1996,NMVOCs,EPA,0.7258211352,0,1.9182415716,Refineries,75
6154,-22.73,-47.14,1997,NMVOCs,EPA,0.7692726384,0,2.0330776872,Refineries,75
6155,-22.73,-47.14,1998,NMVOCs,EPA,0.9071095824,0,2.3973610392,Refineries,75
6156,-22.73,-47.14,1999,NMVOCs,EPA,0.85978746,0,2.27229543,Refineries,75
6157,-22.73,-47.14,2000,NMVOCs,EPA,0.9737199864,0,2.5734028212,Refineries,75
6158,-22.73,-47.14,2001,NMVOCs,EPA,0.9504166896,0,2.5118155368,Refineries,75
6159,-22.73,-47.14,2002,NMVOCs,EPA,0.956961684,0,2.529113022,Refineries,75
6160,-22.73,-47.14,2003,NMVOCs,EPA,0.8683105536,0,2.2948207488,Refineries,75
6161,-22.73,-47.14,2004,NMVOCs,EPA,1.0455808104,0,2.7633207132,Refineries,75
6162,-22.73,-47.14,2005,NMVOCs,EPA,0.9772848792,0,2.5828243236,Refineries,75
6163,-22.73,-47.14,2006,NMVOCs,EPA,1.0265455872,0,2.7130133376,Refineries,75
6164,-22.73,-47.14,2007,NMVOCs,EPA,1.0345761216,0,2.7342368928,Refineries,75
6165,-22.73,-47.14,2008,NMVOCs,EPA,0.9662917824,0,2.5537711392,Refineries,75
6166,-22.73,-47.14,2009,NMVOCs,EPA,1.0122399,0,2.67520545,Refineries,75
6167,-22.73,-47.14,2010,NMVOCs,EPA,0.9424990008,0,2.4908902164,Refineries,75
6168,-22.73,-47.14,2011,NMVOCs,EPA,1.1093731488,0,2.9319147504,Refineries,75
6169,-22.73,-47.14,2012,NMVOCs,EPA,1.1588962896,0,3.0627973368,Refineries,75
6170,-22.73,-47.14,2013,NMVOCs,EPA,1.2468942864,0,3.2953634712,Refineries,75
6171,-22.73,-47.14,2014,NMVOCs,EPA,1.2100200336,0,3.1979100888,Refineries,75
6172,-22.73,-47.14,2015,NMVOCs,EPA,1.1539940328,0,3.0498413724,Refineries,75
6173,-22.73,-47.14,2016,NMVOCs,EPA,0.984692016,0,2.602400328,Refineries,75
6174,-22.73,-47.14,2017,NMVOCs,EPA,0.9556027488,0,2.5255215504,Refineries,75
6175,-22.73,-47.14,2018,NMVOCs,EPA,0.8428795704,0,2.2276102932,Refineries,75
6176,-22.73,-47.14,2019,NMVOCs,EPA,0.9655806888,0,2.5518918204,Refineries,75
6177,-22.73,-47.14,2020,NMVOCs,EPA,0.9046577736,0,2.3908812588,Refineries,75
6178,-22.73,-47.14,2021,NMVOCs,EPA,1.0466299872,0,2.7660935376,Refineries,75
6179,-22.73,-47.14,2022,NMVOCs,EPA,1.1086008192,0,2.9298735936,Refineries,75
6180,-22.73,-47.14,2023,NMVOCs,EPA,0.1906636032,0,0.5038966656,Refineries,75
6181,-23.19,-45.82,1990,NMVOCs,EPA,0.5258202768,0,1.3896678744,Refineries,75
6182,-23.19,-45.82,1991,NMVOCs,EPA,0.4571906976,0,1.2082897008,Refineries,75
6183,-23.19,-45.82,1992,NMVOCs,EPA,0.5288596992,0,1.3977006336,Refineries,75
6184,-23.19,-45.82,1993,NMVOCs,EPA,0.4668619536,0,1.2338494488,Refineries,75
6185,-23.19,-45.82,1994,NMVOCs,EPA,0.583872408,0,1.543091364,Refineries,75
6186,-23.19,-45.82,1995,NMVOCs,EPA,0.517366836,0,1.367326638,Refineries,75
6187,-23.19,-45.82,1996,NMVOCs,EPA,0.4986454536,0,1.3178486988,Refineries,75
6188,-23.19,-45.82,1997,NMVOCs,EPA,0.5510266776,0,1.4562847908,Refineries,75
6189,-23.19,-45.82,1998,NMVOCs,EPA,0.611519328,0,1.616158224,Refineries,75
6190,-23.19,-45.82,1999,NMVOCs,EPA,0.581455476,0,1.536703758,Refineries,75
6191,-23.19,-45.82,2000,NMVOCs,EPA,0.6520050432,0,1.7231561856,Refineries,75
6192,-23.19,-45.82,2001,NMVOCs,EPA,0.6497426376,0,1.7171769708,Refineries,75
6193,-23.19,-45.82,2002,NMVOCs,EPA,0.5803468776,0,1.5337738908,Refineries,75
6194,-23.19,-45.82,2003,NMVOCs,EPA,0.6399929592,0,1.6914099636,Refineries,75
6195,-23.19,-45.82,2004,NMVOCs,EPA,0.7055376552,0,1.8646352316,Refineries,75
6196,-23.19,-45.82,2005,NMVOCs,EPA,0.7101625608,0,1.8768581964,Refineries,75
6197,-23.19,-45.82,2006,NMVOCs,EPA,0.6326676216,0,1.6720501428,Refineries,75
6198,-23.19,-45.82,2007,NMVOCs,EPA,0.7028448336,0,1.8575184888,Refineries,75
6199,-23.19,-45.82,2008,NMVOCs,EPA,0.6146945784,0,1.6245499572,Refineries,75
6200,-23.19,-45.82,2009,NMVOCs,EPA,0.7155246168,0,1.8910293444,Refineries,75
6201,-23.19,-45.82,2010,NMVOCs,EPA,0.7098891912,0,1.8761357196,Refineries,75
6202,-23.19,-45.82,2011,NMVOCs,EPA,0.7065854208,0,1.8674043264,Refineries,75
6203,-23.19,-45.82,2012,NMVOCs,EPA,0.7149485952,0,1.8895070016,Refineries,75
6204,-23.19,-45.82,2013,NMVOCs,EPA,0.6750705528,0,1.7841150324,Refineries,75
6205,-23.19,-45.82,2014,NMVOCs,EPA,0.7534697688,0,1.9913129604,Refineries,75
6206,-23.19,-45.82,2015,NMVOCs,EPA,0.715286124,0,1.890399042,Refineries,75
6207,-23.19,-45.82,2016,NMVOCs,EPA,0.63960876,0,1.69039458,Refineries,75
6208,-23.19,-45.82,2017,NMVOCs,EPA,0.6123889296,0,1.6184564568,Refineries,75
6209,-23.19,-45.82,2018,NMVOCs,EPA,0.6260459184,0,1.6545499272,Refineries,75
6210,-23.19,-45.82,2019,NMVOCs,EPA,0.5466128472,0,1.4446196676,Refineries,75
6211,-23.19,-45.82,2020,NMVOCs,EPA,0.6420157128,0,1.6967558124,Refineries,75
6212,-23.19,-45.82,2021,NMVOCs,EPA,0.6775674192,0,1.7907138936,Refineries,75
6213,-23.19,-45.82,2022,NMVOCs,EPA,0.6741105336,0,1.7815778388,Refineries,75
6214,-23.19,-45.82,2023,NMVOCs,EPA,0.0888124104,0,0.2347185132,Refineries,75
6215,-32.04,-52.09,1990,NMVOCs,EPA,0.0290226384,0,0.0767026872,Refineries,75
6216,-32.04,-52.09,1991,NMVOCs,EPA,0.0275564016,0,0.0728276328,Refineries,75
6217,-32.04,-52.09,1992,NMVOCs,EPA,0.0275416344,0,0.0727886052,Refineries,75
6218,-32.04,-52.09,1993,NMVOCs,EPA,0.0284833584,0,0.0752774472,Refineries,75
6219,-32.04,-52.09,1994,NMVOCs,EPA,0.027372744,0,0.072342252,Refineries,75
6220,-32.04,-52.09,1995,NMVOCs,EPA,0.0275726808,0,0.0728706564,Refineries,75
6221,-32.04,-52.09,1996,NMVOCs,EPA,0.0279298656,0,0.0738146448,Refineries,75
6222,-32.04,-52.09,1997,NMVOCs,EPA,0.0281144304,0,0.0743024232,Refineries,75
6223,-32.04,-52.09,1998,NMVOCs,EPA,0.0292432392,0,0.0772857036,Refineries,75
6224,-32.04,-52.09,1999,NMVOCs,EPA,0.0351886752,0,0.0929986416,Refineries,75
6225,-32.04,-52.09,2000,NMVOCs,EPA,0.0378691992,0,0.1000828836,Refineries,75
6226,-32.04,-52.09,2001,NMVOCs,EPA,0.038040408,0,0.100535364,Refineries,75
6227,-32.04,-52.09,2002,NMVOCs,EPA,0.0358844472,0,0.0948374676,Refineries,75
6228,-32.04,-52.09,2003,NMVOCs,EPA,0.0405216504,0,0.1070929332,Refineries,75
6229,-32.04,-52.09,2004,NMVOCs,EPA,0.0330940008,0,0.0874627164,Refineries,75
6230,-32.04,-52.09,2005,NMVOCs,EPA,0.013358772,0,0.035305326,Refineries,75
6231,-32.04,-52.09,2006,NMVOCs,EPA,0.0209340432,0,0.0553256856,Refineries,75
6232,-32.04,-52.09,2007,NMVOCs,EPA,0.0387585576,0,0.1024333308,Refineries,75
6233,-32.04,-52.09,2008,NMVOCs,EPA,0.0229803336,0,0.0607337388,Refineries,75
6234,-32.04,-52.09,2009,NMVOCs,EPA,0.0400789872,0,0.1059230376,Refineries,75
6235,-32.04,-52.09,2010,NMVOCs,EPA,0.0413735616,0,0.1093444128,Refineries,75
6236,-32.04,-52.09,2011,NMVOCs,EPA,0.044223984,0,0.116877672,Refineries,75
6237,-32.04,-52.09,2012,NMVOCs,EPA,0.0470939616,0,0.1244626128,Refineries,75
6238,-32.04,-52.09,2013,NMVOCs,EPA,0.0459343584,0,0.1213979472,Refineries,75
6239,-32.04,-52.09,2014,NMVOCs,EPA,0.039268908,0,0.103782114,Refineries,75
6240,-32.04,-52.09,2015,NMVOCs,EPA,0.0287203392,0,0.0759037536,Refineries,75
6241,-32.04,-52.09,2016,NMVOCs,EPA,0.0407996064,0,0.1078275312,Refineries,75
6242,-32.04,-52.09,2017,NMVOCs,EPA,0.042642684,0,0.112698522,Refineries,75
6243,-32.04,-52.09,2018,NMVOCs,EPA,0.0421469496,0,0.1113883668,Refineries,75
6244,-32.04,-52.09,2019,NMVOCs,EPA,0.045216108,0,0.119499714,Refineries,75
6245,-32.04,-52.09,2020,NMVOCs,EPA,0.0352971864,0,0.0932854212,Refineries,75
6246,-32.04,-52.09,2021,NMVOCs,EPA,0.0329168448,0,0.0869945184,Refineries,75
6247,-32.04,-52.09,2022,NMVOCs,EPA,0.034887132,0,0.092201706,Refineries,75
6248,-32.04,-52.09,2023,NMVOCs,EPA,0.0073063368,0,0.0193096044,Refineries,75
6249,-23.87,-46.44,1990,NMVOCs,EPA,0.29544732,0,0.78082506,Refineries,75
6250,-23.87,-46.44,1991,NMVOCs,EPA,0.3123892296,0,0.8256001068,Refineries,75
6251,-23.87,-46.44,1992,NMVOCs,EPA,0.3140125632,0,0.8298903456,Refineries,75
6252,-23.87,-46.44,1993,NMVOCs,EPA,0.3078995472,0,0.8137345176,Refineries,75
6253,-23.87,-46.44,1994,NMVOCs,EPA,0.3503992464,0,0.9260551512,Refineries,75
6254,-23.87,-46.44,1995,NMVOCs,EPA,0.3894968952,0,1.0293846516,Refineries,75
6255,-23.87,-46.44,1996,NMVOCs,EPA,0.3823864632,0,1.0105927956,Refineries,75
6256,-23.87,-46.44,1997,NMVOCs,EPA,0.4173670872,0,1.1030415876,Refineries,75
6257,-23.87,-46.44,1998,NMVOCs,EPA,0.4089741768,0,1.0808603244,Refineries,75
6258,-23.87,-46.44,1999,NMVOCs,EPA,0.4599344736,0,1.2155411088,Refineries,75
6259,-23.87,-46.44,2000,NMVOCs,EPA,0.463134168,0,1.223997444,Refineries,75
6260,-23.87,-46.44,2001,NMVOCs,EPA,0.4520154744,0,1.1946123252,Refineries,75
6261,-23.87,-46.44,2002,NMVOCs,EPA,0.446979204,0,1.181302182,Refineries,75
6262,-23.87,-46.44,2003,NMVOCs,EPA,0.4801564656,0,1.2689849448,Refineries,75
6263,-23.87,-46.44,2004,NMVOCs,EPA,0.4540539024,0,1.1999995992,Refineries,75
6264,-23.87,-46.44,2005,NMVOCs,EPA,0.463106448,0,1.223924184,Refineries,75
6265,-23.87,-46.44,2006,NMVOCs,EPA,0.4791013416,0,1.2661964028,Refineries,75
6266,-23.87,-46.44,2007,NMVOCs,EPA,0.4495317624,0,1.1880482292,Refineries,75
6267,-23.87,-46.44,2008,NMVOCs,EPA,0.494061876,0,1.305734958,Refineries,75
6268,-23.87,-46.44,2009,NMVOCs,EPA,0.4854017448,0,1.2828474684,Refineries,75
6269,-23.87,-46.44,2010,NMVOCs,EPA,0.4695019056,0,1.2408264648,Refineries,75
6270,-23.87,-46.44,2011,NMVOCs,EPA,0.443830716,0,1.172981178,Refineries,75
6271,-23.87,-46.44,2012,NMVOCs,EPA,0.459719568,0,1.214973144,Refineries,75
6272,-23.87,-46.44,2013,NMVOCs,EPA,0.5140750104,0,1.3586268132,Refineries,75
6273,-23.87,-46.44,2014,NMVOCs,EPA,0.51877728,0,1.37105424,Refineries,75
6274,-23.87,-46.44,2015,NMVOCs,EPA,0.4604393304,0,1.2168753732,Refineries,75
6275,-23.87,-46.44,2016,NMVOCs,EPA,0.4176844056,0,1.1038802148,Refineries,75
6276,-23.87,-46.44,2017,NMVOCs,EPA,0.423205776,0,1.118472408,Refineries,75
6277,-23.87,-46.44,2018,NMVOCs,EPA,0.419084568,0,1.107580644,Refineries,75
6278,-23.87,-46.44,2019,NMVOCs,EPA,0.38974194,0,1.03003227,Refineries,75
6279,-23.87,-46.44,2020,NMVOCs,EPA,0.4206742344,0,1.1117819052,Refineries,75
6280,-23.87,-46.44,2021,NMVOCs,EPA,0.4382689248,0,1.1582821584,Refineries,75
6281,-23.87,-46.44,2022,NMVOCs,EPA,0.509600196,0,1.346800518,Refineries,75
6282,-23.87,-46.44,2023,NMVOCs,EPA,0.0755721792,0,0.1997264736,Refineries,75
6283,-8.38,-35.01,1990,NMVOCs,EPA,0,0,0,Refineries,75
6284,-8.38,-35.01,1991,NMVOCs,EPA,0,0,0,Refineries,75
6285,-8.38,-35.01,1992,NMVOCs,EPA,0,0,0,Refineries,75
6286,-8.38,-35.01,1993,NMVOCs,EPA,0,0,0,Refineries,75
6287,-8.38,-35.01,1994,NMVOCs,EPA,0,0,0,Refineries,75
6288,-8.38,-35.01,1995,NMVOCs,EPA,0,0,0,Refineries,75
6289,-8.38,-35.01,1996,NMVOCs,EPA,0,0,0,Refineries,75
6290,-8.38,-35.01,1997,NMVOCs,EPA,0,0,0,Refineries,75
6291,-8.38,-35.01,1998,NMVOCs,EPA,0,0,0,Refineries,75
6292,-8.38,-35.01,1999,NMVOCs,EPA,0,0,0,Refineries,75
6293,-8.38,-35.01,2000,NMVOCs,EPA,0,0,0,Refineries,75
6294,-8.38,-35.01,2001,NMVOCs,EPA,0,0,0,Refineries,75
6295,-8.38,-35.01,2002,NMVOCs,EPA,0,0,0,Refineries,75
6296,-8.38,-35.01,2003,NMVOCs,EPA,0,0,0,Refineries,75
6297,-8.38,-35.01,2004,NMVOCs,EPA,0,0,0,Refineries,75
6298,-8.38,-35.01,2005,NMVOCs,EPA,0,0,0,Refineries,75
6299,-8.38,-35.01,2006,NMVOCs,EPA,0,0,0,Refineries,75
6300,-8.38,-35.01,2007,NMVOCs,EPA,0,0,0,Refineries,75
6301,-8.38,-35.01,2008,NMVOCs,EPA,0,0,0,Refineries,75
6302,-8.38,-35.01,2009,NMVOCs,EPA,0,0,0,Refineries,75
6303,-8.38,-35.01,2010,NMVOCs,EPA,0,0,0,Refineries,75
6304,-8.38,-35.01,2011,NMVOCs,EPA,0,0,0,Refineries,75
6305,-8.38,-35.01,2012,NMVOCs,EPA,0,0,0,Refineries,75
6306,-8.38,-35.01,2013,NMVOCs,EPA,0,0,0,Refineries,75
6307,-8.38,-35.01,2014,NMVOCs,EPA,0.0102528216,0,0.0270967428,Refineries,75
6308,-8.38,-35.01,2015,NMVOCs,EPA,0.1853035128,0,0.4897307124,Refineries,75
6309,-8.38,-35.01,2016,NMVOCs,EPA,0.2509926048,0,0.6633375984,Refineries,75
6310,-8.38,-35.01,2017,NMVOCs,EPA,0.2205703584,0,0.5829359472,Refineries,75
6311,-8.38,-35.01,2018,NMVOCs,EPA,0.2304101016,0,0.6089409828,Refineries,75
6312,-8.38,-35.01,2019,NMVOCs,EPA,0.2434865328,0,0.6435001224,Refineries,75
6313,-8.38,-35.01,2020,NMVOCs,EPA,0.2977226784,0,0.7868385072,Refineries,75
6314,-8.38,-35.01,2021,NMVOCs,EPA,0.2032168824,0,0.5370731892,Refineries,75
6315,-8.38,-35.01,2022,NMVOCs,EPA,0.2137480128,0,0.5649054624,Refineries,75
6316,-8.38,-35.01,2023,NMVOCs,EPA,0.0375793992,0,0.0993169836,Refineries,75
6317,-21.37,-50.28,2000,NMVOCs,EPA,0,0,0,Refineries,75
6318,-21.37,-50.28,2001,NMVOCs,EPA,0,0,0,Refineries,75
6319,-21.37,-50.28,2002,NMVOCs,EPA,0,0,0,Refineries,75
6320,-21.37,-50.28,2003,NMVOCs,EPA,0,0,0,Refineries,75
6321,-21.37,-50.28,2004,NMVOCs,EPA,0,0,0,Refineries,75
6322,-21.37,-50.28,2005,NMVOCs,EPA,0,0,0,Refineries,75
6323,-21.37,-50.28,2006,NMVOCs,EPA,0,0,0,Refineries,75
6324,-21.37,-50.28,2007,NMVOCs,EPA,0,0,0,Refineries,75
6325,-21.37,-50.28,2008,NMVOCs,EPA,0,0,0,Refineries,75
6326,-21.37,-50.28,2009,NMVOCs,EPA,0,0,0,Refineries,75
6327,-21.37,-50.28,2010,NMVOCs,EPA,0,0,0,Refineries,75
6328,-21.37,-50.28,2011,NMVOCs,EPA,0,0,0,Refineries,75
6329,-21.37,-50.28,2012,NMVOCs,EPA,0,0,0,Refineries,75
6330,-21.37,-50.28,2013,NMVOCs,EPA,0,0,0,Refineries,75
6331,-21.37,-50.28,2014,NMVOCs,EPA,0,0,0,Refineries,75
6332,-21.37,-50.28,2015,NMVOCs,EPA,0,0,0,Refineries,75
6333,-21.37,-50.28,2016,NMVOCs,EPA,0,0,0,Refineries,75
6334,-21.37,-50.28,2017,NMVOCs,EPA,0,0,0,Refineries,75
6335,-21.37,-50.28,2018,NMVOCs,EPA,0,0,0,Refineries,75
6336,-21.37,-50.28,2019,NMVOCs,EPA,0,0,0,Refineries,75
6337,-21.37,-50.28,2020,NMVOCs,EPA,0,0,0,Refineries,75
6338,-21.37,-50.28,2021,NMVOCs,EPA,0,0,0,Refineries,75
6339,-21.37,-50.28,2022,NMVOCs,EPA,0.0005276376,0,0.0013944708,Refineries,75
6340,-21.37,-50.28,2023,NMVOCs,EPA,1.8144e-05,0,4.7952e-05,Refineries,75
6341,-22.72,-43.27,1990,TSP,EPA,0.272589084,0.272589084,0.272589084,Refineries,75
6342,-22.72,-43.27,1991,TSP,EPA,0.28269621,0.28269621,0.28269621,Refineries,75
6343,-22.72,-43.27,1992,TSP,EPA,0.29785158,0.29785158,0.29785158,Refineries,75
6344,-22.72,-43.27,1993,TSP,EPA,0.268270515,0.268270515,0.268270515,Refineries,75
6345,-22.72,-43.27,1994,TSP,EPA,0.254275713,0.254275713,0.254275713,Refineries,75
6346,-22.72,-43.27,1995,TSP,EPA,0.22033701,0.22033701,0.22033701,Refineries,75
6347,-22.72,-43.27,1996,TSP,EPA,0.308833749,0.308833749,0.308833749,Refineries,75
6348,-22.72,-43.27,1997,TSP,EPA,0.266309505,0.266309505,0.266309505,Refineries,75
6349,-22.72,-43.27,1998,TSP,EPA,0.325188243,0.325188243,0.325188243,Refineries,75
6350,-22.72,-43.27,1999,TSP,EPA,0.329166639,0.329166639,0.329166639,Refineries,75
6351,-22.72,-43.27,2000,TSP,EPA,0.292169619,0.292169619,0.292169619,Refineries,75
6352,-22.72,-43.27,2001,TSP,EPA,0.301269618,0.301269618,0.301269618,Refineries,75
6353,-22.72,-43.27,2002,TSP,EPA,0.303483321,0.303483321,0.303483321,Refineries,75
6354,-22.72,-43.27,2003,TSP,EPA,0.30839859,0.30839859,0.30839859,Refineries,75
6355,-22.72,-43.27,2004,TSP,EPA,0.343602945,0.343602945,0.343602945,Refineries,75
6356,-22.72,-43.27,2005,TSP,EPA,0.335448378,0.335448378,0.335448378,Refineries,75
6357,-22.72,-43.27,2006,TSP,EPA,0.34404453,0.34404453,0.34404453,Refineries,75
6358,-22.72,-43.27,2007,TSP,EPA,0.330005205,0.330005205,0.330005205,Refineries,75
6359,-22.72,-43.27,2008,TSP,EPA,0.349594488,0.349594488,0.349594488,Refineries,75
6360,-22.72,-43.27,2009,TSP,EPA,0.327866454,0.327866454,0.327866454,Refineries,75
6361,-22.72,-43.27,2010,TSP,EPA,0.347638932,0.347638932,0.347638932,Refineries,75
6362,-22.72,-43.27,2011,TSP,EPA,0.340754283,0.340754283,0.340754283,Refineries,75
6363,-22.72,-43.27,2012,TSP,EPA,0.357111585,0.357111585,0.357111585,Refineries,75
6364,-22.72,-43.27,2013,TSP,EPA,0.381864645,0.381864645,0.381864645,Refineries,75
6365,-22.72,-43.27,2014,TSP,EPA,0.372953565,0.372953565,0.372953565,Refineries,75
6366,-22.72,-43.27,2015,TSP,EPA,0.314739864,0.314739864,0.314739864,Refineries,75
6367,-22.72,-43.27,2016,TSP,EPA,0.306196227,0.306196227,0.306196227,Refineries,75
6368,-22.72,-43.27,2017,TSP,EPA,0.281539692,0.281539692,0.281539692,Refineries,75
6369,-22.72,-43.27,2018,TSP,EPA,0.301433184,0.301433184,0.301433184,Refineries,75
6370,-22.72,-43.27,2019,TSP,EPA,0.301129866,0.301129866,0.301129866,Refineries,75
6371,-22.72,-43.27,2020,TSP,EPA,0.286067241,0.286067241,0.286067241,Refineries,75
6372,-22.72,-43.27,2021,TSP,EPA,0.295917381,0.295917381,0.295917381,Refineries,75
6373,-22.72,-43.27,2022,TSP,EPA,0.325167048,0.325167048,0.325167048,Refineries,75
6374,-22.72,-43.27,2023,TSP,EPA,0.058284711,0.058284711,0.058284711,Refineries,75
6375,-29.87,-51.17,1990,TSP,EPA,0.102279267,0.102279267,0.102279267,Refineries,75
6376,-29.87,-51.17,1991,TSP,EPA,0.088884216,0.088884216,0.088884216,Refineries,75
6377,-29.87,-51.17,1992,TSP,EPA,0.106082541,0.106082541,0.106082541,Refineries,75
6378,-29.87,-51.17,1993,TSP,EPA,0.118669212,0.118669212,0.118669212,Refineries,75
6379,-29.87,-51.17,1994,TSP,EPA,0.160308099,0.160308099,0.160308099,Refineries,75
6380,-29.87,-51.17,1995,TSP,EPA,0.153034461,0.153034461,0.153034461,Refineries,75
6381,-29.87,-51.17,1996,TSP,EPA,0.18011376,0.18011376,0.18011376,Refineries,75
6382,-29.87,-51.17,1997,TSP,EPA,0.16106067,0.16106067,0.16106067,Refineries,75
6383,-29.87,-51.17,1998,TSP,EPA,0.177425937,0.177425937,0.177425937,Refineries,75
6384,-29.87,-51.17,1999,TSP,EPA,0.186012315,0.186012315,0.186012315,Refineries,75
6385,-29.87,-51.17,2000,TSP,EPA,0.192957147,0.192957147,0.192957147,Refineries,75
6386,-29.87,-51.17,2001,TSP,EPA,0.180337563,0.180337563,0.180337563,Refineries,75
6387,-29.87,-51.17,2002,TSP,EPA,0.170548524,0.170548524,0.170548524,Refineries,75
6388,-29.87,-51.17,2003,TSP,EPA,0.164695734,0.164695734,0.164695734,Refineries,75
6389,-29.87,-51.17,2004,TSP,EPA,0.162654129,0.162654129,0.162654129,Refineries,75
6390,-29.87,-51.17,2005,TSP,EPA,0.187409592,0.187409592,0.187409592,Refineries,75
6391,-29.87,-51.17,2006,TSP,EPA,0.1835028,0.1835028,0.1835028,Refineries,75
6392,-29.87,-51.17,2007,TSP,EPA,0.233668152,0.233668152,0.233668152,Refineries,75
6393,-29.87,-51.17,2008,TSP,EPA,0.229161771,0.229161771,0.229161771,Refineries,75
6394,-29.87,-51.17,2009,TSP,EPA,0.262195029,0.262195029,0.262195029,Refineries,75
6395,-29.87,-51.17,2010,TSP,EPA,0.233914797,0.233914797,0.233914797,Refineries,75
6396,-29.87,-51.17,2011,TSP,EPA,0.234653436,0.234653436,0.234653436,Refineries,75
6397,-29.87,-51.17,2012,TSP,EPA,0.246236868,0.246236868,0.246236868,Refineries,75
6398,-29.87,-51.17,2013,TSP,EPA,0.311033061,0.311033061,0.311033061,Refineries,75
6399,-29.87,-51.17,2014,TSP,EPA,0.301958334,0.301958334,0.301958334,Refineries,75
6400,-29.87,-51.17,2015,TSP,EPA,0.275367357,0.275367357,0.275367357,Refineries,75
6401,-29.87,-51.17,2016,TSP,EPA,0.238554261,0.238554261,0.238554261,Refineries,75
6402,-29.87,-51.17,2017,TSP,EPA,0.218710989,0.218710989,0.218710989,Refineries,75
6403,-29.87,-51.17,2018,TSP,EPA,0.216248697,0.216248697,0.216248697,Refineries,75
6404,-29.87,-51.17,2019,TSP,EPA,0.225121491,0.225121491,0.225121491,Refineries,75
6405,-29.87,-51.17,2020,TSP,EPA,0.212960556,0.212960556,0.212960556,Refineries,75
6406,-29.87,-51.17,2021,TSP,EPA,0.237987585,0.237987585,0.237987585,Refineries,75
6407,-29.87,-51.17,2022,TSP,EPA,0.258819624,0.258819624,0.258819624,Refineries,75
6408,-29.87,-51.17,2023,TSP,EPA,0.021258801,0.021258801,0.021258801,Refineries,75
6409,-19.97,-44.1,1990,TSP,EPA,0.199875465,0.199875465,0.199875465,Refineries,75
6410,-19.97,-44.1,1991,TSP,EPA,0.205831638,0.205831638,0.205831638,Refineries,75
6411,-19.97,-44.1,1992,TSP,EPA,0.199769598,0.199769598,0.199769598,Refineries,75
6412,-19.97,-44.1,1993,TSP,EPA,0.205743132,0.205743132,0.205743132,Refineries,75
6413,-19.97,-44.1,1994,TSP,EPA,0.201253599,0.201253599,0.201253599,Refineries,75
6414,-19.97,-44.1,1995,TSP,EPA,0.203478993,0.203478993,0.203478993,Refineries,75
6415,-19.97,-44.1,1996,TSP,EPA,0.178421859,0.178421859,0.178421859,Refineries,75
6416,-19.97,-44.1,1997,TSP,EPA,0.205191063,0.205191063,0.205191063,Refineries,75
6417,-19.97,-44.1,1998,TSP,EPA,0.189586062,0.189586062,0.189586062,Refineries,75
6418,-19.97,-44.1,1999,TSP,EPA,0.209943549,0.209943549,0.209943549,Refineries,75
6419,-19.97,-44.1,2000,TSP,EPA,0.204528645,0.204528645,0.204528645,Refineries,75
6420,-19.97,-44.1,2001,TSP,EPA,0.207908316,0.207908316,0.207908316,Refineries,75
6421,-19.97,-44.1,2002,TSP,EPA,0.195949935,0.195949935,0.195949935,Refineries,75
6422,-19.97,-44.1,2003,TSP,EPA,0.201941667,0.201941667,0.201941667,Refineries,75
6423,-19.97,-44.1,2004,TSP,EPA,0.209785275,0.209785275,0.209785275,Refineries,75
6424,-19.97,-44.1,2005,TSP,EPA,0.208717128,0.208717128,0.208717128,Refineries,75
6425,-19.97,-44.1,2006,TSP,EPA,0.216816777,0.216816777,0.216816777,Refineries,75
6426,-19.97,-44.1,2007,TSP,EPA,0.209573001,0.209573001,0.209573001,Refineries,75
6427,-19.97,-44.1,2008,TSP,EPA,0.230668668,0.230668668,0.230668668,Refineries,75
6428,-19.97,-44.1,2009,TSP,EPA,0.225251253,0.225251253,0.225251253,Refineries,75
6429,-19.97,-44.1,2010,TSP,EPA,0.230797863,0.230797863,0.230797863,Refineries,75
6430,-19.97,-44.1,2011,TSP,EPA,0.208907208,0.208907208,0.208907208,Refineries,75
6431,-19.97,-44.1,2012,TSP,EPA,0.231107445,0.231107445,0.231107445,Refineries,75
6432,-19.97,-44.1,2013,TSP,EPA,0.234398853,0.234398853,0.234398853,Refineries,75
6433,-19.97,-44.1,2014,TSP,EPA,0.248598828,0.248598828,0.248598828,Refineries,75
6434,-19.97,-44.1,2015,TSP,EPA,0.239134167,0.239134167,0.239134167,Refineries,75
6435,-19.97,-44.1,2016,TSP,EPA,0.235696176,0.235696176,0.235696176,Refineries,75
6436,-19.97,-44.1,2017,TSP,EPA,0.221448276,0.221448276,0.221448276,Refineries,75
6437,-19.97,-44.1,2018,TSP,EPA,0.224621937,0.224621937,0.224621937,Refineries,75
6438,-19.97,-44.1,2019,TSP,EPA,0.217323459,0.217323459,0.217323459,Refineries,75
6439,-19.97,-44.1,2020,TSP,EPA,0.195877197,0.195877197,0.195877197,Refineries,75
6440,-19.97,-44.1,2021,TSP,EPA,0.215300133,0.215300133,0.215300133,Refineries,75
6441,-19.97,-44.1,2022,TSP,EPA,0.233082819,0.233082819,0.233082819,Refineries,75
6442,-19.97,-44.1,2023,TSP,EPA,0.037781505,0.037781505,0.037781505,Refineries,75
6443,-25.57,-49.36,1990,TSP,EPA,0.21475557,0.21475557,0.21475557,Refineries,75
6444,-25.57,-49.36,1991,TSP,EPA,0.212454981,0.212454981,0.212454981,Refineries,75
6445,-25.57,-49.36,1992,TSP,EPA,0.198911268,0.198911268,0.198911268,Refineries,75
6446,-25.57,-49.36,1993,TSP,EPA,0.234516006,0.234516006,0.234516006,Refineries,75
6447,-25.57,-49.36,1994,TSP,EPA,0.257516037,0.257516037,0.257516037,Refineries,75
6448,-25.57,-49.36,1995,TSP,EPA,0.216610227,0.216610227,0.216610227,Refineries,75
6449,-25.57,-49.36,1996,TSP,EPA,0.253234161,0.253234161,0.253234161,Refineries,75
6450,-25.57,-49.36,1997,TSP,EPA,0.259157691,0.259157691,0.259157691,Refineries,75
6451,-25.57,-49.36,1998,TSP,EPA,0.250582599,0.250582599,0.250582599,Refineries,75
6452,-25.57,-49.36,1999,TSP,EPA,0.296995059,0.296995059,0.296995059,Refineries,75
6453,-25.57,-49.36,2000,TSP,EPA,0.296386344,0.296386344,0.296386344,Refineries,75
6454,-25.57,-49.36,2001,TSP,EPA,0.299481354,0.299481354,0.299481354,Refineries,75
6455,-25.57,-49.36,2002,TSP,EPA,0.307179297,0.307179297,0.307179297,Refineries,75
6456,-25.57,-49.36,2003,TSP,EPA,0.299752893,0.299752893,0.299752893,Refineries,75
6457,-25.57,-49.36,2004,TSP,EPA,0.260813466,0.260813466,0.260813466,Refineries,75
6458,-25.57,-49.36,2005,TSP,EPA,0.297571077,0.297571077,0.297571077,Refineries,75
6459,-25.57,-49.36,2006,TSP,EPA,0.289004463,0.289004463,0.289004463,Refineries,75
6460,-25.57,-49.36,2007,TSP,EPA,0.265526397,0.265526397,0.265526397,Refineries,75
6461,-25.57,-49.36,2008,TSP,EPA,0.291221892,0.291221892,0.291221892,Refineries,75
6462,-25.57,-49.36,2009,TSP,EPA,0.295915653,0.295915653,0.295915653,Refineries,75
6463,-25.57,-49.36,2010,TSP,EPA,0.26872749,0.26872749,0.26872749,Refineries,75
6464,-25.57,-49.36,2011,TSP,EPA,0.304665003,0.304665003,0.304665003,Refineries,75
6465,-25.57,-49.36,2012,TSP,EPA,0.313263855,0.313263855,0.313263855,Refineries,75
6466,-25.57,-49.36,2013,TSP,EPA,0.305668107,0.305668107,0.305668107,Refineries,75
6467,-25.57,-49.36,2014,TSP,EPA,0.320322951,0.320322951,0.320322951,Refineries,75
6468,-25.57,-49.36,2015,TSP,EPA,0.311013135,0.311013135,0.311013135,Refineries,75
6469,-25.57,-49.36,2016,TSP,EPA,0.26617896,0.26617896,0.26617896,Refineries,75
6470,-25.57,-49.36,2017,TSP,EPA,0.254835558,0.254835558,0.254835558,Refineries,75
6471,-25.57,-49.36,2018,TSP,EPA,0.271149525,0.271149525,0.271149525,Refineries,75
6472,-25.57,-49.36,2019,TSP,EPA,0.264193407,0.264193407,0.264193407,Refineries,75
6473,-25.57,-49.36,2020,TSP,EPA,0.281641752,0.281641752,0.281641752,Refineries,75
6474,-25.57,-49.36,2021,TSP,EPA,0.285556158,0.285556158,0.285556158,Refineries,75
6475,-25.57,-49.36,2022,TSP,EPA,0.253243179,0.253243179,0.253243179,Refineries,75
6476,-25.57,-49.36,2023,TSP,EPA,0.046957185,0.046957185,0.046957185,Refineries,75
6477,-22.73,-47.14,1990,TSP,EPA,0.32852223,0.32852223,0.32852223,Refineries,75
6478,-22.73,-47.14,1991,TSP,EPA,0.338806719,0.338806719,0.338806719,Refineries,75
6479,-22.73,-47.14,1992,TSP,EPA,0.317575755,0.317575755,0.317575755,Refineries,75
6480,-22.73,-47.14,1993,TSP,EPA,0.332238834,0.332238834,0.332238834,Refineries,75
6481,-22.73,-47.14,1994,TSP,EPA,0.34688628,0.34688628,0.34688628,Refineries,75
6482,-22.73,-47.14,1995,TSP,EPA,0.381869208,0.381869208,0.381869208,Refineries,75
6483,-22.73,-47.14,1996,TSP,EPA,0.388832751,0.388832751,0.388832751,Refineries,75
6484,-22.73,-47.14,1997,TSP,EPA,0.412110342,0.412110342,0.412110342,Refineries,75
6485,-22.73,-47.14,1998,TSP,EPA,0.485951562,0.485951562,0.485951562,Refineries,75
6486,-22.73,-47.14,1999,TSP,EPA,0.460600425,0.460600425,0.460600425,Refineries,75
6487,-22.73,-47.14,2000,TSP,EPA,0.521635707,0.521635707,0.521635707,Refineries,75
6488,-22.73,-47.14,2001,TSP,EPA,0.509151798,0.509151798,0.509151798,Refineries,75
6489,-22.73,-47.14,2002,TSP,EPA,0.512658045,0.512658045,0.512658045,Refineries,75
6490,-22.73,-47.14,2003,TSP,EPA,0.465166368,0.465166368,0.465166368,Refineries,75
6491,-22.73,-47.14,2004,TSP,EPA,0.560132577,0.560132577,0.560132577,Refineries,75
6492,-22.73,-47.14,2005,TSP,EPA,0.523545471,0.523545471,0.523545471,Refineries,75
6493,-22.73,-47.14,2006,TSP,EPA,0.549935136,0.549935136,0.549935136,Refineries,75
6494,-22.73,-47.14,2007,TSP,EPA,0.554237208,0.554237208,0.554237208,Refineries,75
6495,-22.73,-47.14,2008,TSP,EPA,0.517656312,0.517656312,0.517656312,Refineries,75
6496,-22.73,-47.14,2009,TSP,EPA,0.542271375,0.542271375,0.542271375,Refineries,75
6497,-22.73,-47.14,2010,TSP,EPA,0.504910179,0.504910179,0.504910179,Refineries,75
6498,-22.73,-47.14,2011,TSP,EPA,0.594307044,0.594307044,0.594307044,Refineries,75
6499,-22.73,-47.14,2012,TSP,EPA,0.620837298,0.620837298,0.620837298,Refineries,75
6500,-22.73,-47.14,2013,TSP,EPA,0.667979082,0.667979082,0.667979082,Refineries,75
6501,-22.73,-47.14,2014,TSP,EPA,0.648225018,0.648225018,0.648225018,Refineries,75
6502,-22.73,-47.14,2015,TSP,EPA,0.618211089,0.618211089,0.618211089,Refineries,75
6503,-22.73,-47.14,2016,TSP,EPA,0.52751358,0.52751358,0.52751358,Refineries,75
6504,-22.73,-47.14,2017,TSP,EPA,0.511930044,0.511930044,0.511930044,Refineries,75
6505,-22.73,-47.14,2018,TSP,EPA,0.451542627,0.451542627,0.451542627,Refineries,75
6506,-22.73,-47.14,2019,TSP,EPA,0.517275369,0.517275369,0.517275369,Refineries,75
6507,-22.73,-47.14,2020,TSP,EPA,0.484638093,0.484638093,0.484638093,Refineries,75
6508,-22.73,-47.14,2021,TSP,EPA,0.560694636,0.560694636,0.560694636,Refineries,75
6509,-22.73,-47.14,2022,TSP,EPA,0.593893296,0.593893296,0.593893296,Refineries,75
6510,-22.73,-47.14,2023,TSP,EPA,0.102141216,0.102141216,0.102141216,Refineries,75
6511,-23.19,-45.82,1990,TSP,EPA,0.281689434,0.281689434,0.281689434,Refineries,75
6512,-23.19,-45.82,1991,TSP,EPA,0.244923588,0.244923588,0.244923588,Refineries,75
6513,-23.19,-45.82,1992,TSP,EPA,0.283317696,0.283317696,0.283317696,Refineries,75
6514,-23.19,-45.82,1993,TSP,EPA,0.250104618,0.250104618,0.250104618,Refineries,75
6515,-23.19,-45.82,1994,TSP,EPA,0.31278879,0.31278879,0.31278879,Refineries,75
6516,-23.19,-45.82,1995,TSP,EPA,0.277160805,0.277160805,0.277160805,Refineries,75
6517,-23.19,-45.82,1996,TSP,EPA,0.267131493,0.267131493,0.267131493,Refineries,75
6518,-23.19,-45.82,1997,TSP,EPA,0.295192863,0.295192863,0.295192863,Refineries,75
6519,-23.19,-45.82,1998,TSP,EPA,0.32759964,0.32759964,0.32759964,Refineries,75
6520,-23.19,-45.82,1999,TSP,EPA,0.311494005,0.311494005,0.311494005,Refineries,75
6521,-23.19,-45.82,2000,TSP,EPA,0.349288416,0.349288416,0.349288416,Refineries,75
6522,-23.19,-45.82,2001,TSP,EPA,0.348076413,0.348076413,0.348076413,Refineries,75
6523,-23.19,-45.82,2002,TSP,EPA,0.310900113,0.310900113,0.310900113,Refineries,75
6524,-23.19,-45.82,2003,TSP,EPA,0.342853371,0.342853371,0.342853371,Refineries,75
6525,-23.19,-45.82,2004,TSP,EPA,0.377966601,0.377966601,0.377966601,Refineries,75
6526,-23.19,-45.82,2005,TSP,EPA,0.380444229,0.380444229,0.380444229,Refineries,75
6527,-23.19,-45.82,2006,TSP,EPA,0.338929083,0.338929083,0.338929083,Refineries,75
6528,-23.19,-45.82,2007,TSP,EPA,0.376524018,0.376524018,0.376524018,Refineries,75
6529,-23.19,-45.82,2008,TSP,EPA,0.329300667,0.329300667,0.329300667,Refineries,75
6530,-23.19,-45.82,2009,TSP,EPA,0.383316759,0.383316759,0.383316759,Refineries,75
6531,-23.19,-45.82,2010,TSP,EPA,0.380297781,0.380297781,0.380297781,Refineries,75
6532,-23.19,-45.82,2011,TSP,EPA,0.378527904,0.378527904,0.378527904,Refineries,75
6533,-23.19,-45.82,2012,TSP,EPA,0.383008176,0.383008176,0.383008176,Refineries,75
6534,-23.19,-45.82,2013,TSP,EPA,0.361644939,0.361644939,0.361644939,Refineries,75
6535,-23.19,-45.82,2014,TSP,EPA,0.403644519,0.403644519,0.403644519,Refineries,75
6536,-23.19,-45.82,2015,TSP,EPA,0.383188995,0.383188995,0.383188995,Refineries,75
6537,-23.19,-45.82,2016,TSP,EPA,0.34264755,0.34264755,0.34264755,Refineries,75
6538,-23.19,-45.82,2017,TSP,EPA,0.328065498,0.328065498,0.328065498,Refineries,75
6539,-23.19,-45.82,2018,TSP,EPA,0.335381742,0.335381742,0.335381742,Refineries,75
6540,-23.19,-45.82,2019,TSP,EPA,0.292828311,0.292828311,0.292828311,Refineries,75
6541,-23.19,-45.82,2020,TSP,EPA,0.343936989,0.343936989,0.343936989,Refineries,75
6542,-23.19,-45.82,2021,TSP,EPA,0.362982546,0.362982546,0.362982546,Refineries,75
6543,-23.19,-45.82,2022,TSP,EPA,0.361130643,0.361130643,0.361130643,Refineries,75
6544,-23.19,-45.82,2023,TSP,EPA,0.047578077,0.047578077,0.047578077,Refineries,75
6545,-23.87,-46.44,1990,TSP,EPA,0.15827535,0.15827535,0.15827535,Refineries,75
6546,-23.87,-46.44,1991,TSP,EPA,0.167351373,0.167351373,0.167351373,Refineries,75
6547,-23.87,-46.44,1992,TSP,EPA,0.168221016,0.168221016,0.168221016,Refineries,75
6548,-23.87,-46.44,1993,TSP,EPA,0.164946186,0.164946186,0.164946186,Refineries,75
6549,-23.87,-46.44,1994,TSP,EPA,0.187713882,0.187713882,0.187713882,Refineries,75
6550,-23.87,-46.44,1995,TSP,EPA,0.208659051,0.208659051,0.208659051,Refineries,75
6551,-23.87,-46.44,1996,TSP,EPA,0.204849891,0.204849891,0.204849891,Refineries,75
6552,-23.87,-46.44,1997,TSP,EPA,0.223589511,0.223589511,0.223589511,Refineries,75
6553,-23.87,-46.44,1998,TSP,EPA,0.219093309,0.219093309,0.219093309,Refineries,75
6554,-23.87,-46.44,1999,TSP,EPA,0.246393468,0.246393468,0.246393468,Refineries,75
6555,-23.87,-46.44,2000,TSP,EPA,0.24810759,0.24810759,0.24810759,Refineries,75
6556,-23.87,-46.44,2001,TSP,EPA,0.242151147,0.242151147,0.242151147,Refineries,75
6557,-23.87,-46.44,2002,TSP,EPA,0.239453145,0.239453145,0.239453145,Refineries,75
6558,-23.87,-46.44,2003,TSP,EPA,0.257226678,0.257226678,0.257226678,Refineries,75
6559,-23.87,-46.44,2004,TSP,EPA,0.243243162,0.243243162,0.243243162,Refineries,75
6560,-23.87,-46.44,2005,TSP,EPA,0.24809274,0.24809274,0.24809274,Refineries,75
6561,-23.87,-46.44,2006,TSP,EPA,0.256661433,0.256661433,0.256661433,Refineries,75
6562,-23.87,-46.44,2007,TSP,EPA,0.240820587,0.240820587,0.240820587,Refineries,75
6563,-23.87,-46.44,2008,TSP,EPA,0.264676005,0.264676005,0.264676005,Refineries,75
6564,-23.87,-46.44,2009,TSP,EPA,0.260036649,0.260036649,0.260036649,Refineries,75
6565,-23.87,-46.44,2010,TSP,EPA,0.251518878,0.251518878,0.251518878,Refineries,75
6566,-23.87,-46.44,2011,TSP,EPA,0.237766455,0.237766455,0.237766455,Refineries,75
6567,-23.87,-46.44,2012,TSP,EPA,0.24627834,0.24627834,0.24627834,Refineries,75
6568,-23.87,-46.44,2013,TSP,EPA,0.275397327,0.275397327,0.275397327,Refineries,75
6569,-23.87,-46.44,2014,TSP,EPA,0.2779164,0.2779164,0.2779164,Refineries,75
6570,-23.87,-46.44,2015,TSP,EPA,0.246663927,0.246663927,0.246663927,Refineries,75
6571,-23.87,-46.44,2016,TSP,EPA,0.223759503,0.223759503,0.223759503,Refineries,75
6572,-23.87,-46.44,2017,TSP,EPA,0.22671738,0.22671738,0.22671738,Refineries,75
6573,-23.87,-46.44,2018,TSP,EPA,0.22450959,0.22450959,0.22450959,Refineries,75
6574,-23.87,-46.44,2019,TSP,EPA,0.208790325,0.208790325,0.208790325,Refineries,75
6575,-23.87,-46.44,2020,TSP,EPA,0.225361197,0.225361197,0.225361197,Refineries,75
6576,-23.87,-46.44,2021,TSP,EPA,0.234786924,0.234786924,0.234786924,Refineries,75
6577,-23.87,-46.44,2022,TSP,EPA,0.273000105,0.273000105,0.273000105,Refineries,75
6578,-23.87,-46.44,2023,TSP,EPA,0.040485096,0.040485096,0.040485096,Refineries,75
6579,-8.38,-35.01,1990,TSP,EPA,0,0,0,Refineries,75
6580,-8.38,-35.01,1991,TSP,EPA,0,0,0,Refineries,75
6581,-8.38,-35.01,1992,TSP,EPA,0,0,0,Refineries,75
6582,-8.38,-35.01,1993,TSP,EPA,0,0,0,Refineries,75
6583,-8.38,-35.01,1994,TSP,EPA,0,0,0,Refineries,75
6584,-8.38,-35.01,1995,TSP,EPA,0,0,0,Refineries,75
6585,-8.38,-35.01,1996,TSP,EPA,0,0,0,Refineries,75
6586,-8.38,-35.01,1997,TSP,EPA,0,0,0,Refineries,75
6587,-8.38,-35.01,1998,TSP,EPA,0,0,0,Refineries,75
6588,-8.38,-35.01,1999,TSP,EPA,0,0,0,Refineries,75
6589,-8.38,-35.01,2000,TSP,EPA,0,0,0,Refineries,75
6590,-8.38,-35.01,2001,TSP,EPA,0,0,0,Refineries,75
6591,-8.38,-35.01,2002,TSP,EPA,0,0,0,Refineries,75
6592,-8.38,-35.01,2003,TSP,EPA,0,0,0,Refineries,75
6593,-8.38,-35.01,2004,TSP,EPA,0,0,0,Refineries,75
6594,-8.38,-35.01,2005,TSP,EPA,0,0,0,Refineries,75
6595,-8.38,-35.01,2006,TSP,EPA,0,0,0,Refineries,75
6596,-8.38,-35.01,2007,TSP,EPA,0,0,0,Refineries,75
6597,-8.38,-35.01,2008,TSP,EPA,0,0,0,Refineries,75
6598,-8.38,-35.01,2009,TSP,EPA,0,0,0,Refineries,75
6599,-8.38,-35.01,2010,TSP,EPA,0,0,0,Refineries,75
6600,-8.38,-35.01,2011,TSP,EPA,0,0,0,Refineries,75
6601,-8.38,-35.01,2012,TSP,EPA,0,0,0,Refineries,75
6602,-8.38,-35.01,2013,TSP,EPA,0,0,0,Refineries,75
6603,-8.38,-35.01,2014,TSP,EPA,0.005492583,0.005492583,0.005492583,Refineries,75
6604,-8.38,-35.01,2015,TSP,EPA,0.099269739,0.099269739,0.099269739,Refineries,75
6605,-8.38,-35.01,2016,TSP,EPA,0.134460324,0.134460324,0.134460324,Refineries,75
6606,-8.38,-35.01,2017,TSP,EPA,0.118162692,0.118162692,0.118162692,Refineries,75
6607,-8.38,-35.01,2018,TSP,EPA,0.123433983,0.123433983,0.123433983,Refineries,75
6608,-8.38,-35.01,2019,TSP,EPA,0.130439214,0.130439214,0.130439214,Refineries,75
6609,-8.38,-35.01,2020,TSP,EPA,0.159494292,0.159494292,0.159494292,Refineries,75
6610,-8.38,-35.01,2021,TSP,EPA,0.108866187,0.108866187,0.108866187,Refineries,75
6611,-8.38,-35.01,2022,TSP,EPA,0.114507864,0.114507864,0.114507864,Refineries,75
6612,-8.38,-35.01,2023,TSP,EPA,0.020131821,0.020131821,0.020131821,Refineries,75
